#VRML V2.0 utf8
# 3D model generated by easyeda2kicad.py (https://github.com/uPesy/easyeda2kicad.py)

Shape{
    appearance Appearance {
        material  Material 	{
            diffuseColor 0.9686274509803922 0.8784313725490196 0.6
            specularColor 0.6784313725490196 0.615686274509804 0.4196078431372549
            ambientIntensity 0.8737
            transparency 0.0
            shininess 0.5
        }
    }
    geometry IndexedFaceSet {
        ccw TRUE
        solid FALSE
        coord DEF co Coordinate {
            point [
                0.8657 -0.2756 0.0079, 0.9843 -0.2756 0.0079, 0.9843 -0.3543 0.0079, 0.8272 -0.309 0.0079, 0.8268 -0.3146 0.0079, 0.8657 -0.3543 0.0079, 0.8284 -0.3263 0.0079, 0.8272 -0.3209 0.0079, 0.8268 -0.3154 0.0079, 0.8284 -0.3036 0.0079, 0.8303 -0.2984 0.0079, 0.833 -0.2935 0.0079, 0.8548 -0.3528 0.0079, 0.8496 -0.3508 0.0079, 0.8447 -0.3481 0.0079, 0.8402 -0.3448 0.0079, 0.8363 -0.3409 0.0079, 0.8496 -0.2791 0.0079, 0.8548 -0.2772 0.0079, 0.8447 -0.2818 0.0079, 0.8402 -0.2851 0.0079, 0.8363 -0.289 0.0079, 0.8602 -0.276 0.0079, 0.833 -0.3364 0.0079, 0.8303 -0.3315 0.0079, 0.8602 -0.3539 0.0079, 0.9843 -0.3543 0.0787, 0.8657 -0.3543 0.0787, 0.8268 -0.3146 0.0787, 0.9843 -0.2756 0.0787, 0.8657 -0.2756 0.0787, 0.833 -0.2935 0.0787, 0.8303 -0.2984 0.0787, 0.8284 -0.3036 0.0787, 0.8272 -0.309 0.0787, 0.8496 -0.2791 0.0787, 0.8447 -0.2818 0.0787, 0.8548 -0.2772 0.0787, 0.8402 -0.2851 0.0787, 0.8602 -0.276 0.0787, 0.8363 -0.289 0.0787, 0.8268 -0.3154 0.0787, 0.8272 -0.3209 0.0787, 0.8284 -0.3263 0.0787, 0.8303 -0.3315 0.0787, 0.833 -0.3364 0.0787, 0.8363 -0.3409 0.0787, 0.8447 -0.3481 0.0787, 0.8496 -0.3508 0.0787, 0.8548 -0.3528 0.0787, 0.8402 -0.3448 0.0787, 0.8602 -0.3539 0.0787, 0.8657 -0.1181 0.0079, 0.9843 -0.1181 0.0079, 0.9843 -0.1969 0.0079, 0.8268 -0.1579 0.0079, 0.8268 -0.1571 0.0079, 0.8657 -0.1969 0.0079, 0.8284 -0.1461 0.0079, 0.8303 -0.1409 0.0079, 0.8284 -0.1689 0.0079, 0.8272 -0.1634 0.0079, 0.8548 -0.1953 0.0079, 0.8272 -0.1515 0.0079, 0.8602 -0.1965 0.0079, 0.8548 -0.1197 0.0079, 0.8363 -0.1316 0.0079, 0.8496 -0.1216 0.0079, 0.8402 -0.1276 0.0079, 0.8447 -0.1243 0.0079, 0.833 -0.136 0.0079, 0.8602 -0.1185 0.0079, 0.8496 -0.1933 0.0079, 0.8447 -0.1907 0.0079, 0.833 -0.1789 0.0079, 0.8402 -0.1873 0.0079, 0.8363 -0.1834 0.0079, 0.8303 -0.1741 0.0079, 0.9843 -0.1969 0.0787, 0.8657 -0.1969 0.0787, 0.9843 -0.1181 0.0787, 0.8268 -0.1571 0.0787, 0.8657 -0.1181 0.0787, 0.8268 -0.1579 0.0787, 0.8272 -0.1634 0.0787, 0.8303 -0.1409 0.0787, 0.8284 -0.1461 0.0787, 0.8272 -0.1515 0.0787, 0.8602 -0.1185 0.0787, 0.8363 -0.1316 0.0787, 0.833 -0.136 0.0787, 0.8548 -0.1197 0.0787, 0.8496 -0.1216 0.0787, 0.8402 -0.1276 0.0787, 0.8447 -0.1243 0.0787, 0.8284 -0.1689 0.0787, 0.8548 -0.1953 0.0787, 0.8602 -0.1965 0.0787, 0.8447 -0.1907 0.0787, 0.833 -0.1789 0.0787, 0.8402 -0.1873 0.0787, 0.8363 -0.1834 0.0787, 0.8303 -0.1741 0.0787, 0.8496 -0.1933 0.0787, 0.9843 -0.1181 0.0, 0.8657 -0.1181 0.0, 0.8602 -0.1185 0.0, 0.8548 -0.1197 0.0, 0.8496 -0.1216 0.0, 0.8447 -0.1243 0.0, 0.8402 -0.1276 0.0, 0.8363 -0.1316 0.0, 0.833 -0.136 0.0, 0.8303 -0.1409 0.0, 0.8284 -0.1461 0.0, 0.8272 -0.1515 0.0, 0.8268 -0.1571 0.0, 0.8268 -0.1579 0.0, 0.9843 -0.1969 0.0, 0.8657 -0.1969 0.0, 0.8496 -0.1933 0.0, 0.8447 -0.1907 0.0, 0.833 -0.1789 0.0, 0.8402 -0.1873 0.0, 0.8363 -0.1834 0.0, 0.8548 -0.1953 0.0, 0.8303 -0.1741 0.0, 0.8284 -0.1689 0.0, 0.8602 -0.1965 0.0, 0.8272 -0.1634 0.0, 0.8272 0.0059 0.0079, 0.8268 0.0004 0.0079, 0.8657 0.0394 0.0079, 0.9843 0.0394 0.0079, 0.8268 -0.0004 0.0079, 0.8657 -0.0394 0.0079, 0.9843 -0.0394 0.0079, 0.833 0.0215 0.0079, 0.8303 0.0166 0.0079, 0.8284 0.0114 0.0079, 0.8272 -0.0059 0.0079, 0.8284 -0.0114 0.0079, 0.8303 -0.0166 0.0079, 0.8602 0.039 0.0079, 0.8548 0.0378 0.0079, 0.8496 0.0358 0.0079, 0.8447 0.0332 0.0079, 0.8402 0.0298 0.0079, 0.8363 0.0259 0.0079, 0.833 -0.0215 0.0079, 0.8363 -0.0259 0.0079, 0.8402 -0.0298 0.0079, 0.8447 -0.0332 0.0079, 0.8496 -0.0358 0.0079, 0.8602 -0.039 0.0079, 0.8548 -0.0378 0.0079, 0.9843 0.0394 0.0, 0.8657 0.0394 0.0, 0.8602 0.039 0.0, 0.8548 0.0378 0.0, 0.8496 0.0358 0.0, 0.8447 0.0332 0.0, 0.8402 0.0298 0.0, 0.8363 0.0259 0.0, 0.833 0.0215 0.0, 0.8303 0.0166 0.0, 0.8284 0.0114 0.0, 0.8272 0.0059 0.0, 0.8268 0.0004 0.0, 0.8268 -0.0004 0.0, 0.8657 -0.0394 0.0, 0.9843 -0.0394 0.0, 0.8284 -0.0114 0.0, 0.8272 -0.0059 0.0, 0.8602 -0.039 0.0, 0.8548 -0.0378 0.0, 0.8496 -0.0358 0.0, 0.8402 -0.0298 0.0, 0.8363 -0.0259 0.0, 0.8447 -0.0332 0.0, 0.833 -0.0215 0.0, 0.8303 -0.0166 0.0, 0.8657 0.5118 0.0079, 0.9843 0.5118 0.0079, 0.9843 0.4331 0.0079, 0.8268 0.4728 0.0079, 0.8657 0.4331 0.0079, 0.8268 0.472 0.0079, 0.8602 0.4335 0.0079, 0.8284 0.4611 0.0079, 0.8272 0.4665 0.0079, 0.8402 0.4426 0.0079, 0.8272 0.4784 0.0079, 0.8284 0.4838 0.0079, 0.8303 0.489 0.0079, 0.833 0.4939 0.0079, 0.8363 0.4984 0.0079, 0.8402 0.5023 0.0079, 0.8447 0.5056 0.0079, 0.8496 0.5083 0.0079, 0.8548 0.5102 0.0079, 0.8602 0.5114 0.0079, 0.8548 0.4346 0.0079, 0.8496 0.4366 0.0079, 0.8447 0.4393 0.0079, 0.8303 0.4559 0.0079, 0.8363 0.4465 0.0079, 0.833 0.451 0.0079, 0.9843 0.4331 0.0787, 0.8657 0.4331 0.0787, 0.9843 0.5118 0.0787, 0.8657 0.5118 0.0787, 0.8602 0.4335 0.0787, 0.8548 0.4346 0.0787, 0.8284 0.4838 0.0787, 0.8303 0.489 0.0787, 0.833 0.4939 0.0787, 0.8272 0.4784 0.0787, 0.8268 0.4728 0.0787, 0.8268 0.472 0.0787, 0.8402 0.4426 0.0787, 0.8447 0.4393 0.0787, 0.8496 0.4366 0.0787, 0.8602 0.5114 0.0787, 0.8548 0.5102 0.0787, 0.8496 0.5083 0.0787, 0.8447 0.5056 0.0787, 0.8402 0.5023 0.0787, 0.8363 0.4984 0.0787, 0.8272 0.4665 0.0787, 0.8284 0.4611 0.0787, 0.8303 0.4559 0.0787, 0.833 0.451 0.0787, 0.8363 0.4465 0.0787, 0.8657 0.3543 0.0079, 0.9843 0.3543 0.0079, 0.9843 0.2756 0.0079, 0.8272 0.309 0.0079, 0.8268 0.3146 0.0079, 0.8657 0.2756 0.0079, 0.8268 0.3154 0.0079, 0.8284 0.3263 0.0079, 0.8303 0.3315 0.0079, 0.8272 0.3209 0.0079, 0.8602 0.276 0.0079, 0.8548 0.2772 0.0079, 0.8496 0.2791 0.0079, 0.833 0.3364 0.0079, 0.8363 0.3409 0.0079, 0.8602 0.3539 0.0079, 0.8402 0.3448 0.0079, 0.8447 0.3481 0.0079, 0.8496 0.3508 0.0079, 0.8548 0.3528 0.0079, 0.8447 0.2818 0.0079, 0.8402 0.2851 0.0079, 0.8363 0.289 0.0079, 0.833 0.2935 0.0079, 0.8303 0.2984 0.0079, 0.8284 0.3036 0.0079, 0.9843 0.2756 0.0787, 0.8657 0.2756 0.0787, 0.9843 0.3543 0.0787, 0.8268 0.3154 0.0787, 0.8657 0.3543 0.0787, 0.8303 0.3315 0.0787, 0.8284 0.3263 0.0787, 0.8272 0.3209 0.0787, 0.8268 0.3146 0.0787, 0.8272 0.309 0.0787, 0.8363 0.289 0.0787, 0.8402 0.2851 0.0787, 0.8602 0.276 0.0787, 0.8447 0.3481 0.0787, 0.8602 0.3539 0.0787, 0.8496 0.3508 0.0787, 0.8548 0.3528 0.0787, 0.8402 0.3448 0.0787, 0.8363 0.3409 0.0787, 0.833 0.3364 0.0787, 0.8284 0.3036 0.0787, 0.8303 0.2984 0.0787, 0.833 0.2935 0.0787, 0.8447 0.2818 0.0787, 0.8496 0.2791 0.0787, 0.8548 0.2772 0.0787, 0.8665 0.7819 0.0079, 0.8661 0.787 0.0079, 0.9051 0.8268 0.0079, 0.9843 0.8268 0.0079, 0.9843 0.748 0.0079, 0.9051 0.748 0.0079, 0.9 0.7484 0.0079, 0.8675 0.7769 0.0079, 0.8661 0.7878 0.0079, 0.8665 0.7929 0.0079, 0.8675 0.7979 0.0079, 0.8691 0.8027 0.0079, 0.8714 0.8073 0.0079, 0.8742 0.8115 0.0079, 0.895 0.7494 0.0079, 0.8902 0.751 0.0079, 0.8856 0.7533 0.0079, 0.8814 0.7561 0.0079, 0.8776 0.7594 0.0079, 0.8742 0.7633 0.0079, 0.8714 0.7675 0.0079, 0.8691 0.7721 0.0079, 0.8902 0.8238 0.0079, 0.895 0.8254 0.0079, 0.8856 0.8215 0.0079, 0.9 0.8264 0.0079, 0.8776 0.8154 0.0079, 0.8814 0.8187 0.0079, 0.9843 0.748 0.0787, 0.9051 0.748 0.0787, 0.8661 0.787 0.0787, 0.9 0.7484 0.0787, 0.9843 0.8268 0.0787, 0.9051 0.8268 0.0787, 0.9 0.8264 0.0787, 0.895 0.8254 0.0787, 0.8675 0.7769 0.0787, 0.8691 0.7721 0.0787, 0.895 0.7494 0.0787, 0.8902 0.8238 0.0787, 0.8856 0.8215 0.0787, 0.8814 0.8187 0.0787, 0.8675 0.7979 0.0787, 0.8691 0.8027 0.0787, 0.8714 0.8073 0.0787, 0.8665 0.7929 0.0787, 0.8661 0.7878 0.0787, 0.8776 0.8154 0.0787, 0.8742 0.8115 0.0787, 0.8665 0.7819 0.0787, 0.8714 0.7675 0.0787, 0.8742 0.7633 0.0787, 0.8776 0.7594 0.0787, 0.8814 0.7561 0.0787, 0.8856 0.7533 0.0787, 0.8902 0.751 0.0787, 0.8657 0.1181 0.0079, 0.9843 0.1181 0.0079, 0.8268 0.1579 0.0079, 0.9843 0.1969 0.0079, 0.8657 0.1969 0.0079, 0.833 0.1789 0.0079, 0.8303 0.1741 0.0079, 0.8284 0.1689 0.0079, 0.8272 0.1634 0.0079, 0.8496 0.1933 0.0079, 0.8447 0.1907 0.0079, 0.8548 0.1953 0.0079, 0.8402 0.1873 0.0079, 0.8602 0.1965 0.0079, 0.8363 0.1834 0.0079, 0.8268 0.1571 0.0079, 0.8272 0.1515 0.0079, 0.8284 0.1461 0.0079, 0.8303 0.1409 0.0079, 0.833 0.136 0.0079, 0.8363 0.1316 0.0079, 0.8496 0.1216 0.0079, 0.8447 0.1243 0.0079, 0.8402 0.1276 0.0079, 0.8548 0.1197 0.0079, 0.8602 0.1185 0.0079, 0.9843 0.1969 0.0, 0.8657 0.1969 0.0, 0.8602 0.1965 0.0, 0.8548 0.1953 0.0, 0.8496 0.1933 0.0, 0.8447 0.1907 0.0, 0.8402 0.1873 0.0, 0.8363 0.1834 0.0, 0.833 0.1789 0.0, 0.8303 0.1741 0.0, 0.8284 0.1689 0.0, 0.8272 0.1634 0.0, 0.8268 0.1579 0.0, 0.8268 0.1571 0.0, 0.8402 0.1276 0.0, 0.8363 0.1316 0.0, 0.8657 0.1181 0.0, 0.8602 0.1185 0.0, 0.8548 0.1197 0.0, 0.8496 0.1216 0.0, 0.8447 0.1243 0.0, 0.833 0.136 0.0, 0.8303 0.1409 0.0, 0.8284 0.1461 0.0, 0.9843 0.1181 0.0, 0.8272 0.1515 0.0, 0.9843 0.5906 0.0079, 0.8268 0.6303 0.0079, 0.8657 0.5906 0.0079, 0.8268 0.6295 0.0079, 0.8602 0.5909 0.0079, 0.8284 0.6413 0.0079, 0.8657 0.6693 0.0079, 0.8303 0.6465 0.0079, 0.833 0.6514 0.0079, 0.9843 0.6693 0.0079, 0.8272 0.6359 0.0079, 0.8602 0.6689 0.0079, 0.8548 0.6677 0.0079, 0.8496 0.6658 0.0079, 0.8447 0.6631 0.0079, 0.8402 0.6598 0.0079, 0.8363 0.6558 0.0079, 0.8402 0.6001 0.0079, 0.8447 0.5967 0.0079, 0.8272 0.624 0.0079, 0.8496 0.5941 0.0079, 0.8548 0.5921 0.0079, 0.8284 0.6185 0.0079, 0.8303 0.6133 0.0079, 0.8363 0.604 0.0079, 0.833 0.6085 0.0079, 0.9843 0.6693 0.0, 0.8657 0.6693 0.0, 0.8602 0.6689 0.0, 0.8548 0.6677 0.0, 0.8496 0.6658 0.0, 0.8447 0.6631 0.0, 0.8402 0.6598 0.0, 0.8363 0.6558 0.0, 0.833 0.6514 0.0, 0.8303 0.6465 0.0, 0.8284 0.6413 0.0, 0.8272 0.6359 0.0, 0.8268 0.6303 0.0, 0.8268 0.6295 0.0, 0.9843 0.5906 0.0, 0.8657 0.5906 0.0, 0.8602 0.5909 0.0, 0.8548 0.5921 0.0, 0.8496 0.5941 0.0, 0.8447 0.5967 0.0, 0.8402 0.6001 0.0, 0.8272 0.624 0.0, 0.8284 0.6185 0.0, 0.8303 0.6133 0.0, 0.8363 0.604 0.0, 0.833 0.6085 0.0, 0.8268 0.9051 0.0079, 0.8268 0.9843 0.0079, 0.748 0.9843 0.0079, 0.7561 0.8814 0.0079, 0.7594 0.8776 0.0079, 0.787 0.8661 0.0079, 0.7878 0.8661 0.0079, 0.748 0.9051 0.0079, 0.7484 0.9 0.0079, 0.7494 0.895 0.0079, 0.7633 0.8742 0.0079, 0.7675 0.8714 0.0079, 0.7721 0.8691 0.0079, 0.7769 0.8675 0.0079, 0.7819 0.8665 0.0079, 0.751 0.8902 0.0079, 0.7533 0.8856 0.0079, 0.7929 0.8665 0.0079, 0.7979 0.8675 0.0079, 0.8027 0.8691 0.0079, 0.8238 0.8902 0.0079, 0.8154 0.8776 0.0079, 0.8215 0.8856 0.0079, 0.8187 0.8814 0.0079, 0.8073 0.8714 0.0079, 0.8115 0.8742 0.0079, 0.8254 0.895 0.0079, 0.8264 0.9 0.0079, 0.748 0.9843 0.0, 0.748 0.9051 0.0, 0.7484 0.9 0.0, 0.7494 0.895 0.0, 0.751 0.8902 0.0, 0.7533 0.8856 0.0, 0.7561 0.8814 0.0, 0.7594 0.8776 0.0, 0.7633 0.8742 0.0, 0.7675 0.8714 0.0, 0.7721 0.8691 0.0, 0.7769 0.8675 0.0, 0.7819 0.8665 0.0, 0.787 0.8661 0.0, 0.7878 0.8661 0.0, 0.8268 0.9843 0.0, 0.7929 0.8665 0.0, 0.8264 0.9 0.0, 0.8268 0.9051 0.0, 0.8254 0.895 0.0, 0.8238 0.8902 0.0, 0.8215 0.8856 0.0, 0.8027 0.8691 0.0, 0.8154 0.8776 0.0, 0.8073 0.8714 0.0, 0.8115 0.8742 0.0, 0.7979 0.8675 0.0, 0.8187 0.8814 0.0, -0.4331 0.9843 0.0079, -0.4331 0.8657 0.0079, -0.472 0.8268 0.0079, -0.4728 0.8268 0.0079, -0.5118 0.8657 0.0079, -0.5118 0.9843 0.0079, -0.4335 0.8602 0.0079, -0.4346 0.8548 0.0079, -0.4366 0.8496 0.0079, -0.4611 0.8284 0.0079, -0.4665 0.8272 0.0079, -0.4426 0.8402 0.0079, -0.4393 0.8447 0.0079, -0.4559 0.8303 0.0079, -0.4465 0.8363 0.0079, -0.451 0.833 0.0079, -0.4784 0.8272 0.0079, -0.4838 0.8284 0.0079, -0.489 0.8303 0.0079, -0.5102 0.8548 0.0079, -0.5114 0.8602 0.0079, -0.4984 0.8363 0.0079, -0.4939 0.833 0.0079, -0.5083 0.8496 0.0079, -0.5023 0.8402 0.0079, -0.5056 0.8447 0.0079, -0.4331 0.9843 0.0787, -0.4331 0.8657 0.0787, -0.5118 0.8657 0.0787, -0.472 0.8268 0.0787, -0.5118 0.9843 0.0787, -0.4665 0.8272 0.0787, -0.4611 0.8284 0.0787, -0.4426 0.8402 0.0787, -0.489 0.8303 0.0787, -0.4838 0.8284 0.0787, -0.4784 0.8272 0.0787, -0.4728 0.8268 0.0787, -0.4559 0.8303 0.0787, -0.451 0.833 0.0787, -0.4465 0.8363 0.0787, -0.4393 0.8447 0.0787, -0.4366 0.8496 0.0787, -0.4346 0.8548 0.0787, -0.4335 0.8602 0.0787, -0.5114 0.8602 0.0787, -0.5102 0.8548 0.0787, -0.4984 0.8363 0.0787, -0.5083 0.8496 0.0787, -0.5023 0.8402 0.0787, -0.5056 0.8447 0.0787, -0.4939 0.833 0.0787, 0.1181 0.9843 0.0079, 0.1969 0.9843 0.0079, 0.1579 0.8268 0.0079, 0.1969 0.8657 0.0079, 0.1634 0.8272 0.0079, 0.1689 0.8284 0.0079, 0.1515 0.8272 0.0079, 0.1461 0.8284 0.0079, 0.1181 0.8657 0.0079, 0.1571 0.8268 0.0079, 0.1953 0.8548 0.0079, 0.1933 0.8496 0.0079, 0.1965 0.8602 0.0079, 0.1907 0.8447 0.0079, 0.1873 0.8402 0.0079, 0.1834 0.8363 0.0079, 0.1789 0.833 0.0079, 0.1741 0.8303 0.0079, 0.1409 0.8303 0.0079, 0.136 0.833 0.0079, 0.1316 0.8363 0.0079, 0.1216 0.8496 0.0079, 0.1243 0.8447 0.0079, 0.1276 0.8402 0.0079, 0.1197 0.8548 0.0079, 0.1185 0.8602 0.0079, 0.1969 0.9843 0.0787, 0.1969 0.8657 0.0787, 0.1515 0.8272 0.0787, 0.1571 0.8268 0.0787, 0.1181 0.8657 0.0787, 0.1579 0.8268 0.0787, 0.1181 0.9843 0.0787, 0.1634 0.8272 0.0787, 0.1689 0.8284 0.0787, 0.1741 0.8303 0.0787, 0.136 0.833 0.0787, 0.1409 0.8303 0.0787, 0.1461 0.8284 0.0787, 0.1873 0.8402 0.0787, 0.1907 0.8447 0.0787, 0.1933 0.8496 0.0787, 0.1965 0.8602 0.0787, 0.1953 0.8548 0.0787, 0.1789 0.833 0.0787, 0.1834 0.8363 0.0787, 0.1316 0.8363 0.0787, 0.1185 0.8602 0.0787, 0.1197 0.8548 0.0787, 0.1216 0.8496 0.0787, 0.1243 0.8447 0.0787, 0.1276 0.8402 0.0787, -0.1969 0.9843 0.0079, -0.1181 0.9843 0.0079, -0.1969 0.8657 0.0079, -0.1181 0.8657 0.0079, -0.1316 0.8363 0.0079, -0.136 0.833 0.0079, -0.1515 0.8272 0.0079, -0.1571 0.8268 0.0079, -0.1579 0.8268 0.0079, -0.1185 0.8602 0.0079, -0.1197 0.8548 0.0079, -0.1216 0.8496 0.0079, -0.1409 0.8303 0.0079, -0.1461 0.8284 0.0079, -0.1634 0.8272 0.0079, -0.1689 0.8284 0.0079, -0.1741 0.8303 0.0079, -0.1243 0.8447 0.0079, -0.1276 0.8402 0.0079, -0.1789 0.833 0.0079, -0.1834 0.8363 0.0079, -0.1965 0.8602 0.0079, -0.1873 0.8402 0.0079, -0.1907 0.8447 0.0079, -0.1953 0.8548 0.0079, -0.1933 0.8496 0.0079, -0.1181 0.9843 0.0787, -0.1181 0.8657 0.0787, -0.1316 0.8363 0.0787, -0.1276 0.8402 0.0787, -0.1969 0.8657 0.0787, -0.1741 0.8303 0.0787, -0.1689 0.8284 0.0787, -0.1634 0.8272 0.0787, -0.1579 0.8268 0.0787, -0.1571 0.8268 0.0787, -0.1515 0.8272 0.0787, -0.1461 0.8284 0.0787, -0.1409 0.8303 0.0787, -0.136 0.833 0.0787, -0.1969 0.9843 0.0787, -0.1185 0.8602 0.0787, -0.1197 0.8548 0.0787, -0.1243 0.8447 0.0787, -0.1216 0.8496 0.0787, -0.1933 0.8496 0.0787, -0.1907 0.8447 0.0787, -0.1953 0.8548 0.0787, -0.1965 0.8602 0.0787, -0.1873 0.8402 0.0787, -0.1834 0.8363 0.0787, -0.1789 0.833 0.0787, -0.8254 0.895 0.0079, -0.8264 0.9 0.0079, -0.748 0.9843 0.0079, -0.8268 0.9051 0.0079, -0.8268 0.9843 0.0079, -0.7929 0.8665 0.0079, -0.7878 0.8661 0.0079, -0.748 0.9051 0.0079, -0.787 0.8661 0.0079, -0.7721 0.8691 0.0079, -0.7769 0.8675 0.0079, -0.7819 0.8665 0.0079, -0.7979 0.8675 0.0079, -0.8027 0.8691 0.0079, -0.8073 0.8714 0.0079, -0.7484 0.9 0.0079, -0.7494 0.895 0.0079, -0.751 0.8902 0.0079, -0.7561 0.8814 0.0079, -0.7594 0.8776 0.0079, -0.7533 0.8856 0.0079, -0.8115 0.8742 0.0079, -0.8154 0.8776 0.0079, -0.8187 0.8814 0.0079, -0.7633 0.8742 0.0079, -0.7675 0.8714 0.0079, -0.8215 0.8856 0.0079, -0.8238 0.8902 0.0079, -0.748 0.9843 0.0787, -0.748 0.9051 0.0787, -0.8268 0.9843 0.0787, -0.8268 0.9051 0.0787, -0.7929 0.8665 0.0787, -0.7878 0.8661 0.0787, -0.787 0.8661 0.0787, -0.7819 0.8665 0.0787, -0.8264 0.9 0.0787, -0.8254 0.895 0.0787, -0.8238 0.8902 0.0787, -0.8115 0.8742 0.0787, -0.8073 0.8714 0.0787, -0.8154 0.8776 0.0787, -0.8027 0.8691 0.0787, -0.7979 0.8675 0.0787, -0.7769 0.8675 0.0787, -0.7721 0.8691 0.0787, -0.7675 0.8714 0.0787, -0.7561 0.8814 0.0787, -0.7533 0.8856 0.0787, -0.751 0.8902 0.0787, -0.7494 0.895 0.0787, -0.7484 0.9 0.0787, -0.8215 0.8856 0.0787, -0.8187 0.8814 0.0787, -0.7633 0.8742 0.0787, -0.7594 0.8776 0.0787, -0.9051 0.748 0.0079, -0.9843 0.748 0.0079, -0.9843 0.8268 0.0079, -0.8661 0.7878 0.0079, -0.8661 0.787 0.0079, -0.9051 0.8268 0.0079, -0.9 0.8264 0.0079, -0.895 0.8254 0.0079, -0.8902 0.8238 0.0079, -0.8856 0.8215 0.0079, -0.8814 0.8187 0.0079, -0.8714 0.8073 0.0079, -0.8691 0.8027 0.0079, -0.8776 0.8154 0.0079, -0.8742 0.8115 0.0079, -0.8675 0.7979 0.0079, -0.8665 0.7929 0.0079, -0.8665 0.7819 0.0079, -0.8675 0.7769 0.0079, -0.8691 0.7721 0.0079, -0.8902 0.751 0.0079, -0.8776 0.7594 0.0079, -0.8856 0.7533 0.0079, -0.8814 0.7561 0.0079, -0.895 0.7494 0.0079, -0.9 0.7484 0.0079, -0.8714 0.7675 0.0079, -0.8742 0.7633 0.0079, -0.9843 0.8268 0.0787, -0.9051 0.8268 0.0787, -0.9843 0.748 0.0787, -0.9 0.8264 0.0787, -0.8675 0.7979 0.0787, -0.8691 0.8027 0.0787, -0.8714 0.8073 0.0787, -0.8742 0.8115 0.0787, -0.8856 0.8215 0.0787, -0.8902 0.8238 0.0787, -0.895 0.8254 0.0787, -0.8714 0.7675 0.0787, -0.8691 0.7721 0.0787, -0.9051 0.748 0.0787, -0.8675 0.7769 0.0787, -0.8665 0.7819 0.0787, -0.8661 0.787 0.0787, -0.8661 0.7878 0.0787, -0.8665 0.7929 0.0787, -0.8776 0.8154 0.0787, -0.8814 0.8187 0.0787, -0.8776 0.7594 0.0787, -0.9 0.7484 0.0787, -0.895 0.7494 0.0787, -0.8902 0.751 0.0787, -0.8856 0.7533 0.0787, -0.8814 0.7561 0.0787, -0.8742 0.7633 0.0787, -0.3543 0.9843 0.0079, -0.2756 0.9843 0.0079, -0.3146 0.8268 0.0079, -0.2756 0.8657 0.0079, -0.309 0.8272 0.0079, -0.289 0.8363 0.0079, -0.2935 0.833 0.0079, -0.2772 0.8548 0.0079, -0.2791 0.8496 0.0079, -0.2818 0.8447 0.0079, -0.2984 0.8303 0.0079, -0.3036 0.8284 0.0079, -0.3543 0.8657 0.0079, -0.3154 0.8268 0.0079, -0.3209 0.8272 0.0079, -0.276 0.8602 0.0079, -0.2851 0.8402 0.0079, -0.3263 0.8284 0.0079, -0.3315 0.8303 0.0079, -0.3364 0.833 0.0079, -0.3409 0.8363 0.0079, -0.3448 0.8402 0.0079, -0.3481 0.8447 0.0079, -0.3508 0.8496 0.0079, -0.3528 0.8548 0.0079, -0.3539 0.8602 0.0079, -0.2756 0.9843 0.0787, -0.2756 0.8657 0.0787, -0.3543 0.9843 0.0787, -0.3146 0.8268 0.0787, -0.3543 0.8657 0.0787, -0.309 0.8272 0.0787, -0.3036 0.8284 0.0787, -0.3263 0.8284 0.0787, -0.3209 0.8272 0.0787, -0.3154 0.8268 0.0787, -0.2984 0.8303 0.0787, -0.2935 0.833 0.0787, -0.289 0.8363 0.0787, -0.2818 0.8447 0.0787, -0.2791 0.8496 0.0787, -0.2772 0.8548 0.0787, -0.3409 0.8363 0.0787, -0.3448 0.8402 0.0787, -0.3481 0.8447 0.0787, -0.3364 0.833 0.0787, -0.3315 0.8303 0.0787, -0.2851 0.8402 0.0787, -0.276 0.8602 0.0787, -0.3539 0.8602 0.0787, -0.3528 0.8548 0.0787, -0.3508 0.8496 0.0787, -0.8268 -0.0004 0.0079, -0.8272 -0.0059 0.0079, -0.8657 0.0394 0.0079, -0.8284 -0.0114 0.0079, -0.8303 -0.0166 0.0079, -0.8602 0.039 0.0079, -0.8548 0.0378 0.0079, -0.8496 0.0358 0.0079, -0.8402 0.0298 0.0079, -0.8363 0.0259 0.0079, -0.833 0.0215 0.0079, -0.8303 0.0166 0.0079, -0.8284 0.0114 0.0079, -0.833 -0.0215 0.0079, -0.8363 -0.0259 0.0079, -0.8402 -0.0298 0.0079, -0.8447 0.0332 0.0079, -0.8272 0.0059 0.0079, -0.8268 0.0004 0.0079, -0.8447 -0.0332 0.0079, -0.8496 -0.0358 0.0079, -0.8548 -0.0378 0.0079, -0.9843 -0.0394 0.0079, -0.9843 0.0394 0.0079, -0.8657 -0.0394 0.0079, -0.8602 -0.039 0.0079, -0.9843 0.0394 0.0787, -0.8657 0.0394 0.0787, -0.9843 -0.0394 0.0787, -0.8657 -0.0394 0.0787, -0.8268 -0.0004 0.0787, -0.8268 0.0004 0.0787, -0.8272 0.0059 0.0787, -0.8303 -0.0166 0.0787, -0.833 -0.0215 0.0787, -0.8363 -0.0259 0.0787, -0.8284 -0.0114 0.0787, -0.8272 -0.0059 0.0787, -0.8602 -0.039 0.0787, -0.8548 -0.0378 0.0787, -0.8496 -0.0358 0.0787, -0.8447 -0.0332 0.0787, -0.8402 -0.0298 0.0787, -0.8284 0.0114 0.0787, -0.8303 0.0166 0.0787, -0.833 0.0215 0.0787, -0.8363 0.0259 0.0787, -0.8402 0.0298 0.0787, -0.8447 0.0332 0.0787, -0.8496 0.0358 0.0787, -0.8548 0.0378 0.0787, -0.8602 0.039 0.0787, -0.5906 -0.9843 0.0079, -0.6693 -0.9843 0.0079, -0.6303 -0.8268 0.0079, -0.6693 -0.8657 0.0079, -0.6689 -0.8602 0.0079, -0.6413 -0.8284 0.0079, -0.6359 -0.8272 0.0079, -0.5906 -0.8657 0.0079, -0.6295 -0.8268 0.0079, -0.624 -0.8272 0.0079, -0.6185 -0.8284 0.0079, -0.6133 -0.8303 0.0079, -0.6085 -0.833 0.0079, -0.6677 -0.8548 0.0079, -0.6658 -0.8496 0.0079, -0.6631 -0.8447 0.0079, -0.6598 -0.8402 0.0079, -0.6558 -0.8363 0.0079, -0.6465 -0.8303 0.0079, -0.6514 -0.833 0.0079, -0.5941 -0.8496 0.0079, -0.5921 -0.8548 0.0079, -0.5909 -0.8602 0.0079, -0.604 -0.8363 0.0079, -0.6001 -0.8402 0.0079, -0.5967 -0.8447 0.0079, -0.6693 -0.9843 0.0787, -0.6693 -0.8657 0.0787, -0.5906 -0.9843 0.0787, -0.6303 -0.8268 0.0787, -0.5906 -0.8657 0.0787, -0.6689 -0.8602 0.0787, -0.6413 -0.8284 0.0787, -0.6359 -0.8272 0.0787, -0.6133 -0.8303 0.0787, -0.6185 -0.8284 0.0787, -0.5921 -0.8548 0.0787, -0.5941 -0.8496 0.0787, -0.6085 -0.833 0.0787, -0.624 -0.8272 0.0787, -0.6295 -0.8268 0.0787, -0.5909 -0.8602 0.0787, -0.6677 -0.8548 0.0787, -0.6465 -0.8303 0.0787, -0.6514 -0.833 0.0787, -0.6558 -0.8363 0.0787, -0.6598 -0.8402 0.0787, -0.6658 -0.8496 0.0787, -0.6631 -0.8447 0.0787, -0.5967 -0.8447 0.0787, -0.6001 -0.8402 0.0787, -0.604 -0.8363 0.0787, -0.276 -0.8602 0.0079, -0.2756 -0.8657 0.0079, -0.3036 -0.8284 0.0079, -0.2756 -0.9843 0.0079, -0.3543 -0.9843 0.0079, -0.3154 -0.8268 0.0079, -0.3543 -0.8657 0.0079, -0.3209 -0.8272 0.0079, -0.3263 -0.8284 0.0079, -0.309 -0.8272 0.0079, -0.3409 -0.8363 0.0079, -0.3539 -0.8602 0.0079, -0.3146 -0.8268 0.0079, -0.3364 -0.833 0.0079, -0.3315 -0.8303 0.0079, -0.2851 -0.8402 0.0079, -0.2818 -0.8447 0.0079, -0.3528 -0.8548 0.0079, -0.3508 -0.8496 0.0079, -0.3481 -0.8447 0.0079, -0.3448 -0.8402 0.0079, -0.2791 -0.8496 0.0079, -0.2772 -0.8548 0.0079, -0.2984 -0.8303 0.0079, -0.2935 -0.833 0.0079, -0.289 -0.8363 0.0079, -0.3543 -0.9843 0.0787, -0.3543 -0.8657 0.0787, -0.309 -0.8272 0.0787, -0.3146 -0.8268 0.0787, -0.2756 -0.8657 0.0787, -0.3154 -0.8268 0.0787, -0.2756 -0.9843 0.0787, -0.3209 -0.8272 0.0787, -0.3263 -0.8284 0.0787, -0.3315 -0.8303 0.0787, -0.3508 -0.8496 0.0787, -0.3528 -0.8548 0.0787, -0.3539 -0.8602 0.0787, -0.3036 -0.8284 0.0787, -0.276 -0.8602 0.0787, -0.2772 -0.8548 0.0787, -0.3481 -0.8447 0.0787, -0.2791 -0.8496 0.0787, -0.2818 -0.8447 0.0787, -0.2851 -0.8402 0.0787, -0.3364 -0.833 0.0787, -0.3409 -0.8363 0.0787, -0.3448 -0.8402 0.0787, -0.289 -0.8363 0.0787, -0.2935 -0.833 0.0787, -0.2984 -0.8303 0.0787, -0.9843 0.2756 0.0079, -0.9843 0.3543 0.0079, -0.8268 0.3154 0.0079, -0.8657 0.3543 0.0079, -0.8272 0.309 0.0079, -0.8284 0.3036 0.0079, -0.8657 0.2756 0.0079, -0.8602 0.3539 0.0079, -0.8284 0.3263 0.0079, -0.8272 0.3209 0.0079, -0.8548 0.3528 0.0079, -0.8496 0.3508 0.0079, -0.8447 0.3481 0.0079, -0.8402 0.3448 0.0079, -0.8363 0.3409 0.0079, -0.8303 0.3315 0.0079, -0.833 0.3364 0.0079, -0.8268 0.3146 0.0079, -0.8363 0.289 0.0079, -0.8402 0.2851 0.0079, -0.8447 0.2818 0.0079, -0.8303 0.2984 0.0079, -0.833 0.2935 0.0079, -0.8602 0.276 0.0079, -0.8548 0.2772 0.0079, -0.8496 0.2791 0.0079, -0.9843 0.3543 0.0787, -0.8657 0.3543 0.0787, -0.9843 0.2756 0.0787, -0.8268 0.3154 0.0787, -0.8657 0.2756 0.0787, -0.8272 0.3209 0.0787, -0.8284 0.3263 0.0787, -0.8602 0.276 0.0787, -0.8548 0.2772 0.0787, -0.833 0.2935 0.0787, -0.8303 0.2984 0.0787, -0.8284 0.3036 0.0787, -0.8272 0.309 0.0787, -0.8268 0.3146 0.0787, -0.8303 0.3315 0.0787, -0.833 0.3364 0.0787, -0.8363 0.3409 0.0787, -0.8447 0.3481 0.0787, -0.8496 0.3508 0.0787, -0.8548 0.3528 0.0787, -0.8496 0.2791 0.0787, -0.8447 0.2818 0.0787, -0.8363 0.289 0.0787, -0.8402 0.2851 0.0787, -0.8402 0.3448 0.0787, -0.8602 0.3539 0.0787, -0.9843 -0.3543 0.0079, -0.9843 -0.2756 0.0079, -0.8657 -0.3543 0.0079, -0.8657 -0.2756 0.0079, -0.8268 -0.3146 0.0079, -0.8272 -0.309 0.0079, -0.8602 -0.276 0.0079, -0.8284 -0.3036 0.0079, -0.8268 -0.3154 0.0079, -0.8272 -0.3209 0.0079, -0.8284 -0.3263 0.0079, -0.8303 -0.3315 0.0079, -0.833 -0.3364 0.0079, -0.8363 -0.3409 0.0079, -0.8402 -0.3448 0.0079, -0.8447 -0.3481 0.0079, -0.8496 -0.3508 0.0079, -0.8548 -0.3528 0.0079, -0.8602 -0.3539 0.0079, -0.8548 -0.2772 0.0079, -0.8496 -0.2791 0.0079, -0.8447 -0.2818 0.0079, -0.8402 -0.2851 0.0079, -0.8363 -0.289 0.0079, -0.833 -0.2935 0.0079, -0.8303 -0.2984 0.0079, -0.9843 -0.2756 0.0787, -0.8657 -0.2756 0.0787, -0.9843 -0.3543 0.0787, -0.8657 -0.3543 0.0787, -0.8602 -0.276 0.0787, -0.8268 -0.3154 0.0787, -0.8268 -0.3146 0.0787, -0.8363 -0.3409 0.0787, -0.833 -0.3364 0.0787, -0.8402 -0.2851 0.0787, -0.8447 -0.2818 0.0787, -0.8602 -0.3539 0.0787, -0.8548 -0.3528 0.0787, -0.8496 -0.3508 0.0787, -0.8447 -0.3481 0.0787, -0.8402 -0.3448 0.0787, -0.8303 -0.3315 0.0787, -0.8284 -0.3263 0.0787, -0.8272 -0.3209 0.0787, -0.8272 -0.309 0.0787, -0.8284 -0.3036 0.0787, -0.8303 -0.2984 0.0787, -0.833 -0.2935 0.0787, -0.8363 -0.289 0.0787, -0.8496 -0.2791 0.0787, -0.8548 -0.2772 0.0787, -0.8268 -0.6303 0.0079, -0.8268 -0.6295 0.0079, -0.8657 -0.6693 0.0079, -0.9843 -0.6693 0.0079, -0.8657 -0.5906 0.0079, -0.9843 -0.5906 0.0079, -0.8303 -0.6133 0.0079, -0.833 -0.6085 0.0079, -0.8363 -0.604 0.0079, -0.8272 -0.624 0.0079, -0.8284 -0.6185 0.0079, -0.8602 -0.5909 0.0079, -0.8548 -0.5921 0.0079, -0.8496 -0.6658 0.0079, -0.8447 -0.6631 0.0079, -0.8548 -0.6677 0.0079, -0.8402 -0.6598 0.0079, -0.8363 -0.6558 0.0079, -0.833 -0.6514 0.0079, -0.8303 -0.6465 0.0079, -0.8284 -0.6413 0.0079, -0.8402 -0.6001 0.0079, -0.8447 -0.5967 0.0079, -0.8496 -0.5941 0.0079, -0.8602 -0.6689 0.0079, -0.8272 -0.6359 0.0079, -0.9843 -0.6693 0.0, -0.8657 -0.6693 0.0, -0.8602 -0.6689 0.0, -0.8548 -0.6677 0.0, -0.8496 -0.6658 0.0, -0.8447 -0.6631 0.0, -0.8402 -0.6598 0.0, -0.8363 -0.6558 0.0, -0.833 -0.6514 0.0, -0.8303 -0.6465 0.0, -0.8284 -0.6413 0.0, -0.8272 -0.6359 0.0, -0.8268 -0.6303 0.0, -0.8268 -0.6295 0.0, -0.9843 -0.5906 0.0, -0.8657 -0.5906 0.0, -0.8272 -0.624 0.0, -0.8363 -0.604 0.0, -0.833 -0.6085 0.0, -0.8303 -0.6133 0.0, -0.8284 -0.6185 0.0, -0.8602 -0.5909 0.0, -0.8548 -0.5921 0.0, -0.8496 -0.5941 0.0, -0.8447 -0.5967 0.0, -0.8402 -0.6001 0.0, -0.9843 -0.1969 0.0079, -0.9843 -0.1181 0.0079, -0.8268 -0.1571 0.0079, -0.8657 -0.1181 0.0079, -0.8272 -0.1515 0.0079, -0.8548 -0.1197 0.0079, -0.8496 -0.1216 0.0079, -0.8284 -0.1461 0.0079, -0.8602 -0.1185 0.0079, -0.8272 -0.1634 0.0079, -0.8284 -0.1689 0.0079, -0.8657 -0.1969 0.0079, -0.8303 -0.1741 0.0079, -0.833 -0.1789 0.0079, -0.8447 -0.1243 0.0079, -0.8402 -0.1276 0.0079, -0.8303 -0.1409 0.0079, -0.8363 -0.1316 0.0079, -0.833 -0.136 0.0079, -0.8268 -0.1579 0.0079, -0.8363 -0.1834 0.0079, -0.8402 -0.1873 0.0079, -0.8447 -0.1907 0.0079, -0.8496 -0.1933 0.0079, -0.8548 -0.1953 0.0079, -0.8602 -0.1965 0.0079, -0.9843 -0.1181 0.0787, -0.8657 -0.1181 0.0787, -0.9843 -0.1969 0.0787, -0.8363 -0.1834 0.0787, -0.833 -0.1789 0.0787, -0.8657 -0.1969 0.0787, -0.8303 -0.1741 0.0787, -0.8284 -0.1689 0.0787, -0.8496 -0.1216 0.0787, -0.8548 -0.1197 0.0787, -0.8284 -0.1461 0.0787, -0.8602 -0.1185 0.0787, -0.8496 -0.1933 0.0787, -0.8447 -0.1907 0.0787, -0.8548 -0.1953 0.0787, -0.8602 -0.1965 0.0787, -0.8402 -0.1873 0.0787, -0.8272 -0.1634 0.0787, -0.8268 -0.1579 0.0787, -0.8268 -0.1571 0.0787, -0.8272 -0.1515 0.0787, -0.833 -0.136 0.0787, -0.8363 -0.1316 0.0787, -0.8303 -0.1409 0.0787, -0.8402 -0.1276 0.0787, -0.8447 -0.1243 0.0787, -0.9051 -0.8268 0.0079, -0.9843 -0.8268 0.0079, -0.9843 -0.748 0.0079, -0.9 -0.8264 0.0079, -0.8856 -0.8215 0.0079, -0.8902 -0.8238 0.0079, -0.895 -0.8254 0.0079, -0.9051 -0.748 0.0079, -0.8856 -0.7533 0.0079, -0.8814 -0.7561 0.0079, -0.8675 -0.7979 0.0079, -0.8691 -0.8027 0.0079, -0.8714 -0.8073 0.0079, -0.8742 -0.8115 0.0079, -0.8776 -0.8154 0.0079, -0.8814 -0.8187 0.0079, -0.9 -0.7484 0.0079, -0.895 -0.7494 0.0079, -0.8902 -0.751 0.0079, -0.8776 -0.7594 0.0079, -0.8742 -0.7633 0.0079, -0.8714 -0.7675 0.0079, -0.8691 -0.7721 0.0079, -0.8675 -0.7769 0.0079, -0.8665 -0.7819 0.0079, -0.8661 -0.787 0.0079, -0.8661 -0.7878 0.0079, -0.8665 -0.7929 0.0079, -0.9843 -0.748 0.0787, -0.9051 -0.748 0.0787, -0.9843 -0.8268 0.0787, -0.9051 -0.8268 0.0787, -0.8661 -0.7878 0.0787, -0.8661 -0.787 0.0787, -0.8665 -0.7819 0.0787, -0.9 -0.8264 0.0787, -0.895 -0.8254 0.0787, -0.8902 -0.8238 0.0787, -0.8814 -0.7561 0.0787, -0.8856 -0.7533 0.0787, -0.8856 -0.8215 0.0787, -0.8814 -0.8187 0.0787, -0.8776 -0.8154 0.0787, -0.8742 -0.8115 0.0787, -0.8714 -0.8073 0.0787, -0.8691 -0.8027 0.0787, -0.8675 -0.7979 0.0787, -0.8665 -0.7929 0.0787, -0.8675 -0.7769 0.0787, -0.8691 -0.7721 0.0787, -0.8714 -0.7675 0.0787, -0.8742 -0.7633 0.0787, -0.8776 -0.7594 0.0787, -0.8902 -0.751 0.0787, -0.895 -0.7494 0.0787, -0.9 -0.7484 0.0787, 0.6295 0.8268 0.0079, 0.6303 0.8268 0.0079, 0.5906 0.8657 0.0079, 0.5906 0.9843 0.0079, 0.6693 0.8657 0.0079, 0.6693 0.9843 0.0079, 0.6359 0.8272 0.0079, 0.6413 0.8284 0.0079, 0.6598 0.8402 0.0079, 0.6465 0.8303 0.0079, 0.6514 0.833 0.0079, 0.6558 0.8363 0.0079, 0.6631 0.8447 0.0079, 0.6658 0.8496 0.0079, 0.6677 0.8548 0.0079, 0.6689 0.8602 0.0079, 0.5909 0.8602 0.0079, 0.6185 0.8284 0.0079, 0.624 0.8272 0.0079, 0.5921 0.8548 0.0079, 0.5941 0.8496 0.0079, 0.5967 0.8447 0.0079, 0.6001 0.8402 0.0079, 0.604 0.8363 0.0079, 0.6133 0.8303 0.0079, 0.6085 0.833 0.0079, 0.5906 0.9843 0.0, 0.5906 0.8657 0.0, 0.5909 0.8602 0.0, 0.5921 0.8548 0.0, 0.5941 0.8496 0.0, 0.5967 0.8447 0.0, 0.6001 0.8402 0.0, 0.604 0.8363 0.0, 0.6085 0.833 0.0, 0.6133 0.8303 0.0, 0.6185 0.8284 0.0, 0.624 0.8272 0.0, 0.6295 0.8268 0.0, 0.6303 0.8268 0.0, 0.6693 0.9843 0.0, 0.6693 0.8657 0.0, 0.6689 0.8602 0.0, 0.6677 0.8548 0.0, 0.6658 0.8496 0.0, 0.6413 0.8284 0.0, 0.6359 0.8272 0.0, 0.6598 0.8402 0.0, 0.6631 0.8447 0.0, 0.6465 0.8303 0.0, 0.6558 0.8363 0.0, 0.6514 0.833 0.0, -0.5906 -0.9843 0.0, -0.5906 -0.8657 0.0, -0.5909 -0.8602 0.0, -0.5921 -0.8548 0.0, -0.5941 -0.8496 0.0, -0.5967 -0.8447 0.0, -0.6001 -0.8402 0.0, -0.604 -0.8363 0.0, -0.6085 -0.833 0.0, -0.6133 -0.8303 0.0, -0.6185 -0.8284 0.0, -0.624 -0.8272 0.0, -0.6295 -0.8268 0.0, -0.6303 -0.8268 0.0, -0.6693 -0.9843 0.0, -0.6693 -0.8657 0.0, -0.6689 -0.8602 0.0, -0.6413 -0.8284 0.0, -0.6359 -0.8272 0.0, -0.6677 -0.8548 0.0, -0.6658 -0.8496 0.0, -0.6631 -0.8447 0.0, -0.6598 -0.8402 0.0, -0.6558 -0.8363 0.0, -0.6465 -0.8303 0.0, -0.6514 -0.833 0.0, -0.8657 -0.4331 0.0079, -0.9843 -0.4331 0.0079, -0.9843 -0.5118 0.0079, -0.8657 -0.5118 0.0079, -0.8602 -0.5114 0.0079, -0.8548 -0.5102 0.0079, -0.8602 -0.4335 0.0079, -0.8272 -0.4665 0.0079, -0.8268 -0.472 0.0079, -0.8402 -0.5023 0.0079, -0.8363 -0.4984 0.0079, -0.833 -0.4939 0.0079, -0.8303 -0.489 0.0079, -0.8284 -0.4838 0.0079, -0.8496 -0.5083 0.0079, -0.8447 -0.5056 0.0079, -0.8272 -0.4784 0.0079, -0.8268 -0.4728 0.0079, -0.833 -0.451 0.0079, -0.8363 -0.4465 0.0079, -0.8303 -0.4559 0.0079, -0.8284 -0.4611 0.0079, -0.8447 -0.4393 0.0079, -0.8496 -0.4366 0.0079, -0.8548 -0.4346 0.0079, -0.8402 -0.4426 0.0079, -0.9843 -0.5118 0.0, -0.8657 -0.5118 0.0, -0.8602 -0.5114 0.0, -0.8548 -0.5102 0.0, -0.8496 -0.5083 0.0, -0.8447 -0.5056 0.0, -0.8402 -0.5023 0.0, -0.8363 -0.4984 0.0, -0.833 -0.4939 0.0, -0.8303 -0.489 0.0, -0.8284 -0.4838 0.0, -0.8272 -0.4784 0.0, -0.8268 -0.4728 0.0, -0.8268 -0.472 0.0, -0.9843 -0.4331 0.0, -0.8657 -0.4331 0.0, -0.8284 -0.4611 0.0, -0.8272 -0.4665 0.0, -0.8602 -0.4335 0.0, -0.8548 -0.4346 0.0, -0.8496 -0.4366 0.0, -0.8447 -0.4393 0.0, -0.8402 -0.4426 0.0, -0.8363 -0.4465 0.0, -0.833 -0.451 0.0, -0.8303 -0.4559 0.0, 0.4784 0.8272 0.0079, 0.4728 0.8268 0.0079, 0.4331 0.8657 0.0079, 0.4331 0.9843 0.0079, 0.5118 0.9843 0.0079, 0.5118 0.8657 0.0079, 0.4984 0.8363 0.0079, 0.4939 0.833 0.0079, 0.472 0.8268 0.0079, 0.4665 0.8272 0.0079, 0.4611 0.8284 0.0079, 0.489 0.8303 0.0079, 0.4838 0.8284 0.0079, 0.4393 0.8447 0.0079, 0.4366 0.8496 0.0079, 0.4426 0.8402 0.0079, 0.4346 0.8548 0.0079, 0.4335 0.8602 0.0079, 0.5114 0.8602 0.0079, 0.5102 0.8548 0.0079, 0.5083 0.8496 0.0079, 0.5056 0.8447 0.0079, 0.5023 0.8402 0.0079, 0.4465 0.8363 0.0079, 0.4559 0.8303 0.0079, 0.451 0.833 0.0079, 0.5118 0.9843 0.0787, 0.5118 0.8657 0.0787, 0.4331 0.9843 0.0787, 0.4331 0.8657 0.0787, 0.4335 0.8602 0.0787, 0.4611 0.8284 0.0787, 0.4665 0.8272 0.0787, 0.472 0.8268 0.0787, 0.4728 0.8268 0.0787, 0.4784 0.8272 0.0787, 0.4838 0.8284 0.0787, 0.489 0.8303 0.0787, 0.4939 0.833 0.0787, 0.4984 0.8363 0.0787, 0.4346 0.8548 0.0787, 0.4366 0.8496 0.0787, 0.4393 0.8447 0.0787, 0.5023 0.8402 0.0787, 0.5056 0.8447 0.0787, 0.5083 0.8496 0.0787, 0.5102 0.8548 0.0787, 0.5114 0.8602 0.0787, 0.4426 0.8402 0.0787, 0.4465 0.8363 0.0787, 0.4559 0.8303 0.0787, 0.451 0.833 0.0787, 0.4331 -0.8657 0.0079, 0.4331 -0.9843 0.0079, 0.5118 -0.9843 0.0079, 0.472 -0.8268 0.0079, 0.5118 -0.8657 0.0079, 0.4665 -0.8272 0.0079, 0.4611 -0.8284 0.0079, 0.4838 -0.8284 0.0079, 0.4784 -0.8272 0.0079, 0.4728 -0.8268 0.0079, 0.4984 -0.8363 0.0079, 0.5114 -0.8602 0.0079, 0.4559 -0.8303 0.0079, 0.451 -0.833 0.0079, 0.4465 -0.8363 0.0079, 0.4393 -0.8447 0.0079, 0.4366 -0.8496 0.0079, 0.4346 -0.8548 0.0079, 0.4939 -0.833 0.0079, 0.489 -0.8303 0.0079, 0.4426 -0.8402 0.0079, 0.4335 -0.8602 0.0079, 0.5102 -0.8548 0.0079, 0.5083 -0.8496 0.0079, 0.5023 -0.8402 0.0079, 0.5056 -0.8447 0.0079, 0.5118 -0.9843 0.0, 0.5118 -0.8657 0.0, 0.5114 -0.8602 0.0, 0.5102 -0.8548 0.0, 0.5083 -0.8496 0.0, 0.5056 -0.8447 0.0, 0.5023 -0.8402 0.0, 0.4984 -0.8363 0.0, 0.4939 -0.833 0.0, 0.489 -0.8303 0.0, 0.4838 -0.8284 0.0, 0.4784 -0.8272 0.0, 0.4728 -0.8268 0.0, 0.472 -0.8268 0.0, 0.4426 -0.8402 0.0, 0.4465 -0.8363 0.0, 0.4331 -0.8657 0.0, 0.4331 -0.9843 0.0, 0.4665 -0.8272 0.0, 0.4611 -0.8284 0.0, 0.4346 -0.8548 0.0, 0.4366 -0.8496 0.0, 0.4393 -0.8447 0.0, 0.451 -0.833 0.0, 0.4559 -0.8303 0.0, 0.4335 -0.8602 0.0, 0.6693 -0.9843 0.0079, 0.6295 -0.8268 0.0079, 0.6693 -0.8657 0.0079, 0.6303 -0.8268 0.0079, 0.6001 -0.8402 0.0079, 0.604 -0.8363 0.0079, 0.5906 -0.8657 0.0079, 0.5906 -0.9843 0.0079, 0.624 -0.8272 0.0079, 0.6185 -0.8284 0.0079, 0.5921 -0.8548 0.0079, 0.5941 -0.8496 0.0079, 0.5967 -0.8447 0.0079, 0.6085 -0.833 0.0079, 0.6133 -0.8303 0.0079, 0.6359 -0.8272 0.0079, 0.6413 -0.8284 0.0079, 0.6465 -0.8303 0.0079, 0.5909 -0.8602 0.0079, 0.6514 -0.833 0.0079, 0.6558 -0.8363 0.0079, 0.6689 -0.8602 0.0079, 0.6598 -0.8402 0.0079, 0.6631 -0.8447 0.0079, 0.6658 -0.8496 0.0079, 0.6677 -0.8548 0.0079, 0.5906 -0.9843 0.0787, 0.5906 -0.8657 0.0787, 0.6693 -0.9843 0.0787, 0.6295 -0.8268 0.0787, 0.6693 -0.8657 0.0787, 0.624 -0.8272 0.0787, 0.6185 -0.8284 0.0787, 0.6598 -0.8402 0.0787, 0.6558 -0.8363 0.0787, 0.6413 -0.8284 0.0787, 0.6359 -0.8272 0.0787, 0.6303 -0.8268 0.0787, 0.6689 -0.8602 0.0787, 0.6677 -0.8548 0.0787, 0.6658 -0.8496 0.0787, 0.6133 -0.8303 0.0787, 0.6085 -0.833 0.0787, 0.604 -0.8363 0.0787, 0.5967 -0.8447 0.0787, 0.5941 -0.8496 0.0787, 0.5921 -0.8548 0.0787, 0.6514 -0.833 0.0787, 0.6465 -0.8303 0.0787, 0.6001 -0.8402 0.0787, 0.5909 -0.8602 0.0787, 0.6631 -0.8447 0.0787, -0.4331 -0.9843 0.0079, -0.5118 -0.9843 0.0079, -0.4728 -0.8268 0.0079, -0.5118 -0.8657 0.0079, -0.5114 -0.8602 0.0079, -0.4838 -0.8284 0.0079, -0.4784 -0.8272 0.0079, -0.4331 -0.8657 0.0079, -0.472 -0.8268 0.0079, -0.4665 -0.8272 0.0079, -0.4611 -0.8284 0.0079, -0.4559 -0.8303 0.0079, -0.451 -0.833 0.0079, -0.5102 -0.8548 0.0079, -0.5083 -0.8496 0.0079, -0.5056 -0.8447 0.0079, -0.5023 -0.8402 0.0079, -0.4984 -0.8363 0.0079, -0.489 -0.8303 0.0079, -0.4939 -0.833 0.0079, -0.4465 -0.8363 0.0079, -0.4426 -0.8402 0.0079, -0.4393 -0.8447 0.0079, -0.4366 -0.8496 0.0079, -0.4346 -0.8548 0.0079, -0.4335 -0.8602 0.0079, -0.5118 -0.9843 0.0787, -0.5118 -0.8657 0.0787, -0.4331 -0.9843 0.0787, -0.4728 -0.8268 0.0787, -0.4331 -0.8657 0.0787, -0.5114 -0.8602 0.0787, -0.4838 -0.8284 0.0787, -0.4784 -0.8272 0.0787, -0.4346 -0.8548 0.0787, -0.4366 -0.8496 0.0787, -0.4393 -0.8447 0.0787, -0.4335 -0.8602 0.0787, -0.4465 -0.8363 0.0787, -0.451 -0.833 0.0787, -0.4559 -0.8303 0.0787, -0.4611 -0.8284 0.0787, -0.4665 -0.8272 0.0787, -0.472 -0.8268 0.0787, -0.4426 -0.8402 0.0787, -0.5102 -0.8548 0.0787, -0.489 -0.8303 0.0787, -0.4939 -0.833 0.0787, -0.4984 -0.8363 0.0787, -0.5023 -0.8402 0.0787, -0.5083 -0.8496 0.0787, -0.5056 -0.8447 0.0787, -0.0783 0.4823 0.0079, -0.0697 0.4833 0.0079, 0.4823 0.4433 0.0079, -0.4823 0.4035 0.0079, -0.054 -0.4908 0.0079, -0.0614 -0.4861 0.0079, -0.0432 -0.5043 0.0079, 0.0432 -0.5043 0.0079, 0.0403 -0.5126 0.0079, 0.0783 -0.4823 0.0079, -0.4429 0.4141 0.0079, 0.4433 -0.4823 0.0079, -0.4266 0.4266 0.0079, 0.4676 -0.4738 0.0079, 0.4738 -0.4676 0.0079, 0.4784 -0.4602 0.0079, -0.0697 -0.4833 0.0079, -0.0783 -0.4823 0.0079, -0.4433 -0.4823 0.0079, -0.0479 -0.497 0.0079, -0.4619 0.4062 0.0079, 0.0479 -0.497 0.0079, 0.4602 -0.4784 0.0079, 0.452 -0.4813 0.0079, -0.4035 0.4823 0.0079, -0.4062 0.4619 0.0079, -0.4141 0.4429 0.0079, 0.4823 -0.4433 0.0079, 0.4813 -0.452 0.0079, 0.0697 -0.4833 0.0079, 0.0614 -0.4861 0.0079, 0.054 -0.4908 0.0079, -0.4784 -0.4602 0.0079, -0.4813 -0.452 0.0079, -0.4823 -0.4433 0.0079, 0.0403 0.5126 0.0079, 0.0432 0.5043 0.0079, -0.0432 0.5043 0.0079, 0.054 0.4908 0.0079, 0.0614 0.4861 0.0079, -0.0479 0.497 0.0079, 0.0697 0.4833 0.0079, -0.054 0.4908 0.0079, 0.4433 0.4823 0.0079, 0.0783 0.4823 0.0079, -0.0614 0.4861 0.0079, 0.0394 -0.9843 0.0079, -0.0394 -0.9843 0.0079, 0.0394 -0.5213 0.0079, -0.0394 -0.5213 0.0079, -0.0403 -0.5126 0.0079, 0.0479 0.497 0.0079, -0.452 -0.4813 0.0079, -0.4602 -0.4784 0.0079, -0.4676 -0.4738 0.0079, -0.4738 -0.4676 0.0079, 0.4738 0.4676 0.0079, 0.4784 0.4602 0.0079, 0.4676 0.4738 0.0079, 0.4602 0.4784 0.0079, 0.452 0.4813 0.0079, 0.4813 0.452 0.0079, -0.0394 0.5213 0.0079, -0.0394 0.9843 0.0079, 0.0394 0.9843 0.0079, -0.0403 0.5126 0.0079, 0.0394 0.5213 0.0079, -0.0394 -0.9843 0.0787, -0.0394 -0.5213 0.0787, 0.0394 0.9843 0.0787, 0.0394 0.5213 0.0787, -0.0783 0.4823 0.0787, -0.4035 0.4823 0.0787, -0.4062 0.4619 0.0787, 0.0614 -0.4861 0.0787, 0.0697 -0.4833 0.0787, -0.4429 0.4141 0.0787, 0.0783 -0.4823 0.0787, -0.4266 0.4266 0.0787, 0.4433 -0.4823 0.0787, 0.452 -0.4813 0.0787, 0.0614 0.4861 0.0787, 0.054 0.4908 0.0787, -0.0697 0.4833 0.0787, 0.0479 0.497 0.0787, -0.0614 0.4861 0.0787, -0.0432 0.5043 0.0787, -0.0479 0.497 0.0787, 0.0403 0.5126 0.0787, 0.4823 0.4433 0.0787, 0.4823 -0.4433 0.0787, -0.4141 0.4429 0.0787, 0.4813 -0.452 0.0787, 0.4784 -0.4602 0.0787, 0.4738 -0.4676 0.0787, 0.4602 -0.4784 0.0787, 0.4676 -0.4738 0.0787, -0.4619 0.4062 0.0787, -0.0783 -0.4823 0.0787, -0.4433 -0.4823 0.0787, -0.4823 0.4035 0.0787, -0.4823 -0.4433 0.0787, 0.0432 0.5043 0.0787, -0.0697 -0.4833 0.0787, -0.0614 -0.4861 0.0787, -0.054 -0.4908 0.0787, 0.054 -0.4908 0.0787, 0.0432 -0.5043 0.0787, 0.0479 -0.497 0.0787, -0.0403 -0.5126 0.0787, -0.054 0.4908 0.0787, -0.0432 -0.5043 0.0787, -0.4602 -0.4784 0.0787, -0.4784 -0.4602 0.0787, -0.4676 -0.4738 0.0787, -0.4738 -0.4676 0.0787, -0.4813 -0.452 0.0787, -0.452 -0.4813 0.0787, 0.4813 0.452 0.0787, 0.4433 0.4823 0.0787, 0.0783 0.4823 0.0787, 0.0697 0.4833 0.0787, 0.4738 0.4676 0.0787, 0.4676 0.4738 0.0787, 0.4602 0.4784 0.0787, 0.4784 0.4602 0.0787, 0.452 0.4813 0.0787, -0.0479 -0.497 0.0787, -0.0394 0.9843 0.0787, -0.0394 0.5213 0.0787, -0.0403 0.5126 0.0787, 0.0394 -0.9843 0.0787, 0.0394 -0.5213 0.0787, 0.0403 -0.5126 0.0787, 0.8548 -0.5921 0.0079, 0.8496 -0.5941 0.0079, 0.8447 -0.5967 0.0079, 0.9843 -0.6693 0.0079, 0.9843 -0.5906 0.0079, 0.8657 -0.6693 0.0079, 0.8657 -0.5906 0.0079, 0.8602 -0.6689 0.0079, 0.8548 -0.6677 0.0079, 0.8602 -0.5909 0.0079, 0.8363 -0.604 0.0079, 0.833 -0.6085 0.0079, 0.8303 -0.6133 0.0079, 0.8284 -0.6185 0.0079, 0.8272 -0.624 0.0079, 0.8268 -0.6295 0.0079, 0.8268 -0.6303 0.0079, 0.8402 -0.6001 0.0079, 0.8272 -0.6359 0.0079, 0.8284 -0.6413 0.0079, 0.8303 -0.6465 0.0079, 0.833 -0.6514 0.0079, 0.8363 -0.6558 0.0079, 0.8402 -0.6598 0.0079, 0.8447 -0.6631 0.0079, 0.8496 -0.6658 0.0079, 0.9843 -0.5906 0.0, 0.8657 -0.5906 0.0, 0.8602 -0.5909 0.0, 0.8548 -0.5921 0.0, 0.8496 -0.5941 0.0, 0.8447 -0.5967 0.0, 0.8402 -0.6001 0.0, 0.8363 -0.604 0.0, 0.833 -0.6085 0.0, 0.8303 -0.6133 0.0, 0.8284 -0.6185 0.0, 0.8272 -0.624 0.0, 0.8268 -0.6295 0.0, 0.8268 -0.6303 0.0, 0.8272 -0.6359 0.0, 0.9843 -0.6693 0.0, 0.8657 -0.6693 0.0, 0.8284 -0.6413 0.0, 0.8602 -0.6689 0.0, 0.8548 -0.6677 0.0, 0.8496 -0.6658 0.0, 0.8447 -0.6631 0.0, 0.8402 -0.6598 0.0, 0.8363 -0.6558 0.0, 0.833 -0.6514 0.0, 0.8303 -0.6465 0.0, -0.9843 -0.8268 0.0, -0.9051 -0.8268 0.0, -0.9 -0.8264 0.0, -0.895 -0.8254 0.0, -0.8902 -0.8238 0.0, -0.8856 -0.8215 0.0, -0.8814 -0.8187 0.0, -0.8776 -0.8154 0.0, -0.8742 -0.8115 0.0, -0.8714 -0.8073 0.0, -0.8691 -0.8027 0.0, -0.8675 -0.7979 0.0, -0.8665 -0.7929 0.0, -0.8661 -0.7878 0.0, -0.8661 -0.787 0.0, -0.9843 -0.748 0.0, -0.9051 -0.748 0.0, -0.8856 -0.7533 0.0, -0.8814 -0.7561 0.0, -0.9 -0.7484 0.0, -0.895 -0.7494 0.0, -0.8902 -0.751 0.0, -0.8776 -0.7594 0.0, -0.8742 -0.7633 0.0, -0.8714 -0.7675 0.0, -0.8691 -0.7721 0.0, -0.8675 -0.7769 0.0, -0.8665 -0.7819 0.0, -0.9843 -0.5906 0.0787, -0.8657 -0.5906 0.0787, -0.8268 -0.6303 0.0787, -0.8268 -0.6295 0.0787, -0.8657 -0.6693 0.0787, -0.9843 -0.6693 0.0787, -0.8303 -0.6133 0.0787, -0.833 -0.6085 0.0787, -0.8363 -0.604 0.0787, -0.8272 -0.624 0.0787, -0.8284 -0.6185 0.0787, -0.8602 -0.5909 0.0787, -0.8548 -0.5921 0.0787, -0.8496 -0.6658 0.0787, -0.8447 -0.6631 0.0787, -0.8548 -0.6677 0.0787, -0.8402 -0.6598 0.0787, -0.8363 -0.6558 0.0787, -0.833 -0.6514 0.0787, -0.8303 -0.6465 0.0787, -0.8284 -0.6413 0.0787, -0.8402 -0.6001 0.0787, -0.8447 -0.5967 0.0787, -0.8496 -0.5941 0.0787, -0.8602 -0.6689 0.0787, -0.8272 -0.6359 0.0787, -0.9843 -0.3543 0.0, -0.8657 -0.3543 0.0, -0.8602 -0.3539 0.0, -0.8548 -0.3528 0.0, -0.8496 -0.3508 0.0, -0.8447 -0.3481 0.0, -0.8402 -0.3448 0.0, -0.8363 -0.3409 0.0, -0.833 -0.3364 0.0, -0.8303 -0.3315 0.0, -0.8284 -0.3263 0.0, -0.8272 -0.3209 0.0, -0.8268 -0.3154 0.0, -0.8268 -0.3146 0.0, -0.9843 -0.2756 0.0, -0.8284 -0.3036 0.0, -0.8272 -0.309 0.0, -0.8402 -0.2851 0.0, -0.8363 -0.289 0.0, -0.8657 -0.2756 0.0, -0.8602 -0.276 0.0, -0.8548 -0.2772 0.0, -0.8496 -0.2791 0.0, -0.8447 -0.2818 0.0, -0.833 -0.2935 0.0, -0.8303 -0.2984 0.0, -0.9843 -0.0394 0.0, -0.8657 -0.0394 0.0, -0.8602 -0.039 0.0, -0.8548 -0.0378 0.0, -0.8496 -0.0358 0.0, -0.8447 -0.0332 0.0, -0.8402 -0.0298 0.0, -0.8363 -0.0259 0.0, -0.833 -0.0215 0.0, -0.8303 -0.0166 0.0, -0.8284 -0.0114 0.0, -0.8272 -0.0059 0.0, -0.8268 -0.0004 0.0, -0.8268 0.0004 0.0, -0.8657 0.0394 0.0, -0.8602 0.039 0.0, -0.8548 0.0378 0.0, -0.8496 0.0358 0.0, -0.8402 0.0298 0.0, -0.8363 0.0259 0.0, -0.833 0.0215 0.0, -0.8303 0.0166 0.0, -0.8284 0.0114 0.0, -0.8272 0.0059 0.0, -0.9843 0.0394 0.0, -0.8447 0.0332 0.0, -0.9843 0.2756 0.0, -0.8657 0.2756 0.0, -0.8602 0.276 0.0, -0.8548 0.2772 0.0, -0.8496 0.2791 0.0, -0.8447 0.2818 0.0, -0.8402 0.2851 0.0, -0.8363 0.289 0.0, -0.833 0.2935 0.0, -0.8303 0.2984 0.0, -0.8284 0.3036 0.0, -0.8272 0.309 0.0, -0.8268 0.3146 0.0, -0.8268 0.3154 0.0, -0.9843 0.3543 0.0, -0.8657 0.3543 0.0, -0.8602 0.3539 0.0, -0.8284 0.3263 0.0, -0.8272 0.3209 0.0, -0.8548 0.3528 0.0, -0.8496 0.3508 0.0, -0.8447 0.3481 0.0, -0.8402 0.3448 0.0, -0.8363 0.3409 0.0, -0.8303 0.3315 0.0, -0.833 0.3364 0.0, -0.8268 0.9843 0.0, -0.8268 0.9051 0.0, -0.8264 0.9 0.0, -0.8254 0.895 0.0, -0.8238 0.8902 0.0, -0.8215 0.8856 0.0, -0.8187 0.8814 0.0, -0.8154 0.8776 0.0, -0.8115 0.8742 0.0, -0.8073 0.8714 0.0, -0.8027 0.8691 0.0, -0.7979 0.8675 0.0, -0.7929 0.8665 0.0, -0.7878 0.8661 0.0, -0.787 0.8661 0.0, -0.748 0.9843 0.0, -0.748 0.9051 0.0, -0.7721 0.8691 0.0, -0.7769 0.8675 0.0, -0.7819 0.8665 0.0, -0.7484 0.9 0.0, -0.7494 0.895 0.0, -0.751 0.8902 0.0, -0.7561 0.8814 0.0, -0.7594 0.8776 0.0, -0.7533 0.8856 0.0, -0.7633 0.8742 0.0, -0.7675 0.8714 0.0, -0.8268 0.4728 0.0079, -0.8268 0.472 0.0079, -0.8657 0.5118 0.0079, -0.9843 0.4331 0.0079, -0.9843 0.5118 0.0079, -0.8657 0.4331 0.0079, -0.8602 0.4335 0.0079, -0.8272 0.4784 0.0079, -0.8303 0.4559 0.0079, -0.833 0.451 0.0079, -0.8363 0.4465 0.0079, -0.8402 0.4426 0.0079, -0.8447 0.4393 0.0079, -0.8602 0.5114 0.0079, -0.8548 0.5102 0.0079, -0.8496 0.5083 0.0079, -0.8272 0.4665 0.0079, -0.8284 0.4611 0.0079, -0.8496 0.4366 0.0079, -0.8548 0.4346 0.0079, -0.8447 0.5056 0.0079, -0.8402 0.5023 0.0079, -0.8363 0.4984 0.0079, -0.833 0.4939 0.0079, -0.8303 0.489 0.0079, -0.8284 0.4838 0.0079, -0.9843 0.5118 0.0787, -0.8657 0.5118 0.0787, -0.8268 0.472 0.0787, -0.8268 0.4728 0.0787, -0.8657 0.4331 0.0787, -0.9843 0.4331 0.0787, -0.8602 0.5114 0.0787, -0.8548 0.5102 0.0787, -0.8496 0.4366 0.0787, -0.8447 0.4393 0.0787, -0.8548 0.4346 0.0787, -0.8402 0.4426 0.0787, -0.8363 0.4465 0.0787, -0.833 0.451 0.0787, -0.8303 0.4559 0.0787, -0.8284 0.4611 0.0787, -0.8272 0.4784 0.0787, -0.8284 0.4838 0.0787, -0.8303 0.489 0.0787, -0.8602 0.4335 0.0787, -0.8272 0.4665 0.0787, -0.833 0.4939 0.0787, -0.8363 0.4984 0.0787, -0.8402 0.5023 0.0787, -0.8447 0.5056 0.0787, -0.8496 0.5083 0.0787, -0.9843 0.4331 0.0, -0.8657 0.4331 0.0, -0.8602 0.4335 0.0, -0.8548 0.4346 0.0, -0.8496 0.4366 0.0, -0.8447 0.4393 0.0, -0.8402 0.4426 0.0, -0.8363 0.4465 0.0, -0.833 0.451 0.0, -0.8303 0.4559 0.0, -0.8284 0.4611 0.0, -0.8272 0.4665 0.0, -0.8268 0.472 0.0, -0.8268 0.4728 0.0, -0.9843 0.5118 0.0, -0.8657 0.5118 0.0, -0.8284 0.4838 0.0, -0.8272 0.4784 0.0, -0.8602 0.5114 0.0, -0.8548 0.5102 0.0, -0.8496 0.5083 0.0, -0.8447 0.5056 0.0, -0.8402 0.5023 0.0, -0.8363 0.4984 0.0, -0.833 0.4939 0.0, -0.8303 0.489 0.0, -0.5906 0.9843 0.0079, -0.5906 0.8657 0.0079, -0.6295 0.8268 0.0079, -0.6303 0.8268 0.0079, -0.6693 0.8657 0.0079, -0.6693 0.9843 0.0079, -0.5909 0.8602 0.0079, -0.5921 0.8548 0.0079, -0.5941 0.8496 0.0079, -0.6185 0.8284 0.0079, -0.624 0.8272 0.0079, -0.6001 0.8402 0.0079, -0.5967 0.8447 0.0079, -0.6133 0.8303 0.0079, -0.604 0.8363 0.0079, -0.6085 0.833 0.0079, -0.6359 0.8272 0.0079, -0.6413 0.8284 0.0079, -0.6465 0.8303 0.0079, -0.6677 0.8548 0.0079, -0.6689 0.8602 0.0079, -0.6558 0.8363 0.0079, -0.6514 0.833 0.0079, -0.6658 0.8496 0.0079, -0.6598 0.8402 0.0079, -0.6631 0.8447 0.0079, -0.5906 0.9843 0.0787, -0.5906 0.8657 0.0787, -0.6693 0.8657 0.0787, -0.6295 0.8268 0.0787, -0.6693 0.9843 0.0787, -0.624 0.8272 0.0787, -0.6185 0.8284 0.0787, -0.6001 0.8402 0.0787, -0.6465 0.8303 0.0787, -0.6413 0.8284 0.0787, -0.6359 0.8272 0.0787, -0.6303 0.8268 0.0787, -0.6133 0.8303 0.0787, -0.6085 0.833 0.0787, -0.604 0.8363 0.0787, -0.5967 0.8447 0.0787, -0.5941 0.8496 0.0787, -0.5921 0.8548 0.0787, -0.5909 0.8602 0.0787, -0.6689 0.8602 0.0787, -0.6677 0.8548 0.0787, -0.6558 0.8363 0.0787, -0.6658 0.8496 0.0787, -0.6598 0.8402 0.0787, -0.6631 0.8447 0.0787, -0.6514 0.833 0.0787, -0.1969 0.9843 0.0, -0.1969 0.8657 0.0, -0.1965 0.8602 0.0, -0.1953 0.8548 0.0, -0.1933 0.8496 0.0, -0.1907 0.8447 0.0, -0.1873 0.8402 0.0, -0.1834 0.8363 0.0, -0.1789 0.833 0.0, -0.1741 0.8303 0.0, -0.1689 0.8284 0.0, -0.1634 0.8272 0.0, -0.1579 0.8268 0.0, -0.1571 0.8268 0.0, -0.1181 0.9843 0.0, -0.1181 0.8657 0.0, -0.1316 0.8363 0.0, -0.136 0.833 0.0, -0.1515 0.8272 0.0, -0.1185 0.8602 0.0, -0.1197 0.8548 0.0, -0.1216 0.8496 0.0, -0.1409 0.8303 0.0, -0.1461 0.8284 0.0, -0.1243 0.8447 0.0, -0.1276 0.8402 0.0, 0.1181 0.9843 0.0, 0.1181 0.8657 0.0, 0.1185 0.8602 0.0, 0.1197 0.8548 0.0, 0.1216 0.8496 0.0, 0.1243 0.8447 0.0, 0.1276 0.8402 0.0, 0.1316 0.8363 0.0, 0.136 0.833 0.0, 0.1409 0.8303 0.0, 0.1461 0.8284 0.0, 0.1515 0.8272 0.0, 0.1571 0.8268 0.0, 0.1579 0.8268 0.0, 0.1969 0.9843 0.0, 0.1969 0.8657 0.0, 0.1634 0.8272 0.0, 0.1689 0.8284 0.0, 0.1953 0.8548 0.0, 0.1933 0.8496 0.0, 0.1965 0.8602 0.0, 0.1907 0.8447 0.0, 0.1873 0.8402 0.0, 0.1834 0.8363 0.0, 0.1789 0.833 0.0, 0.1741 0.8303 0.0, -0.9843 0.748 0.0, -0.9051 0.748 0.0, -0.9 0.7484 0.0, -0.895 0.7494 0.0, -0.8902 0.751 0.0, -0.8856 0.7533 0.0, -0.8814 0.7561 0.0, -0.8776 0.7594 0.0, -0.8742 0.7633 0.0, -0.8714 0.7675 0.0, -0.8691 0.7721 0.0, -0.8675 0.7769 0.0, -0.8665 0.7819 0.0, -0.8661 0.787 0.0, -0.8661 0.7878 0.0, -0.9843 0.8268 0.0, -0.9051 0.8268 0.0, -0.9 0.8264 0.0, -0.895 0.8254 0.0, -0.8902 0.8238 0.0, -0.8856 0.8215 0.0, -0.8814 0.8187 0.0, -0.8714 0.8073 0.0, -0.8691 0.8027 0.0, -0.8776 0.8154 0.0, -0.8742 0.8115 0.0, -0.8675 0.7979 0.0, -0.8665 0.7929 0.0, 0.9843 0.5906 0.0787, 0.8657 0.5906 0.0787, 0.9843 0.6693 0.0787, 0.8657 0.6693 0.0787, 0.8602 0.5909 0.0787, 0.8548 0.5921 0.0787, 0.8284 0.6413 0.0787, 0.8303 0.6465 0.0787, 0.833 0.6514 0.0787, 0.8272 0.6359 0.0787, 0.8268 0.6303 0.0787, 0.8268 0.6295 0.0787, 0.8402 0.6001 0.0787, 0.8447 0.5967 0.0787, 0.8496 0.5941 0.0787, 0.8602 0.6689 0.0787, 0.8548 0.6677 0.0787, 0.8496 0.6658 0.0787, 0.8447 0.6631 0.0787, 0.8402 0.6598 0.0787, 0.8363 0.6558 0.0787, 0.8272 0.624 0.0787, 0.8284 0.6185 0.0787, 0.8303 0.6133 0.0787, 0.833 0.6085 0.0787, 0.8363 0.604 0.0787, 0.9843 0.8268 0.0, 0.9051 0.8268 0.0, 0.9 0.8264 0.0, 0.895 0.8254 0.0, 0.8902 0.8238 0.0, 0.8856 0.8215 0.0, 0.8814 0.8187 0.0, 0.8776 0.8154 0.0, 0.8742 0.8115 0.0, 0.8714 0.8073 0.0, 0.8691 0.8027 0.0, 0.8675 0.7979 0.0, 0.8665 0.7929 0.0, 0.8661 0.7878 0.0, 0.8661 0.787 0.0, 0.9843 0.748 0.0, 0.9051 0.748 0.0, 0.9 0.7484 0.0, 0.8675 0.7769 0.0, 0.8665 0.7819 0.0, 0.895 0.7494 0.0, 0.8902 0.751 0.0, 0.8856 0.7533 0.0, 0.8814 0.7561 0.0, 0.8776 0.7594 0.0, 0.8742 0.7633 0.0, 0.8714 0.7675 0.0, 0.8691 0.7721 0.0, 0.9843 0.3543 0.0, 0.8657 0.3543 0.0, 0.8602 0.3539 0.0, 0.8548 0.3528 0.0, 0.8496 0.3508 0.0, 0.8447 0.3481 0.0, 0.8402 0.3448 0.0, 0.8363 0.3409 0.0, 0.833 0.3364 0.0, 0.8303 0.3315 0.0, 0.8284 0.3263 0.0, 0.8272 0.3209 0.0, 0.8268 0.3154 0.0, 0.8268 0.3146 0.0, 0.8272 0.309 0.0, 0.8657 0.2756 0.0, 0.9843 0.2756 0.0, 0.8602 0.276 0.0, 0.8548 0.2772 0.0, 0.8496 0.2791 0.0, 0.8447 0.2818 0.0, 0.8402 0.2851 0.0, 0.8363 0.289 0.0, 0.833 0.2935 0.0, 0.8303 0.2984 0.0, 0.8284 0.3036 0.0, 0.9843 0.5118 0.0, 0.8657 0.5118 0.0, 0.8602 0.5114 0.0, 0.8548 0.5102 0.0, 0.8496 0.5083 0.0, 0.8447 0.5056 0.0, 0.8402 0.5023 0.0, 0.8363 0.4984 0.0, 0.833 0.4939 0.0, 0.8303 0.489 0.0, 0.8284 0.4838 0.0, 0.8272 0.4784 0.0, 0.8268 0.4728 0.0, 0.8268 0.472 0.0, 0.9843 0.4331 0.0, 0.8657 0.4331 0.0, 0.8602 0.4335 0.0, 0.8548 0.4346 0.0, 0.8496 0.4366 0.0, 0.8447 0.4393 0.0, 0.8402 0.4426 0.0, 0.8272 0.4665 0.0, 0.8284 0.4611 0.0, 0.8303 0.4559 0.0, 0.8363 0.4465 0.0, 0.833 0.451 0.0, 0.9843 -0.2756 0.0, 0.8657 -0.2756 0.0, 0.8602 -0.276 0.0, 0.8548 -0.2772 0.0, 0.8496 -0.2791 0.0, 0.8447 -0.2818 0.0, 0.8402 -0.2851 0.0, 0.8363 -0.289 0.0, 0.833 -0.2935 0.0, 0.8303 -0.2984 0.0, 0.8284 -0.3036 0.0, 0.8272 -0.309 0.0, 0.8268 -0.3146 0.0, 0.8268 -0.3154 0.0, 0.9843 -0.3543 0.0, 0.8657 -0.3543 0.0, 0.8272 -0.3209 0.0, 0.8284 -0.3263 0.0, 0.8548 -0.3528 0.0, 0.8496 -0.3508 0.0, 0.8447 -0.3481 0.0, 0.8402 -0.3448 0.0, 0.8363 -0.3409 0.0, 0.833 -0.3364 0.0, 0.8303 -0.3315 0.0, 0.8602 -0.3539 0.0, 0.9843 -0.0394 0.0787, 0.8657 -0.0394 0.0787, 0.8272 0.0059 0.0787, 0.8268 0.0004 0.0787, 0.8657 0.0394 0.0787, 0.9843 0.0394 0.0787, 0.8268 -0.0004 0.0787, 0.833 0.0215 0.0787, 0.8303 0.0166 0.0787, 0.8284 0.0114 0.0787, 0.8272 -0.0059 0.0787, 0.8284 -0.0114 0.0787, 0.8303 -0.0166 0.0787, 0.8602 0.039 0.0787, 0.8548 0.0378 0.0787, 0.8496 0.0358 0.0787, 0.8447 0.0332 0.0787, 0.8402 0.0298 0.0787, 0.8363 0.0259 0.0787, 0.833 -0.0215 0.0787, 0.8363 -0.0259 0.0787, 0.8402 -0.0298 0.0787, 0.8447 -0.0332 0.0787, 0.8496 -0.0358 0.0787, 0.8602 -0.039 0.0787, 0.8548 -0.0378 0.0787, 0.9843 0.1181 0.0787, 0.8657 0.1181 0.0787, 0.8268 0.1579 0.0787, 0.9843 0.1969 0.0787, 0.8657 0.1969 0.0787, 0.833 0.1789 0.0787, 0.8303 0.1741 0.0787, 0.8284 0.1689 0.0787, 0.8272 0.1634 0.0787, 0.8496 0.1933 0.0787, 0.8447 0.1907 0.0787, 0.8548 0.1953 0.0787, 0.8402 0.1873 0.0787, 0.8602 0.1965 0.0787, 0.8363 0.1834 0.0787, 0.8268 0.1571 0.0787, 0.8272 0.1515 0.0787, 0.8284 0.1461 0.0787, 0.8602 0.1185 0.0787, 0.8548 0.1197 0.0787, 0.8496 0.1216 0.0787, 0.8303 0.1409 0.0787, 0.833 0.136 0.0787, 0.8363 0.1316 0.0787, 0.8402 0.1276 0.0787, 0.8447 0.1243 0.0787, 0.9843 -0.6693 0.0787, 0.8657 -0.6693 0.0787, 0.8548 -0.5921 0.0787, 0.8496 -0.5941 0.0787, 0.8447 -0.5967 0.0787, 0.9843 -0.5906 0.0787, 0.8657 -0.5906 0.0787, 0.8602 -0.6689 0.0787, 0.8548 -0.6677 0.0787, 0.8602 -0.5909 0.0787, 0.8363 -0.604 0.0787, 0.833 -0.6085 0.0787, 0.8303 -0.6133 0.0787, 0.8284 -0.6185 0.0787, 0.8272 -0.624 0.0787, 0.8268 -0.6295 0.0787, 0.8268 -0.6303 0.0787, 0.8402 -0.6001 0.0787, 0.8272 -0.6359 0.0787, 0.8284 -0.6413 0.0787, 0.8303 -0.6465 0.0787, 0.833 -0.6514 0.0787, 0.8363 -0.6558 0.0787, 0.8402 -0.6598 0.0787, 0.8447 -0.6631 0.0787, 0.8496 -0.6658 0.0787, 0.8303 -0.4559 0.0079, 0.8284 -0.4611 0.0079, 0.8657 -0.4331 0.0079, 0.9843 -0.5118 0.0079, 0.9843 -0.4331 0.0079, 0.8657 -0.5118 0.0079, 0.8602 -0.5114 0.0079, 0.8548 -0.5102 0.0079, 0.8272 -0.4665 0.0079, 0.8268 -0.472 0.0079, 0.8268 -0.4728 0.0079, 0.8548 -0.4346 0.0079, 0.8496 -0.4366 0.0079, 0.833 -0.451 0.0079, 0.8447 -0.4393 0.0079, 0.8363 -0.4465 0.0079, 0.8402 -0.4426 0.0079, 0.8272 -0.4784 0.0079, 0.8284 -0.4838 0.0079, 0.8303 -0.489 0.0079, 0.8602 -0.4335 0.0079, 0.833 -0.4939 0.0079, 0.8363 -0.4984 0.0079, 0.8402 -0.5023 0.0079, 0.8447 -0.5056 0.0079, 0.8496 -0.5083 0.0079, 0.9843 -0.4331 0.0, 0.8657 -0.4331 0.0, 0.8602 -0.4335 0.0, 0.8548 -0.4346 0.0, 0.8496 -0.4366 0.0, 0.8447 -0.4393 0.0, 0.8402 -0.4426 0.0, 0.8363 -0.4465 0.0, 0.833 -0.451 0.0, 0.8303 -0.4559 0.0, 0.8284 -0.4611 0.0, 0.8272 -0.4665 0.0, 0.8268 -0.472 0.0, 0.8268 -0.4728 0.0, 0.8272 -0.4784 0.0, 0.9843 -0.5118 0.0, 0.8657 -0.5118 0.0, 0.8284 -0.4838 0.0, 0.8602 -0.5114 0.0, 0.8548 -0.5102 0.0, 0.8496 -0.5083 0.0, 0.8447 -0.5056 0.0, 0.8402 -0.5023 0.0, 0.8363 -0.4984 0.0, 0.833 -0.4939 0.0, 0.8303 -0.489 0.0, -0.0394 0.9843 0.0, -0.0394 0.5213 0.0, -0.0403 0.5126 0.0, -0.0432 0.5043 0.0, -0.0479 0.497 0.0, -0.054 0.4908 0.0, -0.0614 0.4861 0.0, -0.0697 0.4833 0.0, -0.0783 0.4823 0.0, -0.4035 0.4823 0.0, -0.4062 0.4619 0.0, -0.4141 0.4429 0.0, -0.4266 0.4266 0.0, -0.4429 0.4141 0.0, -0.4619 0.4062 0.0, -0.4823 0.4035 0.0, -0.4823 -0.4433 0.0, -0.4813 -0.452 0.0, -0.4784 -0.4602 0.0, -0.4738 -0.4676 0.0, -0.4676 -0.4738 0.0, -0.4602 -0.4784 0.0, -0.452 -0.4813 0.0, -0.4433 -0.4823 0.0, -0.0783 -0.4823 0.0, -0.0697 -0.4833 0.0, -0.0614 -0.4861 0.0, -0.054 -0.4908 0.0, -0.0479 -0.497 0.0, -0.0432 -0.5043 0.0, -0.0403 -0.5126 0.0, -0.0394 -0.5213 0.0, -0.0394 -0.9843 0.0, 0.0394 -0.9843 0.0, 0.0394 -0.5213 0.0, 0.0403 -0.5126 0.0, 0.0432 -0.5043 0.0, 0.0479 -0.497 0.0, 0.054 -0.4908 0.0, 0.0614 -0.4861 0.0, 0.0697 -0.4833 0.0, 0.0783 -0.4823 0.0, 0.4433 -0.4823 0.0, 0.452 -0.4813 0.0, 0.4602 -0.4784 0.0, 0.4676 -0.4738 0.0, 0.4738 -0.4676 0.0, 0.4784 -0.4602 0.0, 0.4813 -0.452 0.0, 0.4823 -0.4433 0.0, 0.4823 0.4433 0.0, 0.4813 0.452 0.0, 0.4784 0.4602 0.0, 0.4738 0.4676 0.0, 0.4676 0.4738 0.0, 0.4602 0.4784 0.0, 0.452 0.4813 0.0, 0.4433 0.4823 0.0, 0.0783 0.4823 0.0, 0.0479 0.497 0.0, 0.054 0.4908 0.0, 0.0614 0.4861 0.0, 0.0403 0.5126 0.0, 0.0432 0.5043 0.0, 0.0697 0.4833 0.0, 0.0394 0.9843 0.0, 0.0394 0.5213 0.0, 0.1181 -0.8657 0.0079, 0.1181 -0.9843 0.0079, 0.1969 -0.9843 0.0079, 0.1571 -0.8268 0.0079, 0.1969 -0.8657 0.0079, 0.1515 -0.8272 0.0079, 0.1461 -0.8284 0.0079, 0.1689 -0.8284 0.0079, 0.1965 -0.8602 0.0079, 0.1634 -0.8272 0.0079, 0.1579 -0.8268 0.0079, 0.1216 -0.8496 0.0079, 0.1243 -0.8447 0.0079, 0.1276 -0.8402 0.0079, 0.1197 -0.8548 0.0079, 0.1185 -0.8602 0.0079, 0.1953 -0.8548 0.0079, 0.1933 -0.8496 0.0079, 0.1907 -0.8447 0.0079, 0.1316 -0.8363 0.0079, 0.1409 -0.8303 0.0079, 0.136 -0.833 0.0079, 0.1873 -0.8402 0.0079, 0.1834 -0.8363 0.0079, 0.1789 -0.833 0.0079, 0.1741 -0.8303 0.0079, 0.1969 -0.9843 0.0, 0.1969 -0.8657 0.0, 0.1965 -0.8602 0.0, 0.1953 -0.8548 0.0, 0.1933 -0.8496 0.0, 0.1907 -0.8447 0.0, 0.1873 -0.8402 0.0, 0.1834 -0.8363 0.0, 0.1789 -0.833 0.0, 0.1741 -0.8303 0.0, 0.1689 -0.8284 0.0, 0.1634 -0.8272 0.0, 0.1579 -0.8268 0.0, 0.1571 -0.8268 0.0, 0.1181 -0.9843 0.0, 0.1181 -0.8657 0.0, 0.1185 -0.8602 0.0, 0.1461 -0.8284 0.0, 0.1515 -0.8272 0.0, 0.1197 -0.8548 0.0, 0.1216 -0.8496 0.0, 0.1243 -0.8447 0.0, 0.1276 -0.8402 0.0, 0.1316 -0.8363 0.0, 0.1409 -0.8303 0.0, 0.136 -0.833 0.0, -0.2756 -0.9843 0.0, -0.2756 -0.8657 0.0, -0.276 -0.8602 0.0, -0.2772 -0.8548 0.0, -0.2791 -0.8496 0.0, -0.2818 -0.8447 0.0, -0.2851 -0.8402 0.0, -0.289 -0.8363 0.0, -0.2935 -0.833 0.0, -0.2984 -0.8303 0.0, -0.3036 -0.8284 0.0, -0.309 -0.8272 0.0, -0.3146 -0.8268 0.0, -0.3154 -0.8268 0.0, -0.3543 -0.9843 0.0, -0.3543 -0.8657 0.0, -0.3209 -0.8272 0.0, -0.3263 -0.8284 0.0, -0.3409 -0.8363 0.0, -0.3539 -0.8602 0.0, -0.3364 -0.833 0.0, -0.3315 -0.8303 0.0, -0.3528 -0.8548 0.0, -0.3508 -0.8496 0.0, -0.3481 -0.8447 0.0, -0.3448 -0.8402 0.0, 0.309 -0.8272 0.0079, 0.3146 -0.8268 0.0079, 0.2756 -0.8657 0.0079, 0.2756 -0.9843 0.0079, 0.3154 -0.8268 0.0079, 0.3543 -0.8657 0.0079, 0.3543 -0.9843 0.0079, 0.2772 -0.8548 0.0079, 0.2791 -0.8496 0.0079, 0.3036 -0.8284 0.0079, 0.276 -0.8602 0.0079, 0.289 -0.8363 0.0079, 0.2984 -0.8303 0.0079, 0.2935 -0.833 0.0079, 0.3209 -0.8272 0.0079, 0.3263 -0.8284 0.0079, 0.3315 -0.8303 0.0079, 0.3448 -0.8402 0.0079, 0.3481 -0.8447 0.0079, 0.3508 -0.8496 0.0079, 0.2818 -0.8447 0.0079, 0.2851 -0.8402 0.0079, 0.3364 -0.833 0.0079, 0.3409 -0.8363 0.0079, 0.3539 -0.8602 0.0079, 0.3528 -0.8548 0.0079, 0.2756 -0.9843 0.0787, 0.2756 -0.8657 0.0787, 0.3543 -0.9843 0.0787, 0.3209 -0.8272 0.0787, 0.3154 -0.8268 0.0787, 0.3543 -0.8657 0.0787, 0.3146 -0.8268 0.0787, 0.309 -0.8272 0.0787, 0.3036 -0.8284 0.0787, 0.2818 -0.8447 0.0787, 0.2791 -0.8496 0.0787, 0.2984 -0.8303 0.0787, 0.2935 -0.833 0.0787, 0.289 -0.8363 0.0787, 0.3364 -0.833 0.0787, 0.3315 -0.8303 0.0787, 0.3263 -0.8284 0.0787, 0.2772 -0.8548 0.0787, 0.276 -0.8602 0.0787, 0.3481 -0.8447 0.0787, 0.3448 -0.8402 0.0787, 0.3508 -0.8496 0.0787, 0.3409 -0.8363 0.0787, 0.3528 -0.8548 0.0787, 0.2851 -0.8402 0.0787, 0.3539 -0.8602 0.0787, -0.4331 -0.9843 0.0, -0.4331 -0.8657 0.0, -0.4335 -0.8602 0.0, -0.4346 -0.8548 0.0, -0.4366 -0.8496 0.0, -0.4393 -0.8447 0.0, -0.4426 -0.8402 0.0, -0.4465 -0.8363 0.0, -0.451 -0.833 0.0, -0.4559 -0.8303 0.0, -0.4611 -0.8284 0.0, -0.4665 -0.8272 0.0, -0.472 -0.8268 0.0, -0.4728 -0.8268 0.0, -0.5118 -0.9843 0.0, -0.5118 -0.8657 0.0, -0.5114 -0.8602 0.0, -0.4838 -0.8284 0.0, -0.4784 -0.8272 0.0, -0.5102 -0.8548 0.0, -0.5083 -0.8496 0.0, -0.5056 -0.8447 0.0, -0.5023 -0.8402 0.0, -0.4984 -0.8363 0.0, -0.489 -0.8303 0.0, -0.4939 -0.833 0.0, 0.1181 -0.9843 0.0787, 0.1181 -0.8657 0.0787, 0.1969 -0.9843 0.0787, 0.1571 -0.8268 0.0787, 0.1969 -0.8657 0.0787, 0.1741 -0.8303 0.0787, 0.1689 -0.8284 0.0787, 0.1515 -0.8272 0.0787, 0.1461 -0.8284 0.0787, 0.1634 -0.8272 0.0787, 0.1579 -0.8268 0.0787, 0.1216 -0.8496 0.0787, 0.1243 -0.8447 0.0787, 0.1276 -0.8402 0.0787, 0.1197 -0.8548 0.0787, 0.1185 -0.8602 0.0787, 0.1316 -0.8363 0.0787, 0.1409 -0.8303 0.0787, 0.136 -0.833 0.0787, 0.1933 -0.8496 0.0787, 0.1907 -0.8447 0.0787, 0.1953 -0.8548 0.0787, 0.1965 -0.8602 0.0787, 0.1873 -0.8402 0.0787, 0.1834 -0.8363 0.0787, 0.1789 -0.833 0.0787, 0.6693 0.9843 0.0787, 0.6693 0.8657 0.0787, 0.6295 0.8268 0.0787, 0.6303 0.8268 0.0787, 0.5906 0.8657 0.0787, 0.5906 0.9843 0.0787, 0.6359 0.8272 0.0787, 0.6413 0.8284 0.0787, 0.6598 0.8402 0.0787, 0.6465 0.8303 0.0787, 0.6514 0.833 0.0787, 0.6558 0.8363 0.0787, 0.6631 0.8447 0.0787, 0.6658 0.8496 0.0787, 0.6677 0.8548 0.0787, 0.6689 0.8602 0.0787, 0.5909 0.8602 0.0787, 0.6185 0.8284 0.0787, 0.624 0.8272 0.0787, 0.5921 0.8548 0.0787, 0.5941 0.8496 0.0787, 0.5967 0.8447 0.0787, 0.6001 0.8402 0.0787, 0.604 0.8363 0.0787, 0.6133 0.8303 0.0787, 0.6085 0.833 0.0787, 0.748 0.9051 0.0787, 0.748 0.9843 0.0787, 0.8268 0.9843 0.0787, 0.7783 0.8671 0.0787, 0.7701 0.87 0.0787, 0.7627 0.8746 0.0787, 0.7565 0.8808 0.0787, 0.7519 0.8882 0.0787, 0.749 0.8964 0.0787, 0.787 0.8661 0.0787, 0.8268 0.9051 0.0787, 0.7878 0.8661 0.0787, 0.8258 0.8964 0.0787, 0.7965 0.8671 0.0787, 0.8229 0.8882 0.0787, 0.8047 0.87 0.0787, 0.8183 0.8808 0.0787, 0.8121 0.8746 0.0787, 0.8258 0.8964 0.0079, 0.8229 0.8882 0.0079, 0.8183 0.8808 0.0079, 0.8121 0.8746 0.0079, 0.8047 0.87 0.0079, 0.7965 0.8671 0.0079, 0.7783 0.8671 0.0079, 0.7701 0.87 0.0079, 0.7627 0.8746 0.0079, 0.7565 0.8808 0.0079, 0.7519 0.8882 0.0079, 0.749 0.8964 0.0079, 0.6683 0.8571 0.0787, 0.6472 0.8306 0.0787, 0.639 0.8277 0.0787, 0.6654 0.8488 0.0787, 0.6608 0.8414 0.0787, 0.6546 0.8353 0.0787, 0.602 0.8382 0.0787, 0.5958 0.8463 0.0787, 0.61 0.832 0.0787, 0.6194 0.8281 0.0787, 0.5919 0.8557 0.0787, 0.6683 0.8571 0.0079, 0.6654 0.8488 0.0079, 0.6608 0.8414 0.0079, 0.6546 0.8353 0.0079, 0.6472 0.8306 0.0079, 0.639 0.8277 0.0079, 0.6194 0.8281 0.0079, 0.61 0.832 0.0079, 0.602 0.8382 0.0079, 0.5958 0.8463 0.0079, 0.5919 0.8557 0.0079, -0.1328 0.8353 0.0787, -0.1402 0.8306 0.0787, -0.1266 0.8414 0.0787, -0.122 0.8488 0.0787, -0.1191 0.8571 0.0787, -0.1484 0.8277 0.0787, -0.1916 0.8463 0.0787, -0.1854 0.8382 0.0787, -0.168 0.8281 0.0787, -0.1774 0.832 0.0787, -0.1955 0.8557 0.0787, -0.1191 0.8571 0.0079, -0.122 0.8488 0.0079, -0.1266 0.8414 0.0079, -0.1328 0.8353 0.0079, -0.1402 0.8306 0.0079, -0.1484 0.8277 0.0079, -0.168 0.8281 0.0079, -0.1774 0.832 0.0079, -0.1854 0.8382 0.0079, -0.1916 0.8463 0.0079, -0.1955 0.8557 0.0079, 0.5108 0.8571 0.0787, 0.4897 0.8306 0.0787, 0.4815 0.8277 0.0787, 0.508 0.8488 0.0787, 0.5033 0.8414 0.0787, 0.4971 0.8353 0.0787, 0.4526 0.832 0.0787, 0.4445 0.8382 0.0787, 0.4383 0.8463 0.0787, 0.462 0.8281 0.0787, 0.4344 0.8557 0.0787, 0.5108 0.8571 0.0079, 0.508 0.8488 0.0079, 0.5033 0.8414 0.0079, 0.4971 0.8353 0.0079, 0.4897 0.8306 0.0079, 0.4815 0.8277 0.0079, 0.462 0.8281 0.0079, 0.4526 0.832 0.0079, 0.4445 0.8382 0.0079, 0.4383 0.8463 0.0079, 0.4344 0.8557 0.0079, 0.3458 0.8414 0.0787, 0.3397 0.8353 0.0787, 0.3323 0.8306 0.0787, 0.3045 0.8281 0.0787, 0.2951 0.832 0.0787, 0.2756 0.8657 0.0787, 0.2756 0.9843 0.0787, 0.3543 0.9843 0.0787, 0.3154 0.8268 0.0787, 0.3543 0.8657 0.0787, 0.3534 0.8571 0.0787, 0.3505 0.8488 0.0787, 0.324 0.8277 0.0787, 0.3146 0.8268 0.0787, 0.287 0.8382 0.0787, 0.2808 0.8463 0.0787, 0.2769 0.8557 0.0787, 0.3543 0.8657 0.0079, 0.3543 0.9843 0.0079, 0.3534 0.8571 0.0079, 0.3505 0.8488 0.0079, 0.3458 0.8414 0.0079, 0.3397 0.8353 0.0079, 0.3323 0.8306 0.0079, 0.324 0.8277 0.0079, 0.3154 0.8268 0.0079, 0.3146 0.8268 0.0079, 0.3045 0.8281 0.0079, 0.2951 0.832 0.0079, 0.287 0.8382 0.0079, 0.2808 0.8463 0.0079, 0.2769 0.8557 0.0079, 0.2756 0.8657 0.0079, 0.2756 0.9843 0.0079, 0.1822 0.8353 0.0787, 0.1748 0.8306 0.0787, 0.1883 0.8414 0.0787, 0.193 0.8488 0.0787, 0.1959 0.8571 0.0787, 0.1665 0.8277 0.0787, 0.1376 0.832 0.0787, 0.1295 0.8382 0.0787, 0.1233 0.8463 0.0787, 0.147 0.8281 0.0787, 0.1194 0.8557 0.0787, 0.1959 0.8571 0.0079, 0.193 0.8488 0.0079, 0.1883 0.8414 0.0079, 0.1822 0.8353 0.0079, 0.1748 0.8306 0.0079, 0.1665 0.8277 0.0079, 0.147 0.8281 0.0079, 0.1376 0.832 0.0079, 0.1295 0.8382 0.0079, 0.1233 0.8463 0.0079, 0.1194 0.8557 0.0079, -0.0394 -0.7061 0.0079, 0.8571 0.5915 0.0787, 0.8277 0.6209 0.0787, 0.8557 0.668 0.0787, 0.8488 0.5944 0.0787, 0.8414 0.5991 0.0787, 0.8353 0.6052 0.0787, 0.8306 0.6126 0.0787, 0.8281 0.6404 0.0787, 0.832 0.6498 0.0787, 0.8463 0.6641 0.0787, 0.8382 0.6579 0.0787, 0.8571 0.5915 0.0079, 0.8488 0.5944 0.0079, 0.8414 0.5991 0.0079, 0.8353 0.6052 0.0079, 0.8306 0.6126 0.0079, 0.8277 0.6209 0.0079, 0.8281 0.6404 0.0079, 0.832 0.6498 0.0079, 0.8382 0.6579 0.0079, 0.8463 0.6641 0.0079, 0.8557 0.668 0.0079, 0.8557 -0.038 0.0787, 0.8281 -0.0105 0.0787, 0.8414 0.0309 0.0787, 0.8488 0.0355 0.0787, 0.8353 0.0247 0.0787, 0.8571 0.0384 0.0787, 0.8306 0.0173 0.0787, 0.8277 0.0091 0.0787, 0.8463 -0.0341 0.0787, 0.8382 -0.028 0.0787, 0.832 -0.0199 0.0787, 0.8557 -0.038 0.0079, 0.8463 -0.0341 0.0079, 0.8382 -0.028 0.0079, 0.832 -0.0199 0.0079, 0.8281 -0.0105 0.0079, 0.8277 0.0091 0.0079, 0.8306 0.0173 0.0079, 0.8353 0.0247 0.0079, 0.8414 0.0309 0.0079, 0.8488 0.0355 0.0079, 0.8571 0.0384 0.0079, 0.8557 0.1955 0.0787, 0.8571 0.1191 0.0787, 0.8306 0.1402 0.0787, 0.8277 0.1484 0.0787, 0.8488 0.122 0.0787, 0.8414 0.1266 0.0787, 0.8353 0.1328 0.0787, 0.8281 0.168 0.0787, 0.832 0.1774 0.0787, 0.8463 0.1916 0.0787, 0.8382 0.1854 0.0787, 0.8571 0.1191 0.0079, 0.8488 0.122 0.0079, 0.8414 0.1266 0.0079, 0.8353 0.1328 0.0079, 0.8306 0.1402 0.0079, 0.8277 0.1484 0.0079, 0.8281 0.168 0.0079, 0.832 0.1774 0.0079, 0.8382 0.1854 0.0079, 0.8463 0.1916 0.0079, 0.8557 0.1955 0.0079, 0.8657 -0.4331 0.0787, 0.9843 -0.4331 0.0787, 0.8268 -0.4728 0.0787, 0.9843 -0.5118 0.0787, 0.8657 -0.5118 0.0787, 0.8277 -0.4815 0.0787, 0.8306 -0.4897 0.0787, 0.8571 -0.5108 0.0787, 0.8488 -0.508 0.0787, 0.8353 -0.4971 0.0787, 0.8414 -0.5033 0.0787, 0.8382 -0.4445 0.0787, 0.8463 -0.4383 0.0787, 0.832 -0.4526 0.0787, 0.8281 -0.462 0.0787, 0.8268 -0.472 0.0787, 0.8557 -0.4344 0.0787, 0.8571 -0.5108 0.0079, 0.8488 -0.508 0.0079, 0.8414 -0.5033 0.0079, 0.8353 -0.4971 0.0079, 0.8306 -0.4897 0.0079, 0.8277 -0.4815 0.0079, 0.8281 -0.462 0.0079, 0.832 -0.4526 0.0079, 0.8382 -0.4445 0.0079, 0.8463 -0.4383 0.0079, 0.8557 -0.4344 0.0079, 0.8557 0.353 0.0787, 0.8353 0.2903 0.0787, 0.8306 0.2977 0.0787, 0.8571 0.2766 0.0787, 0.8488 0.2795 0.0787, 0.8414 0.2841 0.0787, 0.8277 0.3059 0.0787, 0.8281 0.3254 0.0787, 0.832 0.3348 0.0787, 0.8382 0.3429 0.0787, 0.8463 0.3491 0.0787, 0.8571 0.2766 0.0079, 0.8488 0.2795 0.0079, 0.8414 0.2841 0.0079, 0.8353 0.2903 0.0079, 0.8306 0.2977 0.0079, 0.8277 0.3059 0.0079, 0.8281 0.3254 0.0079, 0.832 0.3348 0.0079, 0.8382 0.3429 0.0079, 0.8463 0.3491 0.0079, 0.8557 0.353 0.0079, 0.8277 -0.324 0.0787, 0.8557 -0.2769 0.0787, 0.8414 -0.3458 0.0787, 0.8488 -0.3505 0.0787, 0.8571 -0.3534 0.0787, 0.8353 -0.3397 0.0787, 0.8306 -0.3323 0.0787, 0.832 -0.2951 0.0787, 0.8382 -0.287 0.0787, 0.8463 -0.2808 0.0787, 0.8281 -0.3045 0.0787, 0.8571 -0.3534 0.0079, 0.8488 -0.3505 0.0079, 0.8414 -0.3458 0.0079, 0.8353 -0.3397 0.0079, 0.8306 -0.3323 0.0079, 0.8277 -0.324 0.0079, 0.8281 -0.3045 0.0079, 0.832 -0.2951 0.0079, 0.8382 -0.287 0.0079, 0.8463 -0.2808 0.0079, 0.8557 -0.2769 0.0079, 0.9051 -0.748 0.0787, 0.9843 -0.748 0.0787, 0.9843 -0.8268 0.0787, 0.9051 -0.8268 0.0787, 0.8964 -0.8258 0.0787, 0.8882 -0.8229 0.0787, 0.8808 -0.8183 0.0787, 0.8746 -0.8121 0.0787, 0.87 -0.8047 0.0787, 0.8671 -0.7965 0.0787, 0.8661 -0.7878 0.0787, 0.8661 -0.787 0.0787, 0.8671 -0.7783 0.0787, 0.87 -0.7701 0.0787, 0.8746 -0.7627 0.0787, 0.8808 -0.7565 0.0787, 0.8882 -0.7519 0.0787, 0.8964 -0.749 0.0787, 0.9051 -0.8268 0.0079, 0.9843 -0.8268 0.0079, 0.8964 -0.8258 0.0079, 0.8882 -0.8229 0.0079, 0.8808 -0.8183 0.0079, 0.8746 -0.8121 0.0079, 0.87 -0.8047 0.0079, 0.8671 -0.7965 0.0079, 0.8661 -0.7878 0.0079, 0.8661 -0.787 0.0079, 0.8671 -0.7783 0.0079, 0.87 -0.7701 0.0079, 0.8746 -0.7627 0.0079, 0.8808 -0.7565 0.0079, 0.8882 -0.7519 0.0079, 0.8964 -0.749 0.0079, 0.9051 -0.748 0.0079, 0.9843 -0.748 0.0079, 0.8571 0.434 0.0787, 0.8277 0.4634 0.0787, 0.8557 0.5105 0.0787, 0.8488 0.4369 0.0787, 0.8414 0.4416 0.0787, 0.8353 0.4477 0.0787, 0.8306 0.4551 0.0787, 0.8281 0.4829 0.0787, 0.832 0.4923 0.0787, 0.8463 0.5066 0.0787, 0.8382 0.5004 0.0787, 0.8571 0.434 0.0079, 0.8488 0.4369 0.0079, 0.8414 0.4416 0.0079, 0.8353 0.4477 0.0079, 0.8306 0.4551 0.0079, 0.8277 0.4634 0.0079, 0.8281 0.4829 0.0079, 0.832 0.4923 0.0079, 0.8382 0.5004 0.0079, 0.8463 0.5066 0.0079, 0.8557 0.5105 0.0079, 0.8557 -0.1194 0.0787, 0.8571 -0.1959 0.0787, 0.8488 -0.193 0.0787, 0.8414 -0.1883 0.0787, 0.8277 -0.1665 0.0787, 0.8306 -0.1748 0.0787, 0.8353 -0.1822 0.0787, 0.8281 -0.147 0.0787, 0.832 -0.1376 0.0787, 0.8382 -0.1295 0.0787, 0.8463 -0.1233 0.0787, 0.8571 -0.1959 0.0079, 0.8488 -0.193 0.0079, 0.8414 -0.1883 0.0079, 0.8353 -0.1822 0.0079, 0.8306 -0.1748 0.0079, 0.8277 -0.1665 0.0079, 0.8281 -0.147 0.0079, 0.832 -0.1376 0.0079, 0.8382 -0.1295 0.0079, 0.8463 -0.1233 0.0079, 0.8557 -0.1194 0.0079, 0.2766 -0.8571 0.0787, 0.3059 -0.8277 0.0787, 0.2795 -0.8488 0.0787, 0.2841 -0.8414 0.0787, 0.2903 -0.8353 0.0787, 0.3254 -0.8281 0.0787, 0.3348 -0.832 0.0787, 0.2977 -0.8306 0.0787, 0.3429 -0.8382 0.0787, 0.3491 -0.8463 0.0787, 0.353 -0.8557 0.0787, 0.2766 -0.8571 0.0079, 0.2795 -0.8488 0.0079, 0.2841 -0.8414 0.0079, 0.2903 -0.8353 0.0079, 0.2977 -0.8306 0.0079, 0.3059 -0.8277 0.0079, 0.3254 -0.8281 0.0079, 0.3348 -0.832 0.0079, 0.3429 -0.8382 0.0079, 0.3491 -0.8463 0.0079, 0.353 -0.8557 0.0079, -0.4815 -0.8277 0.0787, -0.4897 -0.8306 0.0787, -0.5108 -0.8571 0.0787, -0.508 -0.8488 0.0787, -0.4971 -0.8353 0.0787, -0.5033 -0.8414 0.0787, -0.4445 -0.8382 0.0787, -0.4383 -0.8463 0.0787, -0.4526 -0.832 0.0787, -0.462 -0.8281 0.0787, -0.4344 -0.8557 0.0787, -0.5108 -0.8571 0.0079, -0.508 -0.8488 0.0079, -0.5033 -0.8414 0.0079, -0.4971 -0.8353 0.0079, -0.4897 -0.8306 0.0079, -0.4815 -0.8277 0.0079, -0.462 -0.8281 0.0079, -0.4526 -0.832 0.0079, -0.4445 -0.8382 0.0079, -0.4383 -0.8463 0.0079, -0.4344 -0.8557 0.0079, 0.5118 -0.9843 0.0787, 0.4331 -0.9843 0.0787, 0.472 -0.8268 0.0787, 0.4331 -0.8657 0.0787, 0.4634 -0.8277 0.0787, 0.4551 -0.8306 0.0787, 0.434 -0.8571 0.0787, 0.4369 -0.8488 0.0787, 0.4416 -0.8414 0.0787, 0.5004 -0.8382 0.0787, 0.5066 -0.8463 0.0787, 0.5105 -0.8557 0.0787, 0.4477 -0.8353 0.0787, 0.4923 -0.832 0.0787, 0.5118 -0.8657 0.0787, 0.4728 -0.8268 0.0787, 0.4829 -0.8281 0.0787, 0.434 -0.8571 0.0079, 0.4369 -0.8488 0.0079, 0.4416 -0.8414 0.0079, 0.4477 -0.8353 0.0079, 0.4551 -0.8306 0.0079, 0.4634 -0.8277 0.0079, 0.4829 -0.8281 0.0079, 0.4923 -0.832 0.0079, 0.5004 -0.8382 0.0079, 0.5066 -0.8463 0.0079, 0.5105 -0.8557 0.0079, -0.324 -0.8277 0.0787, -0.2769 -0.8557 0.0787, -0.3045 -0.8281 0.0787, -0.2951 -0.832 0.0787, -0.287 -0.8382 0.0787, -0.3458 -0.8414 0.0787, -0.3505 -0.8488 0.0787, -0.3534 -0.8571 0.0787, -0.3397 -0.8353 0.0787, -0.3323 -0.8306 0.0787, -0.2808 -0.8463 0.0787, -0.3534 -0.8571 0.0079, -0.3505 -0.8488 0.0079, -0.3458 -0.8414 0.0079, -0.3397 -0.8353 0.0079, -0.3323 -0.8306 0.0079, -0.324 -0.8277 0.0079, -0.3045 -0.8281 0.0079, -0.2951 -0.832 0.0079, -0.287 -0.8382 0.0079, -0.2808 -0.8463 0.0079, -0.2769 -0.8557 0.0079, -0.7769 -0.8675 0.0787, -0.8268 -0.9843 0.0787, -0.787 -0.8661 0.0787, -0.8268 -0.9051 0.0787, -0.7878 -0.8661 0.0787, -0.8215 -0.8856 0.0787, -0.8154 -0.8776 0.0787, -0.8073 -0.8714 0.0787, -0.7675 -0.8714 0.0787, -0.7594 -0.8776 0.0787, -0.7533 -0.8856 0.0787, -0.8254 -0.895 0.0787, -0.7979 -0.8675 0.0787, -0.7494 -0.895 0.0787, -0.748 -0.9051 0.0787, -0.748 -0.9843 0.0787, -0.8268 -0.9051 0.0079, -0.8268 -0.9843 0.0079, -0.8254 -0.895 0.0079, -0.8215 -0.8856 0.0079, -0.8154 -0.8776 0.0079, -0.8073 -0.8714 0.0079, -0.7979 -0.8675 0.0079, -0.7878 -0.8661 0.0079, -0.787 -0.8661 0.0079, -0.7769 -0.8675 0.0079, -0.7675 -0.8714 0.0079, -0.7594 -0.8776 0.0079, -0.7533 -0.8856 0.0079, -0.7494 -0.895 0.0079, -0.748 -0.9051 0.0079, -0.748 -0.9843 0.0079, 0.6209 -0.8277 0.0787, 0.6126 -0.8306 0.0787, 0.5915 -0.8571 0.0787, 0.5944 -0.8488 0.0787, 0.5991 -0.8414 0.0787, 0.6579 -0.8382 0.0787, 0.6641 -0.8463 0.0787, 0.668 -0.8557 0.0787, 0.6052 -0.8353 0.0787, 0.6498 -0.832 0.0787, 0.6404 -0.8281 0.0787, 0.5915 -0.8571 0.0079, 0.5944 -0.8488 0.0079, 0.5991 -0.8414 0.0079, 0.6052 -0.8353 0.0079, 0.6126 -0.8306 0.0079, 0.6209 -0.8277 0.0079, 0.6404 -0.8281 0.0079, 0.6498 -0.832 0.0079, 0.6579 -0.8382 0.0079, 0.6641 -0.8463 0.0079, 0.668 -0.8557 0.0079, -0.1969 -0.9843 0.0787, -0.1969 -0.8657 0.0787, -0.1579 -0.8268 0.0787, -0.1571 -0.8268 0.0787, -0.1181 -0.8657 0.0787, -0.1181 -0.9843 0.0787, -0.1959 -0.8571 0.0787, -0.193 -0.8488 0.0787, -0.1883 -0.8414 0.0787, -0.1376 -0.832 0.0787, -0.1295 -0.8382 0.0787, -0.1233 -0.8463 0.0787, -0.1822 -0.8353 0.0787, -0.1748 -0.8306 0.0787, -0.1665 -0.8277 0.0787, -0.147 -0.8281 0.0787, -0.1194 -0.8557 0.0787, -0.1969 -0.8657 0.0079, -0.1969 -0.9843 0.0079, -0.1959 -0.8571 0.0079, -0.193 -0.8488 0.0079, -0.1883 -0.8414 0.0079, -0.1822 -0.8353 0.0079, -0.1748 -0.8306 0.0079, -0.1665 -0.8277 0.0079, -0.1579 -0.8268 0.0079, -0.1571 -0.8268 0.0079, -0.147 -0.8281 0.0079, -0.1376 -0.832 0.0079, -0.1295 -0.8382 0.0079, -0.1233 -0.8463 0.0079, -0.1194 -0.8557 0.0079, -0.1181 -0.8657 0.0079, -0.1181 -0.9843 0.0079, 0.7878 -0.8661 0.0787, 0.8268 -0.9051 0.0787, 0.787 -0.8661 0.0787, 0.8268 -0.9843 0.0787, 0.7769 -0.8675 0.0787, 0.748 -0.9843 0.0787, 0.748 -0.9051 0.0787, 0.7494 -0.895 0.0787, 0.7533 -0.8856 0.0787, 0.7594 -0.8776 0.0787, 0.7675 -0.8714 0.0787, 0.8073 -0.8714 0.0787, 0.8154 -0.8776 0.0787, 0.8215 -0.8856 0.0787, 0.7979 -0.8675 0.0787, 0.8254 -0.895 0.0787, 0.748 -0.9051 0.0079, 0.748 -0.9843 0.0079, 0.7494 -0.895 0.0079, 0.7533 -0.8856 0.0079, 0.7594 -0.8776 0.0079, 0.7675 -0.8714 0.0079, 0.7769 -0.8675 0.0079, 0.787 -0.8661 0.0079, 0.7878 -0.8661 0.0079, 0.7979 -0.8675 0.0079, 0.8073 -0.8714 0.0079, 0.8154 -0.8776 0.0079, 0.8215 -0.8856 0.0079, 0.8254 -0.895 0.0079, 0.8268 -0.9051 0.0079, 0.8268 -0.9843 0.0079, 0.1191 -0.8571 0.0787, 0.122 -0.8488 0.0787, 0.1266 -0.8414 0.0787, 0.1484 -0.8277 0.0787, 0.1402 -0.8306 0.0787, 0.1328 -0.8353 0.0787, 0.168 -0.8281 0.0787, 0.1774 -0.832 0.0787, 0.1854 -0.8382 0.0787, 0.1955 -0.8557 0.0787, 0.1916 -0.8463 0.0787, 0.1191 -0.8571 0.0079, 0.122 -0.8488 0.0079, 0.1266 -0.8414 0.0079, 0.1328 -0.8353 0.0079, 0.1402 -0.8306 0.0079, 0.1484 -0.8277 0.0079, 0.168 -0.8281 0.0079, 0.1774 -0.832 0.0079, 0.1854 -0.8382 0.0079, 0.1916 -0.8463 0.0079, 0.1955 -0.8557 0.0079, -0.639 -0.8277 0.0787, -0.6472 -0.8306 0.0787, -0.6683 -0.8571 0.0787, -0.6654 -0.8488 0.0787, -0.6546 -0.8353 0.0787, -0.6608 -0.8414 0.0787, -0.602 -0.8382 0.0787, -0.5958 -0.8463 0.0787, -0.5919 -0.8557 0.0787, -0.6194 -0.8281 0.0787, -0.61 -0.832 0.0787, -0.6683 -0.8571 0.0079, -0.6654 -0.8488 0.0079, -0.6608 -0.8414 0.0079, -0.6546 -0.8353 0.0079, -0.6472 -0.8306 0.0079, -0.639 -0.8277 0.0079, -0.6194 -0.8281 0.0079, -0.61 -0.832 0.0079, -0.602 -0.8382 0.0079, -0.5958 -0.8463 0.0079, -0.5919 -0.8557 0.0079, -0.8657 -0.5118 0.0787, -0.9843 -0.5118 0.0787, -0.9843 -0.4331 0.0787, -0.8306 -0.4551 0.0787, -0.8277 -0.4634 0.0787, -0.8657 -0.4331 0.0787, -0.8571 -0.434 0.0787, -0.8488 -0.4369 0.0787, -0.8414 -0.4416 0.0787, -0.8353 -0.4477 0.0787, -0.8414 -0.5033 0.0787, -0.8488 -0.508 0.0787, -0.8353 -0.4971 0.0787, -0.8571 -0.5108 0.0787, -0.8306 -0.4897 0.0787, -0.8268 -0.472 0.0787, -0.8268 -0.4728 0.0787, -0.8277 -0.4815 0.0787, -0.8571 -0.434 0.0079, -0.8488 -0.4369 0.0079, -0.8414 -0.4416 0.0079, -0.8353 -0.4477 0.0079, -0.8306 -0.4551 0.0079, -0.8277 -0.4634 0.0079, -0.8277 -0.4815 0.0079, -0.8306 -0.4897 0.0079, -0.8353 -0.4971 0.0079, -0.8414 -0.5033 0.0079, -0.8488 -0.508 0.0079, -0.8571 -0.5108 0.0079, -0.9843 0.1181 0.0787, -0.9843 0.1969 0.0787, -0.8268 0.1579 0.0787, -0.8657 0.1969 0.0787, -0.8277 0.1665 0.0787, -0.8306 0.1748 0.0787, -0.8277 0.1484 0.0787, -0.8306 0.1402 0.0787, -0.8657 0.1181 0.0787, -0.8571 0.1959 0.0787, -0.8488 0.193 0.0787, -0.8353 0.1822 0.0787, -0.8414 0.1883 0.0787, -0.8268 0.1571 0.0787, -0.8353 0.1328 0.0787, -0.8414 0.1266 0.0787, -0.8571 0.1191 0.0787, -0.8488 0.122 0.0787, -0.8657 0.1969 0.0079, -0.9843 0.1969 0.0079, -0.8571 0.1959 0.0079, -0.8488 0.193 0.0079, -0.8414 0.1883 0.0079, -0.8353 0.1822 0.0079, -0.8306 0.1748 0.0079, -0.8277 0.1665 0.0079, -0.8268 0.1579 0.0079, -0.8268 0.1571 0.0079, -0.8277 0.1484 0.0079, -0.8306 0.1402 0.0079, -0.8353 0.1328 0.0079, -0.8414 0.1266 0.0079, -0.8488 0.122 0.0079, -0.8571 0.1191 0.0079, -0.8657 0.1181 0.0079, -0.9843 0.1181 0.0079, -0.8277 -0.6209 0.0787, -0.8306 -0.6126 0.0787, -0.8571 -0.5915 0.0787, -0.8488 -0.5944 0.0787, -0.8414 -0.5991 0.0787, -0.8353 -0.6052 0.0787, -0.8414 -0.6608 0.0787, -0.8488 -0.6654 0.0787, -0.8353 -0.6546 0.0787, -0.8571 -0.6683 0.0787, -0.8306 -0.6472 0.0787, -0.8277 -0.639 0.0787, -0.8571 -0.5915 0.0079, -0.8488 -0.5944 0.0079, -0.8414 -0.5991 0.0079, -0.8353 -0.6052 0.0079, -0.8306 -0.6126 0.0079, -0.8277 -0.6209 0.0079, -0.8277 -0.639 0.0079, -0.8306 -0.6472 0.0079, -0.8353 -0.6546 0.0079, -0.8414 -0.6608 0.0079, -0.8488 -0.6654 0.0079, -0.8571 -0.6683 0.0079, -0.8281 0.0105 0.0787, -0.8277 -0.0091 0.0787, -0.8306 -0.0173 0.0787, -0.8557 0.038 0.0787, -0.8463 0.0341 0.0787, -0.8382 0.028 0.0787, -0.8353 -0.0247 0.0787, -0.8414 -0.0309 0.0787, -0.8571 -0.0384 0.0787, -0.8488 -0.0355 0.0787, -0.832 0.0199 0.0787, -0.8557 0.038 0.0079, -0.8463 0.0341 0.0079, -0.8382 0.028 0.0079, -0.832 0.0199 0.0079, -0.8281 0.0105 0.0079, -0.8277 -0.0091 0.0079, -0.8306 -0.0173 0.0079, -0.8353 -0.0247 0.0079, -0.8414 -0.0309 0.0079, -0.8488 -0.0355 0.0079, -0.8571 -0.0384 0.0079, -0.8657 0.5906 0.0787, -0.9843 0.5906 0.0787, -0.9843 0.6693 0.0787, -0.8306 0.6472 0.0787, -0.8277 0.639 0.0787, -0.8268 0.6303 0.0787, -0.8268 0.6295 0.0787, -0.8657 0.6693 0.0787, -0.8571 0.6683 0.0787, -0.8488 0.6654 0.0787, -0.8414 0.6608 0.0787, -0.8353 0.6546 0.0787, -0.8277 0.6209 0.0787, -0.8306 0.6126 0.0787, -0.8353 0.6052 0.0787, -0.8414 0.5991 0.0787, -0.8488 0.5944 0.0787, -0.8571 0.5915 0.0787, -0.8657 0.6693 0.0079, -0.9843 0.6693 0.0079, -0.8571 0.6683 0.0079, -0.8488 0.6654 0.0079, -0.8414 0.6608 0.0079, -0.8353 0.6546 0.0079, -0.8306 0.6472 0.0079, -0.8277 0.639 0.0079, -0.8268 0.6303 0.0079, -0.8268 0.6295 0.0079, -0.8277 0.6209 0.0079, -0.8306 0.6126 0.0079, -0.8353 0.6052 0.0079, -0.8414 0.5991 0.0079, -0.8488 0.5944 0.0079, -0.8571 0.5915 0.0079, -0.8657 0.5906 0.0079, -0.9843 0.5906 0.0079, -0.8571 -0.1959 0.0787, -0.8277 -0.1665 0.0787, -0.8571 -0.1191 0.0787, -0.8488 -0.122 0.0787, -0.8414 -0.1266 0.0787, -0.8277 -0.1484 0.0787, -0.8306 -0.1402 0.0787, -0.8353 -0.1328 0.0787, -0.8306 -0.1748 0.0787, -0.8353 -0.1822 0.0787, -0.8414 -0.1883 0.0787, -0.8488 -0.193 0.0787, -0.8571 -0.1191 0.0079, -0.8488 -0.122 0.0079, -0.8414 -0.1266 0.0079, -0.8353 -0.1328 0.0079, -0.8306 -0.1402 0.0079, -0.8277 -0.1484 0.0079, -0.8277 -0.1665 0.0079, -0.8306 -0.1748 0.0079, -0.8353 -0.1822 0.0079, -0.8414 -0.1883 0.0079, -0.8488 -0.193 0.0079, -0.8571 -0.1959 0.0079, -0.8306 0.4897 0.0787, -0.8277 0.4815 0.0787, -0.8571 0.5108 0.0787, -0.8488 0.508 0.0787, -0.8414 0.5033 0.0787, -0.8353 0.4971 0.0787, -0.8414 0.4416 0.0787, -0.8488 0.4369 0.0787, -0.8353 0.4477 0.0787, -0.8571 0.434 0.0787, -0.8306 0.4551 0.0787, -0.8277 0.4634 0.0787, -0.8571 0.5108 0.0079, -0.8488 0.508 0.0079, -0.8414 0.5033 0.0079, -0.8353 0.4971 0.0079, -0.8306 0.4897 0.0079, -0.8277 0.4815 0.0079, -0.8277 0.4634 0.0079, -0.8306 0.4551 0.0079, -0.8353 0.4477 0.0079, -0.8414 0.4416 0.0079, -0.8488 0.4369 0.0079, -0.8571 0.434 0.0079, -0.8277 -0.3059 0.0787, -0.8306 -0.2977 0.0787, -0.8571 -0.2766 0.0787, -0.8353 -0.2903 0.0787, -0.8488 -0.2795 0.0787, -0.8414 -0.2841 0.0787, -0.8414 -0.3458 0.0787, -0.8488 -0.3505 0.0787, -0.8353 -0.3397 0.0787, -0.8306 -0.3323 0.0787, -0.8277 -0.324 0.0787, -0.8571 -0.3534 0.0787, -0.8571 -0.2766 0.0079, -0.8488 -0.2795 0.0079, -0.8414 -0.2841 0.0079, -0.8353 -0.2903 0.0079, -0.8306 -0.2977 0.0079, -0.8277 -0.3059 0.0079, -0.8277 -0.324 0.0079, -0.8306 -0.3323 0.0079, -0.8353 -0.3397 0.0079, -0.8414 -0.3458 0.0079, -0.8488 -0.3505 0.0079, -0.8571 -0.3534 0.0079, -0.8571 0.3534 0.0787, -0.8277 0.324 0.0787, -0.8277 0.3059 0.0787, -0.8488 0.3505 0.0787, -0.8414 0.3458 0.0787, -0.8353 0.3397 0.0787, -0.8306 0.3323 0.0787, -0.8353 0.2903 0.0787, -0.8414 0.2841 0.0787, -0.8488 0.2795 0.0787, -0.8306 0.2977 0.0787, -0.8571 0.2766 0.0787, -0.8571 0.3534 0.0079, -0.8488 0.3505 0.0079, -0.8414 0.3458 0.0079, -0.8353 0.3397 0.0079, -0.8306 0.3323 0.0079, -0.8277 0.324 0.0079, -0.8277 0.3059 0.0079, -0.8306 0.2977 0.0079, -0.8353 0.2903 0.0079, -0.8414 0.2841 0.0079, -0.8488 0.2795 0.0079, -0.8571 0.2766 0.0079, -0.8258 0.8964 0.0787, -0.8121 0.8746 0.0787, -0.8183 0.8808 0.0787, -0.8229 0.8882 0.0787, -0.7965 0.8671 0.0787, -0.8047 0.87 0.0787, -0.7565 0.8808 0.0787, -0.7627 0.8746 0.0787, -0.7519 0.8882 0.0787, -0.749 0.8964 0.0787, -0.7701 0.87 0.0787, -0.7783 0.8671 0.0787, -0.749 0.8964 0.0079, -0.7519 0.8882 0.0079, -0.7565 0.8808 0.0079, -0.7627 0.8746 0.0079, -0.7701 0.87 0.0079, -0.7783 0.8671 0.0079, -0.7965 0.8671 0.0079, -0.8047 0.87 0.0079, -0.8121 0.8746 0.0079, -0.8183 0.8808 0.0079, -0.8229 0.8882 0.0079, -0.8258 0.8964 0.0079, -0.5915 0.8571 0.0787, -0.6126 0.8306 0.0787, -0.6209 0.8277 0.0787, -0.5944 0.8488 0.0787, -0.5991 0.8414 0.0787, -0.6052 0.8353 0.0787, -0.6579 0.8382 0.0787, -0.6641 0.8463 0.0787, -0.668 0.8557 0.0787, -0.6404 0.8281 0.0787, -0.6498 0.832 0.0787, -0.5915 0.8571 0.0079, -0.5944 0.8488 0.0079, -0.5991 0.8414 0.0079, -0.6052 0.8353 0.0079, -0.6126 0.8306 0.0079, -0.6209 0.8277 0.0079, -0.6404 0.8281 0.0079, -0.6498 0.832 0.0079, -0.6579 0.8382 0.0079, -0.6641 0.8463 0.0079, -0.668 0.8557 0.0079, -0.434 0.8571 0.0787, -0.4551 0.8306 0.0787, -0.4634 0.8277 0.0787, -0.4369 0.8488 0.0787, -0.4416 0.8414 0.0787, -0.4477 0.8353 0.0787, -0.5004 0.8382 0.0787, -0.5066 0.8463 0.0787, -0.5105 0.8557 0.0787, -0.4829 0.8281 0.0787, -0.4923 0.832 0.0787, -0.434 0.8571 0.0079, -0.4369 0.8488 0.0079, -0.4416 0.8414 0.0079, -0.4477 0.8353 0.0079, -0.4551 0.8306 0.0079, -0.4634 0.8277 0.0079, -0.4829 0.8281 0.0079, -0.4923 0.832 0.0079, -0.5004 0.8382 0.0079, -0.5066 0.8463 0.0079, -0.5105 0.8557 0.0079, -0.2841 0.8414 0.0787, -0.2903 0.8353 0.0787, -0.2977 0.8306 0.0787, -0.3254 0.8281 0.0787, -0.3348 0.832 0.0787, -0.2766 0.8571 0.0787, -0.2795 0.8488 0.0787, -0.3059 0.8277 0.0787, -0.3429 0.8382 0.0787, -0.3491 0.8463 0.0787, -0.353 0.8557 0.0787, -0.2766 0.8571 0.0079, -0.2795 0.8488 0.0079, -0.2841 0.8414 0.0079, -0.2903 0.8353 0.0079, -0.2977 0.8306 0.0079, -0.3059 0.8277 0.0079, -0.3254 0.8281 0.0079, -0.3348 0.832 0.0079, -0.3429 0.8382 0.0079, -0.3491 0.8463 0.0079, -0.353 0.8557 0.0079, 0.8277 -0.639 0.0787, 0.8306 -0.6472 0.0787, 0.8571 -0.6683 0.0787, 0.8488 -0.6654 0.0787, 0.8353 -0.6546 0.0787, 0.8414 -0.6608 0.0787, 0.8382 -0.602 0.0787, 0.8463 -0.5958 0.0787, 0.832 -0.61 0.0787, 0.8281 -0.6194 0.0787, 0.8557 -0.5919 0.0787, 0.8571 -0.6683 0.0079, 0.8488 -0.6654 0.0079, 0.8414 -0.6608 0.0079, 0.8353 -0.6546 0.0079, 0.8306 -0.6472 0.0079, 0.8277 -0.639 0.0079, 0.8281 -0.6194 0.0079, 0.832 -0.61 0.0079, 0.8382 -0.602 0.0079, 0.8463 -0.5958 0.0079, 0.8557 -0.5919 0.0079
            ]
        }
        coordIndex [
            0,1,2,-1,3,0,4,-1,4,0,2,-1,4,2,5,-1,6,7,5,-1,5,7,8,-1,5,8,4,-1,3,9,0,-1,0,9,10,-1,0,10,11,-1,12,13,14,-1,5,15,16,-1,17,18,19,-1,19,18,20,-1,11,21,0,-1,0,21,20,-1,0,20,22,-1,22,20,18,-1,16,23,5,-1,5,23,24,-1,5,24,6,-1,15,5,14,-1,14,5,25,-1,14,25,12,-1,26,27,2,-1,2,27,5,-1,27,26,28,-1,28,26,29,-1,28,29,30,-1,31,32,30,-1,32,33,30,-1,30,33,34,-1,30,34,28,-1,35,36,37,-1,37,36,38,-1,37,38,39,-1,39,38,30,-1,30,38,40,-1,30,40,31,-1,28,41,27,-1,27,41,42,-1,27,42,43,-1,43,44,27,-1,27,44,45,-1,27,45,46,-1,47,48,49,-1,46,50,27,-1,27,50,47,-1,27,47,51,-1,51,47,49,-1,41,8,7,-1,41,7,42,-1,42,7,6,-1,42,6,43,-1,43,6,24,-1,43,24,44,-1,44,24,23,-1,44,23,45,-1,45,23,16,-1,45,16,46,-1,46,16,15,-1,46,15,50,-1,50,15,14,-1,50,14,47,-1,47,14,13,-1,47,13,48,-1,48,13,12,-1,48,12,49,-1,49,12,25,-1,49,25,51,-1,51,25,5,-1,51,5,27,-1,41,28,8,-1,8,28,4,-1,30,0,22,-1,30,22,39,-1,39,22,18,-1,39,18,37,-1,37,18,17,-1,37,17,35,-1,35,17,19,-1,35,19,36,-1,36,19,20,-1,36,20,38,-1,38,20,21,-1,38,21,40,-1,40,21,11,-1,40,11,31,-1,31,11,10,-1,31,10,32,-1,32,10,9,-1,32,9,33,-1,33,9,3,-1,33,3,34,-1,34,3,4,-1,34,4,28,-1,30,29,0,-1,0,29,1,-1,26,2,29,-1,29,2,1,-1,52,53,54,-1,55,56,57,-1,57,56,54,-1,58,59,52,-1,60,61,62,-1,54,56,52,-1,52,56,63,-1,52,63,58,-1,55,57,61,-1,61,57,64,-1,61,64,62,-1,65,66,67,-1,67,66,68,-1,67,68,69,-1,59,70,52,-1,52,70,66,-1,52,66,71,-1,71,66,65,-1,72,73,74,-1,74,73,75,-1,74,75,76,-1,72,74,62,-1,62,74,77,-1,62,77,60,-1,78,79,54,-1,54,79,57,-1,78,80,81,-1,81,80,82,-1,78,81,79,-1,79,81,83,-1,79,83,84,-1,85,86,82,-1,82,86,87,-1,82,87,81,-1,88,89,82,-1,82,89,90,-1,82,90,85,-1,88,91,89,-1,89,91,92,-1,89,92,93,-1,93,92,94,-1,95,96,84,-1,84,96,97,-1,84,97,79,-1,98,99,100,-1,100,99,101,-1,95,102,96,-1,96,102,99,-1,96,99,103,-1,103,99,98,-1,83,55,61,-1,83,61,84,-1,84,61,60,-1,84,60,95,-1,95,60,77,-1,95,77,102,-1,102,77,74,-1,102,74,99,-1,99,74,76,-1,99,76,101,-1,101,76,75,-1,101,75,100,-1,100,75,73,-1,100,73,98,-1,98,73,72,-1,98,72,103,-1,103,72,62,-1,103,62,96,-1,96,62,64,-1,96,64,97,-1,97,64,57,-1,97,57,79,-1,83,81,55,-1,55,81,56,-1,82,52,71,-1,82,71,88,-1,88,71,65,-1,88,65,91,-1,91,65,67,-1,91,67,92,-1,92,67,69,-1,92,69,94,-1,94,69,68,-1,94,68,93,-1,93,68,66,-1,93,66,89,-1,89,66,70,-1,89,70,90,-1,90,70,59,-1,90,59,85,-1,85,59,58,-1,85,58,86,-1,86,58,63,-1,86,63,87,-1,87,63,56,-1,87,56,81,-1,82,80,52,-1,52,80,53,-1,78,54,80,-1,80,54,53,-1,54,53,56,-1,56,53,52,-1,54,56,57,-1,57,56,55,-1,57,55,61,-1,59,58,52,-1,52,58,63,-1,52,63,56,-1,71,66,52,-1,52,66,70,-1,52,70,59,-1,71,65,66,-1,66,65,67,-1,66,67,68,-1,68,67,69,-1,60,62,61,-1,61,62,64,-1,61,64,57,-1,73,74,75,-1,75,74,76,-1,60,77,62,-1,62,77,74,-1,62,74,72,-1,72,74,73,-1,53,104,52,-1,52,104,105,-1,52,105,106,-1,52,106,71,-1,71,106,107,-1,71,107,65,-1,65,107,108,-1,65,108,67,-1,67,108,109,-1,67,109,69,-1,69,109,110,-1,69,110,68,-1,68,110,111,-1,68,111,66,-1,66,111,112,-1,66,112,70,-1,70,112,113,-1,70,113,59,-1,59,113,114,-1,59,114,58,-1,58,114,115,-1,58,115,63,-1,63,115,116,-1,63,116,56,-1,56,116,55,-1,55,116,117,-1,104,118,117,-1,117,118,119,-1,104,117,105,-1,105,117,116,-1,105,116,115,-1,120,121,122,-1,122,121,123,-1,122,123,124,-1,120,122,125,-1,125,122,126,-1,125,126,127,-1,119,128,117,-1,117,128,125,-1,117,125,129,-1,129,125,127,-1,115,114,105,-1,105,114,113,-1,105,113,106,-1,109,108,110,-1,110,108,111,-1,113,112,106,-1,106,112,111,-1,106,111,107,-1,107,111,108,-1,55,117,129,-1,55,129,61,-1,61,129,127,-1,61,127,60,-1,60,127,126,-1,60,126,77,-1,77,126,122,-1,77,122,74,-1,74,122,124,-1,74,124,76,-1,76,124,123,-1,76,123,75,-1,75,123,121,-1,75,121,73,-1,73,121,120,-1,73,120,72,-1,72,120,125,-1,72,125,62,-1,62,125,128,-1,62,128,64,-1,64,128,119,-1,64,119,57,-1,118,104,54,-1,54,104,53,-1,57,119,54,-1,54,119,118,-1,130,131,132,-1,132,131,133,-1,134,135,131,-1,131,135,136,-1,131,136,133,-1,137,138,132,-1,132,138,139,-1,132,139,130,-1,134,140,135,-1,135,140,141,-1,135,141,142,-1,143,144,132,-1,132,144,145,-1,132,145,146,-1,146,147,132,-1,132,147,148,-1,132,148,137,-1,142,149,135,-1,135,149,150,-1,135,150,151,-1,151,152,135,-1,135,152,153,-1,135,153,154,-1,154,153,155,-1,133,156,132,-1,132,156,157,-1,132,157,158,-1,132,158,143,-1,143,158,159,-1,143,159,144,-1,144,159,160,-1,144,160,145,-1,145,160,161,-1,145,161,146,-1,146,161,162,-1,146,162,147,-1,147,162,163,-1,147,163,148,-1,148,163,164,-1,148,164,137,-1,137,164,165,-1,137,165,138,-1,138,165,166,-1,138,166,139,-1,139,166,167,-1,139,167,130,-1,130,167,168,-1,130,168,131,-1,131,168,134,-1,134,168,169,-1,170,168,171,-1,171,168,157,-1,171,157,156,-1,172,173,170,-1,170,173,169,-1,170,169,168,-1,159,158,164,-1,168,167,157,-1,157,167,166,-1,157,166,158,-1,158,166,165,-1,158,165,164,-1,163,162,161,-1,174,175,176,-1,170,177,178,-1,174,176,170,-1,170,176,179,-1,170,179,177,-1,178,180,170,-1,170,180,181,-1,170,181,172,-1,163,161,164,-1,164,161,160,-1,164,160,159,-1,134,169,173,-1,134,173,140,-1,140,173,172,-1,140,172,141,-1,141,172,181,-1,141,181,142,-1,142,181,180,-1,142,180,149,-1,149,180,178,-1,149,178,150,-1,150,178,177,-1,150,177,151,-1,151,177,179,-1,151,179,152,-1,152,179,176,-1,152,176,153,-1,153,176,175,-1,153,175,155,-1,155,175,174,-1,155,174,154,-1,154,174,170,-1,154,170,135,-1,171,156,136,-1,136,156,133,-1,135,170,136,-1,136,170,171,-1,182,183,184,-1,185,186,187,-1,187,186,188,-1,189,190,191,-1,192,182,185,-1,185,182,184,-1,185,184,186,-1,192,193,182,-1,182,193,194,-1,182,194,195,-1,195,196,182,-1,182,196,197,-1,182,197,198,-1,198,199,182,-1,182,199,200,-1,182,200,201,-1,188,202,187,-1,187,202,203,-1,187,203,190,-1,190,203,204,-1,190,204,191,-1,189,191,205,-1,205,191,206,-1,205,206,207,-1,208,209,184,-1,184,209,186,-1,208,210,209,-1,209,210,211,-1,209,211,212,-1,212,211,213,-1,214,211,215,-1,215,211,216,-1,214,217,211,-1,211,217,218,-1,211,218,219,-1,220,221,211,-1,211,221,222,-1,211,222,213,-1,223,224,211,-1,211,224,225,-1,211,225,226,-1,226,227,211,-1,211,227,228,-1,211,228,216,-1,219,229,211,-1,211,229,230,-1,211,230,231,-1,231,232,211,-1,211,232,233,-1,211,233,220,-1,219,187,190,-1,219,190,229,-1,229,190,189,-1,229,189,230,-1,230,189,205,-1,230,205,231,-1,231,205,207,-1,231,207,232,-1,232,207,206,-1,232,206,233,-1,233,206,191,-1,233,191,220,-1,220,191,204,-1,220,204,221,-1,221,204,203,-1,221,203,222,-1,222,203,202,-1,222,202,213,-1,213,202,188,-1,213,188,212,-1,212,188,186,-1,212,186,209,-1,219,218,187,-1,187,218,185,-1,211,182,201,-1,211,201,223,-1,223,201,200,-1,223,200,224,-1,224,200,199,-1,224,199,225,-1,225,199,198,-1,225,198,226,-1,226,198,197,-1,226,197,227,-1,227,197,196,-1,227,196,228,-1,228,196,195,-1,228,195,216,-1,216,195,194,-1,216,194,215,-1,215,194,193,-1,215,193,214,-1,214,193,192,-1,214,192,217,-1,217,192,185,-1,217,185,218,-1,211,210,182,-1,182,210,183,-1,208,184,210,-1,210,184,183,-1,234,235,236,-1,237,238,239,-1,239,238,240,-1,239,240,236,-1,241,242,234,-1,236,240,234,-1,234,240,243,-1,234,243,241,-1,244,245,246,-1,242,247,234,-1,234,247,248,-1,234,248,249,-1,249,248,250,-1,250,251,249,-1,249,251,252,-1,249,252,253,-1,246,254,244,-1,244,254,255,-1,244,255,256,-1,256,257,244,-1,244,257,258,-1,244,258,239,-1,239,258,259,-1,239,259,237,-1,260,261,236,-1,236,261,239,-1,260,262,263,-1,263,262,264,-1,265,266,264,-1,264,266,267,-1,264,267,263,-1,260,263,261,-1,261,263,268,-1,261,268,269,-1,270,271,272,-1,273,274,275,-1,275,274,276,-1,273,277,274,-1,274,277,278,-1,274,278,264,-1,264,278,279,-1,264,279,265,-1,269,280,261,-1,261,280,281,-1,261,281,272,-1,272,281,282,-1,272,282,270,-1,271,283,272,-1,272,283,284,-1,272,284,285,-1,268,238,237,-1,268,237,269,-1,269,237,259,-1,269,259,280,-1,280,259,258,-1,280,258,281,-1,281,258,257,-1,281,257,282,-1,282,257,256,-1,282,256,270,-1,270,256,255,-1,270,255,271,-1,271,255,254,-1,271,254,283,-1,283,254,246,-1,283,246,284,-1,284,246,245,-1,284,245,285,-1,285,245,244,-1,285,244,272,-1,272,244,239,-1,272,239,261,-1,268,263,238,-1,238,263,240,-1,264,234,249,-1,264,249,274,-1,274,249,253,-1,274,253,276,-1,276,253,252,-1,276,252,275,-1,275,252,251,-1,275,251,273,-1,273,251,250,-1,273,250,277,-1,277,250,248,-1,277,248,278,-1,278,248,247,-1,278,247,279,-1,279,247,242,-1,279,242,265,-1,265,242,241,-1,265,241,266,-1,266,241,243,-1,266,243,267,-1,267,243,240,-1,267,240,263,-1,264,262,234,-1,234,262,235,-1,260,236,262,-1,262,236,235,-1,286,287,288,-1,289,290,288,-1,288,290,291,-1,288,291,292,-1,286,288,293,-1,287,294,288,-1,288,294,295,-1,288,295,296,-1,296,297,288,-1,288,297,298,-1,288,298,299,-1,292,300,288,-1,288,300,301,-1,288,301,302,-1,302,303,288,-1,288,303,304,-1,288,304,305,-1,305,306,288,-1,288,306,307,-1,288,307,293,-1,308,309,310,-1,310,309,311,-1,310,311,288,-1,299,312,288,-1,288,312,313,-1,288,313,310,-1,314,315,290,-1,290,315,291,-1,315,314,316,-1,315,316,317,-1,318,319,314,-1,314,319,320,-1,314,320,321,-1,322,323,324,-1,321,325,314,-1,314,325,326,-1,314,326,327,-1,328,314,329,-1,329,314,330,-1,328,331,314,-1,314,331,332,-1,314,332,316,-1,327,333,314,-1,314,333,334,-1,314,334,330,-1,317,316,324,-1,324,316,335,-1,324,335,322,-1,336,337,323,-1,323,337,338,-1,323,338,339,-1,339,340,323,-1,323,340,341,-1,323,341,324,-1,316,287,286,-1,316,286,335,-1,335,286,293,-1,335,293,322,-1,322,293,307,-1,322,307,323,-1,323,307,306,-1,323,306,336,-1,336,306,305,-1,336,305,337,-1,337,305,304,-1,337,304,338,-1,338,304,303,-1,338,303,339,-1,339,303,302,-1,339,302,340,-1,340,302,301,-1,340,301,341,-1,341,301,300,-1,341,300,324,-1,324,300,292,-1,324,292,317,-1,317,292,291,-1,317,291,315,-1,316,332,287,-1,287,332,294,-1,319,288,311,-1,319,311,320,-1,320,311,309,-1,320,309,321,-1,321,309,308,-1,321,308,325,-1,325,308,310,-1,325,310,326,-1,326,310,313,-1,326,313,327,-1,327,313,312,-1,327,312,333,-1,333,312,299,-1,333,299,334,-1,334,299,298,-1,334,298,330,-1,330,298,297,-1,330,297,329,-1,329,297,296,-1,329,296,328,-1,328,296,295,-1,328,295,331,-1,331,295,294,-1,331,294,332,-1,319,318,288,-1,288,318,289,-1,314,290,318,-1,318,290,289,-1,342,343,344,-1,344,343,345,-1,344,345,346,-1,347,348,346,-1,348,349,346,-1,346,349,350,-1,346,350,344,-1,351,352,353,-1,353,352,354,-1,353,354,355,-1,355,354,346,-1,346,354,356,-1,346,356,347,-1,344,357,342,-1,342,357,358,-1,342,358,359,-1,359,360,342,-1,342,360,361,-1,342,361,362,-1,363,362,364,-1,364,362,365,-1,363,366,362,-1,362,366,367,-1,362,367,342,-1,345,368,346,-1,346,368,369,-1,346,369,370,-1,346,370,355,-1,355,370,371,-1,355,371,353,-1,353,371,372,-1,353,372,351,-1,351,372,373,-1,351,373,352,-1,352,373,374,-1,352,374,354,-1,354,374,375,-1,354,375,356,-1,356,375,376,-1,356,376,347,-1,347,376,377,-1,347,377,348,-1,348,377,378,-1,348,378,349,-1,349,378,379,-1,349,379,350,-1,350,379,380,-1,350,380,344,-1,344,380,357,-1,357,380,381,-1,382,383,384,-1,385,386,387,-1,368,381,369,-1,369,381,380,-1,369,380,379,-1,385,387,384,-1,384,387,388,-1,384,388,382,-1,383,389,384,-1,384,389,390,-1,384,390,391,-1,368,392,381,-1,381,392,384,-1,381,384,393,-1,393,384,391,-1,379,378,369,-1,369,378,377,-1,369,377,370,-1,370,377,376,-1,376,375,370,-1,370,375,374,-1,370,374,371,-1,371,374,373,-1,371,373,372,-1,357,381,393,-1,357,393,358,-1,358,393,391,-1,358,391,359,-1,359,391,390,-1,359,390,360,-1,360,390,389,-1,360,389,361,-1,361,389,383,-1,361,383,362,-1,362,383,382,-1,362,382,365,-1,365,382,388,-1,365,388,364,-1,364,388,387,-1,364,387,363,-1,363,387,386,-1,363,386,366,-1,366,386,385,-1,366,385,367,-1,367,385,384,-1,367,384,342,-1,392,368,343,-1,343,368,345,-1,342,384,343,-1,343,384,392,-1,394,395,396,-1,396,395,397,-1,396,397,398,-1,399,400,401,-1,401,400,402,-1,394,403,395,-1,395,403,400,-1,395,400,404,-1,404,400,399,-1,405,406,400,-1,400,406,407,-1,400,407,408,-1,408,409,400,-1,400,409,410,-1,400,410,402,-1,411,412,413,-1,413,412,414,-1,413,414,397,-1,397,414,415,-1,397,415,398,-1,413,416,411,-1,411,416,417,-1,411,417,418,-1,418,417,419,-1,403,420,400,-1,400,420,421,-1,400,421,422,-1,400,422,405,-1,405,422,423,-1,405,423,406,-1,406,423,424,-1,406,424,407,-1,407,424,425,-1,407,425,408,-1,408,425,426,-1,408,426,409,-1,409,426,427,-1,409,427,410,-1,410,427,428,-1,410,428,402,-1,402,428,429,-1,402,429,401,-1,401,429,430,-1,401,430,399,-1,399,430,431,-1,399,431,404,-1,404,431,432,-1,404,432,395,-1,395,432,397,-1,397,432,433,-1,420,434,433,-1,433,434,435,-1,435,436,433,-1,433,436,437,-1,433,437,438,-1,431,430,421,-1,438,439,433,-1,433,439,440,-1,433,440,441,-1,441,440,442,-1,420,433,421,-1,421,433,432,-1,421,432,431,-1,423,422,428,-1,428,422,421,-1,428,421,429,-1,429,421,430,-1,427,426,425,-1,442,440,443,-1,443,440,444,-1,443,444,445,-1,427,425,428,-1,428,425,424,-1,428,424,423,-1,397,433,441,-1,397,441,413,-1,413,441,442,-1,413,442,416,-1,416,442,443,-1,416,443,417,-1,417,443,445,-1,417,445,419,-1,419,445,444,-1,419,444,418,-1,418,444,440,-1,418,440,411,-1,411,440,439,-1,411,439,412,-1,412,439,438,-1,412,438,414,-1,414,438,437,-1,414,437,415,-1,415,437,436,-1,415,436,398,-1,398,436,435,-1,398,435,396,-1,434,420,394,-1,394,420,403,-1,396,435,394,-1,394,435,434,-1,446,447,448,-1,449,450,446,-1,446,451,452,-1,448,453,446,-1,446,453,454,-1,446,454,455,-1,450,456,446,-1,446,456,457,-1,446,457,458,-1,458,459,446,-1,446,459,460,-1,446,460,451,-1,455,461,446,-1,446,461,462,-1,446,462,449,-1,452,463,446,-1,446,463,464,-1,446,464,465,-1,466,467,468,-1,468,467,469,-1,465,470,446,-1,446,470,471,-1,446,471,467,-1,466,472,467,-1,467,472,473,-1,467,473,446,-1,448,474,453,-1,453,474,475,-1,453,475,476,-1,453,476,454,-1,454,476,477,-1,454,477,455,-1,455,477,478,-1,455,478,461,-1,461,478,479,-1,461,479,462,-1,462,479,480,-1,462,480,449,-1,449,480,481,-1,449,481,450,-1,450,481,482,-1,450,482,456,-1,456,482,483,-1,456,483,457,-1,457,483,484,-1,457,484,458,-1,458,484,485,-1,458,485,459,-1,459,485,486,-1,459,486,460,-1,460,486,487,-1,460,487,451,-1,451,487,452,-1,452,487,488,-1,475,474,489,-1,475,489,476,-1,490,488,491,-1,491,488,492,-1,492,488,487,-1,492,487,489,-1,489,487,486,-1,489,486,485,-1,485,484,489,-1,489,484,483,-1,489,483,482,-1,482,481,489,-1,489,481,480,-1,489,480,479,-1,479,478,489,-1,489,478,477,-1,489,477,476,-1,491,493,490,-1,490,493,494,-1,490,494,495,-1,496,497,498,-1,498,497,499,-1,496,500,497,-1,497,500,490,-1,497,490,501,-1,501,490,495,-1,452,488,490,-1,452,490,463,-1,463,490,500,-1,463,500,464,-1,464,500,496,-1,464,496,465,-1,465,496,498,-1,465,498,470,-1,470,498,499,-1,470,499,471,-1,471,499,497,-1,471,497,467,-1,467,497,501,-1,467,501,469,-1,469,501,495,-1,469,495,468,-1,468,495,494,-1,468,494,466,-1,466,494,493,-1,466,493,472,-1,472,493,491,-1,472,491,473,-1,473,491,492,-1,473,492,446,-1,489,474,447,-1,447,474,448,-1,446,492,447,-1,447,492,489,-1,502,503,504,-1,505,506,504,-1,504,506,507,-1,504,507,502,-1,503,508,504,-1,504,508,509,-1,504,509,510,-1,511,512,513,-1,513,512,504,-1,513,504,514,-1,514,504,510,-1,511,513,515,-1,515,513,516,-1,515,516,517,-1,505,518,506,-1,506,518,519,-1,506,519,520,-1,521,522,523,-1,523,522,506,-1,523,506,524,-1,524,506,520,-1,521,523,525,-1,525,523,526,-1,525,526,527,-1,528,529,502,-1,502,529,503,-1,530,531,532,-1,532,531,529,-1,532,529,528,-1,533,534,535,-1,536,537,530,-1,537,538,530,-1,530,538,539,-1,530,539,531,-1,534,540,535,-1,535,540,541,-1,535,541,542,-1,533,535,531,-1,531,535,543,-1,531,543,544,-1,544,545,531,-1,531,545,546,-1,531,546,529,-1,547,548,549,-1,549,548,550,-1,549,550,551,-1,551,550,552,-1,547,549,530,-1,530,549,553,-1,530,553,536,-1,531,504,512,-1,531,512,533,-1,533,512,511,-1,533,511,534,-1,534,511,515,-1,534,515,540,-1,540,515,517,-1,540,517,541,-1,541,517,516,-1,541,516,542,-1,542,516,513,-1,542,513,535,-1,535,513,514,-1,535,514,543,-1,543,514,510,-1,543,510,544,-1,544,510,509,-1,544,509,545,-1,545,509,508,-1,545,508,546,-1,546,508,503,-1,546,503,529,-1,531,539,504,-1,504,539,505,-1,530,506,522,-1,530,522,547,-1,547,522,521,-1,547,521,548,-1,548,521,525,-1,548,525,550,-1,550,525,527,-1,550,527,552,-1,552,527,526,-1,552,526,551,-1,551,526,523,-1,551,523,549,-1,549,523,524,-1,549,524,553,-1,553,524,520,-1,553,520,536,-1,536,520,519,-1,536,519,537,-1,537,519,518,-1,537,518,538,-1,538,518,505,-1,538,505,539,-1,530,532,506,-1,506,532,507,-1,528,502,532,-1,532,502,507,-1,554,555,556,-1,556,555,557,-1,556,557,558,-1,558,557,559,-1,560,561,562,-1,554,556,562,-1,562,556,563,-1,562,563,560,-1,564,565,566,-1,566,565,557,-1,565,567,557,-1,557,567,568,-1,557,568,569,-1,569,570,557,-1,557,570,571,-1,557,571,559,-1,561,572,562,-1,562,572,573,-1,562,573,574,-1,575,574,576,-1,576,574,577,-1,575,578,574,-1,574,578,579,-1,574,579,562,-1,580,581,555,-1,555,581,557,-1,582,583,584,-1,584,583,585,-1,584,585,586,-1,586,585,581,-1,586,581,580,-1,585,587,581,-1,581,587,588,-1,581,588,589,-1,590,591,584,-1,584,591,592,-1,584,592,582,-1,593,594,581,-1,581,594,595,-1,581,595,596,-1,596,595,597,-1,589,598,581,-1,581,598,599,-1,581,599,593,-1,590,584,600,-1,600,584,601,-1,600,601,602,-1,602,603,600,-1,600,603,604,-1,600,604,605,-1,585,556,558,-1,585,558,587,-1,587,558,559,-1,587,559,588,-1,588,559,571,-1,588,571,589,-1,589,571,570,-1,589,570,598,-1,598,570,569,-1,598,569,599,-1,599,569,568,-1,599,568,593,-1,593,568,567,-1,593,567,594,-1,594,567,565,-1,594,565,595,-1,595,565,564,-1,595,564,597,-1,597,564,566,-1,597,566,596,-1,596,566,557,-1,596,557,581,-1,585,583,556,-1,556,583,563,-1,584,562,579,-1,584,579,601,-1,601,579,578,-1,601,578,602,-1,602,578,575,-1,602,575,603,-1,603,575,576,-1,603,576,604,-1,604,576,577,-1,604,577,605,-1,605,577,574,-1,605,574,600,-1,600,574,573,-1,600,573,590,-1,590,573,572,-1,590,572,591,-1,591,572,561,-1,591,561,592,-1,592,561,560,-1,592,560,582,-1,582,560,563,-1,582,563,583,-1,584,586,562,-1,562,586,554,-1,580,555,586,-1,586,555,554,-1,606,607,608,-1,608,607,609,-1,610,611,608,-1,612,613,608,-1,608,613,614,-1,609,615,608,-1,608,615,616,-1,608,616,617,-1,611,618,608,-1,608,618,619,-1,608,619,612,-1,614,620,608,-1,608,620,621,-1,608,621,622,-1,617,623,608,-1,608,623,624,-1,608,624,610,-1,622,625,608,-1,608,625,626,-1,608,626,627,-1,626,628,627,-1,627,628,629,-1,627,629,630,-1,630,629,631,-1,632,633,607,-1,607,633,609,-1,634,635,636,-1,637,638,636,-1,636,638,639,-1,636,639,640,-1,640,641,636,-1,636,641,642,-1,636,642,643,-1,643,644,636,-1,636,644,645,-1,636,645,634,-1,632,646,633,-1,633,646,636,-1,633,636,647,-1,647,636,648,-1,635,649,636,-1,636,649,650,-1,636,650,648,-1,651,652,653,-1,653,652,654,-1,652,655,654,-1,654,655,656,-1,654,656,636,-1,636,656,657,-1,636,657,637,-1,641,613,612,-1,641,612,642,-1,642,612,619,-1,642,619,643,-1,643,619,618,-1,643,618,644,-1,644,618,611,-1,644,611,645,-1,645,611,610,-1,645,610,634,-1,634,610,624,-1,634,624,635,-1,635,624,623,-1,635,623,649,-1,649,623,617,-1,649,617,650,-1,650,617,616,-1,650,616,648,-1,648,616,615,-1,648,615,647,-1,647,615,609,-1,647,609,633,-1,641,640,613,-1,613,640,614,-1,636,608,627,-1,636,627,654,-1,654,627,630,-1,654,630,653,-1,653,630,631,-1,653,631,651,-1,651,631,629,-1,651,629,652,-1,652,629,628,-1,652,628,655,-1,655,628,626,-1,655,626,656,-1,656,626,625,-1,656,625,657,-1,657,625,622,-1,657,622,637,-1,637,622,621,-1,637,621,638,-1,638,621,620,-1,638,620,639,-1,639,620,614,-1,639,614,640,-1,636,646,608,-1,608,646,606,-1,632,607,646,-1,646,607,606,-1,658,659,660,-1,660,659,661,-1,660,661,662,-1,663,660,664,-1,664,660,665,-1,664,665,666,-1,667,668,665,-1,665,668,669,-1,665,669,666,-1,663,670,660,-1,660,670,671,-1,660,671,672,-1,673,674,675,-1,665,676,677,-1,673,675,665,-1,665,675,678,-1,665,678,676,-1,672,679,660,-1,660,679,680,-1,660,680,681,-1,677,682,665,-1,665,682,683,-1,665,683,667,-1,681,684,660,-1,660,684,685,-1,660,685,658,-1,686,687,660,-1,660,687,665,-1,686,688,687,-1,687,688,689,-1,690,691,687,-1,687,691,692,-1,687,692,693,-1,689,694,687,-1,687,694,695,-1,687,695,696,-1,697,698,687,-1,697,687,699,-1,698,700,687,-1,687,700,701,-1,687,701,690,-1,693,702,687,-1,687,702,703,-1,687,703,704,-1,687,705,706,-1,706,707,687,-1,687,707,708,-1,687,708,709,-1,696,710,687,-1,687,710,711,-1,687,711,699,-1,704,712,687,-1,687,712,713,-1,687,713,705,-1,692,666,669,-1,692,669,693,-1,693,669,668,-1,693,668,702,-1,702,668,667,-1,702,667,703,-1,703,667,683,-1,703,683,704,-1,704,683,682,-1,704,682,712,-1,712,682,677,-1,712,677,713,-1,713,677,676,-1,713,676,705,-1,705,676,678,-1,705,678,706,-1,706,678,675,-1,706,675,707,-1,707,675,674,-1,707,674,708,-1,708,674,673,-1,708,673,709,-1,709,673,665,-1,709,665,687,-1,692,691,666,-1,666,691,664,-1,689,661,659,-1,689,659,694,-1,694,659,658,-1,694,658,695,-1,695,658,685,-1,695,685,696,-1,696,685,684,-1,696,684,710,-1,710,684,681,-1,710,681,711,-1,711,681,680,-1,711,680,699,-1,699,680,679,-1,699,679,697,-1,697,679,672,-1,697,672,698,-1,698,672,671,-1,698,671,700,-1,700,671,670,-1,700,670,701,-1,701,670,663,-1,701,663,690,-1,690,663,664,-1,690,664,691,-1,689,688,661,-1,661,688,662,-1,686,660,688,-1,688,660,662,-1,714,715,716,-1,714,717,718,-1,716,719,714,-1,714,719,720,-1,714,720,721,-1,721,722,714,-1,714,722,723,-1,714,723,724,-1,714,725,726,-1,724,727,714,-1,714,727,728,-1,714,728,725,-1,726,729,714,-1,714,729,730,-1,714,730,717,-1,718,731,714,-1,714,731,732,-1,714,732,733,-1,734,735,736,-1,736,735,737,-1,734,738,735,-1,735,738,739,-1,735,739,714,-1,733,740,714,-1,714,740,741,-1,714,741,735,-1,742,743,716,-1,716,743,719,-1,743,742,744,-1,743,744,745,-1,746,747,744,-1,744,747,748,-1,744,748,749,-1,750,751,744,-1,744,751,752,-1,744,752,745,-1,753,754,755,-1,755,754,756,-1,755,756,757,-1,757,758,755,-1,755,758,759,-1,755,759,744,-1,744,759,760,-1,744,760,746,-1,749,761,744,-1,744,761,762,-1,744,762,750,-1,763,764,765,-1,765,766,763,-1,763,766,767,-1,763,767,768,-1,764,763,755,-1,755,763,769,-1,755,769,753,-1,759,717,730,-1,759,730,760,-1,760,730,729,-1,760,729,746,-1,746,729,726,-1,746,726,747,-1,747,726,725,-1,747,725,748,-1,748,725,728,-1,748,728,749,-1,749,728,727,-1,749,727,761,-1,761,727,724,-1,761,724,762,-1,762,724,723,-1,762,723,750,-1,750,723,722,-1,750,722,751,-1,751,722,721,-1,751,721,752,-1,752,721,720,-1,752,720,745,-1,745,720,719,-1,745,719,743,-1,759,758,717,-1,717,758,718,-1,755,714,739,-1,755,739,764,-1,764,739,738,-1,764,738,765,-1,765,738,734,-1,765,734,766,-1,766,734,736,-1,766,736,767,-1,767,736,737,-1,767,737,768,-1,768,737,735,-1,768,735,763,-1,763,735,741,-1,763,741,769,-1,769,741,740,-1,769,740,753,-1,753,740,733,-1,753,733,754,-1,754,733,732,-1,754,732,756,-1,756,732,731,-1,756,731,757,-1,757,731,718,-1,757,718,758,-1,755,744,714,-1,714,744,715,-1,742,716,744,-1,744,716,715,-1,770,771,772,-1,772,771,773,-1,772,773,774,-1,775,776,773,-1,777,778,779,-1,776,780,773,-1,773,780,781,-1,773,781,774,-1,770,772,782,-1,782,772,783,-1,782,783,784,-1,777,779,785,-1,785,779,773,-1,773,779,786,-1,773,786,775,-1,784,787,782,-1,782,787,788,-1,782,788,789,-1,789,790,782,-1,782,790,791,-1,782,791,792,-1,792,793,782,-1,782,793,794,-1,782,794,795,-1,796,797,771,-1,771,797,773,-1,797,796,798,-1,799,798,800,-1,798,799,797,-1,797,799,801,-1,797,801,802,-1,803,804,800,-1,800,804,805,-1,800,805,799,-1,802,806,797,-1,797,806,807,-1,797,807,808,-1,809,810,811,-1,812,800,813,-1,813,800,814,-1,812,815,800,-1,800,815,816,-1,800,816,803,-1,808,817,797,-1,797,817,809,-1,797,809,818,-1,818,809,811,-1,819,820,800,-1,800,820,821,-1,800,821,814,-1,799,772,774,-1,799,774,801,-1,801,774,781,-1,801,781,802,-1,802,781,780,-1,802,780,806,-1,806,780,776,-1,806,776,807,-1,807,776,775,-1,807,775,808,-1,808,775,786,-1,808,786,817,-1,817,786,779,-1,817,779,809,-1,809,779,778,-1,809,778,810,-1,810,778,777,-1,810,777,811,-1,811,777,785,-1,811,785,818,-1,818,785,773,-1,818,773,797,-1,799,805,772,-1,772,805,783,-1,800,782,795,-1,800,795,819,-1,819,795,794,-1,819,794,820,-1,820,794,793,-1,820,793,821,-1,821,793,792,-1,821,792,814,-1,814,792,791,-1,814,791,813,-1,813,791,790,-1,813,790,812,-1,812,790,789,-1,812,789,815,-1,815,789,788,-1,815,788,816,-1,816,788,787,-1,816,787,803,-1,803,787,784,-1,803,784,804,-1,804,784,783,-1,804,783,805,-1,800,798,782,-1,782,798,770,-1,796,771,798,-1,798,771,770,-1,822,823,824,-1,824,823,825,-1,824,825,826,-1,827,828,829,-1,824,830,831,-1,831,832,824,-1,824,832,833,-1,824,833,834,-1,826,835,824,-1,824,835,836,-1,824,836,837,-1,827,829,824,-1,824,829,838,-1,824,838,830,-1,834,839,824,-1,824,839,840,-1,824,840,822,-1,837,841,824,-1,824,841,842,-1,824,842,843,-1,844,845,846,-1,846,845,824,-1,846,824,847,-1,847,824,843,-1,848,849,845,-1,845,849,824,-1,848,850,849,-1,849,850,851,-1,852,853,849,-1,849,853,854,-1,855,849,856,-1,856,849,857,-1,855,858,849,-1,849,858,859,-1,849,859,852,-1,851,860,849,-1,849,860,861,-1,849,861,862,-1,862,863,849,-1,849,863,864,-1,849,864,857,-1,854,865,849,-1,849,865,866,-1,849,866,867,-1,867,868,849,-1,849,868,869,-1,849,869,870,-1,870,871,849,-1,849,871,872,-1,849,872,873,-1,853,840,839,-1,853,839,854,-1,854,839,834,-1,854,834,865,-1,865,834,833,-1,865,833,866,-1,866,833,832,-1,866,832,867,-1,867,832,831,-1,867,831,868,-1,868,831,830,-1,868,830,869,-1,869,830,838,-1,869,838,870,-1,870,838,829,-1,870,829,871,-1,871,829,828,-1,871,828,872,-1,872,828,827,-1,872,827,873,-1,873,827,824,-1,873,824,849,-1,853,852,840,-1,840,852,822,-1,851,846,847,-1,851,847,860,-1,860,847,843,-1,860,843,861,-1,861,843,842,-1,861,842,862,-1,862,842,841,-1,862,841,863,-1,863,841,837,-1,863,837,864,-1,864,837,836,-1,864,836,857,-1,857,836,835,-1,857,835,856,-1,856,835,826,-1,856,826,855,-1,855,826,825,-1,855,825,858,-1,858,825,823,-1,858,823,859,-1,859,823,822,-1,859,822,852,-1,851,850,846,-1,846,850,844,-1,848,845,850,-1,850,845,844,-1,874,875,876,-1,876,875,877,-1,878,879,877,-1,877,879,880,-1,877,880,876,-1,874,876,881,-1,881,876,882,-1,881,882,883,-1,883,884,881,-1,881,884,885,-1,881,885,886,-1,878,887,879,-1,879,887,888,-1,879,888,889,-1,889,890,879,-1,879,890,891,-1,879,891,892,-1,892,891,893,-1,894,895,886,-1,886,895,896,-1,886,896,881,-1,897,898,886,-1,886,898,899,-1,886,899,894,-1,900,901,875,-1,875,901,877,-1,901,900,902,-1,903,902,904,-1,905,901,906,-1,902,903,901,-1,901,903,907,-1,901,907,906,-1,908,909,904,-1,910,911,912,-1,909,913,904,-1,904,913,914,-1,904,914,903,-1,908,904,912,-1,912,904,915,-1,912,915,910,-1,905,906,916,-1,916,906,917,-1,916,917,918,-1,918,919,916,-1,916,919,920,-1,916,920,921,-1,921,920,922,-1,911,923,912,-1,912,923,924,-1,912,924,925,-1,903,876,880,-1,903,880,907,-1,907,880,879,-1,907,879,906,-1,906,879,892,-1,906,892,917,-1,917,892,893,-1,917,893,918,-1,918,893,891,-1,918,891,919,-1,919,891,890,-1,919,890,920,-1,920,890,889,-1,920,889,922,-1,922,889,888,-1,922,888,921,-1,921,888,887,-1,921,887,916,-1,916,887,878,-1,916,878,905,-1,905,878,877,-1,905,877,901,-1,903,914,876,-1,876,914,882,-1,904,881,896,-1,904,896,915,-1,915,896,895,-1,915,895,910,-1,910,895,894,-1,910,894,911,-1,911,894,899,-1,911,899,923,-1,923,899,898,-1,923,898,924,-1,924,898,897,-1,924,897,925,-1,925,897,886,-1,925,886,912,-1,912,886,885,-1,912,885,908,-1,908,885,884,-1,908,884,909,-1,909,884,883,-1,909,883,913,-1,913,883,882,-1,913,882,914,-1,904,902,881,-1,881,902,874,-1,900,875,902,-1,902,875,874,-1,926,927,928,-1,929,930,931,-1,931,930,932,-1,931,932,933,-1,933,932,934,-1,928,927,935,-1,936,932,937,-1,929,931,927,-1,927,931,938,-1,927,938,935,-1,936,939,932,-1,932,939,940,-1,932,940,934,-1,941,942,928,-1,937,943,944,-1,944,945,937,-1,937,945,946,-1,937,946,936,-1,942,947,928,-1,928,947,948,-1,928,948,926,-1,949,950,928,-1,928,950,951,-1,928,951,941,-1,952,953,930,-1,930,953,932,-1,954,955,956,-1,956,955,957,-1,956,957,958,-1,958,957,953,-1,958,953,952,-1,957,959,953,-1,953,959,960,-1,953,960,961,-1,962,963,964,-1,954,956,965,-1,965,956,966,-1,965,966,967,-1,962,964,968,-1,967,969,965,-1,965,969,970,-1,965,970,971,-1,961,972,953,-1,953,972,973,-1,953,973,964,-1,964,973,974,-1,964,974,968,-1,971,975,965,-1,965,975,976,-1,965,976,977,-1,957,931,933,-1,957,933,959,-1,959,933,934,-1,959,934,960,-1,960,934,940,-1,960,940,961,-1,961,940,939,-1,961,939,972,-1,972,939,936,-1,972,936,973,-1,973,936,946,-1,973,946,974,-1,974,946,945,-1,974,945,968,-1,968,945,944,-1,968,944,962,-1,962,944,943,-1,962,943,963,-1,963,943,937,-1,963,937,964,-1,964,937,932,-1,964,932,953,-1,957,955,931,-1,931,955,938,-1,956,927,926,-1,956,926,966,-1,966,926,948,-1,966,948,967,-1,967,948,947,-1,967,947,969,-1,969,947,942,-1,969,942,970,-1,970,942,941,-1,970,941,971,-1,971,941,951,-1,971,951,975,-1,975,951,950,-1,975,950,976,-1,976,950,949,-1,976,949,977,-1,977,949,928,-1,977,928,965,-1,965,928,935,-1,965,935,954,-1,954,935,938,-1,954,938,955,-1,956,958,927,-1,927,958,929,-1,952,930,958,-1,958,930,929,-1,978,979,980,-1,980,979,981,-1,982,983,984,-1,985,986,981,-1,981,986,987,-1,981,987,980,-1,985,988,986,-1,986,988,989,-1,986,989,990,-1,990,991,986,-1,986,991,992,-1,986,992,993,-1,993,992,994,-1,978,980,984,-1,984,980,995,-1,984,995,982,-1,996,997,998,-1,983,999,984,-1,984,999,1000,-1,984,1000,1001,-1,1001,1000,1002,-1,996,998,1000,-1,1000,998,1003,-1,1000,1003,1002,-1,1004,1005,979,-1,979,1005,981,-1,1005,1004,1006,-1,1007,1006,1008,-1,1006,1007,1005,-1,1005,1007,1009,-1,1005,1009,1010,-1,1011,1012,1013,-1,1011,1013,1008,-1,1008,1013,1014,-1,1008,1014,1015,-1,1015,1016,1008,-1,1008,1016,1017,-1,1008,1017,1007,-1,1010,1018,1005,-1,1005,1018,1019,-1,1005,1019,1020,-1,1021,1022,1023,-1,1012,1024,1013,-1,1013,1024,1025,-1,1013,1025,1026,-1,1026,1025,1027,-1,1020,1028,1005,-1,1005,1028,1021,-1,1005,1021,1029,-1,1029,1021,1023,-1,1007,980,987,-1,1007,987,1009,-1,1009,987,986,-1,1009,986,1010,-1,1010,986,993,-1,1010,993,1018,-1,1018,993,994,-1,1018,994,1019,-1,1019,994,992,-1,1019,992,1020,-1,1020,992,991,-1,1020,991,1028,-1,1028,991,990,-1,1028,990,1021,-1,1021,990,989,-1,1021,989,1022,-1,1022,989,988,-1,1022,988,1023,-1,1023,988,985,-1,1023,985,1029,-1,1029,985,981,-1,1029,981,1005,-1,1007,1017,980,-1,980,1017,995,-1,1008,984,1001,-1,1008,1001,1011,-1,1011,1001,1002,-1,1011,1002,1012,-1,1012,1002,1003,-1,1012,1003,1024,-1,1024,1003,998,-1,1024,998,1025,-1,1025,998,997,-1,1025,997,1027,-1,1027,997,996,-1,1027,996,1026,-1,1026,996,1000,-1,1026,1000,1013,-1,1013,1000,999,-1,1013,999,1014,-1,1014,999,983,-1,1014,983,1015,-1,1015,983,982,-1,1015,982,1016,-1,1016,982,995,-1,1016,995,1017,-1,1008,1006,984,-1,984,1006,978,-1,1004,979,1006,-1,1006,979,978,-1,1030,1031,1032,-1,1032,1031,1033,-1,1034,1033,1035,-1,1035,1033,1036,-1,1035,1036,1037,-1,1034,1038,1033,-1,1033,1038,1039,-1,1033,1039,1040,-1,1040,1041,1033,-1,1033,1041,1042,-1,1033,1042,1043,-1,1043,1044,1033,-1,1033,1044,1045,-1,1033,1045,1046,-1,1046,1047,1033,-1,1033,1047,1048,-1,1033,1048,1032,-1,1049,1050,1051,-1,1049,1051,1036,-1,1036,1051,1052,-1,1036,1052,1053,-1,1053,1054,1036,-1,1036,1054,1055,-1,1036,1055,1037,-1,1056,1057,1031,-1,1031,1057,1033,-1,1056,1058,1057,-1,1057,1058,1059,-1,1057,1059,1060,-1,1061,1062,1059,-1,1063,1064,1061,-1,1065,1066,1059,-1,1059,1067,1061,-1,1061,1067,1068,-1,1061,1068,1069,-1,1069,1070,1061,-1,1061,1070,1071,-1,1061,1071,1063,-1,1064,1072,1061,-1,1061,1072,1073,-1,1061,1073,1074,-1,1062,1075,1059,-1,1059,1075,1076,-1,1059,1076,1077,-1,1077,1078,1059,-1,1059,1078,1079,-1,1059,1079,1065,-1,1066,1080,1059,-1,1059,1080,1081,-1,1059,1081,1060,-1,1062,1034,1035,-1,1062,1035,1075,-1,1075,1035,1037,-1,1075,1037,1076,-1,1076,1037,1055,-1,1076,1055,1077,-1,1077,1055,1054,-1,1077,1054,1078,-1,1078,1054,1053,-1,1078,1053,1079,-1,1079,1053,1052,-1,1079,1052,1065,-1,1065,1052,1051,-1,1065,1051,1066,-1,1066,1051,1050,-1,1066,1050,1080,-1,1080,1050,1049,-1,1080,1049,1081,-1,1081,1049,1036,-1,1081,1036,1060,-1,1060,1036,1033,-1,1060,1033,1057,-1,1062,1061,1034,-1,1034,1061,1038,-1,1059,1032,1048,-1,1059,1048,1067,-1,1067,1048,1047,-1,1067,1047,1068,-1,1068,1047,1046,-1,1068,1046,1069,-1,1069,1046,1045,-1,1069,1045,1070,-1,1070,1045,1044,-1,1070,1044,1071,-1,1071,1044,1043,-1,1071,1043,1063,-1,1063,1043,1042,-1,1063,1042,1064,-1,1064,1042,1041,-1,1064,1041,1072,-1,1072,1041,1040,-1,1072,1040,1073,-1,1073,1040,1039,-1,1073,1039,1074,-1,1074,1039,1038,-1,1074,1038,1061,-1,1059,1058,1032,-1,1032,1058,1030,-1,1056,1031,1058,-1,1058,1031,1030,-1,1082,1083,1084,-1,1084,1083,1085,-1,1085,1083,1086,-1,1085,1086,1087,-1,1088,1089,1090,-1,1083,1091,1086,-1,1086,1091,1092,-1,1086,1092,1093,-1,1093,1092,1094,-1,1095,1096,1097,-1,1097,1096,1098,-1,1097,1098,1099,-1,1099,1100,1097,-1,1097,1100,1101,-1,1097,1101,1102,-1,1090,1103,1088,-1,1088,1103,1104,-1,1088,1104,1092,-1,1092,1104,1105,-1,1092,1105,1094,-1,1084,1106,1082,-1,1082,1106,1097,-1,1082,1097,1107,-1,1107,1097,1102,-1,1085,1108,1084,-1,1084,1108,1109,-1,1084,1109,1110,-1,1084,1110,1106,-1,1106,1110,1111,-1,1106,1111,1097,-1,1097,1111,1112,-1,1097,1112,1095,-1,1095,1112,1113,-1,1095,1113,1096,-1,1096,1113,1114,-1,1096,1114,1098,-1,1098,1114,1115,-1,1098,1115,1099,-1,1099,1115,1116,-1,1099,1116,1100,-1,1100,1116,1117,-1,1100,1117,1101,-1,1101,1117,1118,-1,1101,1118,1102,-1,1102,1118,1119,-1,1102,1119,1107,-1,1107,1119,1120,-1,1107,1120,1082,-1,1082,1120,1083,-1,1083,1120,1121,-1,1108,1122,1121,-1,1121,1122,1123,-1,1121,1123,1124,-1,1108,1121,1109,-1,1109,1121,1120,-1,1109,1120,1110,-1,1125,1126,1127,-1,1124,1123,1128,-1,1128,1123,1129,-1,1128,1129,1130,-1,1130,1131,1128,-1,1128,1131,1132,-1,1128,1132,1127,-1,1127,1132,1133,-1,1127,1133,1125,-1,1118,1117,1111,-1,1111,1117,1116,-1,1111,1116,1115,-1,1115,1114,1111,-1,1111,1114,1113,-1,1111,1113,1112,-1,1110,1120,1111,-1,1111,1120,1119,-1,1111,1119,1118,-1,1083,1121,1124,-1,1083,1124,1091,-1,1091,1124,1128,-1,1091,1128,1092,-1,1092,1128,1127,-1,1092,1127,1088,-1,1088,1127,1126,-1,1088,1126,1089,-1,1089,1126,1125,-1,1089,1125,1090,-1,1090,1125,1133,-1,1090,1133,1103,-1,1103,1133,1132,-1,1103,1132,1104,-1,1104,1132,1131,-1,1104,1131,1105,-1,1105,1131,1130,-1,1105,1130,1094,-1,1094,1130,1129,-1,1094,1129,1093,-1,1093,1129,1123,-1,1093,1123,1086,-1,1122,1108,1087,-1,1087,1108,1085,-1,1086,1123,1087,-1,1087,1123,1122,-1,1134,1135,1136,-1,1136,1135,1137,-1,1136,1137,1138,-1,1139,1140,1141,-1,1138,1137,1141,-1,1141,1137,1142,-1,1141,1142,1139,-1,1143,1144,1145,-1,1145,1144,1146,-1,1145,1146,1147,-1,1140,1148,1141,-1,1141,1148,1149,-1,1141,1149,1150,-1,1150,1149,1151,-1,1150,1151,1152,-1,1134,1136,1145,-1,1145,1136,1153,-1,1145,1153,1143,-1,1147,1154,1145,-1,1145,1154,1155,-1,1145,1155,1156,-1,1157,1158,1156,-1,1156,1158,1159,-1,1156,1159,1145,-1,1160,1161,1135,-1,1135,1161,1137,-1,1161,1160,1162,-1,1163,1164,1165,-1,1165,1164,1166,-1,1165,1166,1167,-1,1168,1169,1170,-1,1170,1169,1171,-1,1170,1171,1161,-1,1172,1173,1174,-1,1174,1173,1175,-1,1175,1173,1165,-1,1165,1173,1176,-1,1165,1176,1163,-1,1167,1177,1165,-1,1165,1177,1178,-1,1165,1178,1162,-1,1162,1178,1179,-1,1162,1179,1161,-1,1161,1179,1180,-1,1161,1180,1170,-1,1181,1182,1183,-1,1183,1182,1184,-1,1183,1184,1170,-1,1170,1184,1185,-1,1170,1185,1168,-1,1179,1136,1138,-1,1179,1138,1180,-1,1180,1138,1141,-1,1180,1141,1170,-1,1170,1141,1150,-1,1170,1150,1183,-1,1183,1150,1152,-1,1183,1152,1181,-1,1181,1152,1151,-1,1181,1151,1182,-1,1182,1151,1149,-1,1182,1149,1184,-1,1184,1149,1148,-1,1184,1148,1185,-1,1185,1148,1140,-1,1185,1140,1168,-1,1168,1140,1139,-1,1168,1139,1169,-1,1169,1139,1142,-1,1169,1142,1171,-1,1171,1142,1137,-1,1171,1137,1161,-1,1179,1178,1136,-1,1136,1178,1153,-1,1165,1145,1159,-1,1165,1159,1175,-1,1175,1159,1158,-1,1175,1158,1174,-1,1174,1158,1157,-1,1174,1157,1172,-1,1172,1157,1156,-1,1172,1156,1173,-1,1173,1156,1155,-1,1173,1155,1176,-1,1176,1155,1154,-1,1176,1154,1163,-1,1163,1154,1147,-1,1163,1147,1164,-1,1164,1147,1146,-1,1164,1146,1166,-1,1166,1146,1144,-1,1166,1144,1167,-1,1167,1144,1143,-1,1167,1143,1177,-1,1177,1143,1153,-1,1177,1153,1178,-1,1165,1162,1145,-1,1145,1162,1134,-1,1160,1135,1162,-1,1162,1135,1134,-1,1186,1187,1188,-1,1186,1188,1189,-1,1190,1191,1188,-1,1188,1191,1192,-1,1188,1192,1189,-1,1193,1194,1195,-1,1196,1197,1188,-1,1188,1197,1198,-1,1188,1198,1199,-1,1199,1200,1188,-1,1188,1200,1201,-1,1188,1201,1190,-1,1193,1202,1194,-1,1194,1202,1203,-1,1194,1203,1204,-1,1195,1205,1193,-1,1193,1205,1206,-1,1193,1206,1207,-1,1207,1208,1193,-1,1193,1208,1209,-1,1193,1209,1210,-1,1210,1211,1193,-1,1193,1211,1212,-1,1193,1212,1188,-1,1188,1212,1213,-1,1188,1213,1196,-1,1214,1215,1188,-1,1188,1215,1193,-1,1214,1216,1217,-1,1214,1218,1215,-1,1215,1218,1219,-1,1215,1219,1220,-1,1217,1221,1214,-1,1214,1221,1222,-1,1214,1222,1223,-1,1224,1225,1215,-1,1223,1226,1214,-1,1214,1226,1227,-1,1214,1227,1228,-1,1228,1229,1214,-1,1214,1229,1230,-1,1214,1230,1231,-1,1231,1232,1214,-1,1214,1232,1233,-1,1214,1233,1218,-1,1220,1234,1215,-1,1215,1234,1235,-1,1215,1235,1236,-1,1236,1237,1215,-1,1215,1237,1238,-1,1215,1238,1224,-1,1225,1239,1215,-1,1215,1239,1240,-1,1215,1240,1241,-1,1219,1211,1210,-1,1219,1210,1220,-1,1220,1210,1209,-1,1220,1209,1234,-1,1234,1209,1208,-1,1234,1208,1235,-1,1235,1208,1207,-1,1235,1207,1236,-1,1236,1207,1206,-1,1236,1206,1237,-1,1237,1206,1205,-1,1237,1205,1238,-1,1238,1205,1195,-1,1238,1195,1224,-1,1224,1195,1194,-1,1224,1194,1225,-1,1225,1194,1204,-1,1225,1204,1239,-1,1239,1204,1203,-1,1239,1203,1240,-1,1240,1203,1202,-1,1240,1202,1241,-1,1241,1202,1193,-1,1241,1193,1215,-1,1219,1218,1211,-1,1211,1218,1212,-1,1217,1186,1189,-1,1217,1189,1221,-1,1221,1189,1192,-1,1221,1192,1222,-1,1222,1192,1191,-1,1222,1191,1223,-1,1223,1191,1190,-1,1223,1190,1226,-1,1226,1190,1201,-1,1226,1201,1227,-1,1227,1201,1200,-1,1227,1200,1228,-1,1228,1200,1199,-1,1228,1199,1229,-1,1229,1199,1198,-1,1229,1198,1230,-1,1230,1198,1197,-1,1230,1197,1231,-1,1231,1197,1196,-1,1231,1196,1232,-1,1232,1196,1213,-1,1232,1213,1233,-1,1233,1213,1212,-1,1233,1212,1218,-1,1217,1216,1186,-1,1186,1216,1187,-1,1214,1188,1216,-1,1216,1188,1187,-1,1242,1243,1244,-1,1244,1243,1245,-1,1245,1243,1246,-1,1245,1246,1247,-1,1248,1249,1250,-1,1249,1251,1250,-1,1250,1251,1252,-1,1250,1252,1253,-1,1248,1250,1243,-1,1243,1250,1254,-1,1243,1254,1255,-1,1255,1256,1243,-1,1243,1256,1257,-1,1243,1257,1246,-1,1258,1259,1244,-1,1244,1259,1260,-1,1244,1260,1242,-1,1258,1261,1259,-1,1259,1261,1262,-1,1259,1262,1263,-1,1263,1264,1259,-1,1259,1264,1265,-1,1259,1265,1266,-1,1266,1265,1267,-1,1245,1268,1244,-1,1244,1268,1269,-1,1244,1269,1270,-1,1244,1270,1258,-1,1258,1270,1271,-1,1258,1271,1261,-1,1261,1271,1272,-1,1261,1272,1262,-1,1262,1272,1273,-1,1262,1273,1263,-1,1263,1273,1274,-1,1263,1274,1264,-1,1264,1274,1275,-1,1264,1275,1265,-1,1265,1275,1276,-1,1265,1276,1267,-1,1267,1276,1277,-1,1267,1277,1266,-1,1266,1277,1278,-1,1266,1278,1259,-1,1259,1278,1279,-1,1259,1279,1260,-1,1260,1279,1280,-1,1260,1280,1242,-1,1242,1280,1243,-1,1243,1280,1281,-1,1282,1283,1281,-1,1280,1269,1281,-1,1281,1269,1268,-1,1281,1268,1282,-1,1283,1284,1281,-1,1281,1284,1285,-1,1281,1285,1286,-1,1287,1288,1289,-1,1289,1288,1281,-1,1289,1281,1290,-1,1290,1281,1286,-1,1287,1289,1291,-1,1291,1289,1292,-1,1291,1292,1293,-1,1274,1278,1275,-1,1275,1278,1277,-1,1275,1277,1276,-1,1274,1273,1278,-1,1278,1273,1272,-1,1278,1272,1271,-1,1280,1279,1269,-1,1269,1279,1278,-1,1269,1278,1270,-1,1270,1278,1271,-1,1243,1281,1288,-1,1243,1288,1248,-1,1248,1288,1287,-1,1248,1287,1249,-1,1249,1287,1291,-1,1249,1291,1251,-1,1251,1291,1293,-1,1251,1293,1252,-1,1252,1293,1292,-1,1252,1292,1253,-1,1253,1292,1289,-1,1253,1289,1250,-1,1250,1289,1290,-1,1250,1290,1254,-1,1254,1290,1286,-1,1254,1286,1255,-1,1255,1286,1285,-1,1255,1285,1256,-1,1256,1285,1284,-1,1256,1284,1257,-1,1257,1284,1283,-1,1257,1283,1246,-1,1282,1268,1247,-1,1247,1268,1245,-1,1246,1283,1247,-1,1247,1283,1282,-1,877,875,874,-1,876,874,881,-1,878,877,879,-1,874,876,877,-1,877,876,880,-1,877,880,879,-1,885,884,881,-1,895,894,886,-1,884,883,881,-1,881,883,882,-1,881,882,876,-1,885,881,886,-1,886,881,896,-1,886,896,895,-1,878,879,887,-1,887,879,892,-1,887,892,893,-1,893,891,887,-1,887,891,890,-1,887,890,888,-1,888,890,889,-1,894,899,886,-1,886,899,898,-1,886,898,897,-1,874,1294,881,-1,881,1294,1295,-1,881,1295,1296,-1,881,1296,896,-1,896,1296,1297,-1,896,1297,895,-1,895,1297,1298,-1,895,1298,894,-1,894,1298,1299,-1,894,1299,899,-1,899,1299,1300,-1,899,1300,898,-1,898,1300,1301,-1,898,1301,897,-1,897,1301,1302,-1,897,1302,886,-1,886,1302,1303,-1,886,1303,885,-1,885,1303,1304,-1,885,1304,884,-1,884,1304,1305,-1,884,1305,883,-1,883,1305,1306,-1,883,1306,882,-1,882,1306,876,-1,876,1306,1307,-1,1294,1308,1307,-1,1307,1308,1309,-1,1310,1311,1309,-1,1309,1311,1312,-1,1309,1312,1307,-1,1294,1307,1295,-1,1295,1307,1306,-1,1295,1306,1305,-1,1305,1304,1295,-1,1295,1304,1303,-1,1295,1303,1302,-1,1310,1313,1311,-1,1311,1313,1314,-1,1311,1314,1315,-1,1315,1316,1311,-1,1311,1316,1317,-1,1311,1317,1318,-1,1318,1317,1319,-1,1298,1297,1302,-1,1302,1297,1296,-1,1302,1296,1295,-1,1301,1300,1302,-1,1302,1300,1299,-1,1302,1299,1298,-1,876,1307,1312,-1,876,1312,880,-1,880,1312,1311,-1,880,1311,879,-1,879,1311,1318,-1,879,1318,892,-1,892,1318,1319,-1,892,1319,893,-1,893,1319,1317,-1,893,1317,891,-1,891,1317,1316,-1,891,1316,890,-1,890,1316,1315,-1,890,1315,889,-1,889,1315,1314,-1,889,1314,888,-1,888,1314,1313,-1,888,1313,887,-1,887,1313,1310,-1,887,1310,878,-1,878,1310,1309,-1,878,1309,877,-1,1308,1294,875,-1,875,1294,874,-1,877,1309,875,-1,875,1309,1308,-1,1320,1321,1322,-1,1322,1323,1320,-1,1320,1323,1324,-1,1320,1324,1325,-1,1326,1320,1327,-1,1327,1320,1328,-1,1320,1329,1330,-1,1330,1331,1320,-1,1320,1331,1332,-1,1320,1332,1333,-1,1325,1334,1320,-1,1320,1334,1335,-1,1320,1335,1329,-1,1333,1336,1320,-1,1320,1336,1337,-1,1320,1337,1328,-1,1338,1339,1340,-1,1340,1339,1341,-1,1342,1343,1327,-1,1327,1343,1344,-1,1327,1344,1326,-1,1341,1339,1327,-1,1327,1339,1345,-1,1327,1345,1342,-1,1322,1346,1323,-1,1323,1346,1347,-1,1323,1347,1348,-1,1323,1348,1324,-1,1324,1348,1349,-1,1324,1349,1325,-1,1325,1349,1350,-1,1325,1350,1334,-1,1334,1350,1351,-1,1334,1351,1335,-1,1335,1351,1352,-1,1335,1352,1329,-1,1329,1352,1353,-1,1329,1353,1330,-1,1330,1353,1354,-1,1330,1354,1331,-1,1331,1354,1355,-1,1331,1355,1332,-1,1332,1355,1356,-1,1332,1356,1333,-1,1333,1356,1357,-1,1333,1357,1336,-1,1336,1357,1358,-1,1336,1358,1337,-1,1337,1358,1328,-1,1328,1358,1359,-1,1346,1360,1347,-1,1347,1360,1361,-1,1362,1363,1347,-1,1363,1359,1347,-1,1347,1359,1358,-1,1347,1358,1348,-1,1361,1364,1347,-1,1347,1364,1365,-1,1347,1365,1366,-1,1366,1367,1347,-1,1347,1367,1368,-1,1347,1368,1369,-1,1356,1355,1349,-1,1349,1355,1354,-1,1349,1354,1353,-1,1353,1352,1349,-1,1349,1352,1351,-1,1349,1351,1350,-1,1348,1358,1349,-1,1349,1358,1357,-1,1349,1357,1356,-1,1369,1370,1347,-1,1347,1370,1371,-1,1347,1371,1362,-1,1328,1359,1363,-1,1328,1363,1327,-1,1327,1363,1362,-1,1327,1362,1341,-1,1341,1362,1371,-1,1341,1371,1340,-1,1340,1371,1370,-1,1340,1370,1338,-1,1338,1370,1369,-1,1338,1369,1339,-1,1339,1369,1368,-1,1339,1368,1345,-1,1345,1368,1367,-1,1345,1367,1342,-1,1342,1367,1366,-1,1342,1366,1343,-1,1343,1366,1365,-1,1343,1365,1344,-1,1344,1365,1364,-1,1344,1364,1326,-1,1326,1364,1361,-1,1326,1361,1320,-1,1360,1346,1321,-1,1321,1346,1322,-1,1320,1361,1321,-1,1321,1361,1360,-1,1372,1373,1374,-1,1375,1376,1374,-1,1374,1376,1377,-1,1378,1379,1374,-1,1373,1380,1374,-1,1374,1380,1381,-1,1374,1381,1382,-1,1379,1383,1374,-1,1374,1383,1384,-1,1374,1384,1372,-1,1385,1386,1382,-1,1385,1382,1387,-1,1386,1388,1382,-1,1382,1388,1389,-1,1382,1389,1374,-1,1377,1390,1374,-1,1374,1390,1391,-1,1374,1391,1392,-1,1392,1393,1374,-1,1374,1393,1394,-1,1374,1394,1378,-1,1387,1382,1395,-1,1395,1382,1396,-1,1395,1396,1397,-1,1398,1399,1376,-1,1376,1399,1377,-1,1398,1400,1399,-1,1399,1400,1401,-1,1402,1403,1401,-1,1401,1403,1404,-1,1401,1404,1405,-1,1405,1406,1401,-1,1401,1406,1407,-1,1401,1407,1408,-1,1408,1409,1401,-1,1401,1409,1410,-1,1401,1410,1411,-1,1402,1412,1403,-1,1403,1412,1413,-1,1403,1413,1414,-1,1411,1415,1401,-1,1401,1415,1416,-1,1401,1416,1417,-1,1417,1418,1401,-1,1401,1418,1419,-1,1401,1419,1399,-1,1414,1420,1403,-1,1403,1420,1421,-1,1403,1421,1422,-1,1422,1421,1423,-1,1406,1373,1372,-1,1406,1372,1407,-1,1407,1372,1384,-1,1407,1384,1408,-1,1408,1384,1383,-1,1408,1383,1409,-1,1409,1383,1379,-1,1409,1379,1410,-1,1410,1379,1378,-1,1410,1378,1411,-1,1411,1378,1394,-1,1411,1394,1415,-1,1415,1394,1393,-1,1415,1393,1416,-1,1416,1393,1392,-1,1416,1392,1417,-1,1417,1392,1391,-1,1417,1391,1418,-1,1418,1391,1390,-1,1418,1390,1419,-1,1419,1390,1377,-1,1419,1377,1399,-1,1406,1405,1373,-1,1373,1405,1380,-1,1401,1374,1389,-1,1401,1389,1402,-1,1402,1389,1388,-1,1402,1388,1412,-1,1412,1388,1386,-1,1412,1386,1413,-1,1413,1386,1385,-1,1413,1385,1414,-1,1414,1385,1387,-1,1414,1387,1420,-1,1420,1387,1395,-1,1420,1395,1421,-1,1421,1395,1397,-1,1421,1397,1423,-1,1423,1397,1396,-1,1423,1396,1422,-1,1422,1396,1382,-1,1422,1382,1403,-1,1403,1382,1381,-1,1403,1381,1404,-1,1404,1381,1380,-1,1404,1380,1405,-1,1401,1400,1374,-1,1374,1400,1375,-1,1398,1376,1400,-1,1400,1376,1375,-1,1424,1425,1426,-1,1427,1426,1428,-1,1426,1427,1424,-1,1424,1427,1429,-1,1424,1429,1430,-1,1431,1432,1428,-1,1428,1432,1433,-1,1428,1433,1427,-1,1434,1428,1435,-1,1430,1436,1424,-1,1424,1436,1437,-1,1424,1437,1438,-1,1439,1440,1441,-1,1434,1442,1428,-1,1428,1442,1443,-1,1428,1443,1431,-1,1438,1444,1424,-1,1424,1444,1439,-1,1424,1439,1445,-1,1445,1439,1441,-1,1435,1446,1434,-1,1434,1446,1447,-1,1434,1447,1448,-1,1448,1447,1449,-1,1426,1450,1428,-1,1428,1450,1451,-1,1428,1451,1452,-1,1428,1452,1435,-1,1435,1452,1453,-1,1435,1453,1446,-1,1446,1453,1454,-1,1446,1454,1447,-1,1447,1454,1455,-1,1447,1455,1449,-1,1449,1455,1456,-1,1449,1456,1448,-1,1448,1456,1457,-1,1448,1457,1434,-1,1434,1457,1458,-1,1434,1458,1442,-1,1442,1458,1459,-1,1442,1459,1443,-1,1443,1459,1460,-1,1443,1460,1431,-1,1431,1460,1461,-1,1431,1461,1432,-1,1432,1461,1462,-1,1432,1462,1433,-1,1433,1462,1427,-1,1427,1462,1463,-1,1450,1463,1451,-1,1451,1463,1462,-1,1464,1465,1466,-1,1450,1467,1463,-1,1463,1467,1466,-1,1463,1466,1468,-1,1468,1466,1469,-1,1470,1471,1472,-1,1465,1473,1466,-1,1466,1473,1474,-1,1466,1474,1469,-1,1462,1461,1451,-1,1451,1461,1460,-1,1451,1460,1459,-1,1464,1466,1472,-1,1472,1466,1475,-1,1472,1475,1470,-1,1459,1458,1451,-1,1451,1458,1457,-1,1451,1457,1456,-1,1453,1452,1454,-1,1454,1452,1451,-1,1454,1451,1455,-1,1455,1451,1456,-1,1427,1463,1468,-1,1427,1468,1429,-1,1429,1468,1469,-1,1429,1469,1430,-1,1430,1469,1474,-1,1430,1474,1436,-1,1436,1474,1473,-1,1436,1473,1437,-1,1437,1473,1465,-1,1437,1465,1438,-1,1438,1465,1464,-1,1438,1464,1444,-1,1444,1464,1472,-1,1444,1472,1439,-1,1439,1472,1471,-1,1439,1471,1440,-1,1440,1471,1470,-1,1440,1470,1441,-1,1441,1470,1475,-1,1441,1475,1445,-1,1445,1475,1466,-1,1445,1466,1424,-1,1467,1450,1425,-1,1425,1450,1426,-1,1424,1466,1425,-1,1425,1466,1467,-1,1476,1477,1478,-1,1478,1477,1479,-1,1480,1481,1482,-1,1476,1483,1477,-1,1477,1483,1482,-1,1477,1482,1484,-1,1484,1482,1485,-1,1486,1487,1488,-1,1481,1489,1482,-1,1482,1489,1490,-1,1482,1490,1485,-1,1479,1491,1478,-1,1478,1491,1492,-1,1478,1492,1493,-1,1480,1482,1488,-1,1488,1482,1494,-1,1488,1494,1486,-1,1493,1495,1478,-1,1478,1495,1496,-1,1478,1496,1497,-1,1498,1499,1500,-1,1498,1500,1496,-1,1496,1500,1501,-1,1496,1501,1497,-1,1502,1503,1483,-1,1483,1503,1482,-1,1503,1502,1504,-1,1505,1504,1506,-1,1504,1505,1503,-1,1503,1505,1507,-1,1503,1507,1508,-1,1509,1510,1506,-1,1511,1512,1506,-1,1506,1512,1513,-1,1506,1513,1505,-1,1514,1515,1516,-1,1508,1517,1503,-1,1503,1517,1518,-1,1503,1518,1519,-1,1520,1521,1522,-1,1510,1523,1506,-1,1506,1523,1524,-1,1506,1524,1511,-1,1519,1525,1503,-1,1503,1525,1520,-1,1503,1520,1526,-1,1526,1520,1522,-1,1514,1516,1506,-1,1506,1516,1527,-1,1506,1527,1509,-1,1505,1477,1484,-1,1505,1484,1507,-1,1507,1484,1485,-1,1507,1485,1508,-1,1508,1485,1490,-1,1508,1490,1517,-1,1517,1490,1489,-1,1517,1489,1518,-1,1518,1489,1481,-1,1518,1481,1519,-1,1519,1481,1480,-1,1519,1480,1525,-1,1525,1480,1488,-1,1525,1488,1520,-1,1520,1488,1487,-1,1520,1487,1521,-1,1521,1487,1486,-1,1521,1486,1522,-1,1522,1486,1494,-1,1522,1494,1526,-1,1526,1494,1482,-1,1526,1482,1503,-1,1505,1513,1477,-1,1477,1513,1479,-1,1506,1478,1497,-1,1506,1497,1514,-1,1514,1497,1501,-1,1514,1501,1515,-1,1515,1501,1500,-1,1515,1500,1516,-1,1516,1500,1499,-1,1516,1499,1527,-1,1527,1499,1498,-1,1527,1498,1509,-1,1509,1498,1496,-1,1509,1496,1510,-1,1510,1496,1495,-1,1510,1495,1523,-1,1523,1495,1493,-1,1523,1493,1524,-1,1524,1493,1492,-1,1524,1492,1511,-1,1511,1492,1491,-1,1511,1491,1512,-1,1512,1491,1479,-1,1512,1479,1513,-1,1506,1504,1478,-1,1478,1504,1476,-1,1502,1483,1504,-1,1504,1483,1476,-1,1528,1529,1530,-1,1530,1529,1531,-1,1532,1533,1531,-1,1531,1533,1534,-1,1531,1534,1530,-1,1528,1530,1535,-1,1535,1530,1536,-1,1535,1536,1537,-1,1537,1538,1535,-1,1535,1538,1539,-1,1535,1539,1540,-1,1532,1541,1533,-1,1533,1541,1542,-1,1533,1542,1543,-1,1543,1544,1533,-1,1533,1544,1545,-1,1533,1545,1546,-1,1546,1545,1547,-1,1540,1548,1535,-1,1535,1548,1549,-1,1535,1549,1550,-1,1551,1552,1550,-1,1550,1552,1553,-1,1550,1553,1535,-1,1554,1555,1529,-1,1529,1555,1531,-1,1555,1554,1556,-1,1557,1556,1558,-1,1559,1555,1560,-1,1556,1557,1555,-1,1555,1557,1561,-1,1555,1561,1560,-1,1562,1563,1564,-1,1562,1564,1565,-1,1566,1567,1558,-1,1558,1567,1568,-1,1558,1568,1569,-1,1569,1570,1558,-1,1558,1570,1571,-1,1558,1571,1557,-1,1565,1564,1558,-1,1558,1564,1572,-1,1558,1572,1566,-1,1559,1560,1573,-1,1573,1560,1574,-1,1573,1574,1575,-1,1575,1576,1573,-1,1573,1576,1577,-1,1573,1577,1578,-1,1578,1577,1579,-1,1557,1530,1534,-1,1557,1534,1561,-1,1561,1534,1533,-1,1561,1533,1560,-1,1560,1533,1546,-1,1560,1546,1574,-1,1574,1546,1547,-1,1574,1547,1575,-1,1575,1547,1545,-1,1575,1545,1576,-1,1576,1545,1544,-1,1576,1544,1577,-1,1577,1544,1543,-1,1577,1543,1579,-1,1579,1543,1542,-1,1579,1542,1578,-1,1578,1542,1541,-1,1578,1541,1573,-1,1573,1541,1532,-1,1573,1532,1559,-1,1559,1532,1531,-1,1559,1531,1555,-1,1557,1571,1530,-1,1530,1571,1536,-1,1558,1535,1553,-1,1558,1553,1565,-1,1565,1553,1552,-1,1565,1552,1562,-1,1562,1552,1551,-1,1562,1551,1563,-1,1563,1551,1550,-1,1563,1550,1564,-1,1564,1550,1549,-1,1564,1549,1572,-1,1572,1549,1548,-1,1572,1548,1566,-1,1566,1548,1540,-1,1566,1540,1567,-1,1567,1540,1539,-1,1567,1539,1568,-1,1568,1539,1538,-1,1568,1538,1569,-1,1569,1538,1537,-1,1569,1537,1570,-1,1570,1537,1536,-1,1570,1536,1571,-1,1558,1556,1535,-1,1535,1556,1528,-1,1554,1529,1556,-1,1556,1529,1528,-1,1580,1581,1582,-1,1583,1584,1585,-1,1586,1587,1588,-1,1589,1590,1591,-1,1591,1590,1592,-1,1593,1592,1594,-1,1594,1592,1595,-1,1585,1596,1583,-1,1583,1596,1597,-1,1583,1597,1598,-1,1584,1583,1599,-1,1599,1583,1600,-1,1599,1600,1586,-1,1586,1600,1601,-1,1586,1601,1587,-1,1593,1602,1592,-1,1592,1602,1603,-1,1592,1603,1591,-1,1604,1580,1605,-1,1605,1580,1582,-1,1605,1582,1606,-1,1606,1582,1607,-1,1606,1607,1592,-1,1592,1607,1608,-1,1592,1608,1595,-1,1589,1609,1590,-1,1590,1609,1610,-1,1590,1610,1600,-1,1600,1610,1611,-1,1600,1611,1601,-1,1612,1613,1598,-1,1598,1613,1614,-1,1598,1614,1583,-1,1615,1616,1617,-1,1618,1619,1620,-1,1620,1619,1621,-1,1620,1621,1622,-1,1623,1582,1624,-1,1624,1582,1581,-1,1624,1581,1621,-1,1621,1581,1625,-1,1621,1625,1622,-1,1626,1627,1628,-1,1628,1627,1629,-1,1628,1629,1588,-1,1588,1629,1630,-1,1588,1630,1586,-1,1617,1616,1620,-1,1620,1616,1631,-1,1620,1631,1618,-1,1632,1633,1634,-1,1632,1634,1598,-1,1598,1634,1635,-1,1598,1635,1612,-1,1636,1637,1638,-1,1638,1637,1639,-1,1623,1640,1582,-1,1582,1640,1639,-1,1582,1639,1641,-1,1641,1639,1637,-1,1642,1643,1644,-1,1617,1645,1615,-1,1615,1645,1642,-1,1615,1642,1646,-1,1646,1642,1644,-1,1647,1648,1627,-1,1627,1648,1629,-1,1649,1650,1644,-1,1644,1650,1646,-1,1651,1652,1653,-1,1654,1655,1656,-1,1656,1655,1657,-1,1656,1657,1658,-1,1658,1657,1659,-1,1658,1659,1660,-1,1661,1662,1663,-1,1663,1662,1664,-1,1663,1664,1665,-1,1666,1667,1668,-1,1663,1651,1669,-1,1669,1651,1653,-1,1669,1653,1670,-1,1670,1653,1671,-1,1670,1671,1672,-1,1672,1671,1658,-1,1672,1658,1673,-1,1673,1658,1674,-1,1660,1675,1658,-1,1658,1675,1676,-1,1658,1676,1674,-1,1656,1677,1678,-1,1678,1677,1679,-1,1679,1677,1680,-1,1679,1680,1681,-1,1668,1667,1682,-1,1678,1683,1656,-1,1656,1683,1684,-1,1656,1684,1654,-1,1654,1684,1685,-1,1654,1685,1686,-1,1687,1688,1689,-1,1682,1667,1664,-1,1664,1667,1690,-1,1664,1690,1665,-1,1689,1688,1691,-1,1692,1693,1694,-1,1694,1693,1695,-1,1681,1696,1679,-1,1679,1696,1693,-1,1679,1693,1697,-1,1697,1693,1692,-1,1698,1699,1669,-1,1669,1699,1700,-1,1669,1700,1663,-1,1663,1700,1701,-1,1663,1701,1661,-1,1702,1703,1704,-1,1698,1705,1699,-1,1699,1705,1702,-1,1699,1702,1706,-1,1706,1702,1704,-1,1686,1685,1688,-1,1688,1685,1707,-1,1688,1707,1691,-1,1649,1708,1650,-1,1650,1708,1709,-1,1650,1709,1668,-1,1668,1709,1710,-1,1668,1710,1666,-1,1647,1711,1648,-1,1648,1711,1712,-1,1648,1712,1689,-1,1689,1712,1713,-1,1689,1713,1687,-1,1700,1624,1701,-1,1701,1624,1621,-1,1701,1621,1661,-1,1661,1621,1619,-1,1661,1619,1662,-1,1662,1619,1618,-1,1662,1618,1664,-1,1664,1618,1631,-1,1664,1631,1682,-1,1682,1631,1616,-1,1682,1616,1668,-1,1668,1616,1615,-1,1668,1615,1650,-1,1650,1615,1646,-1,1700,1699,1624,-1,1624,1699,1623,-1,1669,1582,1641,-1,1669,1641,1698,-1,1698,1641,1637,-1,1698,1637,1705,-1,1705,1637,1636,-1,1705,1636,1702,-1,1702,1636,1638,-1,1702,1638,1703,-1,1703,1638,1639,-1,1703,1639,1704,-1,1704,1639,1640,-1,1704,1640,1706,-1,1706,1640,1623,-1,1706,1623,1699,-1,1669,1670,1582,-1,1582,1670,1607,-1,1659,1591,1603,-1,1659,1603,1660,-1,1660,1603,1602,-1,1660,1602,1675,-1,1675,1602,1593,-1,1675,1593,1676,-1,1676,1593,1594,-1,1676,1594,1674,-1,1674,1594,1595,-1,1674,1595,1673,-1,1673,1595,1608,-1,1673,1608,1672,-1,1672,1608,1607,-1,1672,1607,1670,-1,1659,1657,1591,-1,1591,1657,1589,-1,1712,1628,1713,-1,1713,1628,1588,-1,1713,1588,1687,-1,1687,1588,1587,-1,1687,1587,1688,-1,1688,1587,1601,-1,1688,1601,1686,-1,1686,1601,1611,-1,1686,1611,1654,-1,1654,1611,1610,-1,1654,1610,1655,-1,1655,1610,1609,-1,1655,1609,1657,-1,1657,1609,1589,-1,1712,1711,1628,-1,1628,1711,1626,-1,1678,1597,1683,-1,1683,1597,1596,-1,1683,1596,1684,-1,1684,1596,1585,-1,1684,1585,1685,-1,1685,1585,1584,-1,1685,1584,1707,-1,1707,1584,1599,-1,1707,1599,1691,-1,1691,1599,1586,-1,1691,1586,1689,-1,1689,1586,1630,-1,1689,1630,1648,-1,1648,1630,1629,-1,1678,1679,1597,-1,1597,1679,1598,-1,1681,1614,1613,-1,1681,1613,1696,-1,1696,1613,1612,-1,1696,1612,1693,-1,1693,1612,1635,-1,1693,1635,1695,-1,1695,1635,1634,-1,1695,1634,1694,-1,1694,1634,1633,-1,1694,1633,1692,-1,1692,1633,1632,-1,1692,1632,1697,-1,1697,1632,1598,-1,1697,1598,1679,-1,1681,1680,1614,-1,1614,1680,1583,-1,1652,1604,1653,-1,1653,1604,1605,-1,1653,1605,1671,-1,1671,1605,1606,-1,1671,1606,1658,-1,1658,1606,1592,-1,1658,1592,1656,-1,1656,1592,1590,-1,1656,1590,1677,-1,1677,1590,1600,-1,1677,1600,1680,-1,1680,1600,1583,-1,1652,1651,1604,-1,1604,1651,1580,-1,1709,1642,1710,-1,1710,1642,1645,-1,1710,1645,1666,-1,1666,1645,1617,-1,1666,1617,1667,-1,1667,1617,1620,-1,1667,1620,1690,-1,1690,1620,1622,-1,1690,1622,1665,-1,1665,1622,1625,-1,1665,1625,1663,-1,1663,1625,1581,-1,1663,1581,1651,-1,1651,1581,1580,-1,1709,1708,1642,-1,1642,1708,1643,-1,1647,1627,1711,-1,1711,1627,1626,-1,1649,1644,1708,-1,1708,1644,1643,-1,1714,1715,1716,-1,1717,1718,1719,-1,1719,1718,1720,-1,1719,1720,1721,-1,1721,1720,1722,-1,1714,1716,1723,-1,1724,1725,1720,-1,1720,1725,1726,-1,1720,1726,1727,-1,1727,1728,1720,-1,1720,1728,1729,-1,1720,1729,1730,-1,1723,1716,1720,-1,1720,1716,1731,-1,1720,1731,1724,-1,1730,1732,1720,-1,1720,1732,1733,-1,1720,1733,1734,-1,1734,1735,1720,-1,1720,1735,1736,-1,1720,1736,1737,-1,1737,1738,1720,-1,1720,1738,1739,-1,1720,1739,1722,-1,1718,1740,1720,-1,1720,1740,1741,-1,1720,1741,1742,-1,1720,1742,1723,-1,1723,1742,1743,-1,1723,1743,1714,-1,1714,1743,1744,-1,1714,1744,1715,-1,1715,1744,1745,-1,1715,1745,1716,-1,1716,1745,1746,-1,1716,1746,1731,-1,1731,1746,1747,-1,1731,1747,1724,-1,1724,1747,1748,-1,1724,1748,1725,-1,1725,1748,1749,-1,1725,1749,1726,-1,1726,1749,1750,-1,1726,1750,1727,-1,1727,1750,1751,-1,1727,1751,1728,-1,1728,1751,1752,-1,1728,1752,1729,-1,1729,1752,1730,-1,1730,1752,1753,-1,1754,1753,1741,-1,1740,1755,1741,-1,1741,1755,1756,-1,1754,1741,1757,-1,1756,1758,1741,-1,1741,1758,1759,-1,1741,1759,1760,-1,1753,1752,1741,-1,1741,1752,1751,-1,1741,1751,1750,-1,1750,1749,1741,-1,1741,1749,1748,-1,1741,1748,1747,-1,1745,1744,1743,-1,1760,1761,1741,-1,1741,1761,1762,-1,1741,1762,1763,-1,1747,1746,1741,-1,1741,1746,1745,-1,1741,1745,1742,-1,1742,1745,1743,-1,1763,1764,1741,-1,1741,1764,1765,-1,1741,1765,1757,-1,1730,1753,1754,-1,1730,1754,1732,-1,1732,1754,1757,-1,1732,1757,1733,-1,1733,1757,1765,-1,1733,1765,1734,-1,1734,1765,1764,-1,1734,1764,1735,-1,1735,1764,1763,-1,1735,1763,1736,-1,1736,1763,1762,-1,1736,1762,1737,-1,1737,1762,1761,-1,1737,1761,1738,-1,1738,1761,1760,-1,1738,1760,1739,-1,1739,1760,1759,-1,1739,1759,1722,-1,1722,1759,1758,-1,1722,1758,1721,-1,1721,1758,1756,-1,1721,1756,1719,-1,1755,1740,1717,-1,1717,1740,1718,-1,1719,1756,1717,-1,1717,1756,1755,-1,1188,1187,1193,-1,1193,1187,1186,-1,1212,1211,1193,-1,1193,1211,1210,-1,1186,1189,1193,-1,1193,1189,1192,-1,1193,1192,1191,-1,1195,1194,1193,-1,1191,1190,1193,-1,1193,1190,1201,-1,1193,1201,1200,-1,1200,1199,1193,-1,1193,1199,1198,-1,1193,1198,1197,-1,1197,1196,1193,-1,1193,1196,1213,-1,1193,1213,1212,-1,1210,1209,1193,-1,1193,1209,1208,-1,1193,1208,1207,-1,1207,1206,1193,-1,1193,1206,1205,-1,1193,1205,1195,-1,1194,1204,1193,-1,1193,1204,1203,-1,1193,1203,1202,-1,1187,1766,1186,-1,1186,1766,1767,-1,1186,1767,1768,-1,1186,1768,1189,-1,1189,1768,1769,-1,1189,1769,1192,-1,1192,1769,1770,-1,1192,1770,1191,-1,1191,1770,1771,-1,1191,1771,1190,-1,1190,1771,1772,-1,1190,1772,1201,-1,1201,1772,1773,-1,1201,1773,1200,-1,1200,1773,1774,-1,1200,1774,1199,-1,1199,1774,1775,-1,1199,1775,1198,-1,1198,1775,1776,-1,1198,1776,1197,-1,1197,1776,1777,-1,1197,1777,1196,-1,1196,1777,1778,-1,1196,1778,1213,-1,1213,1778,1779,-1,1213,1779,1212,-1,1212,1779,1211,-1,1211,1779,1780,-1,1767,1766,1781,-1,1767,1781,1768,-1,1771,1770,1781,-1,1781,1770,1769,-1,1781,1769,1768,-1,1782,1783,1784,-1,1777,1776,1781,-1,1781,1776,1775,-1,1781,1775,1774,-1,1774,1773,1781,-1,1781,1773,1772,-1,1781,1772,1771,-1,1782,1785,1783,-1,1783,1785,1786,-1,1783,1786,1787,-1,1784,1788,1782,-1,1782,1788,1789,-1,1782,1789,1790,-1,1790,1791,1782,-1,1782,1791,1792,-1,1782,1792,1793,-1,1793,1780,1782,-1,1782,1780,1779,-1,1782,1779,1781,-1,1781,1779,1778,-1,1781,1778,1777,-1,1211,1780,1793,-1,1211,1793,1210,-1,1210,1793,1792,-1,1210,1792,1209,-1,1209,1792,1791,-1,1209,1791,1208,-1,1208,1791,1790,-1,1208,1790,1207,-1,1207,1790,1789,-1,1207,1789,1206,-1,1206,1789,1788,-1,1206,1788,1205,-1,1205,1788,1784,-1,1205,1784,1195,-1,1195,1784,1783,-1,1195,1783,1194,-1,1194,1783,1787,-1,1194,1787,1204,-1,1204,1787,1786,-1,1204,1786,1203,-1,1203,1786,1785,-1,1203,1785,1202,-1,1202,1785,1782,-1,1202,1782,1193,-1,1781,1766,1188,-1,1188,1766,1187,-1,1193,1782,1188,-1,1188,1782,1781,-1,1085,1087,1083,-1,1083,1087,1086,-1,1083,1086,1091,-1,1085,1083,1084,-1,1084,1083,1082,-1,1084,1082,1106,-1,1090,1089,1088,-1,1091,1086,1092,-1,1092,1086,1093,-1,1092,1093,1094,-1,1094,1105,1092,-1,1092,1105,1104,-1,1092,1104,1088,-1,1088,1104,1103,-1,1088,1103,1090,-1,1102,1101,1097,-1,1097,1101,1100,-1,1097,1100,1099,-1,1099,1098,1097,-1,1097,1098,1096,-1,1097,1096,1095,-1,1106,1082,1097,-1,1097,1082,1107,-1,1097,1107,1102,-1,1794,1795,1087,-1,1087,1795,1086,-1,1796,1797,1798,-1,1798,1797,1799,-1,1799,1797,1795,-1,1799,1795,1794,-1,1800,1801,1802,-1,1797,1803,1795,-1,1795,1803,1804,-1,1795,1804,1805,-1,1805,1804,1806,-1,1807,1808,1809,-1,1809,1808,1810,-1,1809,1810,1811,-1,1811,1812,1809,-1,1809,1812,1813,-1,1809,1813,1814,-1,1802,1815,1800,-1,1800,1815,1816,-1,1800,1816,1804,-1,1804,1816,1817,-1,1804,1817,1806,-1,1798,1818,1796,-1,1796,1818,1809,-1,1796,1809,1819,-1,1819,1809,1814,-1,1797,1083,1091,-1,1797,1091,1803,-1,1803,1091,1092,-1,1803,1092,1804,-1,1804,1092,1088,-1,1804,1088,1800,-1,1800,1088,1089,-1,1800,1089,1801,-1,1801,1089,1090,-1,1801,1090,1802,-1,1802,1090,1103,-1,1802,1103,1815,-1,1815,1103,1104,-1,1815,1104,1816,-1,1816,1104,1105,-1,1816,1105,1817,-1,1817,1105,1094,-1,1817,1094,1806,-1,1806,1094,1093,-1,1806,1093,1805,-1,1805,1093,1086,-1,1805,1086,1795,-1,1797,1796,1083,-1,1083,1796,1082,-1,1798,1084,1106,-1,1798,1106,1818,-1,1818,1106,1097,-1,1818,1097,1809,-1,1809,1097,1095,-1,1809,1095,1807,-1,1807,1095,1096,-1,1807,1096,1808,-1,1808,1096,1098,-1,1808,1098,1810,-1,1810,1098,1099,-1,1810,1099,1811,-1,1811,1099,1100,-1,1811,1100,1812,-1,1812,1100,1101,-1,1812,1101,1813,-1,1813,1101,1102,-1,1813,1102,1814,-1,1814,1102,1107,-1,1814,1107,1819,-1,1819,1107,1082,-1,1819,1082,1796,-1,1798,1799,1084,-1,1084,1799,1085,-1,1794,1087,1799,-1,1799,1087,1085,-1,1033,1031,1030,-1,1030,1032,1033,-1,1033,1032,1048,-1,1033,1048,1047,-1,1047,1046,1033,-1,1033,1046,1045,-1,1033,1045,1044,-1,1044,1043,1033,-1,1033,1043,1042,-1,1033,1042,1041,-1,1041,1040,1033,-1,1033,1040,1039,-1,1033,1039,1038,-1,1038,1034,1033,-1,1033,1034,1035,-1,1033,1035,1036,-1,1036,1035,1037,-1,1036,1037,1055,-1,1050,1049,1051,-1,1051,1049,1036,-1,1051,1036,1052,-1,1055,1054,1036,-1,1036,1054,1053,-1,1036,1053,1052,-1,1030,1820,1032,-1,1032,1820,1821,-1,1032,1821,1822,-1,1032,1822,1048,-1,1048,1822,1823,-1,1048,1823,1047,-1,1047,1823,1824,-1,1047,1824,1046,-1,1046,1824,1825,-1,1046,1825,1045,-1,1045,1825,1826,-1,1045,1826,1044,-1,1044,1826,1827,-1,1044,1827,1043,-1,1043,1827,1828,-1,1043,1828,1042,-1,1042,1828,1829,-1,1042,1829,1041,-1,1041,1829,1830,-1,1041,1830,1040,-1,1040,1830,1831,-1,1040,1831,1039,-1,1039,1831,1832,-1,1039,1832,1038,-1,1038,1832,1034,-1,1034,1832,1833,-1,1821,1820,1834,-1,1835,1836,1821,-1,1821,1836,1833,-1,1821,1833,1832,-1,1837,1838,1821,-1,1832,1831,1830,-1,1834,1839,1821,-1,1821,1839,1840,-1,1821,1840,1841,-1,1830,1829,1832,-1,1832,1829,1828,-1,1832,1828,1827,-1,1827,1826,1832,-1,1832,1826,1825,-1,1832,1825,1824,-1,1824,1823,1832,-1,1832,1823,1822,-1,1832,1822,1821,-1,1841,1842,1821,-1,1821,1842,1843,-1,1821,1843,1837,-1,1838,1844,1821,-1,1821,1844,1845,-1,1821,1845,1835,-1,1034,1833,1836,-1,1034,1836,1035,-1,1035,1836,1835,-1,1035,1835,1037,-1,1037,1835,1845,-1,1037,1845,1055,-1,1055,1845,1844,-1,1055,1844,1054,-1,1054,1844,1838,-1,1054,1838,1053,-1,1053,1838,1837,-1,1053,1837,1052,-1,1052,1837,1843,-1,1052,1843,1051,-1,1051,1843,1842,-1,1051,1842,1050,-1,1050,1842,1841,-1,1050,1841,1049,-1,1049,1841,1840,-1,1049,1840,1036,-1,1036,1840,1839,-1,1036,1839,1033,-1,1834,1820,1031,-1,1031,1820,1030,-1,1033,1839,1031,-1,1031,1839,1834,-1,845,844,824,-1,824,844,846,-1,824,822,840,-1,833,832,824,-1,826,824,835,-1,835,824,836,-1,826,825,824,-1,824,825,823,-1,824,823,822,-1,846,847,824,-1,824,847,843,-1,824,843,842,-1,842,841,824,-1,824,841,837,-1,824,837,836,-1,840,839,824,-1,824,839,834,-1,824,834,833,-1,832,831,824,-1,824,831,830,-1,824,830,838,-1,838,829,824,-1,824,829,828,-1,824,828,827,-1,844,1846,846,-1,846,1846,1847,-1,846,1847,1848,-1,846,1848,847,-1,847,1848,1849,-1,847,1849,843,-1,843,1849,1850,-1,843,1850,842,-1,842,1850,1851,-1,842,1851,841,-1,841,1851,1852,-1,841,1852,837,-1,837,1852,1853,-1,837,1853,836,-1,836,1853,1854,-1,836,1854,835,-1,835,1854,1855,-1,835,1855,826,-1,826,1855,1856,-1,826,1856,825,-1,825,1856,1857,-1,825,1857,823,-1,823,1857,1858,-1,823,1858,822,-1,822,1858,840,-1,840,1858,1859,-1,1859,1858,1860,-1,1858,1857,1860,-1,1860,1857,1856,-1,1860,1856,1855,-1,1855,1854,1860,-1,1860,1854,1853,-1,1860,1853,1852,-1,1861,1862,1863,-1,1864,1865,1860,-1,1860,1865,1866,-1,1860,1866,1867,-1,1867,1868,1860,-1,1860,1868,1869,-1,1860,1869,1859,-1,1852,1851,1860,-1,1860,1851,1850,-1,1860,1850,1849,-1,1846,1870,1847,-1,1847,1870,1860,-1,1847,1860,1848,-1,1848,1860,1849,-1,1861,1863,1860,-1,1860,1863,1871,-1,1860,1871,1864,-1,840,1859,1869,-1,840,1869,839,-1,839,1869,1868,-1,839,1868,834,-1,834,1868,1867,-1,834,1867,833,-1,833,1867,1866,-1,833,1866,832,-1,832,1866,1865,-1,832,1865,831,-1,831,1865,1864,-1,831,1864,830,-1,830,1864,1871,-1,830,1871,838,-1,838,1871,1863,-1,838,1863,829,-1,829,1863,1862,-1,829,1862,828,-1,828,1862,1861,-1,828,1861,827,-1,827,1861,1860,-1,827,1860,824,-1,1870,1846,845,-1,845,1846,844,-1,824,1860,845,-1,845,1860,1870,-1,981,979,978,-1,980,978,984,-1,978,980,981,-1,981,980,987,-1,981,987,986,-1,1001,1002,1000,-1,1001,1000,984,-1,984,1000,999,-1,984,999,983,-1,983,982,984,-1,984,982,995,-1,984,995,980,-1,986,993,981,-1,981,993,994,-1,981,994,992,-1,990,989,988,-1,1002,1003,1000,-1,1000,1003,998,-1,1000,998,996,-1,996,998,997,-1,992,991,981,-1,981,991,990,-1,981,990,985,-1,985,990,988,-1,978,1872,984,-1,984,1872,1873,-1,984,1873,1874,-1,984,1874,1001,-1,1001,1874,1875,-1,1001,1875,1002,-1,1002,1875,1876,-1,1002,1876,1003,-1,1003,1876,1877,-1,1003,1877,998,-1,998,1877,1878,-1,998,1878,997,-1,997,1878,1879,-1,997,1879,996,-1,996,1879,1880,-1,996,1880,1000,-1,1000,1880,1881,-1,1000,1881,999,-1,999,1881,1882,-1,999,1882,983,-1,983,1882,1883,-1,983,1883,982,-1,982,1883,1884,-1,982,1884,995,-1,995,1884,980,-1,980,1884,1885,-1,1872,1886,1885,-1,1885,1886,1887,-1,1883,1882,1873,-1,1888,1889,1887,-1,1887,1889,1890,-1,1887,1890,1885,-1,1888,1891,1889,-1,1889,1891,1892,-1,1889,1892,1893,-1,1893,1894,1889,-1,1889,1894,1895,-1,1889,1895,1896,-1,1896,1895,1897,-1,1872,1885,1873,-1,1873,1885,1884,-1,1873,1884,1883,-1,1879,1878,1877,-1,1882,1881,1873,-1,1873,1881,1880,-1,1873,1880,1874,-1,1874,1880,1875,-1,1879,1877,1880,-1,1880,1877,1876,-1,1880,1876,1875,-1,980,1885,1890,-1,980,1890,987,-1,987,1890,1889,-1,987,1889,986,-1,986,1889,1896,-1,986,1896,993,-1,993,1896,1897,-1,993,1897,994,-1,994,1897,1895,-1,994,1895,992,-1,992,1895,1894,-1,992,1894,991,-1,991,1894,1893,-1,991,1893,990,-1,990,1893,1892,-1,990,1892,989,-1,989,1892,1891,-1,989,1891,988,-1,988,1891,1888,-1,988,1888,985,-1,985,1888,1887,-1,985,1887,981,-1,1886,1872,979,-1,979,1872,978,-1,981,1887,979,-1,979,1887,1886,-1,660,662,665,-1,665,662,661,-1,663,664,665,-1,665,664,666,-1,665,666,669,-1,661,659,665,-1,665,659,658,-1,665,658,685,-1,679,672,665,-1,679,665,680,-1,672,671,665,-1,665,671,670,-1,665,670,663,-1,669,668,665,-1,665,668,667,-1,665,667,683,-1,665,676,678,-1,678,675,665,-1,665,675,674,-1,665,674,673,-1,685,684,665,-1,665,684,681,-1,665,681,680,-1,683,682,665,-1,665,682,677,-1,665,677,676,-1,662,1898,661,-1,661,1898,1899,-1,661,1899,1900,-1,661,1900,659,-1,659,1900,1901,-1,659,1901,658,-1,658,1901,1902,-1,658,1902,685,-1,685,1902,1903,-1,685,1903,684,-1,684,1903,1904,-1,684,1904,681,-1,681,1904,1905,-1,681,1905,680,-1,680,1905,1906,-1,680,1906,679,-1,679,1906,1907,-1,679,1907,672,-1,672,1907,1908,-1,672,1908,671,-1,671,1908,1909,-1,671,1909,670,-1,670,1909,1910,-1,670,1910,663,-1,663,1910,1911,-1,663,1911,664,-1,664,1911,666,-1,666,1911,1912,-1,1901,1900,1913,-1,1913,1900,1899,-1,1913,1899,1898,-1,1910,1913,1911,-1,1911,1913,1914,-1,1911,1914,1912,-1,1915,1916,1914,-1,1914,1916,1917,-1,1914,1917,1912,-1,1910,1909,1913,-1,1913,1909,1908,-1,1913,1908,1907,-1,1918,1919,1920,-1,1914,1921,1922,-1,1918,1920,1914,-1,1914,1920,1923,-1,1914,1923,1921,-1,1907,1906,1913,-1,1913,1906,1905,-1,1913,1905,1904,-1,1922,1924,1914,-1,1914,1924,1925,-1,1914,1925,1915,-1,1904,1903,1913,-1,1913,1903,1902,-1,1913,1902,1901,-1,666,1912,1917,-1,666,1917,669,-1,669,1917,1916,-1,669,1916,668,-1,668,1916,1915,-1,668,1915,667,-1,667,1915,1925,-1,667,1925,683,-1,683,1925,1924,-1,683,1924,682,-1,682,1924,1922,-1,682,1922,677,-1,677,1922,1921,-1,677,1921,676,-1,676,1921,1923,-1,676,1923,678,-1,678,1923,1920,-1,678,1920,675,-1,675,1920,1919,-1,675,1919,674,-1,674,1919,1918,-1,674,1918,673,-1,673,1918,1914,-1,673,1914,665,-1,1913,1898,660,-1,660,1898,662,-1,665,1914,660,-1,660,1914,1913,-1,1926,1927,1928,-1,1929,1930,1931,-1,1931,1930,1928,-1,1931,1928,1932,-1,1926,1928,1933,-1,1934,1935,1928,-1,1935,1936,1928,-1,1928,1936,1937,-1,1928,1937,1938,-1,1928,1939,1933,-1,1933,1939,1940,-1,1933,1940,1941,-1,1927,1942,1928,-1,1928,1942,1943,-1,1928,1943,1934,-1,1938,1944,1928,-1,1928,1944,1945,-1,1928,1945,1932,-1,1941,1946,1933,-1,1933,1946,1947,-1,1933,1947,1948,-1,1949,1950,1948,-1,1948,1950,1951,-1,1948,1951,1933,-1,1952,1953,1930,-1,1930,1953,1928,-1,1954,1955,1956,-1,1952,1957,1953,-1,1953,1957,1956,-1,1953,1956,1958,-1,1958,1956,1959,-1,1960,1961,1962,-1,1962,1961,1963,-1,1962,1963,1964,-1,1964,1965,1962,-1,1962,1965,1966,-1,1962,1966,1967,-1,1955,1968,1956,-1,1956,1968,1969,-1,1956,1969,1970,-1,1956,1971,1954,-1,1954,1971,1962,-1,1954,1962,1972,-1,1972,1962,1967,-1,1970,1973,1956,-1,1956,1973,1974,-1,1956,1974,1975,-1,1975,1976,1956,-1,1956,1976,1977,-1,1956,1977,1959,-1,1955,1926,1933,-1,1955,1933,1968,-1,1968,1933,1951,-1,1968,1951,1969,-1,1969,1951,1950,-1,1969,1950,1970,-1,1970,1950,1949,-1,1970,1949,1973,-1,1973,1949,1948,-1,1973,1948,1974,-1,1974,1948,1947,-1,1974,1947,1975,-1,1975,1947,1946,-1,1975,1946,1976,-1,1976,1946,1941,-1,1976,1941,1977,-1,1977,1941,1940,-1,1977,1940,1959,-1,1959,1940,1939,-1,1959,1939,1958,-1,1958,1939,1928,-1,1958,1928,1953,-1,1955,1954,1926,-1,1926,1954,1927,-1,1956,1931,1932,-1,1956,1932,1971,-1,1971,1932,1945,-1,1971,1945,1962,-1,1962,1945,1944,-1,1962,1944,1960,-1,1960,1944,1938,-1,1960,1938,1961,-1,1961,1938,1937,-1,1961,1937,1963,-1,1963,1937,1936,-1,1963,1936,1964,-1,1964,1936,1935,-1,1964,1935,1965,-1,1965,1935,1934,-1,1965,1934,1966,-1,1966,1934,1943,-1,1966,1943,1967,-1,1967,1943,1942,-1,1967,1942,1972,-1,1972,1942,1927,-1,1972,1927,1954,-1,1956,1957,1931,-1,1931,1957,1929,-1,1952,1930,1957,-1,1957,1930,1929,-1,1928,1930,1929,-1,1929,1931,1928,-1,1928,1931,1932,-1,1928,1932,1945,-1,1939,1928,1933,-1,1933,1928,1926,-1,1928,1937,1936,-1,1936,1935,1928,-1,1928,1935,1934,-1,1928,1934,1943,-1,1945,1944,1928,-1,1928,1944,1938,-1,1928,1938,1937,-1,1943,1942,1928,-1,1928,1942,1927,-1,1928,1927,1926,-1,1949,1948,1950,-1,1950,1948,1951,-1,1946,1941,1933,-1,1933,1941,1940,-1,1933,1940,1939,-1,1951,1948,1933,-1,1933,1948,1947,-1,1933,1947,1946,-1,1929,1978,1931,-1,1931,1978,1979,-1,1931,1979,1980,-1,1931,1980,1932,-1,1932,1980,1981,-1,1932,1981,1945,-1,1945,1981,1982,-1,1945,1982,1944,-1,1944,1982,1983,-1,1944,1983,1938,-1,1938,1983,1984,-1,1938,1984,1937,-1,1937,1984,1985,-1,1937,1985,1936,-1,1936,1985,1986,-1,1936,1986,1935,-1,1935,1986,1987,-1,1935,1987,1934,-1,1934,1987,1988,-1,1934,1988,1943,-1,1943,1988,1989,-1,1943,1989,1942,-1,1942,1989,1990,-1,1942,1990,1927,-1,1927,1990,1926,-1,1926,1990,1991,-1,1978,1992,1979,-1,1979,1992,1993,-1,1994,1995,1979,-1,1995,1991,1979,-1,1979,1991,1990,-1,1979,1990,1980,-1,1993,1996,1979,-1,1979,1996,1997,-1,1979,1997,1998,-1,1998,1999,1979,-1,1979,1999,2000,-1,1979,2000,2001,-1,1988,1987,1981,-1,1981,1987,1986,-1,1981,1986,1985,-1,1985,1984,1981,-1,1981,1984,1983,-1,1981,1983,1982,-1,1980,1990,1981,-1,1981,1990,1989,-1,1981,1989,1988,-1,2001,2002,1979,-1,1979,2002,2003,-1,1979,2003,1994,-1,1926,1991,1995,-1,1926,1995,1933,-1,1933,1995,1994,-1,1933,1994,1951,-1,1951,1994,2003,-1,1951,2003,1950,-1,1950,2003,2002,-1,1950,2002,1949,-1,1949,2002,2001,-1,1949,2001,1948,-1,1948,2001,2000,-1,1948,2000,1947,-1,1947,2000,1999,-1,1947,1999,1946,-1,1946,1999,1998,-1,1946,1998,1941,-1,1941,1998,1997,-1,1941,1997,1940,-1,1940,1997,1996,-1,1940,1996,1939,-1,1939,1996,1993,-1,1939,1993,1928,-1,1992,1978,1930,-1,1930,1978,1929,-1,1928,1993,1930,-1,1930,1993,1992,-1,2004,2005,2006,-1,2007,2008,2006,-1,2006,2008,2009,-1,2006,2009,2004,-1,2005,2010,2006,-1,2006,2010,2011,-1,2006,2011,2012,-1,2013,2014,2015,-1,2015,2014,2006,-1,2015,2006,2016,-1,2016,2006,2012,-1,2013,2015,2017,-1,2017,2015,2018,-1,2017,2018,2019,-1,2007,2020,2008,-1,2008,2020,2021,-1,2008,2021,2022,-1,2023,2024,2025,-1,2025,2024,2008,-1,2025,2008,2026,-1,2026,2008,2022,-1,2023,2025,2027,-1,2027,2025,2028,-1,2027,2028,2029,-1,2030,2031,2004,-1,2004,2031,2005,-1,2032,2033,2034,-1,2034,2033,2031,-1,2034,2031,2030,-1,2035,2036,2037,-1,2038,2039,2032,-1,2039,2040,2032,-1,2032,2040,2041,-1,2032,2041,2033,-1,2036,2042,2037,-1,2037,2042,2043,-1,2037,2043,2044,-1,2035,2037,2033,-1,2033,2037,2045,-1,2033,2045,2046,-1,2046,2047,2033,-1,2033,2047,2048,-1,2033,2048,2031,-1,2049,2050,2051,-1,2051,2050,2052,-1,2051,2052,2053,-1,2053,2052,2054,-1,2049,2051,2032,-1,2032,2051,2055,-1,2032,2055,2038,-1,2033,2006,2014,-1,2033,2014,2035,-1,2035,2014,2013,-1,2035,2013,2036,-1,2036,2013,2017,-1,2036,2017,2042,-1,2042,2017,2019,-1,2042,2019,2043,-1,2043,2019,2018,-1,2043,2018,2044,-1,2044,2018,2015,-1,2044,2015,2037,-1,2037,2015,2016,-1,2037,2016,2045,-1,2045,2016,2012,-1,2045,2012,2046,-1,2046,2012,2011,-1,2046,2011,2047,-1,2047,2011,2010,-1,2047,2010,2048,-1,2048,2010,2005,-1,2048,2005,2031,-1,2033,2041,2006,-1,2006,2041,2007,-1,2032,2008,2024,-1,2032,2024,2049,-1,2049,2024,2023,-1,2049,2023,2050,-1,2050,2023,2027,-1,2050,2027,2052,-1,2052,2027,2029,-1,2052,2029,2054,-1,2054,2029,2028,-1,2054,2028,2053,-1,2053,2028,2025,-1,2053,2025,2051,-1,2051,2025,2026,-1,2051,2026,2055,-1,2055,2026,2022,-1,2055,2022,2038,-1,2038,2022,2021,-1,2038,2021,2039,-1,2039,2021,2020,-1,2039,2020,2040,-1,2040,2020,2007,-1,2040,2007,2041,-1,2032,2034,2008,-1,2008,2034,2009,-1,2030,2004,2034,-1,2034,2004,2009,-1,610,624,608,-1,622,621,608,-1,608,621,620,-1,608,620,614,-1,614,613,608,-1,608,613,612,-1,608,612,619,-1,619,618,608,-1,608,618,611,-1,608,611,610,-1,607,606,609,-1,609,606,608,-1,609,608,615,-1,615,608,616,-1,624,623,608,-1,608,623,617,-1,608,617,616,-1,631,629,630,-1,630,629,627,-1,629,628,627,-1,627,628,626,-1,627,626,608,-1,608,626,625,-1,608,625,622,-1,606,2056,608,-1,608,2056,2057,-1,608,2057,2058,-1,608,2058,627,-1,627,2058,2059,-1,627,2059,630,-1,630,2059,2060,-1,630,2060,631,-1,631,2060,2061,-1,631,2061,629,-1,629,2061,2062,-1,629,2062,628,-1,628,2062,2063,-1,628,2063,626,-1,626,2063,2064,-1,626,2064,625,-1,625,2064,2065,-1,625,2065,622,-1,622,2065,2066,-1,622,2066,621,-1,621,2066,2067,-1,621,2067,620,-1,620,2067,2068,-1,620,2068,614,-1,614,2068,613,-1,613,2068,2069,-1,2056,2070,2057,-1,2057,2070,2071,-1,2072,2073,2057,-1,2074,2069,2057,-1,2057,2069,2068,-1,2071,2075,2057,-1,2057,2075,2076,-1,2057,2076,2077,-1,2073,2078,2057,-1,2057,2078,2079,-1,2057,2079,2074,-1,2068,2067,2057,-1,2057,2067,2066,-1,2057,2066,2065,-1,2077,2080,2057,-1,2057,2080,2081,-1,2057,2081,2072,-1,2065,2064,2057,-1,2057,2064,2063,-1,2057,2063,2058,-1,2063,2062,2058,-1,2058,2062,2061,-1,2058,2061,2059,-1,2059,2061,2060,-1,613,2069,2074,-1,613,2074,612,-1,612,2074,2079,-1,612,2079,619,-1,619,2079,2078,-1,619,2078,618,-1,618,2078,2073,-1,618,2073,611,-1,611,2073,2072,-1,611,2072,610,-1,610,2072,2081,-1,610,2081,624,-1,624,2081,2080,-1,624,2080,623,-1,623,2080,2077,-1,623,2077,617,-1,617,2077,2076,-1,617,2076,616,-1,616,2076,2075,-1,616,2075,615,-1,615,2075,2071,-1,615,2071,609,-1,2070,2056,607,-1,607,2056,606,-1,609,2071,607,-1,607,2071,2070,-1,560,563,562,-1,562,563,556,-1,562,556,554,-1,554,556,557,-1,554,557,555,-1,556,558,557,-1,557,558,559,-1,557,559,571,-1,573,572,562,-1,562,572,561,-1,562,561,560,-1,568,567,557,-1,557,567,565,-1,557,565,566,-1,566,565,564,-1,571,570,557,-1,557,570,569,-1,557,569,568,-1,573,562,574,-1,574,562,579,-1,574,579,578,-1,578,575,574,-1,574,575,576,-1,574,576,577,-1,554,2082,562,-1,562,2082,2083,-1,562,2083,2084,-1,562,2084,579,-1,579,2084,2085,-1,579,2085,578,-1,578,2085,2086,-1,578,2086,575,-1,575,2086,2087,-1,575,2087,576,-1,576,2087,2088,-1,576,2088,577,-1,577,2088,2089,-1,577,2089,574,-1,574,2089,2090,-1,574,2090,573,-1,573,2090,2091,-1,573,2091,572,-1,572,2091,2092,-1,572,2092,561,-1,561,2092,2093,-1,561,2093,560,-1,560,2093,2094,-1,560,2094,563,-1,563,2094,556,-1,556,2094,2095,-1,2082,2096,2095,-1,2095,2096,2097,-1,2095,2097,2098,-1,2098,2097,2099,-1,2093,2092,2083,-1,2082,2095,2083,-1,2083,2095,2094,-1,2083,2094,2093,-1,2100,2101,2102,-1,2102,2101,2097,-1,2101,2103,2097,-1,2097,2103,2104,-1,2097,2104,2105,-1,2105,2106,2097,-1,2097,2106,2107,-1,2097,2107,2099,-1,2092,2091,2083,-1,2083,2091,2090,-1,2083,2090,2089,-1,2086,2089,2087,-1,2087,2089,2088,-1,2086,2085,2089,-1,2089,2085,2084,-1,2089,2084,2083,-1,556,2095,2098,-1,556,2098,558,-1,558,2098,2099,-1,558,2099,559,-1,559,2099,2107,-1,559,2107,571,-1,571,2107,2106,-1,571,2106,570,-1,570,2106,2105,-1,570,2105,569,-1,569,2105,2104,-1,569,2104,568,-1,568,2104,2103,-1,568,2103,567,-1,567,2103,2101,-1,567,2101,565,-1,565,2101,2100,-1,565,2100,564,-1,564,2100,2102,-1,564,2102,566,-1,566,2102,2097,-1,566,2097,557,-1,2096,2082,555,-1,555,2082,554,-1,557,2097,555,-1,555,2097,2096,-1,719,716,715,-1,719,715,720,-1,729,726,715,-1,715,726,725,-1,715,725,728,-1,723,722,715,-1,715,722,721,-1,715,721,720,-1,740,733,714,-1,714,733,732,-1,714,732,731,-1,731,718,714,-1,714,718,717,-1,714,717,715,-1,715,717,730,-1,715,730,729,-1,728,727,715,-1,715,727,724,-1,715,724,723,-1,735,739,738,-1,738,734,735,-1,735,734,736,-1,735,736,737,-1,739,735,714,-1,714,735,741,-1,714,741,740,-1,715,2108,714,-1,714,2108,2109,-1,714,2109,2110,-1,714,2110,739,-1,739,2110,2111,-1,739,2111,738,-1,738,2111,2112,-1,738,2112,734,-1,734,2112,2113,-1,734,2113,736,-1,736,2113,2114,-1,736,2114,737,-1,737,2114,2115,-1,737,2115,735,-1,735,2115,2116,-1,735,2116,741,-1,741,2116,2117,-1,741,2117,740,-1,740,2117,2118,-1,740,2118,733,-1,733,2118,2119,-1,733,2119,732,-1,732,2119,2120,-1,732,2120,731,-1,731,2120,2121,-1,731,2121,718,-1,718,2121,717,-1,717,2121,2122,-1,2109,2108,2123,-1,2109,2122,2121,-1,2123,2124,2109,-1,2109,2124,2125,-1,2109,2125,2126,-1,2126,2127,2109,-1,2109,2127,2128,-1,2109,2128,2129,-1,2109,2130,2131,-1,2129,2132,2109,-1,2109,2132,2133,-1,2109,2133,2130,-1,2131,2134,2109,-1,2109,2134,2135,-1,2109,2135,2122,-1,2121,2120,2109,-1,2109,2120,2119,-1,2109,2119,2118,-1,2112,2115,2113,-1,2113,2115,2114,-1,2112,2111,2115,-1,2115,2111,2110,-1,2115,2110,2109,-1,2118,2117,2109,-1,2109,2117,2116,-1,2109,2116,2115,-1,717,2122,2135,-1,717,2135,730,-1,730,2135,2134,-1,730,2134,729,-1,729,2134,2131,-1,729,2131,726,-1,726,2131,2130,-1,726,2130,725,-1,725,2130,2133,-1,725,2133,728,-1,728,2133,2132,-1,728,2132,727,-1,727,2132,2129,-1,727,2129,724,-1,724,2129,2128,-1,724,2128,723,-1,723,2128,2127,-1,723,2127,722,-1,722,2127,2126,-1,722,2126,721,-1,721,2126,2125,-1,721,2125,720,-1,720,2125,2124,-1,720,2124,719,-1,2123,2108,716,-1,716,2108,715,-1,719,2124,716,-1,716,2124,2123,-1,400,403,394,-1,395,396,397,-1,397,396,398,-1,416,413,411,-1,404,400,395,-1,395,400,394,-1,395,394,396,-1,404,399,400,-1,400,399,401,-1,400,401,402,-1,402,410,400,-1,400,410,409,-1,400,409,408,-1,408,407,400,-1,400,407,406,-1,400,406,405,-1,398,415,397,-1,397,415,414,-1,397,414,413,-1,413,414,412,-1,413,412,411,-1,416,411,417,-1,417,411,418,-1,417,418,419,-1,2136,2137,394,-1,394,2137,396,-1,2136,2138,2137,-1,2137,2138,2139,-1,2137,2139,2140,-1,2140,2139,2141,-1,2142,2139,2143,-1,2143,2139,2144,-1,2142,2145,2139,-1,2139,2145,2146,-1,2139,2146,2147,-1,2148,2149,2139,-1,2139,2149,2150,-1,2139,2150,2141,-1,2151,2152,2139,-1,2139,2152,2153,-1,2139,2153,2154,-1,2154,2155,2139,-1,2139,2155,2156,-1,2139,2156,2144,-1,2147,2157,2139,-1,2139,2157,2158,-1,2139,2158,2159,-1,2159,2160,2139,-1,2139,2160,2161,-1,2139,2161,2148,-1,2147,397,413,-1,2147,413,2157,-1,2157,413,416,-1,2157,416,2158,-1,2158,416,417,-1,2158,417,2159,-1,2159,417,419,-1,2159,419,2160,-1,2160,419,418,-1,2160,418,2161,-1,2161,418,411,-1,2161,411,2148,-1,2148,411,412,-1,2148,412,2149,-1,2149,412,414,-1,2149,414,2150,-1,2150,414,415,-1,2150,415,2141,-1,2141,415,398,-1,2141,398,2140,-1,2140,398,396,-1,2140,396,2137,-1,2147,2146,397,-1,397,2146,395,-1,2139,400,405,-1,2139,405,2151,-1,2151,405,406,-1,2151,406,2152,-1,2152,406,407,-1,2152,407,2153,-1,2153,407,408,-1,2153,408,2154,-1,2154,408,409,-1,2154,409,2155,-1,2155,409,410,-1,2155,410,2156,-1,2156,410,402,-1,2156,402,2144,-1,2144,402,401,-1,2144,401,2143,-1,2143,401,399,-1,2143,399,2142,-1,2142,399,404,-1,2142,404,2145,-1,2145,404,395,-1,2145,395,2146,-1,2139,2138,400,-1,400,2138,403,-1,2136,394,2138,-1,2138,394,403,-1,291,290,287,-1,291,287,292,-1,289,288,290,-1,290,288,311,-1,290,311,309,-1,293,307,300,-1,309,308,290,-1,290,308,310,-1,290,310,313,-1,296,290,297,-1,297,290,298,-1,296,295,290,-1,290,295,294,-1,290,294,287,-1,313,312,290,-1,290,312,299,-1,290,299,298,-1,292,287,300,-1,300,287,286,-1,300,286,293,-1,306,305,307,-1,307,305,304,-1,307,304,303,-1,303,302,307,-1,307,302,301,-1,307,301,300,-1,289,2162,288,-1,288,2162,2163,-1,288,2163,2164,-1,288,2164,311,-1,311,2164,2165,-1,311,2165,309,-1,309,2165,2166,-1,309,2166,308,-1,308,2166,2167,-1,308,2167,310,-1,310,2167,2168,-1,310,2168,313,-1,313,2168,2169,-1,313,2169,312,-1,312,2169,2170,-1,312,2170,299,-1,299,2170,2171,-1,299,2171,298,-1,298,2171,2172,-1,298,2172,297,-1,297,2172,2173,-1,297,2173,296,-1,296,2173,2174,-1,296,2174,295,-1,295,2174,2175,-1,295,2175,294,-1,294,2175,287,-1,287,2175,2176,-1,2177,2178,2162,-1,2162,2178,2179,-1,2180,2181,2162,-1,2162,2181,2176,-1,2162,2176,2163,-1,2176,2175,2163,-1,2163,2175,2174,-1,2163,2174,2173,-1,2179,2182,2162,-1,2162,2182,2183,-1,2162,2183,2184,-1,2184,2185,2162,-1,2162,2185,2186,-1,2162,2186,2187,-1,2187,2188,2162,-1,2162,2188,2189,-1,2162,2189,2180,-1,2173,2172,2163,-1,2163,2172,2171,-1,2163,2171,2170,-1,2166,2165,2167,-1,2167,2165,2164,-1,2167,2164,2163,-1,2170,2169,2163,-1,2163,2169,2168,-1,2163,2168,2167,-1,287,2176,2181,-1,287,2181,286,-1,286,2181,2180,-1,286,2180,293,-1,293,2180,2189,-1,293,2189,307,-1,307,2189,2188,-1,307,2188,306,-1,306,2188,2187,-1,306,2187,305,-1,305,2187,2186,-1,305,2186,304,-1,304,2186,2185,-1,304,2185,303,-1,303,2185,2184,-1,303,2184,302,-1,302,2184,2183,-1,302,2183,301,-1,301,2183,2182,-1,301,2182,300,-1,300,2182,2179,-1,300,2179,292,-1,292,2179,2178,-1,292,2178,291,-1,2177,2162,290,-1,290,2162,289,-1,291,2178,290,-1,290,2178,2177,-1,236,235,240,-1,240,235,234,-1,242,241,234,-1,234,241,243,-1,234,243,240,-1,259,258,244,-1,251,249,252,-1,252,249,253,-1,251,250,249,-1,249,250,248,-1,249,248,234,-1,234,248,247,-1,234,247,242,-1,236,240,239,-1,239,240,238,-1,239,238,244,-1,244,238,237,-1,244,237,259,-1,258,257,244,-1,244,257,256,-1,244,256,255,-1,255,254,244,-1,244,254,246,-1,244,246,245,-1,235,2190,234,-1,234,2190,2191,-1,234,2191,2192,-1,234,2192,249,-1,249,2192,2193,-1,249,2193,253,-1,253,2193,2194,-1,253,2194,252,-1,252,2194,2195,-1,252,2195,251,-1,251,2195,2196,-1,251,2196,250,-1,250,2196,2197,-1,250,2197,248,-1,248,2197,2198,-1,248,2198,247,-1,247,2198,2199,-1,247,2199,242,-1,242,2199,2200,-1,242,2200,241,-1,241,2200,2201,-1,241,2201,243,-1,243,2201,2202,-1,243,2202,240,-1,240,2202,238,-1,238,2202,2203,-1,2204,2203,2205,-1,2205,2203,2206,-1,2202,2191,2203,-1,2203,2191,2190,-1,2203,2190,2206,-1,2207,2208,2209,-1,2202,2201,2191,-1,2191,2201,2200,-1,2191,2200,2199,-1,2209,2210,2207,-1,2207,2210,2211,-1,2207,2211,2212,-1,2212,2213,2207,-1,2207,2213,2214,-1,2207,2214,2205,-1,2205,2214,2215,-1,2205,2215,2204,-1,2199,2198,2191,-1,2191,2198,2197,-1,2191,2197,2192,-1,2192,2197,2196,-1,2196,2195,2192,-1,2192,2195,2194,-1,2192,2194,2193,-1,238,2203,2204,-1,238,2204,237,-1,237,2204,2215,-1,237,2215,259,-1,259,2215,2214,-1,259,2214,258,-1,258,2214,2213,-1,258,2213,257,-1,257,2213,2212,-1,257,2212,256,-1,256,2212,2211,-1,256,2211,255,-1,255,2211,2210,-1,255,2210,254,-1,254,2210,2209,-1,254,2209,246,-1,246,2209,2208,-1,246,2208,245,-1,245,2208,2207,-1,245,2207,244,-1,244,2207,2205,-1,244,2205,239,-1,2206,2190,236,-1,236,2190,235,-1,239,2205,236,-1,236,2205,2206,-1,184,185,186,-1,186,185,187,-1,186,187,188,-1,193,182,194,-1,194,182,195,-1,184,183,185,-1,185,183,182,-1,185,182,192,-1,192,182,193,-1,201,200,182,-1,182,200,199,-1,182,199,198,-1,198,197,182,-1,182,197,196,-1,182,196,195,-1,191,204,190,-1,190,204,203,-1,190,203,187,-1,187,203,202,-1,187,202,188,-1,190,189,191,-1,191,189,205,-1,191,205,206,-1,206,205,207,-1,183,2216,182,-1,182,2216,2217,-1,182,2217,2218,-1,182,2218,201,-1,201,2218,2219,-1,201,2219,200,-1,200,2219,2220,-1,200,2220,199,-1,199,2220,2221,-1,199,2221,198,-1,198,2221,2222,-1,198,2222,197,-1,197,2222,2223,-1,197,2223,196,-1,196,2223,2224,-1,196,2224,195,-1,195,2224,2225,-1,195,2225,194,-1,194,2225,2226,-1,194,2226,193,-1,193,2226,2227,-1,193,2227,192,-1,192,2227,2228,-1,192,2228,185,-1,185,2228,187,-1,187,2228,2229,-1,2216,2230,2229,-1,2229,2230,2231,-1,2231,2232,2229,-1,2229,2232,2233,-1,2229,2233,2234,-1,2227,2226,2217,-1,2234,2235,2229,-1,2229,2235,2236,-1,2229,2236,2237,-1,2237,2236,2238,-1,2216,2229,2217,-1,2217,2229,2228,-1,2217,2228,2227,-1,2219,2218,2224,-1,2224,2218,2217,-1,2224,2217,2225,-1,2225,2217,2226,-1,2223,2222,2221,-1,2238,2236,2239,-1,2239,2236,2240,-1,2239,2240,2241,-1,2223,2221,2224,-1,2224,2221,2220,-1,2224,2220,2219,-1,187,2229,2237,-1,187,2237,190,-1,190,2237,2238,-1,190,2238,189,-1,189,2238,2239,-1,189,2239,205,-1,205,2239,2241,-1,205,2241,207,-1,207,2241,2240,-1,207,2240,206,-1,206,2240,2236,-1,206,2236,191,-1,191,2236,2235,-1,191,2235,204,-1,204,2235,2234,-1,204,2234,203,-1,203,2234,2233,-1,203,2233,202,-1,202,2233,2232,-1,202,2232,188,-1,188,2232,2231,-1,188,2231,186,-1,2230,2216,184,-1,184,2216,183,-1,186,2231,184,-1,184,2231,2230,-1,2,1,4,-1,4,1,0,-1,11,10,0,-1,10,9,0,-1,0,9,3,-1,0,3,4,-1,2,4,5,-1,5,4,8,-1,5,8,7,-1,17,19,18,-1,18,19,20,-1,18,20,22,-1,22,20,0,-1,0,20,21,-1,0,21,11,-1,7,6,5,-1,5,6,24,-1,5,24,25,-1,25,24,23,-1,25,23,16,-1,16,15,25,-1,25,15,14,-1,25,14,12,-1,12,14,13,-1,1,2242,0,-1,0,2242,2243,-1,0,2243,2244,-1,0,2244,22,-1,22,2244,2245,-1,22,2245,18,-1,18,2245,2246,-1,18,2246,17,-1,17,2246,2247,-1,17,2247,19,-1,19,2247,2248,-1,19,2248,20,-1,20,2248,2249,-1,20,2249,21,-1,21,2249,2250,-1,21,2250,11,-1,11,2250,2251,-1,11,2251,10,-1,10,2251,2252,-1,10,2252,9,-1,9,2252,2253,-1,9,2253,3,-1,3,2253,2254,-1,3,2254,4,-1,4,2254,8,-1,8,2254,2255,-1,2242,2256,2255,-1,2255,2256,2257,-1,2255,2257,2258,-1,2258,2257,2259,-1,2260,2261,2262,-1,2257,2263,2264,-1,2242,2255,2243,-1,2243,2255,2254,-1,2243,2254,2253,-1,2264,2265,2257,-1,2257,2265,2266,-1,2257,2266,2259,-1,2263,2257,2262,-1,2262,2257,2267,-1,2262,2267,2260,-1,2253,2252,2243,-1,2243,2252,2251,-1,2243,2251,2244,-1,2244,2251,2250,-1,2250,2249,2244,-1,2244,2249,2248,-1,2244,2248,2245,-1,2245,2248,2247,-1,2245,2247,2246,-1,8,2255,2258,-1,8,2258,7,-1,7,2258,2259,-1,7,2259,6,-1,6,2259,2266,-1,6,2266,24,-1,24,2266,2265,-1,24,2265,23,-1,23,2265,2264,-1,23,2264,16,-1,16,2264,2263,-1,16,2263,15,-1,15,2263,2262,-1,15,2262,14,-1,14,2262,2261,-1,14,2261,13,-1,13,2261,2260,-1,13,2260,12,-1,12,2260,2267,-1,12,2267,25,-1,25,2267,2257,-1,25,2257,5,-1,2256,2242,2,-1,2,2242,1,-1,5,2257,2,-1,2,2257,2256,-1,132,133,136,-1,141,140,135,-1,135,140,134,-1,135,134,131,-1,130,132,131,-1,131,132,136,-1,131,136,135,-1,130,139,132,-1,132,139,138,-1,132,138,137,-1,154,155,153,-1,135,151,150,-1,137,148,132,-1,132,148,147,-1,132,147,146,-1,146,145,132,-1,132,145,144,-1,132,144,143,-1,154,153,135,-1,135,153,152,-1,135,152,151,-1,150,149,135,-1,135,149,142,-1,135,142,141,-1,2268,2269,136,-1,136,2269,135,-1,2270,2271,2272,-1,2272,2271,2273,-1,2274,2269,2271,-1,2271,2269,2268,-1,2271,2268,2273,-1,2275,2276,2272,-1,2272,2276,2277,-1,2272,2277,2270,-1,2274,2278,2269,-1,2269,2278,2279,-1,2269,2279,2280,-1,2281,2282,2272,-1,2272,2282,2283,-1,2272,2283,2284,-1,2284,2285,2272,-1,2272,2285,2286,-1,2272,2286,2275,-1,2280,2287,2269,-1,2269,2287,2288,-1,2269,2288,2289,-1,2289,2290,2269,-1,2269,2290,2291,-1,2269,2291,2292,-1,2292,2291,2293,-1,2274,134,140,-1,2274,140,2278,-1,2278,140,141,-1,2278,141,2279,-1,2279,141,142,-1,2279,142,2280,-1,2280,142,149,-1,2280,149,2287,-1,2287,149,150,-1,2287,150,2288,-1,2288,150,151,-1,2288,151,2289,-1,2289,151,152,-1,2289,152,2290,-1,2290,152,153,-1,2290,153,2291,-1,2291,153,155,-1,2291,155,2293,-1,2293,155,154,-1,2293,154,2292,-1,2292,154,135,-1,2292,135,2269,-1,2274,2271,134,-1,134,2271,131,-1,2272,132,143,-1,2272,143,2281,-1,2281,143,144,-1,2281,144,2282,-1,2282,144,145,-1,2282,145,2283,-1,2283,145,146,-1,2283,146,2284,-1,2284,146,147,-1,2284,147,2285,-1,2285,147,148,-1,2285,148,2286,-1,2286,148,137,-1,2286,137,2275,-1,2275,137,138,-1,2275,138,2276,-1,2276,138,139,-1,2276,139,2277,-1,2277,139,130,-1,2277,130,2270,-1,2270,130,131,-1,2270,131,2271,-1,2272,2273,132,-1,132,2273,133,-1,2268,136,2273,-1,2273,136,133,-1,346,345,343,-1,357,344,342,-1,357,342,358,-1,350,346,344,-1,344,346,343,-1,344,343,342,-1,350,349,346,-1,346,349,348,-1,346,348,347,-1,367,366,363,-1,365,362,342,-1,342,362,361,-1,351,353,352,-1,352,353,354,-1,347,356,346,-1,346,356,354,-1,346,354,355,-1,355,354,353,-1,367,363,342,-1,342,363,364,-1,342,364,365,-1,361,360,342,-1,342,360,359,-1,342,359,358,-1,2294,2295,343,-1,343,2295,342,-1,2295,2294,2296,-1,2296,2294,2297,-1,2296,2297,2298,-1,2299,2300,2298,-1,2300,2301,2298,-1,2298,2301,2302,-1,2298,2302,2296,-1,2303,2304,2305,-1,2305,2304,2306,-1,2305,2306,2307,-1,2307,2306,2298,-1,2298,2306,2308,-1,2298,2308,2299,-1,2296,2309,2295,-1,2295,2309,2310,-1,2295,2310,2311,-1,2312,2295,2313,-1,2313,2295,2314,-1,2311,2315,2295,-1,2295,2315,2316,-1,2295,2316,2317,-1,2317,2318,2295,-1,2295,2318,2319,-1,2295,2319,2314,-1,2309,357,358,-1,2309,358,2310,-1,2310,358,359,-1,2310,359,2311,-1,2311,359,360,-1,2311,360,2315,-1,2315,360,361,-1,2315,361,2316,-1,2316,361,362,-1,2316,362,2317,-1,2317,362,365,-1,2317,365,2318,-1,2318,365,364,-1,2318,364,2319,-1,2319,364,363,-1,2319,363,2314,-1,2314,363,366,-1,2314,366,2313,-1,2313,366,367,-1,2313,367,2312,-1,2312,367,342,-1,2312,342,2295,-1,2309,2296,357,-1,357,2296,344,-1,2298,346,355,-1,2298,355,2307,-1,2307,355,353,-1,2307,353,2305,-1,2305,353,351,-1,2305,351,2303,-1,2303,351,352,-1,2303,352,2304,-1,2304,352,354,-1,2304,354,2306,-1,2306,354,356,-1,2306,356,2308,-1,2308,356,347,-1,2308,347,2299,-1,2299,347,348,-1,2299,348,2300,-1,2300,348,349,-1,2300,349,2301,-1,2301,349,350,-1,2301,350,2302,-1,2302,350,344,-1,2302,344,2296,-1,2298,2297,346,-1,346,2297,345,-1,2294,343,2297,-1,2297,343,345,-1,1732,1730,1720,-1,1718,1717,1720,-1,1720,1717,1719,-1,1732,1720,1733,-1,1719,1721,1720,-1,1720,1721,1722,-1,1720,1722,1739,-1,1730,1729,1720,-1,1720,1729,1728,-1,1720,1728,1727,-1,1727,1726,1720,-1,1720,1726,1725,-1,1720,1725,1724,-1,1716,1715,1714,-1,1739,1738,1720,-1,1720,1738,1737,-1,1720,1737,1736,-1,1724,1731,1720,-1,1720,1731,1716,-1,1720,1716,1723,-1,1723,1716,1714,-1,1736,1735,1720,-1,1720,1735,1734,-1,1720,1734,1733,-1,2320,2321,1717,-1,1717,2321,1719,-1,2322,2323,2324,-1,2320,2325,2321,-1,2321,2325,2326,-1,2321,2326,2327,-1,2327,2326,2328,-1,2322,2324,2329,-1,2330,2331,2326,-1,2326,2331,2332,-1,2326,2332,2333,-1,2333,2334,2326,-1,2326,2334,2335,-1,2326,2335,2336,-1,2329,2324,2326,-1,2326,2324,2337,-1,2326,2337,2330,-1,2336,2338,2326,-1,2326,2338,2339,-1,2326,2339,2340,-1,2340,2341,2326,-1,2326,2341,2342,-1,2326,2342,2343,-1,2343,2344,2326,-1,2326,2344,2345,-1,2326,2345,2328,-1,2336,1730,1732,-1,2336,1732,2338,-1,2338,1732,1733,-1,2338,1733,2339,-1,2339,1733,1734,-1,2339,1734,2340,-1,2340,1734,1735,-1,2340,1735,2341,-1,2341,1735,1736,-1,2341,1736,2342,-1,2342,1736,1737,-1,2342,1737,2343,-1,2343,1737,1738,-1,2343,1738,2344,-1,2344,1738,1739,-1,2344,1739,2345,-1,2345,1739,1722,-1,2345,1722,2328,-1,2328,1722,1721,-1,2328,1721,2327,-1,2327,1721,1719,-1,2327,1719,2321,-1,2336,2335,1730,-1,1730,2335,1729,-1,2326,1720,1723,-1,2326,1723,2329,-1,2329,1723,1714,-1,2329,1714,2322,-1,2322,1714,1715,-1,2322,1715,2323,-1,2323,1715,1716,-1,2323,1716,2324,-1,2324,1716,1731,-1,2324,1731,2337,-1,2337,1731,1724,-1,2337,1724,2330,-1,2330,1724,1725,-1,2330,1725,2331,-1,2331,1725,1726,-1,2331,1726,2332,-1,2332,1726,1727,-1,2332,1727,2333,-1,2333,1727,1728,-1,2333,1728,2334,-1,2334,1728,1729,-1,2334,1729,2335,-1,2326,2325,1720,-1,1720,2325,1718,-1,2320,1717,2325,-1,2325,1717,1718,-1,2346,2347,2348,-1,2349,2350,2351,-1,2351,2350,2348,-1,2351,2348,2352,-1,2352,2348,2353,-1,2347,2354,2348,-1,2348,2354,2355,-1,2348,2355,2356,-1,2357,2358,2359,-1,2359,2358,2360,-1,2359,2360,2361,-1,2361,2360,2362,-1,2356,2363,2348,-1,2348,2363,2364,-1,2348,2364,2365,-1,2346,2348,2359,-1,2359,2348,2366,-1,2359,2366,2357,-1,2365,2367,2348,-1,2348,2367,2368,-1,2348,2368,2369,-1,2369,2370,2348,-1,2348,2370,2371,-1,2348,2371,2353,-1,2350,2372,2348,-1,2348,2372,2373,-1,2348,2373,2374,-1,2348,2374,2366,-1,2366,2374,2375,-1,2366,2375,2357,-1,2357,2375,2376,-1,2357,2376,2358,-1,2358,2376,2377,-1,2358,2377,2360,-1,2360,2377,2378,-1,2360,2378,2362,-1,2362,2378,2379,-1,2362,2379,2361,-1,2361,2379,2380,-1,2361,2380,2359,-1,2359,2380,2381,-1,2359,2381,2346,-1,2346,2381,2382,-1,2346,2382,2347,-1,2347,2382,2383,-1,2347,2383,2354,-1,2354,2383,2384,-1,2354,2384,2355,-1,2355,2384,2356,-1,2356,2384,2385,-1,2386,2385,2373,-1,2372,2387,2373,-1,2373,2387,2388,-1,2386,2373,2389,-1,2388,2390,2373,-1,2373,2390,2391,-1,2373,2391,2392,-1,2385,2384,2373,-1,2373,2384,2383,-1,2373,2383,2382,-1,2375,2374,2380,-1,2380,2374,2373,-1,2380,2373,2381,-1,2381,2373,2382,-1,2379,2378,2377,-1,2392,2393,2373,-1,2373,2393,2394,-1,2373,2394,2395,-1,2379,2377,2380,-1,2380,2377,2376,-1,2380,2376,2375,-1,2395,2396,2373,-1,2373,2396,2397,-1,2373,2397,2389,-1,2356,2385,2386,-1,2356,2386,2363,-1,2363,2386,2389,-1,2363,2389,2364,-1,2364,2389,2397,-1,2364,2397,2365,-1,2365,2397,2396,-1,2365,2396,2367,-1,2367,2396,2395,-1,2367,2395,2368,-1,2368,2395,2394,-1,2368,2394,2369,-1,2369,2394,2393,-1,2369,2393,2370,-1,2370,2393,2392,-1,2370,2392,2371,-1,2371,2392,2391,-1,2371,2391,2353,-1,2353,2391,2390,-1,2353,2390,2352,-1,2352,2390,2388,-1,2352,2388,2351,-1,2387,2372,2349,-1,2349,2372,2350,-1,2351,2388,2349,-1,2349,2388,2387,-1,1609,1589,1590,-1,1580,1604,1605,-1,1619,1618,1581,-1,1590,1589,1592,-1,1592,1589,1591,-1,1592,1591,1603,-1,1623,1624,1582,-1,1582,1624,1581,-1,1581,1624,1621,-1,1581,1621,1619,-1,1581,1580,1582,-1,1582,1580,1605,-1,1582,1605,1607,-1,1607,1605,1606,-1,1607,1606,1608,-1,1608,1606,1592,-1,1608,1592,1595,-1,1595,1592,1594,-1,1603,1602,1592,-1,1592,1602,1593,-1,1592,1593,1594,-1,1609,1590,1610,-1,1610,1590,1585,-1,1610,1585,1584,-1,1620,1622,1618,-1,1618,1622,1625,-1,1618,1625,1581,-1,1583,1598,1600,-1,1600,1598,1597,-1,1600,1597,1590,-1,1590,1597,1596,-1,1590,1596,1585,-1,1584,1599,1610,-1,1610,1599,1586,-1,1610,1586,1611,-1,1611,1586,1630,-1,1611,1630,1601,-1,1601,1630,1587,-1,1618,1631,1620,-1,1620,1631,1616,-1,1620,1616,1617,-1,1617,1616,1615,-1,1612,1635,1634,-1,1638,1639,1636,-1,1636,1639,1637,-1,1582,1641,1623,-1,1623,1641,1637,-1,1623,1637,1640,-1,1640,1637,1639,-1,1583,1614,1598,-1,1598,1614,1613,-1,1598,1613,1632,-1,1632,1613,1612,-1,1632,1612,1633,-1,1633,1612,1634,-1,1627,1626,1629,-1,1629,1626,1628,-1,1629,1628,1630,-1,1630,1628,1588,-1,1630,1588,1587,-1,1644,1643,1646,-1,1646,1643,1642,-1,1646,1642,1615,-1,1615,1642,1645,-1,1615,1645,1617,-1,1643,2398,1642,-1,1642,2398,2399,-1,1642,2399,1645,-1,1645,2399,2400,-1,1645,2400,1617,-1,1617,2400,2401,-1,1617,2401,1620,-1,1620,2401,2402,-1,1620,2402,1622,-1,1622,2402,2403,-1,1622,2403,1625,-1,1625,2403,2404,-1,1625,2404,1581,-1,1581,2404,2405,-1,1581,2405,1580,-1,1580,2405,2406,-1,1580,2406,1604,-1,1604,2406,2407,-1,1604,2407,1605,-1,1605,2407,2408,-1,1605,2408,1606,-1,1606,2408,2409,-1,1606,2409,1592,-1,1592,2409,2410,-1,1592,2410,1590,-1,1590,2410,2411,-1,1590,2411,1600,-1,1600,2411,2412,-1,1600,2412,1583,-1,1583,2412,2413,-1,1583,2413,1614,-1,1614,2413,2414,-1,1614,2414,2415,-1,1614,2415,1613,-1,1613,2415,2416,-1,1613,2416,1612,-1,1612,2416,2417,-1,1612,2417,1635,-1,1635,2417,2418,-1,1635,2418,1634,-1,1634,2418,2419,-1,1634,2419,1633,-1,1633,2419,2420,-1,1633,2420,1632,-1,1632,2420,2421,-1,1632,2421,1598,-1,1598,2421,1597,-1,1597,2421,2422,-1,1597,2422,1596,-1,1596,2422,2423,-1,1596,2423,1585,-1,1585,2423,2424,-1,1585,2424,1584,-1,1584,2424,2425,-1,1584,2425,1599,-1,1599,2425,2426,-1,1599,2426,1586,-1,1586,2426,2427,-1,1586,2427,1630,-1,1630,2427,2428,-1,1630,2428,1629,-1,1629,2428,2429,-1,2430,2431,1627,-1,1627,2431,1626,-1,1626,2431,1628,-1,1628,2431,2432,-1,1628,2432,1588,-1,1588,2432,2433,-1,1588,2433,1587,-1,1587,2433,2434,-1,1587,2434,1601,-1,1601,2434,2435,-1,1601,2435,1611,-1,1611,2435,2436,-1,1611,2436,1610,-1,1610,2436,2437,-1,1610,2437,1609,-1,1609,2437,2438,-1,1609,2438,1589,-1,1589,2438,2439,-1,1589,2439,1591,-1,1591,2439,2440,-1,1591,2440,2441,-1,1591,2441,1603,-1,1603,2441,2442,-1,1603,2442,1602,-1,1602,2442,2443,-1,1602,2443,1593,-1,1593,2443,2444,-1,1593,2444,1594,-1,1594,2444,2445,-1,1594,2445,1595,-1,1595,2445,2446,-1,1595,2446,1608,-1,1608,2446,2447,-1,1608,2447,1607,-1,1607,2447,1582,-1,1582,2447,2448,-1,1582,2448,2449,-1,1582,2449,1641,-1,1641,2449,2450,-1,1641,2450,1637,-1,1637,2450,2451,-1,1637,2451,1636,-1,1636,2451,2452,-1,1636,2452,1638,-1,1638,2452,2453,-1,1638,2453,1639,-1,1639,2453,2454,-1,1639,2454,1640,-1,1640,2454,2455,-1,1640,2455,1623,-1,1623,2455,1624,-1,1624,2455,2456,-1,2438,2437,2411,-1,2406,2405,2448,-1,2425,2412,2426,-1,2426,2412,2427,-1,2425,2424,2412,-1,2412,2424,2423,-1,2412,2423,2422,-1,2411,2437,2412,-1,2410,2440,2411,-1,2411,2440,2439,-1,2411,2439,2438,-1,2443,2410,2444,-1,2444,2410,2445,-1,2437,2436,2412,-1,2412,2436,2435,-1,2412,2435,2427,-1,2443,2442,2410,-1,2410,2442,2441,-1,2410,2441,2440,-1,2407,2406,2408,-1,2408,2406,2448,-1,2408,2448,2409,-1,2409,2448,2447,-1,2409,2447,2410,-1,2410,2447,2446,-1,2410,2446,2445,-1,2422,2421,2412,-1,2412,2421,2414,-1,2412,2414,2413,-1,2432,2431,2430,-1,2404,2457,2405,-1,2405,2457,2458,-1,2405,2458,2459,-1,2435,2434,2427,-1,2427,2434,2433,-1,2427,2433,2428,-1,2428,2433,2432,-1,2428,2432,2429,-1,2429,2432,2430,-1,2460,2402,2401,-1,2404,2403,2457,-1,2457,2403,2402,-1,2457,2402,2461,-1,2461,2402,2460,-1,2454,2453,2448,-1,2420,2416,2421,-1,2421,2416,2415,-1,2421,2415,2414,-1,2420,2419,2416,-1,2416,2419,2418,-1,2416,2418,2417,-1,2459,2462,2405,-1,2405,2462,2456,-1,2405,2456,2448,-1,2448,2456,2455,-1,2448,2455,2454,-1,2453,2452,2448,-1,2448,2452,2451,-1,2448,2451,2449,-1,2449,2451,2450,-1,2399,2398,2463,-1,2401,2400,2460,-1,2460,2400,2399,-1,2460,2399,2464,-1,2464,2399,2463,-1,1624,2456,1621,-1,1621,2456,2462,-1,1621,2462,1619,-1,1619,2462,2459,-1,1619,2459,1618,-1,1618,2459,2458,-1,1618,2458,1631,-1,1631,2458,2457,-1,1631,2457,1616,-1,1616,2457,2461,-1,1616,2461,1615,-1,1615,2461,2460,-1,1615,2460,1646,-1,1646,2460,2464,-1,2463,2398,1644,-1,1644,2398,1643,-1,1646,2464,1644,-1,1644,2464,2463,-1,1629,2429,1627,-1,1627,2429,2430,-1,2465,2466,2467,-1,2468,2467,2469,-1,2467,2468,2465,-1,2465,2468,2470,-1,2465,2470,2471,-1,2472,2469,2473,-1,2472,2474,2469,-1,2469,2474,2475,-1,2469,2475,2468,-1,2476,2471,2477,-1,2477,2471,2478,-1,2476,2479,2471,-1,2471,2479,2480,-1,2471,2480,2465,-1,2481,2482,2483,-1,2478,2471,2484,-1,2484,2471,2485,-1,2484,2485,2486,-1,2481,2483,2473,-1,2473,2483,2487,-1,2473,2487,2488,-1,2488,2489,2473,-1,2473,2489,2490,-1,2473,2490,2472,-1,2467,2491,2469,-1,2469,2491,2492,-1,2469,2492,2493,-1,2469,2493,2473,-1,2473,2493,2494,-1,2473,2494,2481,-1,2481,2494,2495,-1,2481,2495,2482,-1,2482,2495,2496,-1,2482,2496,2483,-1,2483,2496,2497,-1,2483,2497,2487,-1,2487,2497,2498,-1,2487,2498,2488,-1,2488,2498,2499,-1,2488,2499,2489,-1,2489,2499,2500,-1,2489,2500,2490,-1,2490,2500,2501,-1,2490,2501,2472,-1,2472,2501,2502,-1,2472,2502,2474,-1,2474,2502,2503,-1,2474,2503,2475,-1,2475,2503,2468,-1,2468,2503,2504,-1,2505,2506,2504,-1,2503,2492,2504,-1,2504,2492,2491,-1,2504,2491,2505,-1,2507,2508,2506,-1,2506,2508,2509,-1,2506,2509,2504,-1,2507,2510,2508,-1,2508,2510,2511,-1,2508,2511,2512,-1,2503,2502,2492,-1,2492,2502,2501,-1,2492,2501,2500,-1,2512,2513,2508,-1,2508,2513,2514,-1,2508,2514,2515,-1,2515,2514,2516,-1,2500,2499,2492,-1,2492,2499,2498,-1,2492,2498,2493,-1,2498,2497,2493,-1,2493,2497,2496,-1,2493,2496,2494,-1,2494,2496,2495,-1,2468,2504,2509,-1,2468,2509,2470,-1,2470,2509,2508,-1,2470,2508,2471,-1,2471,2508,2515,-1,2471,2515,2485,-1,2485,2515,2516,-1,2485,2516,2486,-1,2486,2516,2514,-1,2486,2514,2484,-1,2484,2514,2513,-1,2484,2513,2478,-1,2478,2513,2512,-1,2478,2512,2477,-1,2477,2512,2511,-1,2477,2511,2476,-1,2476,2511,2510,-1,2476,2510,2479,-1,2479,2510,2507,-1,2479,2507,2480,-1,2480,2507,2506,-1,2480,2506,2465,-1,2505,2491,2466,-1,2466,2491,2467,-1,2465,2506,2466,-1,2466,2506,2505,-1,935,938,927,-1,927,938,931,-1,927,931,929,-1,929,931,932,-1,929,932,930,-1,931,933,932,-1,932,933,934,-1,932,934,940,-1,944,943,937,-1,935,927,928,-1,928,927,926,-1,928,926,948,-1,944,937,945,-1,948,947,928,-1,928,947,942,-1,928,942,941,-1,940,939,932,-1,932,939,936,-1,932,936,937,-1,937,936,946,-1,937,946,945,-1,941,951,928,-1,928,951,950,-1,928,950,949,-1,929,2517,927,-1,927,2517,2518,-1,927,2518,2519,-1,927,2519,926,-1,926,2519,2520,-1,926,2520,948,-1,948,2520,2521,-1,948,2521,947,-1,947,2521,2522,-1,947,2522,942,-1,942,2522,2523,-1,942,2523,941,-1,941,2523,2524,-1,941,2524,951,-1,951,2524,2525,-1,951,2525,950,-1,950,2525,2526,-1,950,2526,949,-1,949,2526,2527,-1,949,2527,928,-1,928,2527,2528,-1,928,2528,935,-1,935,2528,2529,-1,935,2529,938,-1,938,2529,931,-1,931,2529,2530,-1,2519,2518,2527,-1,2517,2531,2530,-1,2530,2531,2532,-1,2530,2532,2533,-1,2533,2532,2534,-1,2527,2518,2528,-1,2535,2532,2536,-1,2517,2530,2518,-1,2518,2530,2529,-1,2518,2529,2528,-1,2535,2537,2532,-1,2532,2537,2538,-1,2532,2538,2534,-1,2523,2522,2527,-1,2536,2539,2540,-1,2540,2541,2536,-1,2536,2541,2542,-1,2536,2542,2535,-1,2522,2521,2527,-1,2527,2521,2520,-1,2527,2520,2519,-1,2526,2525,2527,-1,2527,2525,2524,-1,2527,2524,2523,-1,931,2530,2533,-1,931,2533,933,-1,933,2533,2534,-1,933,2534,934,-1,934,2534,2538,-1,934,2538,940,-1,940,2538,2537,-1,940,2537,939,-1,939,2537,2535,-1,939,2535,936,-1,936,2535,2542,-1,936,2542,946,-1,946,2542,2541,-1,946,2541,945,-1,945,2541,2540,-1,945,2540,944,-1,944,2540,2539,-1,944,2539,943,-1,943,2539,2536,-1,943,2536,937,-1,937,2536,2532,-1,937,2532,932,-1,2531,2517,930,-1,930,2517,929,-1,932,2532,930,-1,930,2532,2531,-1,2543,2544,2545,-1,2545,2544,2546,-1,2547,2548,2544,-1,2544,2548,2549,-1,2544,2549,2546,-1,2550,2551,2552,-1,2543,2545,2552,-1,2552,2545,2553,-1,2552,2553,2550,-1,2552,2554,2555,-1,2555,2554,2556,-1,2547,2557,2548,-1,2548,2557,2558,-1,2548,2558,2559,-1,2560,2561,2562,-1,2551,2563,2552,-1,2552,2563,2564,-1,2552,2564,2554,-1,2559,2565,2548,-1,2548,2565,2566,-1,2548,2566,2567,-1,2560,2562,2566,-1,2566,2562,2568,-1,2566,2568,2567,-1,2569,2570,2546,-1,2546,2570,2545,-1,2570,2569,2571,-1,2572,2573,2574,-1,2574,2573,2575,-1,2574,2575,2571,-1,2571,2575,2570,-1,2570,2575,2576,-1,2570,2576,2577,-1,2578,2579,2577,-1,2580,2581,2582,-1,2583,2584,2574,-1,2574,2584,2585,-1,2574,2585,2572,-1,2579,2586,2577,-1,2577,2586,2587,-1,2577,2587,2570,-1,2588,2589,2590,-1,2590,2589,2591,-1,2590,2591,2592,-1,2580,2582,2577,-1,2577,2582,2593,-1,2577,2593,2578,-1,2583,2574,2591,-1,2591,2574,2594,-1,2591,2594,2592,-1,2575,2544,2543,-1,2575,2543,2576,-1,2576,2543,2552,-1,2576,2552,2577,-1,2577,2552,2555,-1,2577,2555,2580,-1,2580,2555,2556,-1,2580,2556,2581,-1,2581,2556,2554,-1,2581,2554,2582,-1,2582,2554,2564,-1,2582,2564,2593,-1,2593,2564,2563,-1,2593,2563,2578,-1,2578,2563,2551,-1,2578,2551,2579,-1,2579,2551,2550,-1,2579,2550,2586,-1,2586,2550,2553,-1,2586,2553,2587,-1,2587,2553,2545,-1,2587,2545,2570,-1,2575,2573,2544,-1,2544,2573,2547,-1,2574,2548,2567,-1,2574,2567,2594,-1,2594,2567,2568,-1,2594,2568,2592,-1,2592,2568,2562,-1,2592,2562,2590,-1,2590,2562,2561,-1,2590,2561,2588,-1,2588,2561,2560,-1,2588,2560,2589,-1,2589,2560,2566,-1,2589,2566,2591,-1,2591,2566,2565,-1,2591,2565,2583,-1,2583,2565,2559,-1,2583,2559,2584,-1,2584,2559,2558,-1,2584,2558,2585,-1,2585,2558,2557,-1,2585,2557,2572,-1,2572,2557,2547,-1,2572,2547,2573,-1,2574,2571,2548,-1,2548,2571,2549,-1,2569,2546,2571,-1,2571,2546,2549,-1,1531,1529,1528,-1,1530,1528,1535,-1,1532,1531,1533,-1,1528,1530,1531,-1,1531,1530,1534,-1,1531,1534,1533,-1,1548,1540,1535,-1,1535,1540,1539,-1,1535,1539,1538,-1,1538,1537,1535,-1,1535,1537,1536,-1,1535,1536,1530,-1,1551,1550,1552,-1,1552,1550,1553,-1,1553,1550,1535,-1,1535,1550,1549,-1,1535,1549,1548,-1,1532,1533,1541,-1,1541,1533,1546,-1,1541,1546,1547,-1,1547,1545,1541,-1,1541,1545,1544,-1,1541,1544,1542,-1,1542,1544,1543,-1,1528,2595,1535,-1,1535,2595,2596,-1,1535,2596,2597,-1,1535,2597,1553,-1,1553,2597,2598,-1,1553,2598,1552,-1,1552,2598,2599,-1,1552,2599,1551,-1,1551,2599,2600,-1,1551,2600,1550,-1,1550,2600,2601,-1,1550,2601,1549,-1,1549,2601,2602,-1,1549,2602,1548,-1,1548,2602,2603,-1,1548,2603,1540,-1,1540,2603,2604,-1,1540,2604,1539,-1,1539,2604,2605,-1,1539,2605,1538,-1,1538,2605,2606,-1,1538,2606,1537,-1,1537,2606,2607,-1,1537,2607,1536,-1,1536,2607,1530,-1,1530,2607,2608,-1,2595,2609,2608,-1,2608,2609,2610,-1,2611,2612,2610,-1,2610,2612,2613,-1,2610,2613,2608,-1,2606,2605,2596,-1,2595,2608,2596,-1,2596,2608,2607,-1,2596,2607,2606,-1,2605,2604,2596,-1,2596,2604,2603,-1,2596,2603,2602,-1,2600,2599,2598,-1,2611,2614,2612,-1,2612,2614,2615,-1,2612,2615,2616,-1,2616,2617,2612,-1,2612,2617,2618,-1,2612,2618,2619,-1,2619,2618,2620,-1,2602,2601,2596,-1,2596,2601,2600,-1,2596,2600,2597,-1,2597,2600,2598,-1,1530,2608,2613,-1,1530,2613,1534,-1,1534,2613,2612,-1,1534,2612,1533,-1,1533,2612,2619,-1,1533,2619,1546,-1,1546,2619,2620,-1,1546,2620,1547,-1,1547,2620,2618,-1,1547,2618,1545,-1,1545,2618,2617,-1,1545,2617,1544,-1,1544,2617,2616,-1,1544,2616,1543,-1,1543,2616,2615,-1,1543,2615,1542,-1,1542,2615,2614,-1,1542,2614,1541,-1,1541,2614,2611,-1,1541,2611,1532,-1,1532,2611,2610,-1,1532,2610,1531,-1,2609,2595,1529,-1,1529,2595,1528,-1,1531,2610,1529,-1,1529,2610,2609,-1,2466,2465,2468,-1,2475,2469,2468,-1,2468,2469,2467,-1,2468,2467,2466,-1,2480,2471,2465,-1,2465,2471,2470,-1,2465,2470,2468,-1,2480,2479,2471,-1,2471,2479,2476,-1,2471,2476,2477,-1,2489,2488,2473,-1,2477,2478,2471,-1,2471,2478,2484,-1,2471,2484,2485,-1,2485,2484,2486,-1,2475,2474,2469,-1,2469,2474,2472,-1,2469,2472,2473,-1,2473,2472,2490,-1,2473,2490,2489,-1,2488,2487,2473,-1,2473,2487,2483,-1,2473,2483,2481,-1,2481,2483,2482,-1,2621,2622,2466,-1,2466,2622,2465,-1,2622,2621,2623,-1,2624,2623,2625,-1,2626,2627,2625,-1,2623,2624,2622,-1,2622,2624,2628,-1,2622,2628,2629,-1,2627,2630,2625,-1,2625,2630,2631,-1,2625,2631,2624,-1,2632,2629,2633,-1,2633,2629,2634,-1,2632,2635,2629,-1,2629,2635,2636,-1,2629,2636,2622,-1,2634,2629,2637,-1,2637,2629,2638,-1,2637,2638,2639,-1,2640,2641,2642,-1,2642,2641,2643,-1,2641,2644,2643,-1,2643,2644,2645,-1,2643,2645,2625,-1,2625,2645,2646,-1,2625,2646,2626,-1,2624,2468,2470,-1,2624,2470,2628,-1,2628,2470,2471,-1,2628,2471,2629,-1,2629,2471,2485,-1,2629,2485,2638,-1,2638,2485,2486,-1,2638,2486,2639,-1,2639,2486,2484,-1,2639,2484,2637,-1,2637,2484,2478,-1,2637,2478,2634,-1,2634,2478,2477,-1,2634,2477,2633,-1,2633,2477,2476,-1,2633,2476,2632,-1,2632,2476,2479,-1,2632,2479,2635,-1,2635,2479,2480,-1,2635,2480,2636,-1,2636,2480,2465,-1,2636,2465,2622,-1,2624,2631,2468,-1,2468,2631,2475,-1,2625,2469,2473,-1,2625,2473,2643,-1,2643,2473,2481,-1,2643,2481,2642,-1,2642,2481,2482,-1,2642,2482,2640,-1,2640,2482,2483,-1,2640,2483,2641,-1,2641,2483,2487,-1,2641,2487,2644,-1,2644,2487,2488,-1,2644,2488,2645,-1,2645,2488,2489,-1,2645,2489,2646,-1,2646,2489,2490,-1,2646,2490,2626,-1,2626,2490,2472,-1,2626,2472,2627,-1,2627,2472,2474,-1,2627,2474,2630,-1,2630,2474,2475,-1,2630,2475,2631,-1,2625,2623,2469,-1,2469,2623,2467,-1,2621,2466,2623,-1,2623,2466,2467,-1,1247,1246,1243,-1,1242,1244,1243,-1,1243,1244,1245,-1,1243,1245,1247,-1,1246,1257,1243,-1,1243,1257,1256,-1,1243,1256,1255,-1,1249,1248,1250,-1,1250,1248,1243,-1,1250,1243,1254,-1,1254,1243,1255,-1,1249,1250,1251,-1,1251,1250,1253,-1,1251,1253,1252,-1,1264,1259,1265,-1,1265,1259,1266,-1,1265,1266,1267,-1,1264,1263,1259,-1,1259,1263,1262,-1,1259,1262,1261,-1,1242,1260,1244,-1,1244,1260,1259,-1,1244,1259,1258,-1,1258,1259,1261,-1,2647,2648,1247,-1,1247,2648,1246,-1,2649,2650,2651,-1,2651,2650,2652,-1,2652,2650,2648,-1,2652,2648,2647,-1,2653,2654,2655,-1,2654,2656,2655,-1,2655,2656,2657,-1,2655,2657,2658,-1,2653,2655,2650,-1,2650,2655,2659,-1,2650,2659,2660,-1,2660,2661,2650,-1,2650,2661,2662,-1,2650,2662,2648,-1,2663,2664,2651,-1,2651,2664,2665,-1,2651,2665,2649,-1,2663,2666,2664,-1,2664,2666,2667,-1,2664,2667,2668,-1,2668,2669,2664,-1,2664,2669,2670,-1,2664,2670,2671,-1,2671,2670,2672,-1,2650,1243,1248,-1,2650,1248,2653,-1,2653,1248,1249,-1,2653,1249,2654,-1,2654,1249,1251,-1,2654,1251,2656,-1,2656,1251,1252,-1,2656,1252,2657,-1,2657,1252,1253,-1,2657,1253,2658,-1,2658,1253,1250,-1,2658,1250,2655,-1,2655,1250,1254,-1,2655,1254,2659,-1,2659,1254,1255,-1,2659,1255,2660,-1,2660,1255,1256,-1,2660,1256,2661,-1,2661,1256,1257,-1,2661,1257,2662,-1,2662,1257,1246,-1,2662,1246,2648,-1,2650,2649,1243,-1,1243,2649,1242,-1,2651,1244,1258,-1,2651,1258,2663,-1,2663,1258,1261,-1,2663,1261,2666,-1,2666,1261,1262,-1,2666,1262,2667,-1,2667,1262,1263,-1,2667,1263,2668,-1,2668,1263,1264,-1,2668,1264,2669,-1,2669,1264,1265,-1,2669,1265,2670,-1,2670,1265,1267,-1,2670,1267,2672,-1,2672,1267,1266,-1,2672,1266,2671,-1,2671,1266,1259,-1,2671,1259,2664,-1,2664,1259,1260,-1,2664,1260,2665,-1,2665,1260,1242,-1,2665,1242,2649,-1,2651,2652,1244,-1,1244,2652,1245,-1,2647,1247,2652,-1,2652,1247,1245,-1,2673,2674,2675,-1,2676,2677,2675,-1,2675,2677,2678,-1,2675,2678,2679,-1,2679,2680,2675,-1,2675,2680,2681,-1,2675,2681,2673,-1,2676,2675,2682,-1,2682,2675,2683,-1,2682,2683,2684,-1,2684,2683,2685,-1,2684,2685,2686,-1,2686,2685,2687,-1,2686,2687,2688,-1,2688,2687,2689,-1,2688,2689,2690,-1,2683,2675,446,-1,446,2675,447,-1,2683,446,2685,-1,2685,446,2691,-1,2685,2691,2687,-1,2687,2691,2692,-1,2687,2692,2689,-1,2689,2692,2693,-1,2689,2693,2690,-1,2690,2693,2694,-1,2690,2694,2688,-1,2688,2694,2695,-1,2688,2695,2686,-1,2686,2695,2696,-1,2686,2696,2684,-1,2684,2696,452,-1,2682,2684,451,-1,451,2684,452,-1,2682,451,2676,-1,2676,451,2697,-1,2676,2697,2677,-1,2677,2697,2698,-1,2677,2698,2678,-1,2678,2698,2699,-1,2678,2699,2679,-1,2679,2699,2700,-1,2679,2700,2680,-1,2680,2700,2701,-1,2680,2701,2681,-1,2681,2701,2702,-1,2681,2702,2673,-1,2673,2702,453,-1,2674,2673,448,-1,448,2673,453,-1,2651,2652,2650,-1,2650,2652,2647,-1,2650,2647,2648,-1,2703,2704,2648,-1,2648,2704,2705,-1,2648,2705,2650,-1,2703,2706,2704,-1,2704,2706,2707,-1,2704,2707,2708,-1,2709,2710,2711,-1,2711,2710,2712,-1,2650,2649,2651,-1,2651,2649,2712,-1,2651,2712,2713,-1,2713,2712,2710,-1,2648,2647,1246,-1,1246,2647,1247,-1,2648,1246,2703,-1,2703,1246,2714,-1,2703,2714,2706,-1,2706,2714,2715,-1,2706,2715,2707,-1,2707,2715,2716,-1,2707,2716,2708,-1,2708,2716,2717,-1,2708,2717,2704,-1,2704,2717,2718,-1,2704,2718,2705,-1,2705,2718,2719,-1,2705,2719,2650,-1,2650,2719,1243,-1,2649,2650,1242,-1,1242,2650,1243,-1,2649,1242,2712,-1,2712,1242,2720,-1,2712,2720,2711,-1,2711,2720,2721,-1,2711,2721,2709,-1,2709,2721,2722,-1,2709,2722,2710,-1,2710,2722,2723,-1,2710,2723,2713,-1,2713,2723,2724,-1,2713,2724,2651,-1,2651,2724,1244,-1,2652,2651,1245,-1,1245,2651,1244,-1,632,633,641,-1,2725,2726,2727,-1,2727,2726,2728,-1,633,2729,641,-1,641,2729,2728,-1,641,2728,2730,-1,2730,2728,2726,-1,2731,640,2732,-1,2732,640,2733,-1,2732,2733,2734,-1,2731,2735,640,-1,640,2735,636,-1,640,636,641,-1,641,636,646,-1,641,646,632,-1,633,632,609,-1,609,632,607,-1,633,609,2729,-1,2729,609,2736,-1,2729,2736,2728,-1,2728,2736,2737,-1,2728,2737,2727,-1,2727,2737,2738,-1,2727,2738,2725,-1,2725,2738,2739,-1,2725,2739,2726,-1,2726,2739,2740,-1,2726,2740,2730,-1,2730,2740,2741,-1,2730,2741,641,-1,641,2741,613,-1,640,641,614,-1,614,641,613,-1,640,614,2733,-1,2733,614,2742,-1,2733,2742,2734,-1,2734,2742,2743,-1,2734,2743,2732,-1,2732,2743,2744,-1,2732,2744,2731,-1,2731,2744,2745,-1,2731,2745,2735,-1,2735,2745,2746,-1,2735,2746,636,-1,636,2746,608,-1,646,636,606,-1,606,636,608,-1,1398,1399,1406,-1,1405,1401,1406,-1,1406,1401,1400,-1,1406,1400,1398,-1,2747,2748,1399,-1,1399,2748,2749,-1,1399,2749,1406,-1,2747,2750,2748,-1,2748,2750,2751,-1,2748,2751,2752,-1,2753,2754,2755,-1,1405,2756,1401,-1,1401,2756,2753,-1,1401,2753,2757,-1,2757,2753,2755,-1,1399,1398,1377,-1,1377,1398,1376,-1,1399,1377,2747,-1,2747,1377,2758,-1,2747,2758,2750,-1,2750,2758,2759,-1,2750,2759,2751,-1,2751,2759,2760,-1,2751,2760,2752,-1,2752,2760,2761,-1,2752,2761,2748,-1,2748,2761,2762,-1,2748,2762,2749,-1,2749,2762,2763,-1,2749,2763,1406,-1,1406,2763,1373,-1,1405,1406,1380,-1,1380,1406,1373,-1,1405,1380,2756,-1,2756,1380,2764,-1,2756,2764,2753,-1,2753,2764,2765,-1,2753,2765,2754,-1,2754,2765,2766,-1,2754,2766,2755,-1,2755,2766,2767,-1,2755,2767,2757,-1,2757,2767,2768,-1,2757,2768,1401,-1,1401,2768,1374,-1,1400,1401,1375,-1,1375,1401,1374,-1,2769,2770,2771,-1,2772,2773,2774,-1,2775,2776,2777,-1,2777,2776,2778,-1,2777,2778,2779,-1,2779,2780,2777,-1,2777,2780,2769,-1,2777,2769,2781,-1,2781,2769,2771,-1,2775,2777,2774,-1,2774,2777,2782,-1,2774,2782,2772,-1,2783,2784,2773,-1,2773,2784,2785,-1,2773,2785,2774,-1,2778,2776,2786,-1,2786,2776,2787,-1,2778,2786,2779,-1,2779,2786,2788,-1,2779,2788,2780,-1,2780,2788,2789,-1,2780,2789,2769,-1,2769,2789,2790,-1,2769,2790,2770,-1,2770,2790,2791,-1,2770,2791,2771,-1,2771,2791,2792,-1,2771,2792,2781,-1,2781,2792,2793,-1,2781,2793,2777,-1,2777,2793,2794,-1,2782,2777,2795,-1,2795,2777,2794,-1,2782,2795,2772,-1,2772,2795,2796,-1,2772,2796,2773,-1,2773,2796,2797,-1,2773,2797,2783,-1,2783,2797,2798,-1,2783,2798,2784,-1,2784,2798,2799,-1,2784,2799,2785,-1,2785,2799,2800,-1,2785,2800,2774,-1,2774,2800,2801,-1,2775,2774,2802,-1,2802,2774,2801,-1,580,581,585,-1,583,584,585,-1,585,584,586,-1,585,586,580,-1,2803,2804,2805,-1,2805,2804,2806,-1,581,2807,585,-1,585,2807,2806,-1,585,2806,2808,-1,2808,2806,2804,-1,2809,2810,2811,-1,583,2812,584,-1,584,2812,2809,-1,584,2809,2813,-1,2813,2809,2811,-1,581,580,557,-1,557,580,555,-1,581,557,2807,-1,2807,557,2814,-1,2807,2814,2806,-1,2806,2814,2815,-1,2806,2815,2805,-1,2805,2815,2816,-1,2805,2816,2803,-1,2803,2816,2817,-1,2803,2817,2804,-1,2804,2817,2818,-1,2804,2818,2808,-1,2808,2818,2819,-1,2808,2819,585,-1,585,2819,556,-1,583,585,563,-1,563,585,556,-1,583,563,2812,-1,2812,563,2820,-1,2812,2820,2809,-1,2809,2820,2821,-1,2809,2821,2810,-1,2810,2821,2822,-1,2810,2822,2811,-1,2811,2822,2823,-1,2811,2823,2813,-1,2813,2823,2824,-1,2813,2824,584,-1,584,2824,562,-1,586,584,554,-1,554,584,562,-1,1655,1654,1656,-1,1651,1663,1669,-1,1685,1677,1707,-1,1707,1677,1691,-1,1685,1684,1677,-1,1677,1684,1683,-1,1677,1683,1678,-1,1656,1654,1677,-1,1658,1659,1656,-1,1656,1659,1657,-1,1656,1657,1655,-1,1676,1658,1674,-1,1674,1658,1673,-1,1654,1686,1677,-1,1677,1686,1688,-1,1677,1688,1691,-1,1676,1675,1658,-1,1658,1675,1660,-1,1658,1660,1659,-1,1652,1651,1653,-1,1653,1651,1669,-1,1653,1669,1671,-1,1671,1669,1670,-1,1671,1670,1658,-1,1658,1670,1672,-1,1658,1672,1673,-1,1678,1679,1677,-1,1677,1679,1681,-1,1677,1681,1680,-1,1712,1711,1647,-1,1665,1664,1663,-1,1663,1664,1662,-1,1663,1662,1661,-1,1688,1687,1691,-1,1691,1687,1713,-1,1691,1713,1689,-1,1689,1713,1712,-1,1689,1712,1648,-1,1648,1712,1647,-1,1668,1667,1666,-1,1665,1690,1664,-1,1664,1690,1667,-1,1664,1667,1682,-1,1682,1667,1668,-1,1706,1704,1669,-1,1697,1693,1679,-1,1679,1693,1696,-1,1679,1696,1681,-1,1697,1692,1693,-1,1693,1692,1694,-1,1693,1694,1695,-1,1661,1701,1663,-1,1663,1701,1700,-1,1663,1700,1669,-1,1669,1700,1699,-1,1669,1699,1706,-1,1704,1703,1669,-1,1669,1703,1702,-1,1669,1702,1698,-1,1698,1702,1705,-1,1709,1708,1649,-1,1666,1710,1668,-1,1668,1710,1709,-1,1668,1709,1650,-1,1650,1709,1649,-1,1650,1649,1646,-1,1646,1649,1644,-1,1650,1646,1615,-1,1650,1615,1668,-1,1668,1615,1616,-1,1668,1616,1682,-1,1682,1616,1631,-1,1682,1631,1664,-1,1664,1631,1618,-1,1664,1618,1662,-1,1662,1618,1619,-1,1662,1619,1661,-1,1661,1619,1621,-1,1661,1621,1701,-1,1701,1621,1624,-1,1701,1624,1700,-1,1699,1700,1623,-1,1623,1700,1624,-1,1699,1623,1706,-1,1706,1623,1640,-1,1706,1640,1704,-1,1704,1640,1639,-1,1704,1639,1703,-1,1703,1639,1638,-1,1703,1638,1702,-1,1702,1638,1636,-1,1702,1636,1705,-1,1705,1636,1637,-1,1705,1637,1698,-1,1698,1637,1641,-1,1698,1641,1669,-1,1669,1641,1582,-1,1670,1669,1607,-1,1607,1669,1582,-1,1670,1607,1672,-1,1672,1607,1608,-1,1672,1608,1673,-1,1673,1608,1595,-1,1673,1595,1674,-1,1674,1595,1594,-1,1674,1594,1676,-1,1676,1594,1593,-1,1676,1593,1675,-1,1675,1593,1602,-1,1675,1602,1660,-1,1660,1602,1603,-1,1660,1603,1659,-1,1659,1603,1591,-1,1657,1659,1589,-1,1589,1659,1591,-1,1657,1589,1609,-1,1657,1609,1655,-1,1655,1609,1610,-1,1655,1610,1654,-1,1654,1610,1611,-1,1654,1611,1686,-1,1686,1611,1601,-1,1686,1601,1688,-1,1688,1601,1587,-1,1688,1587,1687,-1,1687,1587,1588,-1,1687,1588,1713,-1,1713,1588,1628,-1,1713,1628,1712,-1,1711,1712,1626,-1,1626,1712,1628,-1,1647,1627,1648,-1,1648,1627,2825,-1,1648,2825,1629,-1,1648,1629,1630,-1,1648,1630,1689,-1,1689,1630,1586,-1,1689,1586,1691,-1,1691,1586,1599,-1,1691,1599,1707,-1,1707,1599,1584,-1,1707,1584,1685,-1,1685,1584,1585,-1,1685,1585,1684,-1,1684,1585,1596,-1,1684,1596,1683,-1,1683,1596,1597,-1,1683,1597,1678,-1,1679,1678,1598,-1,1598,1678,1597,-1,1679,1598,1697,-1,1697,1598,1632,-1,1697,1632,1692,-1,1692,1632,1633,-1,1692,1633,1694,-1,1694,1633,1634,-1,1694,1634,1695,-1,1695,1634,1635,-1,1695,1635,1693,-1,1693,1635,1612,-1,1693,1612,1696,-1,1696,1612,1613,-1,1696,1613,1681,-1,1681,1613,1614,-1,1680,1681,1583,-1,1583,1681,1614,-1,1680,1583,1600,-1,1680,1600,1677,-1,1677,1600,1590,-1,1677,1590,1656,-1,1656,1590,1592,-1,1656,1592,1658,-1,1658,1592,1606,-1,1658,1606,1671,-1,1671,1606,1605,-1,1671,1605,1653,-1,1653,1605,1604,-1,1653,1604,1652,-1,1651,1652,1580,-1,1580,1652,1604,-1,1651,1580,1581,-1,1651,1581,1663,-1,1663,1581,1625,-1,1663,1625,1665,-1,1665,1625,1622,-1,1665,1622,1690,-1,1690,1622,1620,-1,1690,1620,1667,-1,1667,1620,1617,-1,1667,1617,1666,-1,1666,1617,1645,-1,1666,1645,1710,-1,1710,1645,1642,-1,1710,1642,1709,-1,1708,1709,1643,-1,1643,1709,1642,-1,2147,2138,2136,-1,2136,2137,2147,-1,2147,2137,2826,-1,2147,2826,2827,-1,2138,2147,2139,-1,2139,2147,2146,-1,2139,2146,2828,-1,2826,2829,2830,-1,2830,2831,2826,-1,2826,2831,2832,-1,2826,2832,2827,-1,2146,2833,2828,-1,2828,2833,2834,-1,2828,2834,2835,-1,2835,2834,2836,-1,2137,2136,396,-1,396,2136,394,-1,2137,396,2826,-1,2826,396,2837,-1,2826,2837,2829,-1,2829,2837,2838,-1,2829,2838,2830,-1,2830,2838,2839,-1,2830,2839,2831,-1,2831,2839,2840,-1,2831,2840,2832,-1,2832,2840,2841,-1,2832,2841,2827,-1,2827,2841,2842,-1,2827,2842,2147,-1,2147,2842,397,-1,2146,2147,395,-1,395,2147,397,-1,2146,395,2833,-1,2833,395,2843,-1,2833,2843,2834,-1,2834,2843,2844,-1,2834,2844,2836,-1,2836,2844,2845,-1,2836,2845,2835,-1,2835,2845,2846,-1,2835,2846,2828,-1,2828,2846,2847,-1,2828,2847,2139,-1,2139,2847,400,-1,2138,2139,403,-1,403,2139,400,-1,2271,2268,2269,-1,2848,2849,2269,-1,2269,2849,2274,-1,2269,2274,2271,-1,2850,2851,2852,-1,2852,2851,2853,-1,2852,2853,2854,-1,2273,2268,2272,-1,2272,2268,2271,-1,2272,2271,2853,-1,2853,2271,2855,-1,2853,2855,2854,-1,2848,2856,2849,-1,2849,2856,2857,-1,2849,2857,2858,-1,2269,2268,135,-1,135,2268,136,-1,2269,135,2848,-1,2848,135,2859,-1,2848,2859,2856,-1,2856,2859,2860,-1,2856,2860,2857,-1,2857,2860,2861,-1,2857,2861,2858,-1,2858,2861,2862,-1,2858,2862,2849,-1,2849,2862,2863,-1,2849,2863,2274,-1,2274,2863,134,-1,2271,2274,131,-1,131,2274,134,-1,2271,131,2855,-1,2855,131,2864,-1,2855,2864,2854,-1,2854,2864,2865,-1,2854,2865,2852,-1,2852,2865,2866,-1,2852,2866,2850,-1,2850,2866,2867,-1,2850,2867,2851,-1,2851,2867,2868,-1,2851,2868,2853,-1,2853,2868,2869,-1,2853,2869,2272,-1,2272,2869,132,-1,2273,2272,133,-1,133,2272,132,-1,2297,2294,2309,-1,2309,2294,2295,-1,2297,2309,2298,-1,2298,2309,2296,-1,2298,2296,2870,-1,2871,2872,2295,-1,2295,2872,2873,-1,2295,2873,2309,-1,2871,2874,2872,-1,2872,2874,2875,-1,2872,2875,2876,-1,2296,2877,2870,-1,2870,2877,2878,-1,2870,2878,2879,-1,2879,2878,2880,-1,2295,2294,342,-1,342,2294,343,-1,2295,342,2871,-1,2871,342,2881,-1,2871,2881,2874,-1,2874,2881,2882,-1,2874,2882,2875,-1,2875,2882,2883,-1,2875,2883,2876,-1,2876,2883,2884,-1,2876,2884,2872,-1,2872,2884,2885,-1,2872,2885,2873,-1,2873,2885,2886,-1,2873,2886,2309,-1,2309,2886,357,-1,2296,2309,344,-1,344,2309,357,-1,2296,344,2877,-1,2877,344,2887,-1,2877,2887,2878,-1,2878,2887,2888,-1,2878,2888,2880,-1,2880,2888,2889,-1,2880,2889,2879,-1,2879,2889,2890,-1,2879,2890,2870,-1,2870,2890,2891,-1,2870,2891,2298,-1,2298,2891,346,-1,2297,2298,345,-1,345,2298,346,-1,2892,2893,2894,-1,2893,2895,2894,-1,2894,2895,2896,-1,2894,2896,2897,-1,2897,2896,2898,-1,2896,2899,2898,-1,2898,2899,2900,-1,2898,2900,2901,-1,2901,2900,2902,-1,2903,2904,2905,-1,2905,2904,2906,-1,2894,2907,2892,-1,2892,2907,2906,-1,2892,2906,2908,-1,2908,2906,2904,-1,2896,2895,2351,-1,2351,2895,2349,-1,2896,2351,2899,-1,2899,2351,2909,-1,2899,2909,2900,-1,2900,2909,2910,-1,2900,2910,2902,-1,2902,2910,2911,-1,2902,2911,2901,-1,2901,2911,2912,-1,2901,2912,2898,-1,2898,2912,2913,-1,2898,2913,2897,-1,2897,2913,2914,-1,2897,2914,2894,-1,2894,2914,2356,-1,2907,2894,2355,-1,2355,2894,2356,-1,2907,2355,2906,-1,2906,2355,2915,-1,2906,2915,2905,-1,2905,2915,2916,-1,2905,2916,2903,-1,2903,2916,2917,-1,2903,2917,2904,-1,2904,2917,2918,-1,2904,2918,2908,-1,2908,2918,2919,-1,2908,2919,2892,-1,2892,2919,2348,-1,2893,2892,2350,-1,2350,2892,2348,-1,262,268,264,-1,264,268,263,-1,264,263,2920,-1,261,2921,2922,-1,261,2923,2921,-1,2921,2923,2924,-1,2921,2924,2925,-1,262,260,268,-1,268,260,261,-1,268,261,2926,-1,2926,261,2922,-1,2927,2928,2929,-1,2927,2929,263,-1,263,2929,2930,-1,263,2930,2920,-1,261,260,239,-1,239,260,236,-1,261,239,2923,-1,2923,239,2931,-1,2923,2931,2924,-1,2924,2931,2932,-1,2924,2932,2925,-1,2925,2932,2933,-1,2925,2933,2921,-1,2921,2933,2934,-1,2921,2934,2922,-1,2922,2934,2935,-1,2922,2935,2926,-1,2926,2935,2936,-1,2926,2936,268,-1,268,2936,238,-1,263,268,240,-1,240,268,238,-1,263,240,2927,-1,2927,240,2937,-1,2927,2937,2928,-1,2928,2937,2938,-1,2928,2938,2929,-1,2929,2938,2939,-1,2929,2939,2930,-1,2930,2939,2940,-1,2930,2940,2920,-1,2920,2940,2941,-1,2920,2941,264,-1,264,2941,234,-1,262,264,235,-1,235,264,234,-1,29,26,41,-1,41,26,27,-1,41,27,2942,-1,29,41,30,-1,30,41,28,-1,30,28,2943,-1,2944,27,2945,-1,2945,27,2946,-1,2944,2947,27,-1,27,2947,2948,-1,27,2948,2942,-1,2949,2950,2951,-1,2943,28,2951,-1,2951,28,2952,-1,2951,2952,2949,-1,27,26,5,-1,5,26,2,-1,27,5,2946,-1,2946,5,2953,-1,2946,2953,2945,-1,2945,2953,2954,-1,2945,2954,2944,-1,2944,2954,2955,-1,2944,2955,2947,-1,2947,2955,2956,-1,2947,2956,2948,-1,2948,2956,2957,-1,2948,2957,2942,-1,2942,2957,2958,-1,2942,2958,41,-1,41,2958,8,-1,28,41,4,-1,4,41,8,-1,28,4,2952,-1,2952,4,2959,-1,2952,2959,2949,-1,2949,2959,2960,-1,2949,2960,2950,-1,2950,2960,2961,-1,2950,2961,2951,-1,2951,2961,2962,-1,2951,2962,2943,-1,2943,2962,2963,-1,2943,2963,30,-1,30,2963,0,-1,29,30,1,-1,1,30,0,-1,2964,2965,2966,-1,2966,2967,2964,-1,2964,2967,2968,-1,2964,2968,2969,-1,2969,2970,2964,-1,2964,2970,2971,-1,2964,2971,2972,-1,2972,2973,2964,-1,2964,2973,2974,-1,2964,2974,2975,-1,2975,2976,2964,-1,2964,2976,2977,-1,2964,2977,2978,-1,2978,2979,2964,-1,2964,2979,2980,-1,2964,2980,2981,-1,2967,2966,2982,-1,2982,2966,2983,-1,2967,2982,2968,-1,2968,2982,2984,-1,2968,2984,2969,-1,2969,2984,2985,-1,2969,2985,2970,-1,2970,2985,2986,-1,2970,2986,2971,-1,2971,2986,2987,-1,2971,2987,2972,-1,2972,2987,2988,-1,2972,2988,2973,-1,2973,2988,2989,-1,2973,2989,2974,-1,2974,2989,2990,-1,2975,2974,2991,-1,2991,2974,2990,-1,2975,2991,2976,-1,2976,2991,2992,-1,2976,2992,2977,-1,2977,2992,2993,-1,2977,2993,2978,-1,2978,2993,2994,-1,2978,2994,2979,-1,2979,2994,2995,-1,2979,2995,2980,-1,2980,2995,2996,-1,2980,2996,2981,-1,2981,2996,2997,-1,2981,2997,2964,-1,2964,2997,2998,-1,2965,2964,2999,-1,2999,2964,2998,-1,219,210,208,-1,208,209,219,-1,219,209,3000,-1,219,3000,3001,-1,210,219,211,-1,211,219,218,-1,211,218,3002,-1,3000,3003,3004,-1,3004,3005,3000,-1,3000,3005,3006,-1,3000,3006,3001,-1,218,3007,3002,-1,3002,3007,3008,-1,3002,3008,3009,-1,3009,3008,3010,-1,209,208,186,-1,186,208,184,-1,209,186,3000,-1,3000,186,3011,-1,3000,3011,3003,-1,3003,3011,3012,-1,3003,3012,3004,-1,3004,3012,3013,-1,3004,3013,3005,-1,3005,3013,3014,-1,3005,3014,3006,-1,3006,3014,3015,-1,3006,3015,3001,-1,3001,3015,3016,-1,3001,3016,219,-1,219,3016,187,-1,218,219,185,-1,185,219,187,-1,218,185,3007,-1,3007,185,3017,-1,3007,3017,3008,-1,3008,3017,3018,-1,3008,3018,3010,-1,3010,3018,3019,-1,3010,3019,3009,-1,3009,3019,3020,-1,3009,3020,3002,-1,3002,3020,3021,-1,3002,3021,211,-1,211,3021,182,-1,210,211,183,-1,183,211,182,-1,80,83,82,-1,82,83,81,-1,82,81,3022,-1,3023,3024,3025,-1,80,78,83,-1,83,78,79,-1,83,79,3026,-1,3026,79,3027,-1,3023,3025,79,-1,79,3025,3028,-1,79,3028,3027,-1,3029,3030,3031,-1,3029,3031,81,-1,81,3031,3032,-1,81,3032,3022,-1,79,78,57,-1,57,78,54,-1,79,57,3023,-1,3023,57,3033,-1,3023,3033,3024,-1,3024,3033,3034,-1,3024,3034,3025,-1,3025,3034,3035,-1,3025,3035,3028,-1,3028,3035,3036,-1,3028,3036,3027,-1,3027,3036,3037,-1,3027,3037,3026,-1,3026,3037,3038,-1,3026,3038,83,-1,83,3038,55,-1,81,83,56,-1,56,83,55,-1,81,56,3029,-1,3029,56,3039,-1,3029,3039,3030,-1,3030,3039,3040,-1,3030,3040,3031,-1,3031,3040,3041,-1,3031,3041,3032,-1,3032,3041,3042,-1,3032,3042,3022,-1,3022,3042,3043,-1,3022,3043,82,-1,82,3043,52,-1,80,82,53,-1,53,82,52,-1,314,315,318,-1,318,315,324,-1,324,340,318,-1,318,340,338,-1,318,338,336,-1,332,319,316,-1,316,319,318,-1,316,318,322,-1,322,318,336,-1,330,333,326,-1,332,328,319,-1,319,328,330,-1,319,330,321,-1,321,330,326,-1,315,314,291,-1,291,314,290,-1,315,291,324,-1,324,291,300,-1,324,300,340,-1,340,300,302,-1,340,302,338,-1,338,302,304,-1,338,304,336,-1,336,304,306,-1,336,306,322,-1,322,306,293,-1,322,293,316,-1,316,293,287,-1,332,316,294,-1,294,316,287,-1,332,294,328,-1,328,294,296,-1,328,296,330,-1,330,296,298,-1,330,298,333,-1,333,298,312,-1,333,312,326,-1,326,312,310,-1,326,310,321,-1,321,310,309,-1,321,309,319,-1,319,309,288,-1,318,319,289,-1,289,319,288,-1,2575,2571,2569,-1,2569,2570,2575,-1,2575,2570,3044,-1,2575,3044,3045,-1,3046,3047,3048,-1,3049,3050,2574,-1,2571,2575,2574,-1,2574,2575,2573,-1,2574,2573,3049,-1,3046,3048,3044,-1,3044,3048,3051,-1,3044,3051,3045,-1,3050,3052,2574,-1,2574,3052,3053,-1,2574,3053,3054,-1,2570,2569,2545,-1,2545,2569,2546,-1,2570,2545,3044,-1,3044,2545,3055,-1,3044,3055,3046,-1,3046,3055,3056,-1,3046,3056,3047,-1,3047,3056,3057,-1,3047,3057,3048,-1,3048,3057,3058,-1,3048,3058,3051,-1,3051,3058,3059,-1,3051,3059,3045,-1,3045,3059,3060,-1,3045,3060,2575,-1,2575,3060,2544,-1,2573,2575,2547,-1,2547,2575,2544,-1,2573,2547,3049,-1,3049,2547,3061,-1,3049,3061,3050,-1,3050,3061,3062,-1,3050,3062,3052,-1,3052,3062,3063,-1,3052,3063,3053,-1,3053,3063,3064,-1,3053,3064,3054,-1,3054,3064,3065,-1,3054,3065,2574,-1,2574,3065,2548,-1,2571,2574,2549,-1,2549,2574,2548,-1,1558,1556,1557,-1,1556,1554,1557,-1,1557,1554,1555,-1,1557,1555,3066,-1,3066,1555,3067,-1,1555,3068,3067,-1,3067,3068,3069,-1,3067,3069,3070,-1,3070,3069,3071,-1,3072,3073,3074,-1,3074,3073,3075,-1,1557,1571,1558,-1,1558,1571,3075,-1,1558,3075,3076,-1,3076,3075,3073,-1,1555,1554,1531,-1,1531,1554,1529,-1,1555,1531,3068,-1,3068,1531,3077,-1,3068,3077,3069,-1,3069,3077,3078,-1,3069,3078,3071,-1,3071,3078,3079,-1,3071,3079,3070,-1,3070,3079,3080,-1,3070,3080,3067,-1,3067,3080,3081,-1,3067,3081,3066,-1,3066,3081,3082,-1,3066,3082,1557,-1,1557,3082,1530,-1,1571,1557,1536,-1,1536,1557,1530,-1,1571,1536,3075,-1,3075,1536,3083,-1,3075,3083,3074,-1,3074,3083,3084,-1,3074,3084,3072,-1,3072,3084,3085,-1,3072,3085,3073,-1,3073,3085,3086,-1,3073,3086,3076,-1,3076,3086,3087,-1,3076,3087,1558,-1,1558,3087,1535,-1,1556,1558,1528,-1,1528,1558,1535,-1,3088,3089,3090,-1,3090,3089,3091,-1,3090,3091,3092,-1,3092,3091,3093,-1,3094,3095,3096,-1,3097,3098,3099,-1,3094,3096,3091,-1,3091,3096,3100,-1,3091,3100,3093,-1,3097,3099,3101,-1,3088,3090,3102,-1,3102,3090,3103,-1,3102,3103,3099,-1,3099,3103,3104,-1,3099,3104,3101,-1,3091,3089,1424,-1,1424,3089,1425,-1,3091,1424,3094,-1,3094,1424,3105,-1,3094,3105,3095,-1,3095,3105,3106,-1,3095,3106,3096,-1,3096,3106,3107,-1,3096,3107,3100,-1,3100,3107,3108,-1,3100,3108,3093,-1,3093,3108,3109,-1,3093,3109,3092,-1,3092,3109,3110,-1,3092,3110,3090,-1,3090,3110,1427,-1,3103,3090,1433,-1,1433,3090,1427,-1,3103,1433,3104,-1,3104,1433,3111,-1,3104,3111,3101,-1,3101,3111,3112,-1,3101,3112,3097,-1,3097,3112,3113,-1,3097,3113,3098,-1,3098,3113,3114,-1,3098,3114,3099,-1,3099,3114,3115,-1,3099,3115,3102,-1,3102,3115,1428,-1,3088,3102,1426,-1,1426,3102,1428,-1,958,952,957,-1,957,952,953,-1,957,953,3116,-1,958,957,956,-1,956,957,955,-1,956,955,3117,-1,3118,3119,3120,-1,3121,953,3122,-1,3122,953,3123,-1,3121,3124,953,-1,953,3124,3125,-1,953,3125,3116,-1,3118,3120,955,-1,955,3120,3126,-1,955,3126,3117,-1,953,952,932,-1,932,952,930,-1,953,932,3123,-1,3123,932,3127,-1,3123,3127,3122,-1,3122,3127,3128,-1,3122,3128,3121,-1,3121,3128,3129,-1,3121,3129,3124,-1,3124,3129,3130,-1,3124,3130,3125,-1,3125,3130,3131,-1,3125,3131,3116,-1,3116,3131,3132,-1,3116,3132,957,-1,957,3132,931,-1,955,957,938,-1,938,957,931,-1,955,938,3118,-1,3118,938,3133,-1,3118,3133,3119,-1,3119,3133,3134,-1,3119,3134,3120,-1,3120,3134,3135,-1,3120,3135,3126,-1,3126,3135,3136,-1,3126,3136,3117,-1,3117,3136,3137,-1,3117,3137,956,-1,956,3137,927,-1,958,956,929,-1,929,956,927,-1,3138,3139,3140,-1,3140,3139,3141,-1,3140,3141,3142,-1,3143,3144,3145,-1,3138,3146,3139,-1,3139,3146,3147,-1,3139,3147,3148,-1,3141,3149,3142,-1,3142,3149,3143,-1,3142,3143,3150,-1,3150,3143,3145,-1,3148,3151,3139,-1,3139,3151,3152,-1,3139,3152,3153,-1,3141,3139,3154,-1,3154,3139,3155,-1,3141,3154,3149,-1,3149,3154,3156,-1,3149,3156,3143,-1,3143,3156,3157,-1,3143,3157,3144,-1,3144,3157,3158,-1,3144,3158,3145,-1,3145,3158,3159,-1,3145,3159,3150,-1,3150,3159,3160,-1,3150,3160,3142,-1,3142,3160,3161,-1,3140,3142,3162,-1,3162,3142,3161,-1,3140,3162,3138,-1,3138,3162,3163,-1,3138,3163,3146,-1,3146,3163,3164,-1,3146,3164,3147,-1,3147,3164,3165,-1,3147,3165,3148,-1,3148,3165,3166,-1,3148,3166,3151,-1,3151,3166,3167,-1,3151,3167,3152,-1,3152,3167,3168,-1,3153,3152,3169,-1,3169,3152,3168,-1,1504,1502,1505,-1,1505,1502,1503,-1,1505,1503,3170,-1,3170,1503,3171,-1,3172,3173,3174,-1,3175,3176,3177,-1,3172,3174,1503,-1,1503,3174,3178,-1,1503,3178,3171,-1,3175,3177,3179,-1,1504,1505,1506,-1,1506,1505,1513,-1,1506,1513,3177,-1,3177,1513,3180,-1,3177,3180,3179,-1,1503,1502,1482,-1,1482,1502,1483,-1,1503,1482,3172,-1,3172,1482,3181,-1,3172,3181,3173,-1,3173,3181,3182,-1,3173,3182,3174,-1,3174,3182,3183,-1,3174,3183,3178,-1,3178,3183,3184,-1,3178,3184,3171,-1,3171,3184,3185,-1,3171,3185,3170,-1,3170,3185,3186,-1,3170,3186,1505,-1,1505,3186,1477,-1,1513,1505,1479,-1,1479,1505,1477,-1,1513,1479,3180,-1,3180,1479,3187,-1,3180,3187,3179,-1,3179,3187,3188,-1,3179,3188,3175,-1,3175,3188,3189,-1,3175,3189,3176,-1,3176,3189,3190,-1,3176,3190,3177,-1,3177,3190,3191,-1,3177,3191,1506,-1,1506,3191,1478,-1,1504,1506,1476,-1,1476,1506,1478,-1,3192,3193,3194,-1,3195,3196,3194,-1,3194,3196,3197,-1,3194,3197,3192,-1,3198,3199,3200,-1,3201,3202,3203,-1,3200,3204,3198,-1,3198,3204,3205,-1,3198,3205,3193,-1,3193,3205,3206,-1,3193,3206,3194,-1,3195,3207,3196,-1,3196,3207,3201,-1,3196,3201,3208,-1,3208,3201,3203,-1,3193,3192,3209,-1,3209,3192,3210,-1,3193,3209,3198,-1,3198,3209,3211,-1,3198,3211,3199,-1,3199,3211,3212,-1,3199,3212,3200,-1,3200,3212,3213,-1,3200,3213,3204,-1,3204,3213,3214,-1,3204,3214,3205,-1,3205,3214,3215,-1,3205,3215,3206,-1,3206,3215,3216,-1,3206,3216,3194,-1,3194,3216,3217,-1,3195,3194,3218,-1,3218,3194,3217,-1,3195,3218,3207,-1,3207,3218,3219,-1,3207,3219,3201,-1,3201,3219,3220,-1,3201,3220,3202,-1,3202,3220,3221,-1,3202,3221,3203,-1,3203,3221,3222,-1,3203,3222,3208,-1,3208,3222,3223,-1,3208,3223,3196,-1,3196,3223,3224,-1,3197,3196,3225,-1,3225,3196,3224,-1,3226,3227,3228,-1,3228,3227,3229,-1,3228,3229,3230,-1,3231,3232,3229,-1,3229,3232,3233,-1,3229,3233,3234,-1,3234,3235,3229,-1,3229,3235,3236,-1,3229,3236,3230,-1,3237,3238,3239,-1,3226,3240,3227,-1,3227,3240,3237,-1,3227,3237,3241,-1,3241,3237,3239,-1,3232,3231,3242,-1,3242,3231,3243,-1,3232,3242,3233,-1,3233,3242,3244,-1,3233,3244,3234,-1,3234,3244,3245,-1,3234,3245,3235,-1,3235,3245,3246,-1,3235,3246,3236,-1,3236,3246,3247,-1,3236,3247,3230,-1,3230,3247,3248,-1,3230,3248,3228,-1,3228,3248,3249,-1,3226,3228,3250,-1,3250,3228,3249,-1,3226,3250,3240,-1,3240,3250,3251,-1,3240,3251,3237,-1,3237,3251,3252,-1,3237,3252,3238,-1,3238,3252,3253,-1,3238,3253,3239,-1,3239,3253,3254,-1,3239,3254,3241,-1,3241,3254,3255,-1,3241,3255,3227,-1,3227,3255,3256,-1,3229,3227,3257,-1,3257,3227,3256,-1,3258,3259,3260,-1,2623,2621,2624,-1,2624,2621,2622,-1,2624,2622,3261,-1,3261,2622,3262,-1,3258,3260,2622,-1,2622,3260,3263,-1,2622,3263,3262,-1,2623,2624,2625,-1,2625,2624,2631,-1,2625,2631,3264,-1,3264,3265,2625,-1,2625,3265,3266,-1,2625,3266,3267,-1,3267,3266,3268,-1,2622,2621,2465,-1,2465,2621,2466,-1,2622,2465,3258,-1,3258,2465,3269,-1,3258,3269,3259,-1,3259,3269,3270,-1,3259,3270,3260,-1,3260,3270,3271,-1,3260,3271,3263,-1,3263,3271,3272,-1,3263,3272,3262,-1,3262,3272,3273,-1,3262,3273,3261,-1,3261,3273,3274,-1,3261,3274,2624,-1,2624,3274,2468,-1,2631,2624,2475,-1,2475,2624,2468,-1,2631,2475,3264,-1,3264,2475,3275,-1,3264,3275,3265,-1,3265,3275,3276,-1,3265,3276,3266,-1,3266,3276,3277,-1,3266,3277,3268,-1,3268,3277,3278,-1,3268,3278,3267,-1,3267,3278,3279,-1,3267,3279,2625,-1,2625,3279,2469,-1,2623,2625,2467,-1,2467,2625,2469,-1,904,902,903,-1,902,900,903,-1,903,900,901,-1,903,901,3280,-1,3280,901,3281,-1,901,3282,3281,-1,3281,3282,3283,-1,3281,3283,3284,-1,3284,3283,3285,-1,3286,3287,3288,-1,903,914,904,-1,904,914,3289,-1,904,3289,3288,-1,3288,3289,3290,-1,3288,3290,3286,-1,901,900,877,-1,877,900,875,-1,901,877,3282,-1,3282,877,3291,-1,3282,3291,3283,-1,3283,3291,3292,-1,3283,3292,3285,-1,3285,3292,3293,-1,3285,3293,3284,-1,3284,3293,3294,-1,3284,3294,3281,-1,3281,3294,3295,-1,3281,3295,3280,-1,3280,3295,3296,-1,3280,3296,903,-1,903,3296,876,-1,914,903,882,-1,882,903,876,-1,914,882,3289,-1,3289,882,3297,-1,3289,3297,3290,-1,3290,3297,3298,-1,3290,3298,3286,-1,3286,3298,3299,-1,3286,3299,3287,-1,3287,3299,3300,-1,3287,3300,3288,-1,3288,3300,3301,-1,3288,3301,904,-1,904,3301,881,-1,902,904,874,-1,874,904,881,-1,3302,3303,3304,-1,3302,3305,3306,-1,3304,3307,3302,-1,3302,3307,3308,-1,3302,3308,3309,-1,3309,3310,3302,-1,3302,3310,3311,-1,3302,3311,3305,-1,3312,3313,3314,-1,3314,3313,3315,-1,3314,3315,3316,-1,3306,3317,3302,-1,3302,3317,3318,-1,3302,3318,3315,-1,3315,3318,3319,-1,3315,3319,3316,-1,3307,3304,1320,-1,1320,3304,1321,-1,3307,1320,3308,-1,3308,1320,3320,-1,3308,3320,3309,-1,3309,3320,3321,-1,3309,3321,3310,-1,3310,3321,3322,-1,3310,3322,3311,-1,3311,3322,3323,-1,3311,3323,3305,-1,3305,3323,3324,-1,3305,3324,3306,-1,3306,3324,3325,-1,3306,3325,3317,-1,3317,3325,1328,-1,3318,3317,1337,-1,1337,3317,1328,-1,3318,1337,3319,-1,3319,1337,3326,-1,3319,3326,3316,-1,3316,3326,3327,-1,3316,3327,3314,-1,3314,3327,3328,-1,3314,3328,3312,-1,3312,3328,3329,-1,3312,3329,3313,-1,3313,3329,3330,-1,3313,3330,3315,-1,3315,3330,3331,-1,3315,3331,3302,-1,3302,3331,1323,-1,3303,3302,1322,-1,1322,3302,1323,-1,3332,3333,3334,-1,3334,3333,3335,-1,3334,3335,3336,-1,3336,3335,3337,-1,3338,3339,3340,-1,3335,3341,3337,-1,3337,3341,3342,-1,3337,3342,3343,-1,3343,3342,3344,-1,3332,3334,3340,-1,3340,3334,3345,-1,3340,3345,3338,-1,3339,3346,3340,-1,3340,3346,3347,-1,3340,3347,3348,-1,3348,3347,3349,-1,3335,3333,3350,-1,3350,3333,3351,-1,3335,3350,3341,-1,3341,3350,3352,-1,3341,3352,3342,-1,3342,3352,3353,-1,3342,3353,3344,-1,3344,3353,3354,-1,3344,3354,3343,-1,3343,3354,3355,-1,3343,3355,3337,-1,3337,3355,3356,-1,3337,3356,3336,-1,3336,3356,3357,-1,3336,3357,3334,-1,3334,3357,3358,-1,3345,3334,3359,-1,3359,3334,3358,-1,3345,3359,3338,-1,3338,3359,3360,-1,3338,3360,3339,-1,3339,3360,3361,-1,3339,3361,3346,-1,3346,3361,3362,-1,3346,3362,3347,-1,3347,3362,3363,-1,3347,3363,3349,-1,3349,3363,3364,-1,3349,3364,3348,-1,3348,3364,3365,-1,3348,3365,3340,-1,3340,3365,3366,-1,3332,3340,3367,-1,3367,3340,3366,-1,1799,1794,1797,-1,1797,1794,1795,-1,1797,1795,3368,-1,3368,1795,3369,-1,3370,3371,3372,-1,3370,3372,1795,-1,1795,3372,3373,-1,1795,3373,3369,-1,3374,3375,3376,-1,3376,3375,3377,-1,3376,3377,3378,-1,1799,1797,1798,-1,1798,1797,1796,-1,1798,1796,3377,-1,3377,1796,3379,-1,3377,3379,3378,-1,1795,1794,1086,-1,1086,1794,1087,-1,1795,1086,3370,-1,3370,1086,3380,-1,3370,3380,3371,-1,3371,3380,3381,-1,3371,3381,3372,-1,3372,3381,3382,-1,3372,3382,3373,-1,3373,3382,3383,-1,3373,3383,3369,-1,3369,3383,3384,-1,3369,3384,3368,-1,3368,3384,3385,-1,3368,3385,1797,-1,1797,3385,1083,-1,1796,1797,1082,-1,1082,1797,1083,-1,1796,1082,3379,-1,3379,1082,3386,-1,3379,3386,3378,-1,3378,3386,3387,-1,3378,3387,3376,-1,3376,3387,3388,-1,3376,3388,3374,-1,3374,3388,3389,-1,3374,3389,3375,-1,3375,3389,3390,-1,3375,3390,3377,-1,3377,3390,3391,-1,3377,3391,1798,-1,1798,3391,1084,-1,1799,1798,1085,-1,1085,1798,1084,-1,851,850,848,-1,3392,853,849,-1,849,853,852,-1,849,852,848,-1,848,852,851,-1,851,852,3393,-1,851,3393,3394,-1,3395,3396,3397,-1,3394,3398,851,-1,851,3398,3399,-1,851,3399,3400,-1,3400,3399,3401,-1,3395,3397,849,-1,849,3397,3402,-1,849,3402,3392,-1,849,848,824,-1,824,848,845,-1,849,824,3395,-1,3395,824,3403,-1,3395,3403,3396,-1,3396,3403,3404,-1,3396,3404,3397,-1,3397,3404,3405,-1,3397,3405,3402,-1,3402,3405,3406,-1,3402,3406,3392,-1,3392,3406,3407,-1,3392,3407,853,-1,853,3407,840,-1,852,853,822,-1,822,853,840,-1,852,822,3393,-1,3393,822,3408,-1,3393,3408,3394,-1,3394,3408,3409,-1,3394,3409,3398,-1,3398,3409,3410,-1,3398,3410,3399,-1,3399,3410,3411,-1,3399,3411,3401,-1,3401,3411,3412,-1,3401,3412,3400,-1,3400,3412,3413,-1,3400,3413,851,-1,851,3413,846,-1,850,851,844,-1,844,851,846,-1,3414,3415,3416,-1,3417,3418,3414,-1,3414,3418,3419,-1,3414,3419,3420,-1,3416,3421,3414,-1,3414,3421,3422,-1,3414,3422,3423,-1,3423,3424,3414,-1,3414,3424,3425,-1,3414,3425,3417,-1,3420,3426,3414,-1,3414,3426,3427,-1,3414,3427,3428,-1,3428,3429,3414,-1,3414,3429,3430,-1,3414,3430,3431,-1,3421,3416,3432,-1,3432,3416,3433,-1,3421,3432,3422,-1,3422,3432,3434,-1,3422,3434,3423,-1,3423,3434,3435,-1,3423,3435,3424,-1,3424,3435,3436,-1,3424,3436,3425,-1,3425,3436,3437,-1,3425,3437,3417,-1,3417,3437,3438,-1,3417,3438,3418,-1,3418,3438,3439,-1,3418,3439,3419,-1,3419,3439,3440,-1,3420,3419,3441,-1,3441,3419,3440,-1,3420,3441,3426,-1,3426,3441,3442,-1,3426,3442,3427,-1,3427,3442,3443,-1,3427,3443,3428,-1,3428,3443,3444,-1,3428,3444,3429,-1,3429,3444,3445,-1,3429,3445,3430,-1,3430,3445,3446,-1,3430,3446,3431,-1,3431,3446,3447,-1,3431,3447,3414,-1,3414,3447,3448,-1,3415,3414,3449,-1,3449,3414,3448,-1,3450,1165,3451,-1,3452,3453,3454,-1,1162,1160,1179,-1,1179,1160,1161,-1,1179,1161,3455,-1,3455,1161,3456,-1,1162,1179,1165,-1,1165,1179,1178,-1,1165,1178,3451,-1,3452,3454,1161,-1,1161,3454,3457,-1,1161,3457,3456,-1,3451,3458,3459,-1,3459,3460,3451,-1,3451,3460,3461,-1,3451,3461,3450,-1,1161,1160,1137,-1,1137,1160,1135,-1,1161,1137,3452,-1,3452,1137,3462,-1,3452,3462,3453,-1,3453,3462,3463,-1,3453,3463,3454,-1,3454,3463,3464,-1,3454,3464,3457,-1,3457,3464,3465,-1,3457,3465,3456,-1,3456,3465,3466,-1,3456,3466,3455,-1,3455,3466,3467,-1,3455,3467,1179,-1,1179,3467,1136,-1,1178,1179,1153,-1,1153,1179,1136,-1,1178,1153,3451,-1,3451,1153,3468,-1,3451,3468,3458,-1,3458,3468,3469,-1,3458,3469,3459,-1,3459,3469,3470,-1,3459,3470,3460,-1,3460,3470,3471,-1,3460,3471,3461,-1,3461,3471,3472,-1,3461,3472,3450,-1,3450,3472,3473,-1,3450,3473,1165,-1,1165,3473,1145,-1,1162,1165,1134,-1,1134,1165,1145,-1,1956,1957,1952,-1,1956,3474,3475,-1,1952,1953,1956,-1,1956,1953,3476,-1,1956,3476,3477,-1,3477,3478,1956,-1,1956,3478,3479,-1,1956,3479,3474,-1,3480,3481,3482,-1,3482,3481,3483,-1,3482,3483,3484,-1,3475,1955,1956,-1,1956,1955,1954,-1,1956,1954,3483,-1,3483,1954,3485,-1,3483,3485,3484,-1,1953,1952,1928,-1,1928,1952,1930,-1,1953,1928,3476,-1,3476,1928,3486,-1,3476,3486,3477,-1,3477,3486,3487,-1,3477,3487,3478,-1,3478,3487,3488,-1,3478,3488,3479,-1,3479,3488,3489,-1,3479,3489,3474,-1,3474,3489,3490,-1,3474,3490,3475,-1,3475,3490,3491,-1,3475,3491,1955,-1,1955,3491,1926,-1,1954,1955,1927,-1,1927,1955,1926,-1,1954,1927,3485,-1,3485,1927,3492,-1,3485,3492,3484,-1,3484,3492,3493,-1,3484,3493,3482,-1,3482,3493,3494,-1,3482,3494,3480,-1,3480,3494,3495,-1,3480,3495,3481,-1,3481,3495,3496,-1,3481,3496,3483,-1,3483,3496,3497,-1,3483,3497,1956,-1,1956,3497,1931,-1,1957,1956,1929,-1,1929,1956,1931,-1,3498,1062,1057,-1,1057,1062,1056,-1,1061,1059,1062,-1,1062,1059,1058,-1,1062,1058,1056,-1,3498,1057,3499,-1,3499,1057,3500,-1,3499,3500,3501,-1,3501,3500,3502,-1,3501,3502,3503,-1,3504,3505,3506,-1,3506,3505,3507,-1,1061,3508,1059,-1,1059,3508,3507,-1,1059,3507,3509,-1,3509,3507,3505,-1,1057,1056,1033,-1,1033,1056,1031,-1,1057,1033,3500,-1,3500,1033,3510,-1,3500,3510,3502,-1,3502,3510,3511,-1,3502,3511,3503,-1,3503,3511,3512,-1,3503,3512,3501,-1,3501,3512,3513,-1,3501,3513,3499,-1,3499,3513,3514,-1,3499,3514,3498,-1,3498,3514,3515,-1,3498,3515,1062,-1,1062,3515,1034,-1,1061,1062,1038,-1,1038,1062,1034,-1,1061,1038,3508,-1,3508,1038,3516,-1,3508,3516,3507,-1,3507,3516,3517,-1,3507,3517,3506,-1,3506,3517,3518,-1,3506,3518,3504,-1,3504,3518,3519,-1,3504,3519,3505,-1,3505,3519,3520,-1,3505,3520,3509,-1,3509,3520,3521,-1,3509,3521,1059,-1,1059,3521,1032,-1,1058,1059,1030,-1,1030,1059,1032,-1,1007,1006,1004,-1,1004,1005,1007,-1,1007,1005,3522,-1,1007,3522,3523,-1,1006,1007,1008,-1,1008,1007,1017,-1,1008,1017,3524,-1,3522,3525,3526,-1,3526,3527,3522,-1,3522,3527,3528,-1,3522,3528,3523,-1,3529,3530,3531,-1,3524,3532,1008,-1,1008,3532,3529,-1,1008,3529,3533,-1,3533,3529,3531,-1,1005,1004,981,-1,981,1004,979,-1,1005,981,3522,-1,3522,981,3534,-1,3522,3534,3525,-1,3525,3534,3535,-1,3525,3535,3526,-1,3526,3535,3536,-1,3526,3536,3527,-1,3527,3536,3537,-1,3527,3537,3528,-1,3528,3537,3538,-1,3528,3538,3523,-1,3523,3538,3539,-1,3523,3539,1007,-1,1007,3539,980,-1,1017,1007,995,-1,995,1007,980,-1,1017,995,3524,-1,3524,995,3540,-1,3524,3540,3532,-1,3532,3540,3541,-1,3532,3541,3529,-1,3529,3541,3542,-1,3529,3542,3530,-1,3530,3542,3543,-1,3530,3543,3531,-1,3531,3543,3544,-1,3531,3544,3533,-1,3533,3544,3545,-1,3533,3545,1008,-1,1008,3545,984,-1,1006,1008,978,-1,978,1008,984,-1,744,742,755,-1,755,742,743,-1,743,752,755,-1,755,752,750,-1,755,750,761,-1,761,748,755,-1,755,748,746,-1,755,746,759,-1,759,758,755,-1,755,758,756,-1,755,756,753,-1,753,763,755,-1,755,763,767,-1,755,767,765,-1,743,742,719,-1,719,742,716,-1,743,719,752,-1,752,719,721,-1,752,721,750,-1,750,721,723,-1,750,723,761,-1,761,723,727,-1,761,727,748,-1,748,727,725,-1,748,725,746,-1,746,725,729,-1,746,729,759,-1,759,729,717,-1,758,759,718,-1,718,759,717,-1,758,718,756,-1,756,718,732,-1,756,732,753,-1,753,732,740,-1,753,740,763,-1,763,740,735,-1,763,735,767,-1,767,735,736,-1,767,736,765,-1,765,736,738,-1,765,738,755,-1,755,738,714,-1,744,755,715,-1,715,755,714,-1,689,688,686,-1,691,686,687,-1,689,686,3546,-1,3547,3548,686,-1,686,3548,3549,-1,686,3549,3546,-1,691,3550,686,-1,686,3550,3551,-1,686,3551,3547,-1,3552,3553,3554,-1,3554,3553,3555,-1,3553,3556,3555,-1,3555,3556,3557,-1,3555,3557,687,-1,687,3557,692,-1,687,692,691,-1,687,686,665,-1,665,686,660,-1,687,665,3555,-1,3555,665,3558,-1,3555,3558,3554,-1,3554,3558,3559,-1,3554,3559,3552,-1,3552,3559,3560,-1,3552,3560,3553,-1,3553,3560,3561,-1,3553,3561,3556,-1,3556,3561,3562,-1,3556,3562,3557,-1,3557,3562,3563,-1,3557,3563,692,-1,692,3563,666,-1,691,692,664,-1,664,692,666,-1,691,664,3550,-1,3550,664,3564,-1,3550,3564,3551,-1,3551,3564,3565,-1,3551,3565,3547,-1,3547,3565,3566,-1,3547,3566,3548,-1,3548,3566,3567,-1,3548,3567,3549,-1,3549,3567,3568,-1,3549,3568,3546,-1,3546,3568,3569,-1,3546,3569,689,-1,689,3569,661,-1,688,689,662,-1,662,689,661,-1,1234,1219,1215,-1,1215,1219,1214,-1,1214,1219,1218,-1,1214,1218,1232,-1,1240,1225,1238,-1,1232,1230,1214,-1,1214,1230,1228,-1,1214,1228,1226,-1,1226,1222,1214,-1,1214,1222,1217,-1,1214,1217,1216,-1,1240,1238,1215,-1,1215,1238,1236,-1,1215,1236,1234,-1,1215,1214,1193,-1,1193,1214,1188,-1,1215,1193,1240,-1,1240,1193,1203,-1,1240,1203,1225,-1,1225,1203,1194,-1,1225,1194,1238,-1,1238,1194,1205,-1,1238,1205,1236,-1,1236,1205,1207,-1,1236,1207,1234,-1,1234,1207,1209,-1,1234,1209,1219,-1,1219,1209,1211,-1,1218,1219,1212,-1,1212,1219,1211,-1,1218,1212,1232,-1,1232,1212,1196,-1,1232,1196,1230,-1,1230,1196,1198,-1,1230,1198,1228,-1,1228,1198,1200,-1,1228,1200,1226,-1,1226,1200,1190,-1,1226,1190,1222,-1,1222,1190,1192,-1,1222,1192,1217,-1,1217,1192,1186,-1,1216,1217,1187,-1,1187,1217,1186,-1,2032,2034,2033,-1,2033,2034,2030,-1,2033,2030,2031,-1,3570,3571,2031,-1,2031,3571,3572,-1,2031,3572,2033,-1,3570,3573,3571,-1,3571,3573,3574,-1,3571,3574,3575,-1,3576,3577,3578,-1,2033,2041,2032,-1,2032,2041,3579,-1,2032,3579,3578,-1,3578,3579,3580,-1,3578,3580,3576,-1,2031,2030,2005,-1,2005,2030,2004,-1,2031,2005,3570,-1,3570,2005,3581,-1,3570,3581,3573,-1,3573,3581,3582,-1,3573,3582,3574,-1,3574,3582,3583,-1,3574,3583,3575,-1,3575,3583,3584,-1,3575,3584,3571,-1,3571,3584,3585,-1,3571,3585,3572,-1,3572,3585,3586,-1,3572,3586,2033,-1,2033,3586,2006,-1,2041,2033,2007,-1,2007,2033,2006,-1,2041,2007,3579,-1,3579,2007,3587,-1,3579,3587,3580,-1,3580,3587,3588,-1,3580,3588,3576,-1,3576,3588,3589,-1,3576,3589,3577,-1,3577,3589,3590,-1,3577,3590,3578,-1,3578,3590,3591,-1,3578,3591,2032,-1,2032,3591,2008,-1,2034,2032,2009,-1,2009,2032,2008,-1,530,532,531,-1,531,532,528,-1,531,528,529,-1,3592,3593,529,-1,529,3593,3594,-1,529,3594,531,-1,3592,3595,3593,-1,3593,3595,3596,-1,3593,3596,3597,-1,3598,3599,3600,-1,531,539,530,-1,530,539,3601,-1,530,3601,3600,-1,3600,3601,3602,-1,3600,3602,3598,-1,529,528,503,-1,503,528,502,-1,529,503,3592,-1,3592,503,3603,-1,3592,3603,3595,-1,3595,3603,3604,-1,3595,3604,3596,-1,3596,3604,3605,-1,3596,3605,3597,-1,3597,3605,3606,-1,3597,3606,3593,-1,3593,3606,3607,-1,3593,3607,3594,-1,3594,3607,3608,-1,3594,3608,531,-1,531,3608,504,-1,539,531,505,-1,505,531,504,-1,539,505,3601,-1,3601,505,3609,-1,3601,3609,3602,-1,3602,3609,3610,-1,3602,3610,3598,-1,3598,3610,3611,-1,3598,3611,3599,-1,3599,3611,3612,-1,3599,3612,3600,-1,3600,3612,3613,-1,3600,3613,530,-1,530,3613,506,-1,532,530,507,-1,507,530,506,-1,3614,3615,3616,-1,3617,3618,800,-1,798,796,799,-1,799,796,797,-1,799,797,3619,-1,3619,3620,799,-1,799,3620,3614,-1,799,3614,3621,-1,3621,3614,3616,-1,798,799,800,-1,800,799,805,-1,800,805,3617,-1,3618,3622,800,-1,800,3622,3623,-1,800,3623,3624,-1,797,796,773,-1,773,796,771,-1,797,773,3619,-1,3619,773,3625,-1,3619,3625,3620,-1,3620,3625,3626,-1,3620,3626,3614,-1,3614,3626,3627,-1,3614,3627,3615,-1,3615,3627,3628,-1,3615,3628,3616,-1,3616,3628,3629,-1,3616,3629,3621,-1,3621,3629,3630,-1,3621,3630,799,-1,799,3630,772,-1,805,799,783,-1,783,799,772,-1,805,783,3617,-1,3617,783,3631,-1,3617,3631,3618,-1,3618,3631,3632,-1,3618,3632,3622,-1,3622,3632,3633,-1,3622,3633,3623,-1,3623,3633,3634,-1,3623,3634,3624,-1,3624,3634,3635,-1,3624,3635,800,-1,800,3635,782,-1,798,800,770,-1,770,800,782,-1,2326,2325,2336,-1,2325,2320,2336,-1,2336,2320,2321,-1,2336,2321,3636,-1,3636,2321,3637,-1,2321,3638,3637,-1,3637,3638,3639,-1,3637,3639,3640,-1,3640,3639,3641,-1,3642,3643,3644,-1,3644,3643,3645,-1,2336,2335,2326,-1,2326,2335,3645,-1,2326,3645,3646,-1,3646,3645,3643,-1,2321,2320,1719,-1,1719,2320,1717,-1,2321,1719,3638,-1,3638,1719,3647,-1,3638,3647,3639,-1,3639,3647,3648,-1,3639,3648,3641,-1,3641,3648,3649,-1,3641,3649,3640,-1,3640,3649,3650,-1,3640,3650,3637,-1,3637,3650,3651,-1,3637,3651,3636,-1,3636,3651,3652,-1,3636,3652,2336,-1,2336,3652,1730,-1,2335,2336,1729,-1,1729,2336,1730,-1,2335,1729,3645,-1,3645,1729,3653,-1,3645,3653,3644,-1,3644,3653,3654,-1,3644,3654,3642,-1,3642,3654,3655,-1,3642,3655,3643,-1,3643,3655,3656,-1,3643,3656,3646,-1,3646,3656,3657,-1,3646,3657,2326,-1,2326,3657,1720,-1,2325,2326,1718,-1,1718,2326,1720,-1,
        ]
    }
}
Shape{
    appearance Appearance {
        material  Material 	{
            diffuseColor 0.10980392156862745 0.10980392156862745 0.10980392156862745
            specularColor 0.0784313725490196 0.0784313725490196 0.0784313725490196
            ambientIntensity 0.1098
            transparency 0.0
            shininess 0.5
        }
    }
    geometry IndexedFaceSet {
        ccw TRUE
        solid FALSE
        coord DEF co Coordinate {
            point [
                -0.5689 -0.6905 0.0079, -0.5821 -0.6905 0.0079, -0.5748 -0.6741 0.0079, -0.5761 -0.6741 0.0079, -0.5752 -0.6727 0.0079, -0.5758 -0.6727 0.0079, -0.5754 -0.6713 0.0079, -0.5755 -0.6713 0.0079, -0.5288 -0.6708 0.0079, -0.5288 -0.7016 0.0079, -0.5346 -0.6708 0.0079, -0.5344 -0.7016 0.0079, -0.5385 -0.7012 0.0079, -0.5499 -0.6858 0.0079, -0.5496 -0.6819 0.0079, -0.5486 -0.6788 0.0079, -0.5392 -0.6713 0.0079, -0.5418 -0.7001 0.0079, -0.5445 -0.6985 0.0079, -0.5467 -0.6964 0.0079, -0.5484 -0.6937 0.0079, -0.5495 -0.69 0.0079, -0.5473 -0.6764 0.0079, -0.5454 -0.6743 0.0079, -0.5425 -0.6725 0.0079
            ]
        }
        coordIndex [
            0,1,2,-1,2,1,3,-1,2,3,4,-1,4,3,5,-1,4,5,6,-1,6,5,7,-1,8,9,10,-1,10,9,11,-1,10,11,12,-1,13,14,10,-1,10,14,15,-1,10,15,16,-1,12,17,10,-1,10,17,18,-1,10,18,19,-1,19,20,10,-1,10,20,21,-1,10,21,13,-1,22,23,15,-1,15,23,24,-1,15,24,16,-1,
        ]
    }
}
Shape{
    appearance Appearance {
        material  Material 	{
            diffuseColor 0.4117647058823529 0.4117647058823529 0.4117647058823529
            specularColor 0.20392156862745098 0.20392156862745098 0.20392156862745098
            ambientIntensity 0.4118
            transparency 0.0
            shininess 0.5
        }
    }
    geometry IndexedFaceSet {
        ccw TRUE
        solid FALSE
        coord DEF co Coordinate {
            point [
                -0.6628 0.6988 0.2874, -0.653 0.7226 0.2874, -0.748 0.748 0.2874, -0.6496 0.748 0.2874, -0.653 0.7735 0.2874, -0.7226 0.653 0.2874, -0.6988 0.6628 0.2874, -0.6784 0.6784 0.2874, -0.7972 0.6628 0.2874, -0.7735 0.653 0.2874, -0.748 0.6496 0.2874, -0.8431 0.7226 0.2874, -0.8333 0.6988 0.2874, -0.8176 0.6784 0.2874, -0.8333 0.7972 0.2874, -0.8431 0.7735 0.2874, -0.8465 0.748 0.2874, -0.7735 0.8431 0.2874, -0.7972 0.8333 0.2874, -0.8176 0.8176 0.2874, -0.6988 0.8333 0.2874, -0.7226 0.8431 0.2874, -0.748 0.8465 0.2874, -0.6628 0.7972 0.2874, -0.6784 0.8176 0.2874
            ]
        }
        coordIndex [
            0,1,2,-1,2,1,3,-1,2,3,4,-1,5,6,2,-1,2,6,7,-1,2,7,0,-1,8,9,2,-1,2,9,10,-1,2,10,5,-1,11,12,2,-1,2,12,13,-1,2,13,8,-1,14,15,2,-1,2,15,16,-1,2,16,11,-1,17,18,2,-1,2,18,19,-1,2,19,14,-1,20,21,2,-1,2,21,22,-1,2,22,17,-1,4,23,2,-1,2,23,24,-1,2,24,20,-1,
        ]
    }
}
Shape{
    appearance Appearance {
        material  Material 	{
            diffuseColor 0.792156862745098 0.8196078431372549 0.9333333333333333
            specularColor 0.396078431372549 0.4117647058823529 0.4666666666666667
            ambientIntensity 0.8244
            transparency 0.0
            shininess 0.5
        }
    }
    geometry IndexedFaceSet {
        ccw TRUE
        solid FALSE
        coord DEF co Coordinate {
            point [
                -0.5761 -0.6741 0.0079, -0.5761 -0.6741 0.0118, -0.5758 -0.6727 0.0118, -0.5758 -0.6727 0.0079, -0.5755 -0.6713 0.0118, -0.5755 -0.6713 0.0079, -0.5754 -0.6713 0.0118, -0.5754 -0.6713 0.0079, -0.5752 -0.6727 0.0118, -0.5752 -0.6727 0.0079, -0.5748 -0.6741 0.0118, -0.5748 -0.6741 0.0079, -0.5689 -0.6905 0.0118, -0.5689 -0.6905 0.0079, -0.5821 -0.6905 0.0118, -0.5821 -0.6905 0.0079, -0.5344 -0.7016 0.0079, -0.5344 -0.7016 0.0118, -0.5385 -0.7012 0.0118, -0.5385 -0.7012 0.0079, -0.5418 -0.7001 0.0118, -0.5418 -0.7001 0.0079, -0.5445 -0.6985 0.0118, -0.5445 -0.6985 0.0079, -0.5467 -0.6964 0.0118, -0.5467 -0.6964 0.0079, -0.5484 -0.6937 0.0118, -0.5484 -0.6937 0.0079, -0.5495 -0.69 0.0118, -0.5495 -0.69 0.0079, -0.5499 -0.6858 0.0118, -0.5499 -0.6858 0.0079, -0.5496 -0.6819 0.0118, -0.5496 -0.6819 0.0079, -0.5486 -0.6788 0.0118, -0.5486 -0.6788 0.0079, -0.5473 -0.6764 0.0118, -0.5473 -0.6764 0.0079, -0.5454 -0.6743 0.0118, -0.5454 -0.6743 0.0079, -0.5425 -0.6725 0.0118, -0.5425 -0.6725 0.0079, -0.5392 -0.6713 0.0118, -0.5392 -0.6713 0.0079, -0.5346 -0.6708 0.0118, -0.5346 -0.6708 0.0079, -0.5288 -0.6708 0.0118, -0.5288 -0.6708 0.0079, -0.5288 -0.7016 0.0079, -0.5288 -0.7016 0.0118
            ]
        }
        coordIndex [
            0,1,2,-1,0,2,3,-1,3,2,4,-1,3,4,5,-1,6,7,4,-1,4,7,5,-1,7,6,8,-1,7,8,9,-1,9,8,10,-1,9,10,11,-1,12,13,10,-1,10,13,11,-1,14,15,12,-1,12,15,13,-1,0,15,1,-1,1,15,14,-1,16,17,18,-1,16,18,19,-1,19,18,20,-1,19,20,21,-1,21,20,22,-1,21,22,23,-1,23,22,24,-1,23,24,25,-1,25,24,26,-1,25,26,27,-1,27,26,28,-1,27,28,29,-1,29,28,30,-1,29,30,31,-1,31,30,32,-1,31,32,33,-1,33,32,34,-1,33,34,35,-1,35,34,36,-1,35,36,37,-1,37,36,38,-1,37,38,39,-1,39,38,40,-1,39,40,41,-1,41,40,42,-1,41,42,43,-1,43,42,44,-1,43,44,45,-1,46,47,44,-1,44,47,45,-1,48,47,49,-1,49,47,46,-1,17,16,49,-1,49,16,48,-1,
        ]
    }
}
Shape{
    appearance Appearance {
        material  Material 	{
            diffuseColor 0.4117647058823529 0.4117647058823529 0.4117647058823529
            specularColor 0.20392156862745098 0.20392156862745098 0.20392156862745098
            ambientIntensity 0.4118
            transparency 0.0
            shininess 0.5
        }
    }
    geometry IndexedFaceSet {
        ccw TRUE
        solid FALSE
        coord DEF co Coordinate {
            point [
                -0.6496 0.748 0.2874, -0.6496 0.748 0.2953, -0.653 0.7735 0.2874, -0.653 0.7735 0.2953, -0.6628 0.7972 0.2874, -0.6628 0.7972 0.2953, -0.6784 0.8176 0.2874, -0.6784 0.8176 0.2953, -0.6988 0.8333 0.2874, -0.6988 0.8333 0.2953, -0.7226 0.8431 0.2874, -0.7226 0.8431 0.2953, -0.748 0.8465 0.2874, -0.748 0.8465 0.2953, -0.7735 0.8431 0.2874, -0.7735 0.8431 0.2953, -0.7972 0.8333 0.2874, -0.7972 0.8333 0.2953, -0.8176 0.8176 0.2874, -0.8176 0.8176 0.2953, -0.8333 0.7972 0.2874, -0.8333 0.7972 0.2953, -0.8431 0.7735 0.2874, -0.8431 0.7735 0.2953, -0.8465 0.748 0.2874, -0.8465 0.748 0.2953, -0.8431 0.7226 0.2874, -0.8431 0.7226 0.2953, -0.8333 0.6988 0.2874, -0.8333 0.6988 0.2953, -0.8176 0.6784 0.2874, -0.8176 0.6784 0.2953, -0.7972 0.6628 0.2874, -0.7972 0.6628 0.2953, -0.7735 0.653 0.2874, -0.7735 0.653 0.2953, -0.748 0.6496 0.2874, -0.748 0.6496 0.2953, -0.7226 0.653 0.2874, -0.7226 0.653 0.2953, -0.6988 0.6628 0.2874, -0.6988 0.6628 0.2953, -0.6784 0.6784 0.2874, -0.6784 0.6784 0.2953, -0.6628 0.6988 0.2874, -0.6628 0.6988 0.2953, -0.653 0.7226 0.2874, -0.653 0.7226 0.2953
            ]
        }
        coordIndex [
            0,1,2,-1,2,1,3,-1,2,3,4,-1,4,3,5,-1,4,5,6,-1,6,5,7,-1,6,7,8,-1,8,7,9,-1,8,9,10,-1,10,9,11,-1,10,11,12,-1,12,11,13,-1,12,13,14,-1,14,13,15,-1,14,15,16,-1,16,15,17,-1,16,17,18,-1,18,17,19,-1,18,19,20,-1,20,19,21,-1,20,21,22,-1,22,21,23,-1,22,23,24,-1,24,23,25,-1,24,25,26,-1,26,25,27,-1,26,27,28,-1,28,27,29,-1,28,29,30,-1,30,29,31,-1,30,31,32,-1,32,31,33,-1,32,33,34,-1,34,33,35,-1,34,35,36,-1,36,35,37,-1,36,37,38,-1,38,37,39,-1,38,39,40,-1,40,39,41,-1,40,41,42,-1,42,41,43,-1,42,43,44,-1,44,43,45,-1,44,45,46,-1,46,45,47,-1,46,47,0,-1,0,47,1,-1,
        ]
    }
}
Shape{
    appearance Appearance {
        material  Material 	{
            diffuseColor 0.792156862745098 0.8196078431372549 0.9333333333333333
            specularColor 0.396078431372549 0.4117647058823529 0.4666666666666667
            ambientIntensity 0.8244
            transparency 0.0
            shininess 0.5
        }
    }
    geometry IndexedFaceSet {
        ccw TRUE
        solid FALSE
        coord DEF co Coordinate {
            point [
                -0.5689 -0.6905 0.0118, -0.5676 -0.6948 0.0118, -0.5821 -0.6905 0.0118, -0.5838 -0.6948 0.0118, -0.5748 -0.6741 0.0118, -0.5729 -0.6665 0.0118, -0.5581 -0.7059 0.0118, -0.5638 -0.7059 0.0118, -0.5752 -0.6727 0.0118, -0.5754 -0.6713 0.0118, -0.5782 -0.6665 0.0118, -0.5755 -0.6713 0.0118, -0.5758 -0.6727 0.0118, -0.5761 -0.6741 0.0118, -0.5936 -0.7059 0.0118, -0.5878 -0.7059 0.0118, -0.5538 -0.6781 0.0118, -0.552 -0.6747 0.0118, -0.5473 -0.6764 0.0118, -0.5492 -0.6716 0.0118, -0.5454 -0.6743 0.0118, -0.5492 -0.6716 0.0118, -0.5425 -0.6725 0.0118, -0.5449 -0.6687 0.0118, -0.5392 -0.6713 0.0118, -0.5403 -0.6671 0.0118, -0.5346 -0.6708 0.0118, -0.5346 -0.6665 0.0118, -0.5288 -0.6708 0.0118, -0.5235 -0.6665 0.0118, -0.5288 -0.7016 0.0118, -0.5235 -0.7059 0.0118, -0.5344 -0.7016 0.0118, -0.5342 -0.7059 0.0118, -0.5385 -0.7012 0.0118, -0.5391 -0.7055 0.0118, -0.5418 -0.7001 0.0118, -0.5436 -0.7041 0.0118, -0.5445 -0.6985 0.0118, -0.5477 -0.7017 0.0118, -0.5467 -0.6964 0.0118, -0.5509 -0.6986 0.0118, -0.5484 -0.6937 0.0118, -0.5532 -0.6951 0.0118, -0.5495 -0.69 0.0118, -0.5546 -0.691 0.0118, -0.5499 -0.6858 0.0118, -0.5552 -0.6857 0.0118, -0.5496 -0.6819 0.0118, -0.5549 -0.682 0.0118, -0.5486 -0.6788 0.0118, -0.4947 -0.7059 0.0118, -0.5158 -0.7059 0.0118, -0.5158 -0.7016 0.0118, -0.5 -0.7016 0.0118, -0.5 -0.6881 0.0118, -0.4947 -0.6665 0.0118, -0.5148 -0.6708 0.0118, -0.5148 -0.6665 0.0118, -0.5 -0.6708 0.0118, -0.5 -0.6838 0.0118, -0.5139 -0.6838 0.0118, -0.5139 -0.6881 0.0118, -0.4732 -0.7016 0.0118, -0.4762 -0.7064 0.0118, -0.4769 -0.702 0.0118, -0.4772 -0.7063 0.0118, -0.4821 -0.7015 0.0118, -0.4828 -0.7056 0.0118, -0.4863 -0.6999 0.0118, -0.487 -0.7038 0.0118, -0.487 -0.6995 0.0118, -0.487 -0.6729 0.0118, -0.487 -0.6676 0.0118, -0.4826 -0.671 0.0118, -0.4824 -0.6664 0.0118, -0.4778 -0.6704 0.0118, -0.4777 -0.666 0.0118, -0.4739 -0.6708 0.0118, -0.4738 -0.6664 0.0118, -0.4709 -0.6719 0.0118, -0.4694 -0.6676 0.0118, -0.4682 -0.6737 0.0118, -0.4656 -0.6698 0.0118, -0.4658 -0.6763 0.0118, -0.4621 -0.6732 0.0118, -0.4642 -0.6793 0.0118, -0.4598 -0.6769 0.0118, -0.4632 -0.6836 0.0118, -0.4583 -0.6813 0.0118, -0.463 -0.6866 0.0118, -0.4577 -0.6869 0.0118, -0.4634 -0.6909 0.0118, -0.4581 -0.6915 0.0118, -0.4645 -0.6943 0.0118, -0.4593 -0.6957 0.0118, -0.4661 -0.697 0.0118, -0.4614 -0.6994 0.0118, -0.4679 -0.6989 0.0118, -0.4643 -0.7025 0.0118, -0.4703 -0.7006 0.0118, -0.4675 -0.7045 0.0118, -0.4713 -0.7059 0.0118, -0.4395 -0.6665 0.0118, -0.4342 -0.6665 0.0118, -0.4395 -0.7016 0.0118, -0.4342 -0.7059 0.0118, -0.4543 -0.7016 0.0118, -0.4543 -0.7059 0.0118
            ]
        }
        coordIndex [
            0,1,2,-1,2,1,3,-1,4,5,0,-1,0,5,6,-1,0,6,1,-1,1,6,7,-1,4,8,5,-1,5,8,9,-1,5,9,10,-1,10,9,11,-1,10,11,12,-1,12,13,10,-1,10,13,2,-1,10,2,14,-1,14,2,3,-1,14,3,15,-1,16,17,18,-1,18,17,19,-1,18,19,20,-1,20,19,21,-1,20,21,22,-1,22,21,23,-1,22,23,24,-1,24,23,25,-1,24,25,26,-1,26,25,27,-1,26,27,28,-1,28,27,29,-1,28,29,30,-1,30,29,31,-1,30,31,32,-1,32,31,33,-1,32,33,34,-1,34,33,35,-1,34,35,36,-1,36,35,37,-1,36,37,38,-1,38,37,39,-1,38,39,40,-1,40,39,41,-1,40,41,42,-1,42,41,43,-1,42,43,44,-1,44,43,45,-1,44,45,46,-1,46,45,47,-1,46,47,48,-1,48,47,49,-1,48,49,50,-1,50,49,16,-1,50,16,18,-1,51,52,53,-1,53,54,51,-1,51,54,55,-1,51,55,56,-1,57,58,59,-1,59,58,56,-1,59,56,60,-1,60,56,55,-1,60,55,61,-1,61,55,62,-1,63,64,65,-1,65,64,66,-1,65,66,67,-1,67,66,68,-1,67,68,69,-1,69,68,70,-1,69,70,71,-1,72,73,74,-1,74,73,75,-1,74,75,76,-1,76,75,77,-1,76,77,78,-1,78,77,79,-1,78,79,80,-1,80,79,81,-1,80,81,82,-1,82,81,83,-1,82,83,84,-1,84,83,85,-1,84,85,86,-1,86,85,87,-1,86,87,88,-1,88,87,89,-1,88,89,90,-1,90,89,91,-1,90,91,92,-1,92,91,93,-1,92,93,94,-1,94,93,95,-1,94,95,96,-1,96,95,97,-1,96,97,98,-1,98,97,99,-1,98,99,100,-1,100,99,101,-1,100,101,63,-1,63,101,102,-1,63,102,64,-1,103,104,105,-1,105,104,106,-1,105,106,107,-1,107,106,108,-1,
        ]
    }
}
Shape{
    appearance Appearance {
        material  Material 	{
            diffuseColor 0.10980392156862745 0.10980392156862745 0.10980392156862745
            specularColor 0.0784313725490196 0.0784313725490196 0.0784313725490196
            ambientIntensity 0.1098
            transparency 0.0
            shininess 0.5
        }
    }
    geometry IndexedFaceSet {
        ccw TRUE
        solid FALSE
        coord DEF co Coordinate {
            point [
                -0.8431 0.7735 0.2953, -0.8333 0.7972 0.2953, -0.9843 0.9843 0.2953, -0.8465 0.748 0.2953, -0.6784 0.8176 0.2953, -0.6628 0.7972 0.2953, 0.9843 0.9843 0.2953, -0.6628 0.6988 0.2953, 0.9843 -0.9843 0.2953, -0.653 0.7226 0.2953, -0.6784 0.6784 0.2953, -0.6988 0.6628 0.2953, -0.9843 -0.9843 0.2953, -0.8431 0.7226 0.2953, -0.8333 0.6988 0.2953, -0.8176 0.8176 0.2953, -0.7972 0.8333 0.2953, -0.7735 0.8431 0.2953, -0.653 0.7735 0.2953, -0.6496 0.748 0.2953, -0.7226 0.653 0.2953, -0.748 0.6496 0.2953, -0.7735 0.653 0.2953, -0.7972 0.6628 0.2953, -0.8176 0.6784 0.2953, -0.748 0.8465 0.2953, -0.7226 0.8431 0.2953, -0.6988 0.8333 0.2953, -0.9843 0.9843 0.0079, -0.9843 0.8268 0.0079, -0.9843 0.8268 0.0787, -0.9843 0.748 0.0787, -0.9843 0.748 0.0079, -0.9843 0.6693 0.0079, -0.9843 0.6693 0.0787, -0.9843 0.5906 0.0787, -0.9843 0.5906 0.0079, -0.9843 0.5118 0.0079, -0.9843 0.5118 0.0787, -0.9843 0.4331 0.0787, -0.9843 0.4331 0.0079, -0.9843 0.3543 0.0079, -0.9843 0.3543 0.0787, -0.9843 0.2756 0.0787, -0.9843 0.2756 0.0079, -0.9843 0.1969 0.0079, -0.9843 0.1969 0.0787, -0.9843 0.1181 0.0787, -0.9843 0.1181 0.0079, -0.9843 0.0394 0.0079, -0.9843 0.0394 0.0787, -0.9843 -0.0394 0.0787, -0.9843 -0.0394 0.0079, -0.9843 -0.1181 0.0079, -0.9843 -0.1181 0.0787, -0.9843 -0.1969 0.0787, -0.9843 -0.5118 0.0787, -0.9843 -0.5118 0.0079, -0.9843 -0.5906 0.0079, -0.9843 -0.1969 0.0079, -0.9843 -0.2756 0.0079, -0.9843 -0.2756 0.0787, -0.9843 -0.3543 0.0787, -0.9843 -0.3543 0.0079, -0.9843 -0.4331 0.0079, -0.9843 -0.4331 0.0787, -0.9843 -0.5906 0.0787, -0.9843 -0.6693 0.0079, -0.9843 -0.748 0.0079, -0.9843 -0.6693 0.0787, -0.9843 -0.748 0.0787, -0.9843 -0.8268 0.0079, -0.9843 -0.9843 0.0079, -0.9843 -0.8268 0.0787, 0.1969 -0.9843 0.0787, 0.1969 -0.9843 0.0079, 0.2756 -0.9843 0.0079, 0.2756 -0.9843 0.0787, 0.3543 -0.9843 0.0787, -0.1181 -0.9843 0.0787, -0.1181 -0.9843 0.0079, -0.0394 -0.9843 0.0079, 0.5118 -0.9843 0.0787, 0.5118 -0.9843 0.0079, 0.5906 -0.9843 0.0079, 0.5906 -0.9843 0.0787, 0.6693 -0.9843 0.0787, -0.8268 -0.9843 0.0079, -0.8268 -0.9843 0.0787, -0.748 -0.9843 0.0787, 0.0394 -0.9843 0.0079, 0.1181 -0.9843 0.0079, 0.0394 -0.9843 0.0787, 0.1181 -0.9843 0.0787, 0.4331 -0.9843 0.0787, 0.4331 -0.9843 0.0079, 0.3543 -0.9843 0.0079, -0.748 -0.9843 0.0079, -0.6693 -0.9843 0.0079, -0.6693 -0.9843 0.0787, -0.5906 -0.9843 0.0787, 0.8268 -0.9843 0.0079, 0.9843 -0.9843 0.0079, 0.8268 -0.9843 0.0787, 0.748 -0.9843 0.0787, 0.748 -0.9843 0.0079, 0.6693 -0.9843 0.0079, -0.5906 -0.9843 0.0079, -0.5118 -0.9843 0.0079, -0.5118 -0.9843 0.0787, -0.4331 -0.9843 0.0787, -0.4331 -0.9843 0.0079, -0.3543 -0.9843 0.0079, -0.3543 -0.9843 0.0787, -0.2756 -0.9843 0.0787, -0.0394 -0.9843 0.0787, -0.1969 -0.9843 0.0787, -0.1969 -0.9843 0.0079, -0.2756 -0.9843 0.0079, 0.9843 0.6693 0.0787, 0.9843 0.6693 0.0079, 0.9843 0.748 0.0079, 0.9843 -0.8268 0.0079, 0.9843 -0.8268 0.0787, 0.9843 -0.748 0.0787, 0.9843 0.8268 0.0079, 0.9843 0.9843 0.0079, 0.9843 0.8268 0.0787, 0.9843 0.748 0.0787, 0.9843 -0.5906 0.0787, 0.9843 -0.5906 0.0079, 0.9843 -0.5118 0.0079, 0.9843 -0.5118 0.0787, 0.9843 -0.4331 0.0787, 0.9843 -0.6693 0.0787, 0.9843 -0.6693 0.0079, 0.9843 -0.748 0.0079, 0.9843 -0.2756 0.0787, 0.9843 -0.2756 0.0079, 0.9843 -0.1969 0.0079, 0.9843 -0.1969 0.0787, 0.9843 -0.1181 0.0787, 0.9843 -0.3543 0.0787, 0.9843 -0.3543 0.0079, 0.9843 -0.4331 0.0079, 0.9843 0.0394 0.0787, 0.9843 0.0394 0.0079, 0.9843 0.1181 0.0079, 0.9843 0.1181 0.0787, 0.9843 0.1969 0.0787, 0.9843 -0.0394 0.0787, 0.9843 -0.0394 0.0079, 0.9843 -0.1181 0.0079, 0.9843 0.3543 0.0787, 0.9843 0.3543 0.0079, 0.9843 0.4331 0.0079, 0.9843 0.4331 0.0787, 0.9843 0.5118 0.0787, 0.9843 0.2756 0.0787, 0.9843 0.2756 0.0079, 0.9843 0.1969 0.0079, 0.9843 0.5906 0.0787, 0.9843 0.5906 0.0079, 0.9843 0.5118 0.0079, 0.8268 0.9843 0.0079, -0.0394 0.9843 0.0787, -0.0394 0.9843 0.0079, -0.1181 0.9843 0.0079, 0.8268 0.9843 0.0787, 0.748 0.9843 0.0787, -0.1181 0.9843 0.0787, -0.1969 0.9843 0.0787, 0.5906 0.9843 0.0787, 0.5906 0.9843 0.0079, 0.5118 0.9843 0.0079, 0.5118 0.9843 0.0787, 0.4331 0.9843 0.0787, -0.3543 0.9843 0.0787, -0.2756 0.9843 0.0787, -0.2756 0.9843 0.0079, -0.1969 0.9843 0.0079, 0.6693 0.9843 0.0787, 0.6693 0.9843 0.0079, 0.748 0.9843 0.0079, -0.5118 0.9843 0.0787, -0.5118 0.9843 0.0079, -0.5906 0.9843 0.0079, 0.2756 0.9843 0.0787, 0.2756 0.9843 0.0079, 0.1969 0.9843 0.0079, -0.5906 0.9843 0.0787, -0.6693 0.9843 0.0787, 0.1969 0.9843 0.0787, 0.1181 0.9843 0.0787, -0.4331 0.9843 0.0787, -0.4331 0.9843 0.0079, -0.3543 0.9843 0.0079, 0.3543 0.9843 0.0787, 0.3543 0.9843 0.0079, 0.4331 0.9843 0.0079, -0.8268 0.9843 0.0079, -0.8268 0.9843 0.0787, -0.748 0.9843 0.0787, -0.748 0.9843 0.0079, -0.6693 0.9843 0.0079, 0.0394 0.9843 0.0787, 0.0394 0.9843 0.0079, 0.1181 0.9843 0.0079, 0.9051 0.8268 0.0079, 0.895 0.8254 0.0079, 0.8268 0.9051 0.0079, 0.8856 0.8215 0.0079, 0.8258 0.8964 0.0079, 0.8268 -0.9051 0.0079, 0.8254 -0.895 0.0079, 0.9051 -0.8268 0.0079, 0.8215 -0.8856 0.0079, 0.8964 -0.8258 0.0079, 0.8882 -0.8229 0.0079, 0.1402 -0.8306 0.0079, 0.1328 -0.8353 0.0079, 0.0394 -0.5213 0.0079, 0.1266 -0.8414 0.0079, 0.0394 0.5213 0.0079, 0.1194 0.8557 0.0079, 0.1233 0.8463 0.0079, 0.0614 0.4861 0.0079, 0.054 0.4908 0.0079, 0.287 0.8382 0.0079, 0.8675 0.7979 0.0079, 0.7701 0.87 0.0079, 0.8714 0.8073 0.0079, 0.7783 0.8671 0.0079, 0.0614 -0.4861 0.0079, 0.0697 -0.4833 0.0079, 0.1484 -0.8277 0.0079, 0.122 -0.8488 0.0079, 0.1191 -0.8571 0.0079, 0.1181 -0.8657 0.0079, 0.1181 0.8657 0.0079, 0.147 0.8281 0.0079, 0.0479 0.497 0.0079, 0.7565 0.8808 0.0079, 0.7627 0.8746 0.0079, 0.6683 0.8571 0.0079, 0.6654 0.8488 0.0079, 0.8382 0.6579 0.0079, 0.832 0.6498 0.0079, 0.8856 0.7533 0.0079, 0.748 -0.9051 0.0079, 0.6693 -0.8657 0.0079, 0.7494 -0.895 0.0079, 0.7533 -0.8856 0.0079, 0.3254 -0.8281 0.0079, 0.4433 -0.4823 0.0079, 0.3348 -0.832 0.0079, 0.3429 -0.8382 0.0079, 0.3059 -0.8277 0.0079, 0.2977 -0.8306 0.0079, 0.1955 -0.8557 0.0079, 0.2903 -0.8353 0.0079, 0.2841 -0.8414 0.0079, 0.3154 -0.8268 0.0079, 0.3146 -0.8268 0.0079, 0.1854 -0.8382 0.0079, 0.1916 -0.8463 0.0079, 0.1295 0.8382 0.0079, 0.1376 0.832 0.0079, 0.0403 0.5126 0.0079, 0.0432 0.5043 0.0079, 0.7965 0.8671 0.0079, 0.8047 0.87 0.0079, 0.8121 0.8746 0.0079, 0.8776 0.8154 0.0079, 0.8183 0.8808 0.0079, 0.8229 0.8882 0.0079, 0.1774 -0.832 0.0079, 0.168 -0.8281 0.0079, 0.0783 -0.4823 0.0079, 0.1579 -0.8268 0.0079, 0.1571 -0.8268 0.0079, 0.1571 0.8268 0.0079, 0.1579 0.8268 0.0079, 0.1665 0.8277 0.0079, 0.2808 0.8463 0.0079, 0.2769 0.8557 0.0079, 0.0697 0.4833 0.0079, 0.2951 0.832 0.0079, 0.0783 0.4823 0.0079, 0.3045 0.8281 0.0079, 0.3146 0.8268 0.0079, 0.462 0.8281 0.0079, 0.4738 0.4676 0.0079, 0.4676 0.4738 0.0079, 0.4383 0.8463 0.0079, 0.4445 0.8382 0.0079, 0.4526 0.832 0.0079, 0.4433 0.4823 0.0079, 0.5919 0.8557 0.0079, 0.5958 0.8463 0.0079, 0.4815 0.8277 0.0079, 0.602 0.8382 0.0079, 0.4728 0.8268 0.0079, 0.61 0.832 0.0079, 0.6194 0.8281 0.0079, 0.0432 -0.5043 0.0079, 0.0479 -0.497 0.0079, 0.054 -0.4908 0.0079, 0.1748 0.8306 0.0079, 0.1822 0.8353 0.0079, 0.1883 0.8414 0.0079, 0.324 0.8277 0.0079, 0.3323 0.8306 0.0079, 0.4344 0.8557 0.0079, 0.3397 0.8353 0.0079, 0.3458 0.8414 0.0079, 0.3154 0.8268 0.0079, 0.4823 0.4433 0.0079, 0.4813 0.452 0.0079, 0.4784 0.4602 0.0079, 0.4602 0.4784 0.0079, 0.452 0.4813 0.0079, 0.6693 0.8657 0.0079, 0.4897 0.8306 0.0079, 0.4971 0.8353 0.0079, 0.5033 0.8414 0.0079, 0.6472 0.8306 0.0079, 0.6546 0.8353 0.0079, 0.8675 0.7769 0.0079, 0.6608 0.8414 0.0079, 0.8661 0.787 0.0079, 0.8557 -0.4344 0.0079, 0.8463 -0.4383 0.0079, 0.8277 -0.324 0.0079, 0.8382 -0.4445 0.0079, 0.8268 -0.3154 0.0079, 0.832 -0.4526 0.0079, 0.8776 0.7594 0.0079, 0.6209 -0.8277 0.0079, 0.6126 -0.8306 0.0079, 0.5105 -0.8557 0.0079, 0.6052 -0.8353 0.0079, 0.5991 -0.8414 0.0079, 0.4923 -0.832 0.0079, 0.4829 -0.8281 0.0079, 0.2756 -0.8657 0.0079, 0.1969 -0.8657 0.0079, 0.2766 -0.8571 0.0079, 0.2795 -0.8488 0.0079, 0.0403 -0.5126 0.0079, 0.3543 0.8657 0.0079, 0.4331 0.8657 0.0079, 0.3534 0.8571 0.0079, 0.3505 0.8488 0.0079, 0.787 0.8661 0.0079, 0.7878 0.8661 0.0079, 0.748 0.9051 0.0079, 0.749 0.8964 0.0079, 0.7519 0.8882 0.0079, 0.8306 -0.3323 0.0079, 0.8353 -0.3397 0.0079, 0.8414 -0.3458 0.0079, 0.7675 -0.8714 0.0079, 0.4738 -0.4676 0.0079, 0.4784 -0.4602 0.0079, 0.5066 -0.8463 0.0079, 0.5004 -0.8382 0.0079, 0.6295 -0.8268 0.0079, 0.668 -0.8557 0.0079, 0.6641 -0.8463 0.0079, 0.7594 -0.8776 0.0079, 0.6579 -0.8382 0.0079, 0.6498 -0.832 0.0079, 0.6404 -0.8281 0.0079, 0.1969 0.8657 0.0079, 0.2756 0.8657 0.0079, 0.1959 0.8571 0.0079, 0.193 0.8488 0.0079, 0.5118 0.8657 0.0079, 0.5906 0.8657 0.0079, 0.5108 0.8571 0.0079, 0.508 0.8488 0.0079, 0.6295 0.8268 0.0079, 0.6303 0.8268 0.0079, 0.639 0.8277 0.0079, 0.8661 0.7878 0.0079, 0.8463 -0.2808 0.0079, 0.8382 -0.287 0.0079, 0.452 -0.4813 0.0079, 0.4602 -0.4784 0.0079, 0.4676 -0.4738 0.0079, 0.5906 -0.8657 0.0079, 0.5118 -0.8657 0.0079, 0.5915 -0.8571 0.0079, 0.5944 -0.8488 0.0079, 0.4634 -0.8277 0.0079, 0.4551 -0.8306 0.0079, 0.353 -0.8557 0.0079, 0.4477 -0.8353 0.0079, 0.4416 -0.8414 0.0079, 0.8277 -0.4815 0.0079, 0.8306 -0.4897 0.0079, 0.8557 -0.5919 0.0079, 0.8353 -0.4971 0.0079, 0.8414 -0.5033 0.0079, 0.8657 -0.5118 0.0079, 0.8657 -0.5906 0.0079, 0.8571 -0.5108 0.0079, 0.8488 -0.508 0.0079, 0.8463 -0.5958 0.0079, 0.8382 -0.602 0.0079, 0.8268 -0.4728 0.0079, 0.832 -0.61 0.0079, 0.8281 -0.6194 0.0079, 0.472 0.8268 0.0079, 0.8714 0.7675 0.0079, 0.8281 0.4829 0.0079, 0.832 0.4923 0.0079, 0.8382 0.5004 0.0079, 0.8463 0.5066 0.0079, 0.8382 0.3429 0.0079, 0.832 0.3348 0.0079, 0.8281 0.3254 0.0079, 0.8657 0.6693 0.0079, 0.8557 0.668 0.0079, 0.8463 0.6641 0.0079, 0.9051 0.748 0.0079, 0.895 0.7494 0.0079, 0.4728 -0.8268 0.0079, 0.472 -0.8268 0.0079, 0.3491 -0.8463 0.0079, 0.8657 -0.3543 0.0079, 0.8657 -0.4331 0.0079, 0.8571 -0.3534 0.0079, 0.8488 -0.3505 0.0079, 0.8661 -0.787 0.0079, 0.8661 -0.7878 0.0079, 0.8073 -0.8714 0.0079, 0.8671 -0.7965 0.0079, 0.87 -0.8047 0.0079, 0.8154 -0.8776 0.0079, 0.8746 -0.8121 0.0079, 0.8808 -0.8183 0.0079, 0.8281 0.6404 0.0079, 0.8268 0.6303 0.0079, 0.4331 -0.8657 0.0079, 0.3543 -0.8657 0.0079, 0.434 -0.8571 0.0079, 0.4369 -0.8488 0.0079, 0.6303 -0.8268 0.0079, 0.8277 0.6209 0.0079, 0.8306 0.6126 0.0079, 0.8557 0.5105 0.0079, 0.8353 0.6052 0.0079, 0.8414 0.5991 0.0079, 0.8268 0.6295 0.0079, 0.8382 0.1854 0.0079, 0.832 0.1774 0.0079, 0.8882 -0.7519 0.0079, 0.8306 -0.6472 0.0079, 0.8353 -0.6546 0.0079, 0.8277 0.4634 0.0079, 0.8306 0.4551 0.0079, 0.8557 0.353 0.0079, 0.8353 0.4477 0.0079, 0.8414 0.4416 0.0079, 0.8268 0.4728 0.0079, 0.8268 0.472 0.0079, 0.8463 0.3491 0.0079, 0.832 -0.2951 0.0079, 0.8281 -0.3045 0.0079, 0.8268 -0.3146 0.0079, 0.8964 -0.749 0.0079, 0.8414 -0.6608 0.0079, 0.8488 -0.6654 0.0079, 0.8657 -0.6693 0.0079, 0.8268 -0.6303 0.0079, 0.8277 -0.639 0.0079, 0.7979 -0.8675 0.0079, 0.8657 0.5906 0.0079, 0.8657 0.5118 0.0079, 0.8571 0.5915 0.0079, 0.8488 0.5944 0.0079, 0.8414 0.0309 0.0079, 0.8353 0.0247 0.0079, 0.8306 0.0173 0.0079, 0.8277 0.0091 0.0079, 0.8382 -0.1295 0.0079, 0.832 -0.1376 0.0079, 0.8281 -0.147 0.0079, 0.8268 -0.1571 0.0079, 0.4813 -0.452 0.0079, 0.4823 -0.4433 0.0079, 0.7769 -0.8675 0.0079, 0.787 -0.8661 0.0079, 0.8571 -0.6683 0.0079, 0.9051 -0.748 0.0079, 0.8657 0.4331 0.0079, 0.8657 0.3543 0.0079, 0.8571 0.434 0.0079, 0.8488 0.4369 0.0079, 0.8277 0.3059 0.0079, 0.8306 0.2977 0.0079, 0.8557 0.1955 0.0079, 0.8353 0.2903 0.0079, 0.8414 0.2841 0.0079, 0.8268 0.0004 0.0079, 0.8268 -0.0004 0.0079, 0.8281 -0.0105 0.0079, 0.8277 -0.1665 0.0079, 0.8306 -0.1748 0.0079, 0.8557 -0.2769 0.0079, 0.8353 -0.1822 0.0079, 0.8414 -0.1883 0.0079, 0.8268 -0.1579 0.0079, 0.8268 0.3154 0.0079, 0.8268 0.3146 0.0079, 0.8463 0.1916 0.0079, 0.8463 -0.1233 0.0079, 0.8557 -0.1194 0.0079, 0.832 -0.0199 0.0079, 0.8382 -0.028 0.0079, 0.8808 -0.7565 0.0079, 0.8746 -0.7627 0.0079, 0.87 -0.7701 0.0079, 0.8657 -0.0394 0.0079, 0.8657 -0.1181 0.0079, 0.8557 -0.038 0.0079, 0.8463 -0.0341 0.0079, 0.8281 0.168 0.0079, 0.8268 0.1579 0.0079, 0.8268 0.1571 0.0079, 0.8277 0.1484 0.0079, 0.8306 0.1402 0.0079, 0.8353 0.1328 0.0079, 0.8488 0.0355 0.0079, 0.8571 0.0384 0.0079, 0.8414 0.1266 0.0079, 0.8488 0.122 0.0079, 0.8268 -0.6295 0.0079, 0.8671 -0.7783 0.0079, 0.8657 -0.1969 0.0079, 0.8657 -0.2756 0.0079, 0.8571 -0.1959 0.0079, 0.8488 -0.193 0.0079, 0.7878 -0.8661 0.0079, 0.8657 0.2756 0.0079, 0.8657 0.1969 0.0079, 0.8571 0.2766 0.0079, 0.8488 0.2795 0.0079, 0.8281 -0.462 0.0079, 0.8268 -0.472 0.0079, 0.8657 0.1181 0.0079, 0.8571 0.1191 0.0079, 0.8657 0.0394 0.0079
            ]
        }
        coordIndex [
            0,1,2,-1,0,2,3,-1,4,5,6,-1,7,8,9,-1,9,8,6,-1,7,10,8,-1,8,10,11,-1,8,11,12,-1,3,2,13,-1,13,2,12,-1,13,12,14,-1,1,15,2,-1,2,15,16,-1,2,16,17,-1,5,18,6,-1,6,18,19,-1,6,19,9,-1,11,20,12,-1,12,20,21,-1,12,21,22,-1,22,23,12,-1,12,23,24,-1,12,24,14,-1,17,25,2,-1,2,25,26,-1,2,26,6,-1,6,26,27,-1,6,27,4,-1,28,29,2,-1,2,29,30,-1,2,30,31,-1,32,33,31,-1,31,33,34,-1,31,34,2,-1,2,34,35,-1,36,37,35,-1,35,37,38,-1,35,38,2,-1,2,38,39,-1,40,41,39,-1,39,41,42,-1,39,42,2,-1,2,42,43,-1,44,45,43,-1,43,45,46,-1,43,46,2,-1,2,46,47,-1,48,49,47,-1,47,49,50,-1,47,50,2,-1,2,50,51,-1,52,53,51,-1,51,53,54,-1,51,54,2,-1,2,54,55,-1,56,57,58,-1,59,60,55,-1,55,60,61,-1,55,61,2,-1,2,61,62,-1,63,64,62,-1,62,64,65,-1,62,65,2,-1,2,65,56,-1,2,56,66,-1,66,56,58,-1,67,68,69,-1,69,68,70,-1,71,72,73,-1,73,72,12,-1,73,12,70,-1,70,12,2,-1,70,2,69,-1,69,2,66,-1,74,75,76,-1,77,78,8,-1,79,80,81,-1,82,83,84,-1,85,86,8,-1,72,87,12,-1,12,87,88,-1,12,88,89,-1,90,91,92,-1,92,91,93,-1,84,85,82,-1,82,85,8,-1,82,8,94,-1,94,8,78,-1,94,78,95,-1,95,78,96,-1,97,98,89,-1,89,98,99,-1,89,99,12,-1,12,99,100,-1,101,102,103,-1,103,102,8,-1,103,8,104,-1,104,8,86,-1,104,86,105,-1,105,86,106,-1,107,108,100,-1,100,108,109,-1,100,109,12,-1,12,109,110,-1,111,112,110,-1,110,112,113,-1,110,113,12,-1,12,113,114,-1,81,115,79,-1,79,115,12,-1,79,12,116,-1,116,12,114,-1,116,114,117,-1,117,114,118,-1,76,77,74,-1,74,77,8,-1,74,8,93,-1,93,8,12,-1,93,12,92,-1,92,12,115,-1,119,120,121,-1,8,102,122,-1,122,123,8,-1,8,123,124,-1,8,124,6,-1,125,126,127,-1,127,126,6,-1,127,6,128,-1,129,130,131,-1,132,133,6,-1,131,132,129,-1,129,132,6,-1,129,6,134,-1,134,6,124,-1,134,124,135,-1,135,124,136,-1,137,138,139,-1,140,141,6,-1,139,140,137,-1,137,140,6,-1,137,6,142,-1,142,6,133,-1,142,133,143,-1,143,133,144,-1,145,146,147,-1,148,149,6,-1,147,148,145,-1,145,148,6,-1,145,6,150,-1,150,6,141,-1,150,141,151,-1,151,141,152,-1,153,154,155,-1,156,157,6,-1,155,156,153,-1,153,156,6,-1,153,6,158,-1,158,6,149,-1,158,149,159,-1,159,149,160,-1,121,128,119,-1,119,128,6,-1,119,6,161,-1,161,6,157,-1,161,157,162,-1,162,157,163,-1,6,126,164,-1,165,166,167,-1,164,168,6,-1,6,168,169,-1,6,169,2,-1,170,171,2,-1,172,173,174,-1,175,176,2,-1,177,2,178,-1,178,2,171,-1,178,171,179,-1,179,171,180,-1,174,175,172,-1,172,175,2,-1,172,2,181,-1,181,2,169,-1,181,169,182,-1,182,169,183,-1,184,185,186,-1,187,188,189,-1,190,191,2,-1,192,193,2,-1,186,190,184,-1,184,190,2,-1,184,2,194,-1,194,2,177,-1,194,177,195,-1,195,177,196,-1,189,192,187,-1,187,192,2,-1,187,2,197,-1,197,2,176,-1,197,176,198,-1,198,176,199,-1,200,28,201,-1,201,28,2,-1,201,2,202,-1,202,2,191,-1,202,191,203,-1,203,191,204,-1,167,170,165,-1,165,170,2,-1,165,2,205,-1,205,2,193,-1,205,193,206,-1,206,193,207,-1,164,126,125,-1,125,208,164,-1,164,208,209,-1,164,209,210,-1,210,209,211,-1,210,211,212,-1,122,102,101,-1,101,213,122,-1,122,213,214,-1,122,214,215,-1,215,214,216,-1,215,216,217,-1,217,216,218,-1,219,220,221,-1,221,220,222,-1,223,224,225,-1,226,227,228,-1,229,230,231,-1,231,230,232,-1,233,234,235,-1,222,236,221,-1,221,236,237,-1,221,237,90,-1,90,237,238,-1,90,238,91,-1,224,223,239,-1,239,223,206,-1,239,206,207,-1,240,227,241,-1,242,243,244,-1,244,243,245,-1,246,247,248,-1,105,106,249,-1,249,106,250,-1,249,250,251,-1,251,250,252,-1,253,254,255,-1,255,254,256,-1,257,258,259,-1,259,258,260,-1,259,260,261,-1,253,262,254,-1,254,262,263,-1,254,263,264,-1,264,263,257,-1,264,257,265,-1,265,257,259,-1,225,266,223,-1,223,266,267,-1,223,267,268,-1,268,267,240,-1,268,240,269,-1,269,240,241,-1,270,271,231,-1,231,271,272,-1,231,272,273,-1,273,272,274,-1,273,274,211,-1,211,274,275,-1,211,275,212,-1,264,276,254,-1,254,276,277,-1,254,277,278,-1,278,277,279,-1,278,279,234,-1,234,279,280,-1,234,280,235,-1,240,281,227,-1,227,281,282,-1,227,282,228,-1,228,282,283,-1,228,283,284,-1,284,283,285,-1,226,228,286,-1,286,228,287,-1,286,287,288,-1,288,287,289,-1,288,289,290,-1,291,292,293,-1,294,295,288,-1,288,295,296,-1,288,296,297,-1,297,296,291,-1,298,299,300,-1,300,299,301,-1,300,301,302,-1,302,301,303,-1,302,303,304,-1,305,306,235,-1,235,306,307,-1,235,307,233,-1,283,308,285,-1,285,308,309,-1,285,309,310,-1,311,312,313,-1,313,312,314,-1,313,314,315,-1,313,294,311,-1,311,294,288,-1,311,288,316,-1,316,288,290,-1,317,318,291,-1,291,318,319,-1,291,319,292,-1,293,320,291,-1,291,320,321,-1,291,321,297,-1,322,182,183,-1,300,323,298,-1,298,323,324,-1,298,324,325,-1,326,327,328,-1,328,327,329,-1,328,329,330,-1,331,332,333,-1,333,332,334,-1,333,334,335,-1,335,334,336,-1,248,247,337,-1,338,339,340,-1,340,339,341,-1,340,341,342,-1,254,343,344,-1,76,75,345,-1,345,75,346,-1,345,346,347,-1,347,346,259,-1,347,259,348,-1,348,259,261,-1,219,221,235,-1,235,221,349,-1,235,349,305,-1,198,199,350,-1,350,199,351,-1,350,351,352,-1,352,351,313,-1,352,313,353,-1,353,313,315,-1,232,354,231,-1,231,354,355,-1,231,355,270,-1,183,356,322,-1,322,356,357,-1,322,357,244,-1,244,357,358,-1,244,358,242,-1,333,359,331,-1,331,359,360,-1,331,360,361,-1,362,363,364,-1,340,365,338,-1,338,365,366,-1,338,366,367,-1,250,368,252,-1,252,368,369,-1,252,369,370,-1,370,369,371,-1,370,371,254,-1,254,371,372,-1,254,372,373,-1,189,188,374,-1,374,188,375,-1,374,375,376,-1,376,375,285,-1,376,285,377,-1,377,285,310,-1,174,173,378,-1,378,173,379,-1,378,379,380,-1,380,379,298,-1,380,298,381,-1,381,298,325,-1,382,383,328,-1,328,383,384,-1,328,384,326,-1,243,230,245,-1,245,230,229,-1,245,229,329,-1,329,229,385,-1,329,385,330,-1,386,387,317,-1,254,388,370,-1,370,388,389,-1,370,389,362,-1,362,389,390,-1,362,390,363,-1,84,83,391,-1,391,83,392,-1,391,392,393,-1,393,392,340,-1,393,340,394,-1,394,340,342,-1,395,396,397,-1,397,396,398,-1,397,398,399,-1,400,401,402,-1,402,401,403,-1,402,403,404,-1,131,130,405,-1,405,130,406,-1,405,406,407,-1,407,406,402,-1,407,402,408,-1,408,402,404,-1,402,409,400,-1,400,409,410,-1,400,410,411,-1,411,410,412,-1,411,412,413,-1,304,382,302,-1,302,382,328,-1,302,328,414,-1,414,328,415,-1,414,415,337,-1,416,317,417,-1,417,317,291,-1,417,291,418,-1,418,291,414,-1,418,414,419,-1,420,421,317,-1,317,421,422,-1,423,424,248,-1,248,424,425,-1,248,425,246,-1,121,120,426,-1,426,120,423,-1,426,423,427,-1,427,423,248,-1,344,428,254,-1,254,428,429,-1,254,429,256,-1,256,429,395,-1,256,395,430,-1,430,395,397,-1,143,144,431,-1,431,144,432,-1,431,432,433,-1,433,432,331,-1,433,331,434,-1,434,331,361,-1,435,436,437,-1,436,438,437,-1,437,438,439,-1,437,439,440,-1,440,439,441,-1,440,441,216,-1,216,441,442,-1,216,442,218,-1,337,247,414,-1,414,247,443,-1,414,443,444,-1,95,96,445,-1,445,96,446,-1,445,446,447,-1,447,446,397,-1,447,397,448,-1,448,397,399,-1,373,449,254,-1,254,449,367,-1,254,367,343,-1,343,367,366,-1,450,451,452,-1,452,451,453,-1,452,453,454,-1,452,419,450,-1,450,419,414,-1,450,414,455,-1,455,414,444,-1,317,456,457,-1,458,459,460,-1,461,462,463,-1,463,462,464,-1,463,464,465,-1,416,466,317,-1,317,466,467,-1,317,467,420,-1,420,467,461,-1,420,461,468,-1,468,461,463,-1,387,469,317,-1,317,469,470,-1,317,470,471,-1,458,460,472,-1,472,460,473,-1,472,473,474,-1,475,135,136,-1,476,477,478,-1,162,163,479,-1,479,163,480,-1,479,480,481,-1,481,480,452,-1,481,452,482,-1,482,452,454,-1,483,484,317,-1,317,484,485,-1,317,485,486,-1,487,488,317,-1,317,488,489,-1,317,489,490,-1,364,491,362,-1,362,491,492,-1,362,492,493,-1,493,492,317,-1,493,317,494,-1,494,317,471,-1,474,495,472,-1,472,495,475,-1,472,475,496,-1,496,475,136,-1,155,154,497,-1,497,154,498,-1,497,498,499,-1,499,498,463,-1,499,463,500,-1,500,463,465,-1,501,502,503,-1,503,502,504,-1,503,504,505,-1,486,506,317,-1,317,506,507,-1,317,507,508,-1,509,510,511,-1,511,510,512,-1,511,512,513,-1,511,386,509,-1,509,386,317,-1,509,317,514,-1,514,317,490,-1,422,515,317,-1,317,515,516,-1,317,516,456,-1,456,516,501,-1,456,501,517,-1,517,501,503,-1,487,317,518,-1,518,317,508,-1,518,508,519,-1,519,508,520,-1,519,520,521,-1,458,522,459,-1,459,522,523,-1,459,523,524,-1,151,152,525,-1,525,152,526,-1,525,526,527,-1,527,526,519,-1,527,519,528,-1,528,519,521,-1,457,529,317,-1,317,529,530,-1,317,530,531,-1,531,532,317,-1,317,532,533,-1,317,533,483,-1,483,533,534,-1,483,534,535,-1,535,534,536,-1,536,534,537,-1,536,537,538,-1,476,478,539,-1,477,459,478,-1,478,459,524,-1,478,524,437,-1,437,524,540,-1,437,540,435,-1,139,138,541,-1,541,138,542,-1,541,542,543,-1,543,542,511,-1,543,511,544,-1,544,511,513,-1,335,478,471,-1,471,478,545,-1,471,545,494,-1,159,160,546,-1,546,160,547,-1,546,547,548,-1,548,547,503,-1,548,503,549,-1,549,503,505,-1,336,550,335,-1,335,550,551,-1,335,551,478,-1,478,551,411,-1,478,411,539,-1,539,411,413,-1,552,147,146,-1,538,553,536,-1,536,553,552,-1,536,552,554,-1,554,552,146,-1,
        ]
    }
}
Shape{
    appearance Appearance {
        material  Material 	{
            diffuseColor 0.792156862745098 0.8196078431372549 0.9333333333333333
            specularColor 0.396078431372549 0.4117647058823529 0.4666666666666667
            ambientIntensity 0.8244
            transparency 0.0
            shininess 0.5
        }
    }
    geometry IndexedFaceSet {
        ccw TRUE
        solid FALSE
        coord DEF co Coordinate {
            point [
                -0.5936 -0.7059 0.0118, -0.5936 -0.7059 0.0079, -0.5782 -0.6665 0.0118, -0.5782 -0.6665 0.0079, -0.5729 -0.6665 0.0118, -0.5729 -0.6665 0.0079, -0.5581 -0.7059 0.0118, -0.5581 -0.7059 0.0079, -0.5638 -0.7059 0.0118, -0.5638 -0.7059 0.0079, -0.5676 -0.6948 0.0118, -0.5676 -0.6948 0.0079, -0.5838 -0.6948 0.0118, -0.5838 -0.6948 0.0079, -0.5878 -0.7059 0.0118, -0.5878 -0.7059 0.0079, -0.5235 -0.7059 0.0118, -0.5235 -0.7059 0.0079, -0.5342 -0.7059 0.0118, -0.5342 -0.7059 0.0079, -0.5552 -0.6857 0.0079, -0.5552 -0.6857 0.0118, -0.5546 -0.691 0.0118, -0.5546 -0.691 0.0079, -0.5532 -0.6951 0.0118, -0.5532 -0.6951 0.0079, -0.5509 -0.6986 0.0118, -0.5509 -0.6986 0.0079, -0.5477 -0.7017 0.0118, -0.5477 -0.7017 0.0079, -0.5436 -0.7041 0.0118, -0.5436 -0.7041 0.0079, -0.5391 -0.7055 0.0118, -0.5391 -0.7055 0.0079, -0.5346 -0.6665 0.0079, -0.5346 -0.6665 0.0118, -0.5403 -0.6671 0.0118, -0.5403 -0.6671 0.0079, -0.5449 -0.6687 0.0118, -0.5449 -0.6687 0.0079, -0.5492 -0.6716 0.0118, -0.5492 -0.6716 0.0079, -0.5492 -0.6716 0.0118, -0.5492 -0.6716 0.0079, -0.552 -0.6747 0.0118, -0.552 -0.6747 0.0079, -0.5538 -0.6781 0.0118, -0.5538 -0.6781 0.0079, -0.5549 -0.682 0.0118, -0.5549 -0.682 0.0079, -0.5235 -0.6665 0.0118, -0.5235 -0.6665 0.0079, -0.5158 -0.7059 0.0118, -0.5158 -0.7059 0.0079, -0.5158 -0.7016 0.0118, -0.5158 -0.7016 0.0079, -0.5 -0.7016 0.0118, -0.5 -0.7016 0.0079, -0.5 -0.6881 0.0118, -0.5 -0.6881 0.0079, -0.5139 -0.6881 0.0118, -0.5139 -0.6881 0.0079, -0.5139 -0.6838 0.0118, -0.5139 -0.6838 0.0079, -0.5 -0.6838 0.0118, -0.5 -0.6838 0.0079, -0.5 -0.6708 0.0118, -0.5 -0.6708 0.0079, -0.5148 -0.6708 0.0118, -0.5148 -0.6708 0.0079, -0.5148 -0.6665 0.0118, -0.5148 -0.6665 0.0079, -0.4947 -0.6665 0.0118, -0.4947 -0.6665 0.0079, -0.4947 -0.7059 0.0118, -0.4947 -0.7059 0.0079, -0.487 -0.7038 0.0118, -0.487 -0.7038 0.0079, -0.487 -0.6995 0.0118, -0.487 -0.6995 0.0079, -0.4769 -0.702 0.0079, -0.4769 -0.702 0.0118, -0.4821 -0.7015 0.0118, -0.4821 -0.7015 0.0079, -0.4863 -0.6999 0.0118, -0.4863 -0.6999 0.0079, -0.463 -0.6866 0.0079, -0.463 -0.6866 0.0118, -0.4634 -0.6909 0.0118, -0.4634 -0.6909 0.0079, -0.4645 -0.6943 0.0118, -0.4645 -0.6943 0.0079, -0.4661 -0.697 0.0118, -0.4661 -0.697 0.0079, -0.4679 -0.6989 0.0118, -0.4679 -0.6989 0.0079, -0.4703 -0.7006 0.0118, -0.4703 -0.7006 0.0079, -0.4732 -0.7016 0.0118, -0.4732 -0.7016 0.0079, -0.4778 -0.6704 0.0079, -0.4778 -0.6704 0.0118, -0.4739 -0.6708 0.0118, -0.4739 -0.6708 0.0079, -0.4709 -0.6719 0.0118, -0.4709 -0.6719 0.0079, -0.4682 -0.6737 0.0118, -0.4682 -0.6737 0.0079, -0.4658 -0.6763 0.0118, -0.4658 -0.6763 0.0079, -0.4642 -0.6793 0.0118, -0.4642 -0.6793 0.0079, -0.4632 -0.6836 0.0118, -0.4632 -0.6836 0.0079, -0.487 -0.6729 0.0079, -0.487 -0.6729 0.0118, -0.4826 -0.671 0.0118, -0.4826 -0.671 0.0079, -0.487 -0.6676 0.0118, -0.487 -0.6676 0.0079, -0.4777 -0.666 0.0079, -0.4777 -0.666 0.0118, -0.4824 -0.6664 0.0118, -0.4824 -0.6664 0.0079, -0.4577 -0.6869 0.0079, -0.4577 -0.6869 0.0118, -0.4583 -0.6813 0.0118, -0.4583 -0.6813 0.0079, -0.4598 -0.6769 0.0118, -0.4598 -0.6769 0.0079, -0.4621 -0.6732 0.0118, -0.4621 -0.6732 0.0079, -0.4656 -0.6698 0.0118, -0.4656 -0.6698 0.0079, -0.4694 -0.6676 0.0118, -0.4694 -0.6676 0.0079, -0.4738 -0.6664 0.0118, -0.4738 -0.6664 0.0079, -0.4738 -0.7061 0.0079, -0.4762 -0.7064 0.0079, -0.4762 -0.7064 0.0118, -0.4713 -0.7059 0.0079, -0.4713 -0.7059 0.0118, -0.4675 -0.7045 0.0118, -0.4675 -0.7045 0.0079, -0.4643 -0.7025 0.0118, -0.4643 -0.7025 0.0079, -0.4614 -0.6994 0.0118, -0.4614 -0.6994 0.0079, -0.4593 -0.6957 0.0118, -0.4593 -0.6957 0.0079, -0.4581 -0.6915 0.0118, -0.4581 -0.6915 0.0079, -0.4828 -0.7056 0.0079, -0.4828 -0.7056 0.0118, -0.4788 -0.7061 0.0079, -0.4772 -0.7063 0.0118, -0.4772 -0.7063 0.0079, -0.4543 -0.7059 0.0118, -0.4543 -0.7059 0.0079, -0.4543 -0.7016 0.0118, -0.4543 -0.7016 0.0079, -0.4395 -0.7016 0.0118, -0.4395 -0.7016 0.0079, -0.4395 -0.6665 0.0118, -0.4395 -0.6665 0.0079, -0.4342 -0.6665 0.0118, -0.4342 -0.6665 0.0079, -0.4342 -0.7059 0.0118, -0.4342 -0.7059 0.0079
            ]
        }
        coordIndex [
            0,1,2,-1,2,1,3,-1,2,3,4,-1,4,3,5,-1,4,5,6,-1,6,5,7,-1,6,7,8,-1,8,7,9,-1,8,9,10,-1,10,9,11,-1,10,11,12,-1,12,11,13,-1,12,13,14,-1,14,13,15,-1,0,14,1,-1,1,14,15,-1,16,17,18,-1,18,17,19,-1,20,21,22,-1,20,22,23,-1,23,22,24,-1,23,24,25,-1,25,24,26,-1,25,26,27,-1,27,26,28,-1,27,28,29,-1,29,28,30,-1,29,30,31,-1,31,30,32,-1,31,32,33,-1,33,32,18,-1,33,18,19,-1,34,35,36,-1,34,36,37,-1,37,36,38,-1,37,38,39,-1,39,38,40,-1,39,40,41,-1,41,40,42,-1,41,42,43,-1,43,42,44,-1,43,44,45,-1,45,44,46,-1,45,46,47,-1,47,46,48,-1,47,48,49,-1,49,48,21,-1,49,21,20,-1,35,34,50,-1,50,34,51,-1,16,50,17,-1,17,50,51,-1,52,53,54,-1,54,53,55,-1,54,55,56,-1,56,55,57,-1,56,57,58,-1,58,57,59,-1,58,59,60,-1,60,59,61,-1,60,61,62,-1,62,61,63,-1,62,63,64,-1,64,63,65,-1,64,65,66,-1,66,65,67,-1,66,67,68,-1,68,67,69,-1,68,69,70,-1,70,69,71,-1,70,71,72,-1,72,71,73,-1,72,73,74,-1,74,73,75,-1,52,74,53,-1,53,74,75,-1,76,77,78,-1,78,77,79,-1,80,81,82,-1,80,82,83,-1,83,82,84,-1,83,84,85,-1,85,84,78,-1,85,78,79,-1,86,87,88,-1,86,88,89,-1,89,88,90,-1,89,90,91,-1,91,90,92,-1,91,92,93,-1,93,92,94,-1,93,94,95,-1,95,94,96,-1,95,96,97,-1,97,96,98,-1,97,98,99,-1,99,98,81,-1,99,81,80,-1,100,101,102,-1,100,102,103,-1,103,102,104,-1,103,104,105,-1,105,104,106,-1,105,106,107,-1,107,106,108,-1,107,108,109,-1,109,108,110,-1,109,110,111,-1,111,110,112,-1,111,112,113,-1,113,112,87,-1,113,87,86,-1,114,115,116,-1,114,116,117,-1,117,116,101,-1,117,101,100,-1,115,114,118,-1,118,114,119,-1,120,121,122,-1,120,122,123,-1,123,122,118,-1,123,118,119,-1,124,125,126,-1,124,126,127,-1,127,126,128,-1,127,128,129,-1,129,128,130,-1,129,130,131,-1,131,130,132,-1,131,132,133,-1,133,132,134,-1,133,134,135,-1,135,134,136,-1,135,136,137,-1,137,136,121,-1,137,121,120,-1,138,139,140,-1,138,140,141,-1,140,142,141,-1,141,142,143,-1,141,143,144,-1,144,143,145,-1,144,145,146,-1,146,145,147,-1,146,147,148,-1,148,147,149,-1,148,149,150,-1,150,149,151,-1,150,151,152,-1,152,151,125,-1,152,125,124,-1,153,77,154,-1,154,77,76,-1,153,154,155,-1,155,154,156,-1,155,156,157,-1,157,156,140,-1,157,140,139,-1,158,159,160,-1,160,159,161,-1,160,161,162,-1,162,161,163,-1,162,163,164,-1,164,163,165,-1,164,165,166,-1,166,165,167,-1,166,167,168,-1,168,167,169,-1,158,168,159,-1,159,168,169,-1,
        ]
    }
}
Shape{
    appearance Appearance {
        material  Material 	{
            diffuseColor 0.10980392156862745 0.10980392156862745 0.10980392156862745
            specularColor 0.0784313725490196 0.0784313725490196 0.0784313725490196
            ambientIntensity 0.1098
            transparency 0.0
            shininess 0.5
        }
    }
    geometry IndexedFaceSet {
        ccw TRUE
        solid FALSE
        coord DEF co Coordinate {
            point [
                -0.4738 -0.7061 0.0079, -0.4543 -0.7059 0.0079, -0.4342 -0.7059 0.0079, -0.4947 -0.7059 0.0079, -0.4947 -0.6665 0.0079, -0.487 -0.6995 0.0079, -0.487 -0.7038 0.0079, -0.4828 -0.7056 0.0079, -0.4788 -0.7061 0.0079, -0.5148 -0.6708 0.0079, -0.5 -0.6708 0.0079, -0.5 -0.6838 0.0079, -0.5139 -0.6838 0.0079, -0.5139 -0.6881 0.0079, -0.5196 -0.7061 0.0079, -0.4395 -0.6665 0.0079, -0.4395 -0.7016 0.0079, -0.4543 -0.7016 0.0079, -0.5158 -0.7059 0.0079, -0.5158 -0.7016 0.0079, -0.5 -0.7016 0.0079, -0.5 -0.6881 0.0079, -0.0697 -0.4833 0.0079, -0.0614 -0.4861 0.0079, -0.054 -0.4908 0.0079, -0.4738 -0.4676 0.0079, -0.4784 -0.4602 0.0079, -0.4813 -0.452 0.0079, -0.0783 -0.4823 0.0079, -0.4342 -0.6665 0.0079, -0.4433 -0.4823 0.0079, -0.452 -0.4813 0.0079, -0.4739 -0.6708 0.0079, -0.4709 -0.6719 0.0079, -0.4863 -0.6999 0.0079, -0.4682 -0.6737 0.0079, -0.4658 -0.6763 0.0079, -0.463 -0.6866 0.0079, -0.4634 -0.6909 0.0079, -0.4645 -0.6943 0.0079, -0.4732 -0.7016 0.0079, -0.4769 -0.702 0.0079, -0.4703 -0.7006 0.0079, -0.4679 -0.6989 0.0079, -0.4661 -0.697 0.0079, -0.4821 -0.7015 0.0079, -0.4676 -0.4738 0.0079, -0.4602 -0.4784 0.0079, -0.4642 -0.6793 0.0079, -0.4632 -0.6836 0.0079, -0.3254 0.8281 0.0079, -0.4035 0.4823 0.0079, -0.3348 0.832 0.0079, -0.3429 0.8382 0.0079, -0.5196 0.9843 0.0079, -0.5118 0.9843 0.0079, -0.5118 0.8657 0.0079, -0.5148 -0.6665 0.0079, -0.0479 -0.497 0.0079, -0.0432 -0.5043 0.0079, -0.0403 -0.5126 0.0079, -0.5105 0.8557 0.0079, -0.5066 0.8463 0.0079, -0.0394 0.5213 0.0079, -0.1328 0.8353 0.0079, -0.1266 0.8414 0.0079, -0.4062 0.4619 0.0079, -0.4141 0.4429 0.0079, -0.4266 0.4266 0.0079, -0.4614 -0.6994 0.0079, -0.4643 -0.7025 0.0079, -0.4634 0.8277 0.0079, -0.4551 0.8306 0.0079, -0.353 0.8557 0.0079, -0.4477 0.8353 0.0079, -0.4416 0.8414 0.0079, -0.4713 -0.7059 0.0079, -0.4675 -0.7045 0.0079, -0.5004 0.8382 0.0079, -0.4923 0.832 0.0079, -0.4829 0.8281 0.0079, -0.3059 0.8277 0.0079, -0.2977 0.8306 0.0079, -0.1955 0.8557 0.0079, -0.2903 0.8353 0.0079, -0.2841 0.8414 0.0079, -0.1854 0.8382 0.0079, -0.1774 0.832 0.0079, -0.168 0.8281 0.0079, -0.0783 0.4823 0.0079, -0.1579 0.8268 0.0079, -0.0697 0.4833 0.0079, -0.4583 -0.6813 0.0079, -0.4598 -0.6769 0.0079, -0.4621 -0.6732 0.0079, -0.4656 -0.6698 0.0079, -0.4823 -0.4433 0.0079, -0.4694 -0.6676 0.0079, -0.4738 -0.6664 0.0079, -0.4331 0.9843 0.0079, -0.3543 0.9843 0.0079, -0.4331 0.8657 0.0079, -0.3543 0.8657 0.0079, -0.434 0.8571 0.0079, -0.4369 0.8488 0.0079, -0.2756 0.9843 0.0079, -0.1969 0.9843 0.0079, -0.2756 0.8657 0.0079, -0.1969 0.8657 0.0079, -0.2766 0.8571 0.0079, -0.2795 0.8488 0.0079, -0.3154 0.8268 0.0079, -0.3146 0.8268 0.0079, -0.1916 0.8463 0.0079, -0.1571 0.8268 0.0079, -0.1484 0.8277 0.0079, -0.1402 0.8306 0.0079, -0.0479 0.497 0.0079, -0.054 0.4908 0.0079, -0.0432 0.5043 0.0079, -0.0403 0.5126 0.0079, -0.0614 0.4861 0.0079, -0.122 0.8488 0.0079, -0.1191 0.8571 0.0079, -0.0394 0.9843 0.0079, -0.1181 0.8657 0.0079, -0.1181 0.9843 0.0079, -0.4728 0.8268 0.0079, -0.472 0.8268 0.0079, -0.3491 0.8463 0.0079, -0.4593 -0.6957 0.0079, -0.4581 -0.6915 0.0079, -0.4577 -0.6869 0.0079, -0.4429 0.4141 0.0079, -0.4619 0.4062 0.0079, -0.4823 0.4035 0.0079, -0.4777 -0.666 0.0079, -0.4824 -0.6664 0.0079, -0.487 -0.6676 0.0079, -0.487 -0.6729 0.0079, -0.4826 -0.671 0.0079, -0.4778 -0.6704 0.0079, -0.5638 -0.7059 0.0079, -0.5581 -0.7059 0.0079, -0.5532 -0.6951 0.0079, -0.5509 -0.6986 0.0079, -0.5477 -0.7017 0.0079, -0.5436 -0.7041 0.0079, -0.9843 -0.7061 0.0079, -0.5936 -0.7059 0.0079, -0.5878 -0.7059 0.0079, -0.5838 -0.6948 0.0079, -0.5676 -0.6948 0.0079, -0.5403 -0.6671 0.0079, -0.5449 -0.6687 0.0079, -0.5729 -0.6665 0.0079, -0.5492 -0.6716 0.0079, -0.5346 -0.6665 0.0079, -0.8414 -0.6608 0.0079, -0.5235 -0.6665 0.0079, -0.8353 -0.6546 0.0079, -0.8306 -0.6472 0.0079, -0.5391 -0.7055 0.0079, -0.5342 -0.7059 0.0079, -0.5235 -0.7059 0.0079, -0.5492 -0.6716 0.0079, -0.552 -0.6747 0.0079, -0.5538 -0.6781 0.0079, -0.9843 -0.6693 0.0079, -0.8657 -0.6693 0.0079, -0.8277 -0.639 0.0079, -0.8268 -0.6303 0.0079, -0.8268 -0.6295 0.0079, -0.5549 -0.682 0.0079, -0.5552 -0.6857 0.0079, -0.5546 -0.691 0.0079, -0.8571 -0.6683 0.0079, -0.5782 -0.6665 0.0079, -0.8488 -0.6654 0.0079, -0.8277 -0.6209 0.0079, -0.8306 -0.6126 0.0079, -0.8353 -0.6052 0.0079, -0.8657 -0.5906 0.0079, -0.9843 -0.5906 0.0079, -0.9843 -0.5118 0.0079, -0.8657 -0.5118 0.0079, -0.8414 -0.5991 0.0079, -0.8488 -0.5944 0.0079, -0.8571 -0.5915 0.0079, -0.8571 -0.5108 0.0079, -0.8488 -0.508 0.0079, -0.8414 -0.5033 0.0079, -0.8353 -0.4971 0.0079, -0.8306 -0.4897 0.0079, -0.8277 -0.4815 0.0079, -0.8268 -0.4728 0.0079, -0.8268 -0.472 0.0079, -0.8277 -0.4634 0.0079, -0.8657 -0.3543 0.0079, -0.8571 -0.3534 0.0079, -0.8488 -0.3505 0.0079, -0.8306 -0.4551 0.0079, -0.8353 -0.4477 0.0079, -0.8414 -0.4416 0.0079, -0.8488 -0.4369 0.0079, -0.8414 -0.3458 0.0079, -0.8353 -0.3397 0.0079, -0.8306 -0.3323 0.0079, -0.9843 -0.4331 0.0079, -0.9843 -0.3543 0.0079, -0.8657 -0.4331 0.0079, -0.8571 -0.434 0.0079, -0.8277 -0.324 0.0079, -0.8268 -0.3154 0.0079, -0.8268 -0.3146 0.0079, -0.8657 -0.1969 0.0079, -0.8571 -0.1959 0.0079, -0.8488 -0.193 0.0079, -0.8414 -0.2841 0.0079, -0.8488 -0.2795 0.0079, -0.8277 -0.3059 0.0079, -0.8306 -0.2977 0.0079, -0.8353 -0.2903 0.0079, -0.8414 -0.1883 0.0079, -0.8353 -0.1822 0.0079, -0.8306 -0.1748 0.0079, -0.9843 -0.2756 0.0079, -0.9843 -0.1969 0.0079, -0.8657 -0.2756 0.0079, -0.8571 -0.2766 0.0079, -0.8277 -0.1665 0.0079, -0.8268 -0.1579 0.0079, -0.8268 -0.1571 0.0079, -0.8657 -0.0394 0.0079, -0.8571 -0.0384 0.0079, -0.8414 -0.1266 0.0079, -0.8488 -0.122 0.0079, -0.8488 -0.0355 0.0079, -0.8414 -0.0309 0.0079, -0.8353 -0.0247 0.0079, -0.8277 -0.1484 0.0079, -0.8306 -0.1402 0.0079, -0.8353 -0.1328 0.0079, -0.9843 -0.1181 0.0079, -0.9843 -0.0394 0.0079, -0.8657 -0.1181 0.0079, -0.8571 -0.1191 0.0079, -0.8306 -0.0173 0.0079, -0.8277 -0.0091 0.0079, -0.8268 -0.0004 0.0079, -0.8657 0.1181 0.0079, -0.8571 0.1191 0.0079, -0.8488 0.122 0.0079, -0.8414 0.1266 0.0079, -0.8353 0.1328 0.0079, -0.8382 0.028 0.0079, -0.8463 0.0341 0.0079, -0.8268 0.0004 0.0079, -0.8281 0.0105 0.0079, -0.832 0.0199 0.0079, -0.9843 0.0394 0.0079, -0.9843 0.1181 0.0079, -0.8657 0.0394 0.0079, -0.8557 0.038 0.0079, -0.8657 0.6693 0.0079, -0.9843 0.6693 0.0079, -0.9843 0.748 0.0079, -0.8268 0.9843 0.0079, -0.8268 0.9051 0.0079, -0.8856 0.8215 0.0079, -0.9843 0.8268 0.0079, -0.9843 0.9843 0.0079, -0.9051 0.8268 0.0079, -0.895 0.8254 0.0079, -0.8414 0.6608 0.0079, -0.8856 0.7533 0.0079, -0.8353 0.6546 0.0079, -0.8306 0.6472 0.0079, -0.8776 0.7594 0.0079, -0.8714 0.7675 0.0079, -0.8277 0.639 0.0079, -0.6498 0.832 0.0079, -0.6404 0.8281 0.0079, -0.8714 0.8073 0.0079, -0.8047 0.87 0.0079, -0.7965 0.8671 0.0079, -0.8306 0.1402 0.0079, -0.8277 0.1484 0.0079, -0.8268 0.1571 0.0079, -0.7701 0.87 0.0079, -0.7627 0.8746 0.0079, -0.668 0.8557 0.0079, -0.748 0.9843 0.0079, -0.6693 0.9843 0.0079, -0.748 0.9051 0.0079, -0.6693 0.8657 0.0079, -0.8258 0.8964 0.0079, -0.8229 0.8882 0.0079, -0.8776 0.8154 0.0079, -0.8183 0.8808 0.0079, -0.8121 0.8746 0.0079, -0.9051 0.748 0.0079, -0.895 0.7494 0.0079, -0.8571 0.6683 0.0079, -0.8488 0.6654 0.0079, -0.8306 0.6126 0.0079, -0.8277 0.6209 0.0079, -0.6641 0.8463 0.0079, -0.8268 0.6295 0.0079, -0.8661 0.7878 0.0079, -0.8661 0.787 0.0079, -0.8675 0.7769 0.0079, -0.7565 0.8808 0.0079, -0.7519 0.8882 0.0079, -0.749 0.8964 0.0079, -0.8268 0.6303 0.0079, -0.8353 0.1822 0.0079, -0.8414 0.1883 0.0079, -0.8571 0.2766 0.0079, -0.8488 0.193 0.0079, -0.7783 0.8671 0.0079, -0.8675 0.7979 0.0079, -0.7878 0.8661 0.0079, -0.787 0.8661 0.0079, -0.8488 0.2795 0.0079, -0.8414 0.2841 0.0079, -0.8353 0.2903 0.0079, -0.6303 0.8268 0.0079, -0.6295 0.8268 0.0079, -0.6209 0.8277 0.0079, -0.6126 0.8306 0.0079, -0.6052 0.8353 0.0079, -0.5991 0.8414 0.0079, -0.5944 0.8488 0.0079, -0.5915 0.8571 0.0079, -0.5906 0.8657 0.0079, -0.5906 0.9843 0.0079, -0.8268 0.1579 0.0079, -0.8277 0.1665 0.0079, -0.8306 0.1748 0.0079, -0.8657 0.1969 0.0079, -0.9843 0.1969 0.0079, -0.9843 0.2756 0.0079, -0.8571 0.1959 0.0079, -0.8657 0.2756 0.0079, -0.8571 0.5915 0.0079, -0.8414 0.5033 0.0079, -0.8488 0.508 0.0079, -0.8353 0.3397 0.0079, -0.8414 0.3458 0.0079, -0.8488 0.4369 0.0079, -0.8488 0.3505 0.0079, -0.8571 0.434 0.0079, -0.8277 0.4815 0.0079, -0.8306 0.4897 0.0079, -0.8353 0.4971 0.0079, -0.8414 0.4416 0.0079, -0.8353 0.4477 0.0079, -0.8306 0.4551 0.0079, -0.8277 0.4634 0.0079, -0.8268 0.472 0.0079, -0.8488 0.5944 0.0079, -0.8414 0.5991 0.0079, -0.8353 0.6052 0.0079, -0.8657 0.3543 0.0079, -0.9843 0.3543 0.0079, -0.9843 0.4331 0.0079, -0.8657 0.5118 0.0079, -0.9843 0.5118 0.0079, -0.9843 0.5906 0.0079, -0.8306 0.2977 0.0079, -0.8277 0.3059 0.0079, -0.8268 0.3146 0.0079, -0.8571 0.3534 0.0079, -0.8657 0.4331 0.0079, -0.8571 0.5108 0.0079, -0.8657 0.5906 0.0079, -0.8268 0.4728 0.0079, -0.6579 0.8382 0.0079, -0.8268 0.3154 0.0079, -0.8277 0.324 0.0079, -0.8306 0.3323 0.0079, -0.8215 -0.8856 0.0079, -0.8254 -0.895 0.0079, -0.8856 -0.8215 0.0079, -0.895 -0.8254 0.0079, -0.8268 -0.9843 0.0079, -0.9843 -0.9843 0.0079, -0.8268 -0.9051 0.0079, -0.9843 -0.8268 0.0079, -0.9051 -0.8268 0.0079, -0.8675 -0.7769 0.0079, -0.8714 -0.7675 0.0079, -0.8776 -0.7594 0.0079, -0.5196 -0.9843 0.0079, -0.5906 -0.9843 0.0079, -0.5906 -0.8657 0.0079, -0.5919 -0.8557 0.0079, -0.5958 -0.8463 0.0079, -0.602 -0.8382 0.0079, -0.6693 -0.9843 0.0079, -0.748 -0.9843 0.0079, -0.6693 -0.8657 0.0079, -0.748 -0.9051 0.0079, -0.6683 -0.8571 0.0079, -0.7494 -0.895 0.0079, -0.6654 -0.8488 0.0079, -0.8675 -0.7979 0.0079, -0.7769 -0.8675 0.0079, -0.787 -0.8661 0.0079, -0.8856 -0.7533 0.0079, -0.895 -0.7494 0.0079, -0.9051 -0.748 0.0079, -0.9843 -0.748 0.0079, -0.7878 -0.8661 0.0079, -0.7979 -0.8675 0.0079, -0.8073 -0.8714 0.0079, -0.8154 -0.8776 0.0079, -0.8776 -0.8154 0.0079, -0.8714 -0.8073 0.0079, -0.8661 -0.7878 0.0079, -0.8661 -0.787 0.0079, -0.61 -0.832 0.0079, -0.6194 -0.8281 0.0079, -0.6295 -0.8268 0.0079, -0.6303 -0.8268 0.0079, -0.639 -0.8277 0.0079, -0.6472 -0.8306 0.0079, -0.7675 -0.8714 0.0079, -0.7594 -0.8776 0.0079, -0.7533 -0.8856 0.0079, -0.6546 -0.8353 0.0079, -0.6608 -0.8414 0.0079, -0.1233 -0.8463 0.0079, -0.1295 -0.8382 0.0079, -0.0394 -0.7061 0.0079, -0.4383 -0.8463 0.0079, -0.4445 -0.8382 0.0079, -0.1194 -0.8557 0.0079, -0.0394 -0.5213 0.0079, -0.4526 -0.832 0.0079, -0.2808 -0.8463 0.0079, -0.287 -0.8382 0.0079, -0.0394 -0.9843 0.0079, -0.1181 -0.9843 0.0079, -0.1181 -0.8657 0.0079, -0.1376 -0.832 0.0079, -0.147 -0.8281 0.0079, -0.1571 -0.8268 0.0079, -0.5033 -0.8414 0.0079, -0.508 -0.8488 0.0079, -0.5118 -0.9843 0.0079, -0.5118 -0.8657 0.0079, -0.5108 -0.8571 0.0079, -0.1665 -0.8277 0.0079, -0.1748 -0.8306 0.0079, -0.2769 -0.8557 0.0079, -0.1822 -0.8353 0.0079, -0.1883 -0.8414 0.0079, -0.1579 -0.8268 0.0079, -0.2951 -0.832 0.0079, -0.3045 -0.8281 0.0079, -0.3146 -0.8268 0.0079, -0.4344 -0.8557 0.0079, -0.324 -0.8277 0.0079, -0.3154 -0.8268 0.0079, -0.4815 -0.8277 0.0079, -0.4897 -0.8306 0.0079, -0.4971 -0.8353 0.0079, -0.1969 -0.9843 0.0079, -0.2756 -0.9843 0.0079, -0.1969 -0.8657 0.0079, -0.2756 -0.8657 0.0079, -0.1959 -0.8571 0.0079, -0.193 -0.8488 0.0079, -0.3323 -0.8306 0.0079, -0.3397 -0.8353 0.0079, -0.3458 -0.8414 0.0079, -0.3543 -0.9843 0.0079, -0.4331 -0.9843 0.0079, -0.3543 -0.8657 0.0079, -0.4331 -0.8657 0.0079, -0.3534 -0.8571 0.0079, -0.3505 -0.8488 0.0079, -0.462 -0.8281 0.0079, -0.472 -0.8268 0.0079, -0.4762 -0.7064 0.0079, -0.4772 -0.7063 0.0079, -0.4728 -0.8268 0.0079
            ]
        }
        coordIndex [
            0,1,2,-1,3,4,5,-1,5,6,3,-1,3,6,7,-1,3,7,8,-1,9,10,11,-1,12,13,14,-1,15,16,17,-1,18,14,19,-1,19,14,13,-1,19,13,20,-1,20,13,21,-1,22,23,2,-1,2,23,24,-1,25,15,26,-1,26,15,27,-1,22,2,28,-1,28,2,29,-1,28,29,30,-1,30,29,15,-1,30,15,31,-1,32,33,34,-1,34,33,35,-1,34,35,36,-1,37,38,34,-1,34,38,39,-1,40,41,42,-1,42,41,43,-1,39,44,34,-1,34,44,43,-1,34,43,45,-1,45,43,41,-1,25,46,15,-1,15,46,47,-1,15,47,31,-1,36,48,34,-1,34,48,49,-1,34,49,37,-1,50,51,52,-1,52,51,53,-1,54,55,56,-1,11,12,9,-1,9,12,14,-1,9,14,57,-1,57,14,54,-1,57,54,4,-1,24,58,2,-1,2,58,59,-1,2,59,60,-1,51,61,62,-1,63,64,65,-1,51,66,61,-1,61,66,67,-1,61,67,68,-1,69,17,70,-1,70,17,1,-1,71,72,73,-1,73,72,74,-1,73,74,75,-1,0,76,1,-1,1,76,77,-1,1,77,70,-1,62,78,51,-1,51,78,79,-1,51,79,80,-1,81,82,83,-1,83,82,84,-1,83,84,85,-1,86,87,51,-1,51,87,88,-1,51,88,89,-1,89,88,90,-1,89,90,91,-1,92,93,15,-1,15,93,94,-1,15,94,27,-1,27,94,95,-1,27,95,96,-1,96,95,97,-1,96,97,98,-1,99,100,101,-1,101,100,102,-1,101,102,103,-1,103,102,73,-1,103,73,104,-1,104,73,75,-1,105,106,107,-1,107,106,108,-1,107,108,109,-1,109,108,83,-1,109,83,110,-1,110,83,85,-1,50,111,51,-1,51,111,112,-1,51,112,86,-1,86,112,81,-1,86,81,113,-1,113,81,83,-1,90,114,91,-1,91,114,115,-1,91,115,116,-1,117,118,119,-1,119,118,120,-1,118,121,120,-1,120,121,91,-1,120,91,63,-1,63,91,116,-1,63,116,64,-1,65,122,63,-1,63,122,123,-1,63,123,124,-1,124,123,125,-1,124,125,126,-1,80,127,51,-1,51,127,128,-1,51,128,53,-1,53,128,71,-1,53,71,129,-1,129,71,73,-1,69,130,17,-1,17,130,131,-1,17,131,15,-1,15,131,132,-1,15,132,92,-1,68,133,61,-1,61,133,134,-1,61,134,56,-1,56,134,135,-1,56,135,54,-1,54,135,96,-1,98,136,96,-1,96,136,137,-1,96,137,54,-1,54,137,138,-1,54,138,4,-1,4,138,139,-1,4,139,5,-1,5,139,140,-1,5,140,34,-1,34,140,141,-1,34,141,32,-1,142,143,14,-1,144,145,143,-1,143,145,146,-1,143,146,147,-1,148,149,14,-1,14,149,150,-1,14,150,142,-1,142,150,151,-1,142,151,152,-1,153,154,155,-1,155,154,156,-1,157,158,159,-1,159,158,160,-1,159,160,161,-1,147,162,143,-1,143,162,163,-1,143,163,14,-1,14,163,164,-1,14,164,159,-1,156,165,155,-1,155,165,166,-1,155,166,167,-1,148,168,169,-1,161,170,159,-1,159,170,171,-1,159,171,172,-1,167,173,155,-1,155,173,174,-1,155,174,143,-1,143,174,175,-1,143,175,144,-1,169,176,148,-1,148,176,177,-1,148,177,149,-1,176,178,177,-1,177,178,158,-1,177,158,155,-1,155,158,157,-1,155,157,153,-1,172,179,159,-1,159,179,180,-1,159,180,181,-1,182,183,184,-1,159,184,185,-1,181,186,159,-1,159,186,187,-1,159,187,184,-1,184,187,188,-1,184,188,182,-1,185,189,159,-1,159,189,190,-1,159,190,191,-1,191,192,159,-1,159,192,193,-1,159,193,194,-1,194,195,159,-1,159,195,196,-1,159,196,197,-1,198,199,159,-1,159,199,200,-1,197,201,159,-1,159,201,202,-1,159,202,198,-1,198,202,203,-1,198,203,204,-1,200,205,159,-1,159,205,206,-1,159,206,207,-1,208,209,210,-1,210,209,198,-1,210,198,211,-1,211,198,204,-1,207,212,159,-1,159,212,213,-1,159,213,214,-1,215,216,159,-1,159,216,217,-1,215,218,219,-1,214,220,159,-1,159,220,221,-1,159,221,215,-1,215,221,222,-1,215,222,218,-1,217,223,159,-1,159,223,224,-1,159,224,225,-1,226,227,228,-1,228,227,215,-1,228,215,229,-1,229,215,219,-1,225,230,159,-1,159,230,231,-1,159,231,232,-1,159,233,234,-1,235,236,233,-1,234,237,159,-1,159,237,238,-1,159,238,239,-1,232,240,159,-1,159,240,241,-1,159,241,233,-1,233,241,242,-1,233,242,235,-1,243,244,245,-1,245,244,233,-1,245,233,246,-1,246,233,236,-1,239,247,159,-1,159,247,248,-1,159,248,249,-1,159,250,251,-1,251,252,159,-1,159,252,253,-1,159,253,254,-1,255,256,250,-1,249,257,159,-1,159,257,258,-1,159,258,250,-1,250,258,259,-1,250,259,255,-1,260,261,262,-1,262,261,250,-1,262,250,263,-1,263,250,256,-1,264,265,266,-1,267,268,269,-1,270,271,272,-1,272,271,267,-1,272,267,273,-1,273,267,269,-1,274,275,276,-1,276,275,277,-1,275,278,277,-1,277,278,279,-1,277,279,280,-1,281,282,14,-1,283,284,285,-1,254,286,159,-1,159,286,287,-1,159,287,288,-1,289,290,291,-1,292,293,294,-1,294,293,295,-1,268,296,269,-1,269,296,297,-1,269,297,298,-1,298,297,299,-1,298,299,283,-1,283,299,300,-1,283,300,284,-1,266,301,264,-1,264,301,302,-1,264,302,303,-1,303,302,275,-1,303,275,304,-1,304,275,274,-1,305,306,307,-1,307,306,308,-1,309,291,310,-1,310,291,307,-1,310,307,311,-1,290,312,291,-1,291,312,313,-1,291,313,295,-1,295,313,314,-1,295,314,294,-1,279,311,280,-1,280,311,307,-1,280,307,315,-1,315,307,308,-1,316,317,318,-1,318,317,319,-1,320,289,283,-1,283,289,291,-1,283,291,321,-1,321,291,309,-1,285,322,283,-1,283,322,323,-1,283,323,320,-1,318,324,159,-1,159,324,325,-1,159,325,326,-1,282,327,14,-1,14,327,328,-1,14,328,329,-1,329,330,14,-1,14,330,331,-1,14,331,332,-1,332,333,14,-1,14,333,334,-1,14,334,54,-1,54,334,335,-1,54,335,336,-1,288,337,159,-1,159,337,338,-1,159,338,318,-1,318,338,339,-1,318,339,316,-1,340,341,342,-1,319,343,318,-1,318,343,340,-1,318,340,344,-1,344,340,342,-1,345,346,347,-1,348,349,350,-1,350,349,351,-1,350,351,352,-1,353,354,345,-1,345,354,355,-1,345,355,346,-1,350,356,159,-1,159,356,357,-1,357,358,159,-1,159,358,359,-1,159,359,360,-1,361,362,159,-1,159,362,363,-1,364,365,366,-1,367,368,369,-1,326,370,159,-1,159,370,371,-1,159,371,372,-1,351,373,352,-1,352,373,364,-1,352,364,374,-1,374,364,366,-1,347,375,345,-1,345,375,367,-1,345,367,376,-1,376,367,369,-1,360,377,159,-1,159,377,353,-1,159,353,361,-1,361,353,345,-1,281,14,378,-1,378,14,159,-1,378,159,307,-1,307,159,363,-1,307,363,305,-1,372,379,159,-1,159,379,380,-1,159,380,350,-1,350,380,381,-1,350,381,348,-1,382,383,384,-1,384,383,385,-1,386,387,388,-1,388,387,389,-1,388,389,383,-1,383,389,390,-1,383,390,385,-1,391,392,14,-1,14,392,393,-1,394,395,14,-1,14,395,396,-1,396,397,14,-1,14,397,398,-1,14,398,399,-1,400,401,402,-1,402,401,403,-1,402,403,404,-1,404,403,405,-1,404,405,406,-1,407,408,409,-1,393,410,14,-1,14,410,411,-1,14,411,148,-1,148,411,412,-1,148,412,413,-1,409,414,407,-1,407,414,415,-1,407,415,416,-1,382,384,417,-1,417,384,418,-1,417,418,416,-1,416,418,419,-1,416,419,407,-1,407,420,14,-1,14,420,421,-1,14,421,391,-1,399,422,14,-1,14,422,423,-1,14,423,424,-1,424,425,14,-1,14,425,426,-1,14,426,427,-1,408,407,428,-1,428,407,14,-1,428,14,429,-1,429,14,427,-1,429,427,430,-1,430,427,431,-1,430,431,405,-1,405,431,432,-1,405,432,406,-1,433,434,435,-1,436,437,435,-1,433,435,438,-1,60,439,2,-1,2,439,435,-1,2,435,0,-1,0,435,437,-1,0,437,440,-1,435,441,442,-1,443,444,435,-1,435,444,445,-1,435,445,438,-1,434,446,435,-1,435,446,447,-1,435,447,448,-1,14,449,450,-1,451,394,452,-1,452,394,14,-1,452,14,453,-1,453,14,450,-1,454,455,456,-1,456,455,457,-1,456,457,458,-1,456,441,454,-1,454,441,435,-1,454,435,459,-1,459,435,448,-1,442,460,435,-1,435,460,461,-1,435,461,462,-1,463,436,464,-1,464,436,435,-1,464,435,465,-1,465,435,462,-1,466,467,14,-1,14,467,468,-1,14,468,449,-1,469,470,471,-1,471,470,472,-1,471,472,473,-1,473,472,456,-1,473,456,474,-1,474,456,458,-1,464,475,463,-1,463,475,476,-1,463,476,477,-1,478,479,480,-1,480,479,481,-1,480,481,482,-1,482,481,463,-1,482,463,483,-1,483,463,477,-1,440,484,0,-1,0,484,485,-1,0,485,486,-1,486,485,487,-1,18,3,14,-1,14,3,8,-1,14,8,466,-1,466,8,487,-1,466,487,488,-1,488,487,485,-1,
        ]
    }
}
Shape{
    appearance Appearance {
        material  Material 	{
            diffuseColor 0.9686274509803922 0.8784313725490196 0.6
            specularColor 0.6784313725490196 0.615686274509804 0.4196078431372549
            ambientIntensity 0.8737
            transparency 0.0
            shininess 0.5
        }
    }
    geometry IndexedFaceSet {
        ccw TRUE
        solid FALSE
        coord DEF co Coordinate {
            point [
                0.8272 -0.4784 0.0079, 0.8268 -0.4728 0.0079, 0.8657 -0.4331 0.0079, 0.9843 -0.4331 0.0079, 0.9843 -0.5118 0.0079, 0.8657 -0.5118 0.0079, 0.8284 -0.4838 0.0079, 0.8602 -0.5114 0.0079, 0.8548 -0.5102 0.0079, 0.8496 -0.5083 0.0079, 0.8268 -0.472 0.0079, 0.8272 -0.4665 0.0079, 0.8284 -0.4611 0.0079, 0.8548 -0.4346 0.0079, 0.8602 -0.4335 0.0079, 0.833 -0.451 0.0079, 0.8303 -0.4559 0.0079, 0.8363 -0.4465 0.0079, 0.8402 -0.4426 0.0079, 0.8447 -0.4393 0.0079, 0.8447 -0.5056 0.0079, 0.8402 -0.5023 0.0079, 0.8363 -0.4984 0.0079, 0.8496 -0.4366 0.0079, 0.833 -0.4939 0.0079, 0.8303 -0.489 0.0079, 0.9843 -0.5118 0.0787, 0.8657 -0.5118 0.0787, 0.8303 -0.4559 0.0787, 0.8284 -0.4611 0.0787, 0.8657 -0.4331 0.0787, 0.9843 -0.4331 0.0787, 0.8602 -0.5114 0.0787, 0.8548 -0.5102 0.0787, 0.8272 -0.4665 0.0787, 0.8268 -0.472 0.0787, 0.8268 -0.4728 0.0787, 0.8548 -0.4346 0.0787, 0.8496 -0.4366 0.0787, 0.833 -0.451 0.0787, 0.8447 -0.4393 0.0787, 0.8363 -0.4465 0.0787, 0.8402 -0.4426 0.0787, 0.8272 -0.4784 0.0787, 0.8284 -0.4838 0.0787, 0.8303 -0.489 0.0787, 0.8602 -0.4335 0.0787, 0.833 -0.4939 0.0787, 0.8363 -0.4984 0.0787, 0.8402 -0.5023 0.0787, 0.8447 -0.5056 0.0787, 0.8496 -0.5083 0.0787, 0.9843 -0.748 0.0079, 0.9051 -0.748 0.0079, 0.9843 -0.8268 0.0079, 0.9 -0.7484 0.0079, 0.895 -0.7494 0.0079, 0.8902 -0.751 0.0079, 0.8856 -0.7533 0.0079, 0.8814 -0.7561 0.0079, 0.8776 -0.7594 0.0079, 0.8742 -0.7633 0.0079, 0.8714 -0.7675 0.0079, 0.8691 -0.7721 0.0079, 0.8675 -0.7769 0.0079, 0.8665 -0.7819 0.0079, 0.8661 -0.787 0.0079, 0.9051 -0.8268 0.0079, 0.8661 -0.7878 0.0079, 0.9 -0.8264 0.0079, 0.8665 -0.7929 0.0079, 0.8856 -0.8215 0.0079, 0.8902 -0.8238 0.0079, 0.8714 -0.8073 0.0079, 0.8691 -0.8027 0.0079, 0.8675 -0.7979 0.0079, 0.895 -0.8254 0.0079, 0.8742 -0.8115 0.0079, 0.8776 -0.8154 0.0079, 0.8814 -0.8187 0.0079, 0.9843 -0.748 0.0, 0.9051 -0.748 0.0, 0.9 -0.7484 0.0, 0.895 -0.7494 0.0, 0.8902 -0.751 0.0, 0.8856 -0.7533 0.0, 0.8814 -0.7561 0.0, 0.8776 -0.7594 0.0, 0.8742 -0.7633 0.0, 0.8714 -0.7675 0.0, 0.8691 -0.7721 0.0, 0.8675 -0.7769 0.0, 0.8665 -0.7819 0.0, 0.8661 -0.787 0.0, 0.8661 -0.7878 0.0, 0.9843 -0.8268 0.0, 0.9051 -0.8268 0.0, 0.9 -0.8264 0.0, 0.895 -0.8254 0.0, 0.8902 -0.8238 0.0, 0.8665 -0.7929 0.0, 0.8675 -0.7979 0.0, 0.8691 -0.8027 0.0, 0.8856 -0.8215 0.0, 0.8814 -0.8187 0.0, 0.8776 -0.8154 0.0, 0.8742 -0.8115 0.0, 0.8714 -0.8073 0.0, 0.7769 -0.8675 0.0079, 0.7721 -0.8691 0.0079, 0.748 -0.9051 0.0079, 0.748 -0.9843 0.0079, 0.8215 -0.8856 0.0079, 0.8187 -0.8814 0.0079, 0.8073 -0.8714 0.0079, 0.8027 -0.8691 0.0079, 0.7979 -0.8675 0.0079, 0.7929 -0.8665 0.0079, 0.7533 -0.8856 0.0079, 0.751 -0.8902 0.0079, 0.8268 -0.9843 0.0079, 0.8268 -0.9051 0.0079, 0.8264 -0.9 0.0079, 0.7878 -0.8661 0.0079, 0.787 -0.8661 0.0079, 0.7819 -0.8665 0.0079, 0.8254 -0.895 0.0079, 0.8238 -0.8902 0.0079, 0.8154 -0.8776 0.0079, 0.8115 -0.8742 0.0079, 0.7675 -0.8714 0.0079, 0.7633 -0.8742 0.0079, 0.7594 -0.8776 0.0079, 0.7494 -0.895 0.0079, 0.7484 -0.9 0.0079, 0.7561 -0.8814 0.0079, 0.8268 -0.9843 0.0, 0.8268 -0.9051 0.0, 0.8264 -0.9 0.0, 0.8254 -0.895 0.0, 0.8238 -0.8902 0.0, 0.8215 -0.8856 0.0, 0.8187 -0.8814 0.0, 0.8154 -0.8776 0.0, 0.8115 -0.8742 0.0, 0.8073 -0.8714 0.0, 0.8027 -0.8691 0.0, 0.7979 -0.8675 0.0, 0.7929 -0.8665 0.0, 0.7878 -0.8661 0.0, 0.787 -0.8661 0.0, 0.748 -0.9843 0.0, 0.748 -0.9051 0.0, 0.7484 -0.9 0.0, 0.7494 -0.895 0.0, 0.751 -0.8902 0.0, 0.7533 -0.8856 0.0, 0.7769 -0.8675 0.0, 0.7819 -0.8665 0.0, 0.7561 -0.8814 0.0, 0.7594 -0.8776 0.0, 0.7633 -0.8742 0.0, 0.7675 -0.8714 0.0, 0.7721 -0.8691 0.0, 0.5118 -0.9843 0.0079, 0.472 -0.8268 0.0079, 0.5118 -0.8657 0.0079, 0.4728 -0.8268 0.0079, 0.4426 -0.8402 0.0079, 0.4465 -0.8363 0.0079, 0.4331 -0.8657 0.0079, 0.4331 -0.9843 0.0079, 0.4665 -0.8272 0.0079, 0.4611 -0.8284 0.0079, 0.4346 -0.8548 0.0079, 0.4366 -0.8496 0.0079, 0.4393 -0.8447 0.0079, 0.451 -0.833 0.0079, 0.4559 -0.8303 0.0079, 0.4784 -0.8272 0.0079, 0.4838 -0.8284 0.0079, 0.489 -0.8303 0.0079, 0.4335 -0.8602 0.0079, 0.4939 -0.833 0.0079, 0.4984 -0.8363 0.0079, 0.5114 -0.8602 0.0079, 0.5023 -0.8402 0.0079, 0.5056 -0.8447 0.0079, 0.5083 -0.8496 0.0079, 0.5102 -0.8548 0.0079, 0.4331 -0.9843 0.0787, 0.4331 -0.8657 0.0787, 0.5118 -0.9843 0.0787, 0.472 -0.8268 0.0787, 0.5118 -0.8657 0.0787, 0.4665 -0.8272 0.0787, 0.4611 -0.8284 0.0787, 0.5023 -0.8402 0.0787, 0.4984 -0.8363 0.0787, 0.4838 -0.8284 0.0787, 0.4784 -0.8272 0.0787, 0.4728 -0.8268 0.0787, 0.5114 -0.8602 0.0787, 0.5102 -0.8548 0.0787, 0.5083 -0.8496 0.0787, 0.4559 -0.8303 0.0787, 0.451 -0.833 0.0787, 0.4465 -0.8363 0.0787, 0.4393 -0.8447 0.0787, 0.4366 -0.8496 0.0787, 0.4346 -0.8548 0.0787, 0.4939 -0.833 0.0787, 0.489 -0.8303 0.0787, 0.4426 -0.8402 0.0787, 0.4335 -0.8602 0.0787, 0.5056 -0.8447 0.0787, 0.2756 -0.8657 0.0079, 0.2756 -0.9843 0.0079, 0.3543 -0.9843 0.0079, 0.3146 -0.8268 0.0079, 0.3543 -0.8657 0.0079, 0.309 -0.8272 0.0079, 0.3036 -0.8284 0.0079, 0.2818 -0.8447 0.0079, 0.2791 -0.8496 0.0079, 0.3263 -0.8284 0.0079, 0.3209 -0.8272 0.0079, 0.3154 -0.8268 0.0079, 0.2984 -0.8303 0.0079, 0.2935 -0.833 0.0079, 0.289 -0.8363 0.0079, 0.2772 -0.8548 0.0079, 0.276 -0.8602 0.0079, 0.3409 -0.8363 0.0079, 0.3539 -0.8602 0.0079, 0.3364 -0.833 0.0079, 0.3315 -0.8303 0.0079, 0.2851 -0.8402 0.0079, 0.3481 -0.8447 0.0079, 0.3448 -0.8402 0.0079, 0.3508 -0.8496 0.0079, 0.3528 -0.8548 0.0079, 0.3543 -0.9843 0.0, 0.3543 -0.8657 0.0, 0.3539 -0.8602 0.0, 0.3528 -0.8548 0.0, 0.3508 -0.8496 0.0, 0.3481 -0.8447 0.0, 0.3448 -0.8402 0.0, 0.3409 -0.8363 0.0, 0.3364 -0.833 0.0, 0.3315 -0.8303 0.0, 0.3263 -0.8284 0.0, 0.3209 -0.8272 0.0, 0.3154 -0.8268 0.0, 0.3146 -0.8268 0.0, 0.309 -0.8272 0.0, 0.2756 -0.8657 0.0, 0.2756 -0.9843 0.0, 0.2772 -0.8548 0.0, 0.2791 -0.8496 0.0, 0.3036 -0.8284 0.0, 0.276 -0.8602 0.0, 0.289 -0.8363 0.0, 0.2984 -0.8303 0.0, 0.2935 -0.833 0.0, 0.2818 -0.8447 0.0, 0.2851 -0.8402 0.0, 0.276 0.8602 0.0079, 0.2756 0.8657 0.0079, 0.3036 0.8284 0.0079, 0.2756 0.9843 0.0079, 0.3543 0.9843 0.0079, 0.3154 0.8268 0.0079, 0.3543 0.8657 0.0079, 0.3209 0.8272 0.0079, 0.3409 0.8363 0.0079, 0.3364 0.833 0.0079, 0.309 0.8272 0.0079, 0.3528 0.8548 0.0079, 0.3508 0.8496 0.0079, 0.3481 0.8447 0.0079, 0.3315 0.8303 0.0079, 0.3263 0.8284 0.0079, 0.3146 0.8268 0.0079, 0.3539 0.8602 0.0079, 0.2851 0.8402 0.0079, 0.2818 0.8447 0.0079, 0.3448 0.8402 0.0079, 0.2791 0.8496 0.0079, 0.2772 0.8548 0.0079, 0.2984 0.8303 0.0079, 0.2935 0.833 0.0079, 0.289 0.8363 0.0079, 0.3543 0.9843 0.0787, 0.3543 0.8657 0.0787, 0.2756 0.9843 0.0787, 0.309 0.8272 0.0787, 0.3146 0.8268 0.0787, 0.2756 0.8657 0.0787, 0.3154 0.8268 0.0787, 0.3209 0.8272 0.0787, 0.3263 0.8284 0.0787, 0.3315 0.8303 0.0787, 0.3364 0.833 0.0787, 0.3409 0.8363 0.0787, 0.3481 0.8447 0.0787, 0.3508 0.8496 0.0787, 0.3528 0.8548 0.0787, 0.3036 0.8284 0.0787, 0.276 0.8602 0.0787, 0.2772 0.8548 0.0787, 0.3448 0.8402 0.0787, 0.3539 0.8602 0.0787, 0.2791 0.8496 0.0787, 0.2818 0.8447 0.0787, 0.2851 0.8402 0.0787, 0.289 0.8363 0.0787, 0.2935 0.833 0.0787, 0.2984 0.8303 0.0787, -0.5118 0.8657 0.0079, -0.472 0.8268 0.0079, -0.5118 0.9843 0.0079, -0.4331 0.8657 0.0079, -0.4331 0.9843 0.0079, -0.4665 0.8272 0.0079, -0.4611 0.8284 0.0079, -0.4426 0.8402 0.0079, -0.489 0.8303 0.0079, -0.4838 0.8284 0.0079, -0.4784 0.8272 0.0079, -0.4728 0.8268 0.0079, -0.4559 0.8303 0.0079, -0.451 0.833 0.0079, -0.4465 0.8363 0.0079, -0.4393 0.8447 0.0079, -0.4366 0.8496 0.0079, -0.4346 0.8548 0.0079, -0.4335 0.8602 0.0079, -0.5114 0.8602 0.0079, -0.5102 0.8548 0.0079, -0.4984 0.8363 0.0079, -0.5083 0.8496 0.0079, -0.5023 0.8402 0.0079, -0.5056 0.8447 0.0079, -0.4939 0.833 0.0079, -0.5118 0.9843 0.0, -0.5118 0.8657 0.0, -0.5114 0.8602 0.0, -0.5102 0.8548 0.0, -0.5083 0.8496 0.0, -0.5056 0.8447 0.0, -0.5023 0.8402 0.0, -0.4984 0.8363 0.0, -0.4939 0.833 0.0, -0.489 0.8303 0.0, -0.4838 0.8284 0.0, -0.4784 0.8272 0.0, -0.4728 0.8268 0.0, -0.472 0.8268 0.0, -0.4331 0.9843 0.0, -0.4331 0.8657 0.0, -0.4335 0.8602 0.0, -0.4346 0.8548 0.0, -0.4366 0.8496 0.0, -0.4611 0.8284 0.0, -0.4665 0.8272 0.0, -0.4426 0.8402 0.0, -0.4393 0.8447 0.0, -0.4559 0.8303 0.0, -0.4465 0.8363 0.0, -0.451 0.833 0.0, -0.8363 0.1316 0.0079, -0.8402 0.1276 0.0079, -0.8657 0.1969 0.0079, -0.9843 0.1181 0.0079, -0.9843 0.1969 0.0079, -0.8657 0.1181 0.0079, -0.8602 0.1185 0.0079, -0.8548 0.1197 0.0079, -0.8268 0.1579 0.0079, -0.8272 0.1634 0.0079, -0.8602 0.1965 0.0079, -0.8268 0.1571 0.0079, -0.8272 0.1515 0.0079, -0.8284 0.1461 0.0079, -0.8303 0.1409 0.0079, -0.833 0.136 0.0079, -0.8447 0.1243 0.0079, -0.8496 0.1216 0.0079, -0.8363 0.1834 0.0079, -0.833 0.1789 0.0079, -0.8303 0.1741 0.0079, -0.8548 0.1953 0.0079, -0.8496 0.1933 0.0079, -0.8447 0.1907 0.0079, -0.8402 0.1873 0.0079, -0.8284 0.1689 0.0079, -0.9843 0.1969 0.0787, -0.8657 0.1969 0.0787, -0.9843 0.1181 0.0787, -0.8657 0.1181 0.0787, -0.8602 0.1965 0.0787, -0.8268 0.1571 0.0787, -0.8268 0.1579 0.0787, -0.8272 0.1634 0.0787, -0.8363 0.1316 0.0787, -0.833 0.136 0.0787, -0.8602 0.1185 0.0787, -0.8548 0.1197 0.0787, -0.8496 0.1216 0.0787, -0.8447 0.1243 0.0787, -0.8402 0.1276 0.0787, -0.8303 0.1409 0.0787, -0.8284 0.1461 0.0787, -0.8272 0.1515 0.0787, -0.8284 0.1689 0.0787, -0.8303 0.1741 0.0787, -0.833 0.1789 0.0787, -0.8363 0.1834 0.0787, -0.8402 0.1873 0.0787, -0.8447 0.1907 0.0787, -0.8496 0.1933 0.0787, -0.8548 0.1953 0.0787, -0.8268 -0.472 0.0079, -0.8268 -0.4728 0.0079, -0.8657 -0.4331 0.0079, -0.9843 -0.5118 0.0079, -0.9843 -0.4331 0.0079, -0.8657 -0.5118 0.0079, -0.8602 -0.5114 0.0079, -0.8272 -0.4665 0.0079, -0.8303 -0.489 0.0079, -0.833 -0.4939 0.0079, -0.8363 -0.4984 0.0079, -0.8402 -0.5023 0.0079, -0.8447 -0.5056 0.0079, -0.8602 -0.4335 0.0079, -0.8548 -0.4346 0.0079, -0.8496 -0.4366 0.0079, -0.8272 -0.4784 0.0079, -0.8284 -0.4838 0.0079, -0.8496 -0.5083 0.0079, -0.8548 -0.5102 0.0079, -0.8447 -0.4393 0.0079, -0.8402 -0.4426 0.0079, -0.8363 -0.4465 0.0079, -0.833 -0.451 0.0079, -0.8303 -0.4559 0.0079, -0.8284 -0.4611 0.0079, -0.9843 -0.4331 0.0787, -0.8657 -0.4331 0.0787, -0.8268 -0.4728 0.0787, -0.8268 -0.472 0.0787, -0.8657 -0.5118 0.0787, -0.9843 -0.5118 0.0787, -0.8602 -0.4335 0.0787, -0.8548 -0.4346 0.0787, -0.8496 -0.5083 0.0787, -0.8447 -0.5056 0.0787, -0.8548 -0.5102 0.0787, -0.8402 -0.5023 0.0787, -0.8363 -0.4984 0.0787, -0.833 -0.4939 0.0787, -0.8303 -0.489 0.0787, -0.8284 -0.4838 0.0787, -0.8272 -0.4665 0.0787, -0.8284 -0.4611 0.0787, -0.8303 -0.4559 0.0787, -0.8602 -0.5114 0.0787, -0.8272 -0.4784 0.0787, -0.833 -0.451 0.0787, -0.8363 -0.4465 0.0787, -0.8402 -0.4426 0.0787, -0.8447 -0.4393 0.0787, -0.8496 -0.4366 0.0787, -0.748 -0.9051 0.0079, -0.748 -0.9843 0.0079, -0.8268 -0.9843 0.0079, -0.787 -0.8661 0.0079, -0.8268 -0.9051 0.0079, -0.7878 -0.8661 0.0079, -0.8264 -0.9 0.0079, -0.8254 -0.895 0.0079, -0.8238 -0.8902 0.0079, -0.8215 -0.8856 0.0079, -0.8187 -0.8814 0.0079, -0.7819 -0.8665 0.0079, -0.7769 -0.8675 0.0079, -0.7721 -0.8691 0.0079, -0.8027 -0.8691 0.0079, -0.7979 -0.8675 0.0079, -0.8073 -0.8714 0.0079, -0.7929 -0.8665 0.0079, -0.751 -0.8902 0.0079, -0.7494 -0.895 0.0079, -0.7484 -0.9 0.0079, -0.8154 -0.8776 0.0079, -0.8115 -0.8742 0.0079, -0.7675 -0.8714 0.0079, -0.7633 -0.8742 0.0079, -0.7594 -0.8776 0.0079, -0.7561 -0.8814 0.0079, -0.7533 -0.8856 0.0079, -0.8268 -0.9843 0.0787, -0.8268 -0.9051 0.0787, -0.7769 -0.8675 0.0787, -0.7819 -0.8665 0.0787, -0.787 -0.8661 0.0787, -0.748 -0.9843 0.0787, -0.748 -0.9051 0.0787, -0.7484 -0.9 0.0787, -0.7878 -0.8661 0.0787, -0.7929 -0.8665 0.0787, -0.7979 -0.8675 0.0787, -0.7494 -0.895 0.0787, -0.751 -0.8902 0.0787, -0.7533 -0.8856 0.0787, -0.8027 -0.8691 0.0787, -0.8073 -0.8714 0.0787, -0.8115 -0.8742 0.0787, -0.8238 -0.8902 0.0787, -0.8254 -0.895 0.0787, -0.8215 -0.8856 0.0787, -0.8264 -0.9 0.0787, -0.7561 -0.8814 0.0787, -0.7594 -0.8776 0.0787, -0.7633 -0.8742 0.0787, -0.7675 -0.8714 0.0787, -0.7721 -0.8691 0.0787, -0.8154 -0.8776 0.0787, -0.8187 -0.8814 0.0787, -0.8268 0.6303 0.0079, -0.8268 0.6295 0.0079, -0.8657 0.6693 0.0079, -0.8272 0.6359 0.0079, -0.9843 0.5906 0.0079, -0.9843 0.6693 0.0079, -0.8657 0.5906 0.0079, -0.8602 0.5909 0.0079, -0.8548 0.5921 0.0079, -0.8303 0.6133 0.0079, -0.833 0.6085 0.0079, -0.8363 0.604 0.0079, -0.8402 0.6001 0.0079, -0.8602 0.6689 0.0079, -0.8548 0.6677 0.0079, -0.8496 0.6658 0.0079, -0.8272 0.624 0.0079, -0.8284 0.6185 0.0079, -0.8447 0.5967 0.0079, -0.8496 0.5941 0.0079, -0.8447 0.6631 0.0079, -0.8402 0.6598 0.0079, -0.8363 0.6558 0.0079, -0.833 0.6514 0.0079, -0.8303 0.6465 0.0079, -0.8284 0.6413 0.0079, -0.9843 0.6693 0.0787, -0.8657 0.6693 0.0787, -0.8268 0.6295 0.0787, -0.8268 0.6303 0.0787, -0.8657 0.5906 0.0787, -0.8363 0.604 0.0787, -0.833 0.6085 0.0787, -0.9843 0.5906 0.0787, -0.8602 0.6689 0.0787, -0.8548 0.6677 0.0787, -0.8602 0.5909 0.0787, -0.8548 0.5921 0.0787, -0.8496 0.5941 0.0787, -0.8303 0.6133 0.0787, -0.8284 0.6185 0.0787, -0.8272 0.624 0.0787, -0.8272 0.6359 0.0787, -0.8284 0.6413 0.0787, -0.8303 0.6465 0.0787, -0.8447 0.5967 0.0787, -0.8402 0.6001 0.0787, -0.833 0.6514 0.0787, -0.8363 0.6558 0.0787, -0.8402 0.6598 0.0787, -0.8447 0.6631 0.0787, -0.8496 0.6658 0.0787, -0.9843 0.5906 0.0, -0.8657 0.5906 0.0, -0.8602 0.5909 0.0, -0.8548 0.5921 0.0, -0.8496 0.5941 0.0, -0.8447 0.5967 0.0, -0.8402 0.6001 0.0, -0.8363 0.604 0.0, -0.833 0.6085 0.0, -0.8303 0.6133 0.0, -0.8284 0.6185 0.0, -0.8272 0.624 0.0, -0.8268 0.6295 0.0, -0.8268 0.6303 0.0, -0.9843 0.6693 0.0, -0.8657 0.6693 0.0, -0.8284 0.6413 0.0, -0.8272 0.6359 0.0, -0.8602 0.6689 0.0, -0.8548 0.6677 0.0, -0.8496 0.6658 0.0, -0.8447 0.6631 0.0, -0.8402 0.6598 0.0, -0.8363 0.6558 0.0, -0.833 0.6514 0.0, -0.8303 0.6465 0.0, -0.748 -0.9843 0.0, -0.748 -0.9051 0.0, -0.7484 -0.9 0.0, -0.7494 -0.895 0.0, -0.751 -0.8902 0.0, -0.7533 -0.8856 0.0, -0.7561 -0.8814 0.0, -0.7594 -0.8776 0.0, -0.7633 -0.8742 0.0, -0.7675 -0.8714 0.0, -0.7721 -0.8691 0.0, -0.7769 -0.8675 0.0, -0.7819 -0.8665 0.0, -0.787 -0.8661 0.0, -0.7878 -0.8661 0.0, -0.8268 -0.9843 0.0, -0.8268 -0.9051 0.0, -0.8264 -0.9 0.0, -0.8254 -0.895 0.0, -0.8238 -0.8902 0.0, -0.8215 -0.8856 0.0, -0.8187 -0.8814 0.0, -0.8027 -0.8691 0.0, -0.7979 -0.8675 0.0, -0.8073 -0.8714 0.0, -0.7929 -0.8665 0.0, -0.8154 -0.8776 0.0, -0.8115 -0.8742 0.0, 0.748 0.9051 0.0079, 0.748 0.9843 0.0079, 0.8268 0.9843 0.0079, 0.7484 0.9 0.0079, 0.7929 0.8665 0.0079, 0.7878 0.8661 0.0079, 0.8264 0.9 0.0079, 0.8268 0.9051 0.0079, 0.787 0.8661 0.0079, 0.7819 0.8665 0.0079, 0.7769 0.8675 0.0079, 0.7721 0.8691 0.0079, 0.7675 0.8714 0.0079, 0.7633 0.8742 0.0079, 0.7594 0.8776 0.0079, 0.7561 0.8814 0.0079, 0.7533 0.8856 0.0079, 0.751 0.8902 0.0079, 0.7494 0.895 0.0079, 0.8254 0.895 0.0079, 0.8238 0.8902 0.0079, 0.8215 0.8856 0.0079, 0.8027 0.8691 0.0079, 0.8154 0.8776 0.0079, 0.8073 0.8714 0.0079, 0.8115 0.8742 0.0079, 0.7979 0.8675 0.0079, 0.8187 0.8814 0.0079, 0.8268 0.9843 0.0787, 0.8268 0.9051 0.0787, 0.748 0.9843 0.0787, 0.7561 0.8814 0.0787, 0.7594 0.8776 0.0787, 0.787 0.8661 0.0787, 0.7878 0.8661 0.0787, 0.748 0.9051 0.0787, 0.7484 0.9 0.0787, 0.7494 0.895 0.0787, 0.7633 0.8742 0.0787, 0.7675 0.8714 0.0787, 0.7721 0.8691 0.0787, 0.7769 0.8675 0.0787, 0.7819 0.8665 0.0787, 0.751 0.8902 0.0787, 0.7533 0.8856 0.0787, 0.7929 0.8665 0.0787, 0.7979 0.8675 0.0787, 0.8027 0.8691 0.0787, 0.8238 0.8902 0.0787, 0.8154 0.8776 0.0787, 0.8215 0.8856 0.0787, 0.8187 0.8814 0.0787, 0.8073 0.8714 0.0787, 0.8115 0.8742 0.0787, 0.8254 0.895 0.0787, 0.8264 0.9 0.0787, 0.5906 -0.8657 0.0079, 0.5906 -0.9843 0.0079, 0.6693 -0.9843 0.0079, 0.6295 -0.8268 0.0079, 0.6693 -0.8657 0.0079, 0.624 -0.8272 0.0079, 0.6185 -0.8284 0.0079, 0.6413 -0.8284 0.0079, 0.6359 -0.8272 0.0079, 0.6303 -0.8268 0.0079, 0.6558 -0.8363 0.0079, 0.6689 -0.8602 0.0079, 0.6133 -0.8303 0.0079, 0.6085 -0.833 0.0079, 0.604 -0.8363 0.0079, 0.5967 -0.8447 0.0079, 0.5941 -0.8496 0.0079, 0.5921 -0.8548 0.0079, 0.6514 -0.833 0.0079, 0.6465 -0.8303 0.0079, 0.6001 -0.8402 0.0079, 0.5909 -0.8602 0.0079, 0.6677 -0.8548 0.0079, 0.6658 -0.8496 0.0079, 0.6598 -0.8402 0.0079, 0.6631 -0.8447 0.0079, 0.6693 -0.9843 0.0, 0.6693 -0.8657 0.0, 0.6689 -0.8602 0.0, 0.6677 -0.8548 0.0, 0.6658 -0.8496 0.0, 0.6631 -0.8447 0.0, 0.6598 -0.8402 0.0, 0.6558 -0.8363 0.0, 0.6514 -0.833 0.0, 0.6465 -0.8303 0.0, 0.6413 -0.8284 0.0, 0.6359 -0.8272 0.0, 0.6303 -0.8268 0.0, 0.6295 -0.8268 0.0, 0.6001 -0.8402 0.0, 0.604 -0.8363 0.0, 0.5906 -0.8657 0.0, 0.5906 -0.9843 0.0, 0.624 -0.8272 0.0, 0.6185 -0.8284 0.0, 0.5921 -0.8548 0.0, 0.5941 -0.8496 0.0, 0.5967 -0.8447 0.0, 0.6085 -0.833 0.0, 0.6133 -0.8303 0.0, 0.5909 -0.8602 0.0, -0.1969 -0.8657 0.0079, -0.1969 -0.9843 0.0079, -0.1181 -0.9843 0.0079, -0.1571 -0.8268 0.0079, -0.1579 -0.8268 0.0079, -0.1181 -0.8657 0.0079, -0.1409 -0.8303 0.0079, -0.1461 -0.8284 0.0079, -0.1185 -0.8602 0.0079, -0.1634 -0.8272 0.0079, -0.1689 -0.8284 0.0079, -0.1907 -0.8447 0.0079, -0.1933 -0.8496 0.0079, -0.1515 -0.8272 0.0079, -0.1741 -0.8303 0.0079, -0.1789 -0.833 0.0079, -0.1834 -0.8363 0.0079, -0.1953 -0.8548 0.0079, -0.1965 -0.8602 0.0079, -0.1873 -0.8402 0.0079, -0.1197 -0.8548 0.0079, -0.1216 -0.8496 0.0079, -0.1316 -0.8363 0.0079, -0.1243 -0.8447 0.0079, -0.1276 -0.8402 0.0079, -0.136 -0.833 0.0079, -0.1181 -0.9843 0.0, -0.1181 -0.8657 0.0, -0.1185 -0.8602 0.0, -0.1197 -0.8548 0.0, -0.1216 -0.8496 0.0, -0.1243 -0.8447 0.0, -0.1276 -0.8402 0.0, -0.1316 -0.8363 0.0, -0.136 -0.833 0.0, -0.1409 -0.8303 0.0, -0.1461 -0.8284 0.0, -0.1515 -0.8272 0.0, -0.1571 -0.8268 0.0, -0.1579 -0.8268 0.0, -0.1969 -0.9843 0.0, -0.1969 -0.8657 0.0, -0.1634 -0.8272 0.0, -0.1953 -0.8548 0.0, -0.1933 -0.8496 0.0, -0.1689 -0.8284 0.0, -0.1965 -0.8602 0.0, -0.1834 -0.8363 0.0, -0.1741 -0.8303 0.0, -0.1789 -0.833 0.0, -0.1907 -0.8447 0.0, -0.1873 -0.8402 0.0, 0.9843 -0.8268 0.0787, 0.9051 -0.8268 0.0787, 0.9843 -0.748 0.0787, 0.9051 -0.748 0.0787, 0.9 -0.7484 0.0787, 0.895 -0.7494 0.0787, 0.8902 -0.751 0.0787, 0.8856 -0.7533 0.0787, 0.8814 -0.7561 0.0787, 0.8776 -0.7594 0.0787, 0.8742 -0.7633 0.0787, 0.8714 -0.7675 0.0787, 0.8691 -0.7721 0.0787, 0.8675 -0.7769 0.0787, 0.8665 -0.7819 0.0787, 0.8661 -0.787 0.0787, 0.8661 -0.7878 0.0787, 0.9 -0.8264 0.0787, 0.8665 -0.7929 0.0787, 0.8856 -0.8215 0.0787, 0.8902 -0.8238 0.0787, 0.8714 -0.8073 0.0787, 0.8691 -0.8027 0.0787, 0.8675 -0.7979 0.0787, 0.895 -0.8254 0.0787, 0.8742 -0.8115 0.0787, 0.8776 -0.8154 0.0787, 0.8814 -0.8187 0.0787, 0.748 -0.9843 0.0787, 0.748 -0.9051 0.0787, 0.8215 -0.8856 0.0787, 0.8187 -0.8814 0.0787, 0.7979 -0.8675 0.0787, 0.8027 -0.8691 0.0787, 0.8073 -0.8714 0.0787, 0.7929 -0.8665 0.0787, 0.7878 -0.8661 0.0787, 0.787 -0.8661 0.0787, 0.7533 -0.8856 0.0787, 0.751 -0.8902 0.0787, 0.7721 -0.8691 0.0787, 0.8268 -0.9843 0.0787, 0.8268 -0.9051 0.0787, 0.8264 -0.9 0.0787, 0.7819 -0.8665 0.0787, 0.7769 -0.8675 0.0787, 0.8254 -0.895 0.0787, 0.8238 -0.8902 0.0787, 0.8154 -0.8776 0.0787, 0.8115 -0.8742 0.0787, 0.7675 -0.8714 0.0787, 0.7633 -0.8742 0.0787, 0.7594 -0.8776 0.0787, 0.7494 -0.895 0.0787, 0.7484 -0.9 0.0787, 0.7561 -0.8814 0.0787, 0.2756 0.9843 0.0, 0.2756 0.8657 0.0, 0.276 0.8602 0.0, 0.2772 0.8548 0.0, 0.2791 0.8496 0.0, 0.2818 0.8447 0.0, 0.2851 0.8402 0.0, 0.289 0.8363 0.0, 0.2935 0.833 0.0, 0.2984 0.8303 0.0, 0.3036 0.8284 0.0, 0.309 0.8272 0.0, 0.3146 0.8268 0.0, 0.3154 0.8268 0.0, 0.3543 0.9843 0.0, 0.3543 0.8657 0.0, 0.3209 0.8272 0.0, 0.3409 0.8363 0.0, 0.3364 0.833 0.0, 0.3528 0.8548 0.0, 0.3508 0.8496 0.0, 0.3481 0.8447 0.0, 0.3315 0.8303 0.0, 0.3263 0.8284 0.0, 0.3539 0.8602 0.0, 0.3448 0.8402 0.0, -0.9843 0.1181 0.0, -0.8657 0.1181 0.0, -0.8602 0.1185 0.0, -0.8548 0.1197 0.0, -0.8496 0.1216 0.0, -0.8447 0.1243 0.0, -0.8402 0.1276 0.0, -0.8363 0.1316 0.0, -0.833 0.136 0.0, -0.8303 0.1409 0.0, -0.8284 0.1461 0.0, -0.8272 0.1515 0.0, -0.8268 0.1571 0.0, -0.8268 0.1579 0.0, -0.9843 0.1969 0.0, -0.8657 0.1969 0.0, -0.8602 0.1965 0.0, -0.8548 0.1953 0.0, -0.8496 0.1933 0.0, -0.8447 0.1907 0.0, -0.8402 0.1873 0.0, -0.8363 0.1834 0.0, -0.833 0.1789 0.0, -0.8303 0.1741 0.0, -0.8284 0.1689 0.0, -0.8272 0.1634 0.0, 0.5118 0.9843 0.0079, 0.4331 0.9843 0.0079, 0.5118 0.8657 0.0079, 0.4331 0.8657 0.0079, 0.4335 0.8602 0.0079, 0.4611 0.8284 0.0079, 0.4665 0.8272 0.0079, 0.472 0.8268 0.0079, 0.4728 0.8268 0.0079, 0.4784 0.8272 0.0079, 0.4838 0.8284 0.0079, 0.489 0.8303 0.0079, 0.4939 0.833 0.0079, 0.4984 0.8363 0.0079, 0.4346 0.8548 0.0079, 0.4366 0.8496 0.0079, 0.4393 0.8447 0.0079, 0.5023 0.8402 0.0079, 0.5056 0.8447 0.0079, 0.5083 0.8496 0.0079, 0.5102 0.8548 0.0079, 0.5114 0.8602 0.0079, 0.4426 0.8402 0.0079, 0.4465 0.8363 0.0079, 0.4559 0.8303 0.0079, 0.451 0.833 0.0079, 0.4331 0.9843 0.0, 0.4331 0.8657 0.0, 0.4335 0.8602 0.0, 0.4346 0.8548 0.0, 0.4366 0.8496 0.0, 0.4393 0.8447 0.0, 0.4426 0.8402 0.0, 0.4465 0.8363 0.0, 0.451 0.833 0.0, 0.4559 0.8303 0.0, 0.4611 0.8284 0.0, 0.4665 0.8272 0.0, 0.472 0.8268 0.0, 0.4728 0.8268 0.0, 0.4784 0.8272 0.0, 0.5118 0.9843 0.0, 0.5118 0.8657 0.0, 0.4984 0.8363 0.0, 0.4939 0.833 0.0, 0.489 0.8303 0.0, 0.4838 0.8284 0.0, 0.5114 0.8602 0.0, 0.5102 0.8548 0.0, 0.5083 0.8496 0.0, 0.5056 0.8447 0.0, 0.5023 0.8402 0.0, -0.8657 -0.1181 0.0079, -0.9843 -0.1181 0.0079, -0.9843 -0.1969 0.0079, -0.8268 -0.1571 0.0079, -0.8657 -0.1969 0.0079, -0.8272 -0.1515 0.0079, -0.8284 -0.1461 0.0079, -0.8363 -0.1834 0.0079, -0.833 -0.1789 0.0079, -0.8303 -0.1741 0.0079, -0.8284 -0.1689 0.0079, -0.8496 -0.1216 0.0079, -0.8548 -0.1197 0.0079, -0.8602 -0.1185 0.0079, -0.8496 -0.1933 0.0079, -0.8447 -0.1907 0.0079, -0.8548 -0.1953 0.0079, -0.8602 -0.1965 0.0079, -0.8402 -0.1873 0.0079, -0.8272 -0.1634 0.0079, -0.8268 -0.1579 0.0079, -0.833 -0.136 0.0079, -0.8363 -0.1316 0.0079, -0.8303 -0.1409 0.0079, -0.8402 -0.1276 0.0079, -0.8447 -0.1243 0.0079, -0.9843 -0.1969 0.0, -0.8657 -0.1969 0.0, -0.8602 -0.1965 0.0, -0.8548 -0.1953 0.0, -0.8496 -0.1933 0.0, -0.8447 -0.1907 0.0, -0.8402 -0.1873 0.0, -0.8363 -0.1834 0.0, -0.833 -0.1789 0.0, -0.8303 -0.1741 0.0, -0.8284 -0.1689 0.0, -0.8272 -0.1634 0.0, -0.8268 -0.1579 0.0, -0.8268 -0.1571 0.0, -0.8272 -0.1515 0.0, -0.8657 -0.1181 0.0, -0.9843 -0.1181 0.0, -0.8548 -0.1197 0.0, -0.8496 -0.1216 0.0, -0.8284 -0.1461 0.0, -0.8602 -0.1185 0.0, -0.8447 -0.1243 0.0, -0.8402 -0.1276 0.0, -0.8303 -0.1409 0.0, -0.8363 -0.1316 0.0, -0.833 -0.136 0.0, -0.6693 0.8657 0.0079, -0.6295 0.8268 0.0079, -0.6693 0.9843 0.0079, -0.5906 0.8657 0.0079, -0.5906 0.9843 0.0079, -0.624 0.8272 0.0079, -0.6185 0.8284 0.0079, -0.6001 0.8402 0.0079, -0.6465 0.8303 0.0079, -0.6413 0.8284 0.0079, -0.6359 0.8272 0.0079, -0.6303 0.8268 0.0079, -0.6133 0.8303 0.0079, -0.6085 0.833 0.0079, -0.604 0.8363 0.0079, -0.5967 0.8447 0.0079, -0.5941 0.8496 0.0079, -0.5921 0.8548 0.0079, -0.5909 0.8602 0.0079, -0.6689 0.8602 0.0079, -0.6677 0.8548 0.0079, -0.6558 0.8363 0.0079, -0.6658 0.8496 0.0079, -0.6598 0.8402 0.0079, -0.6631 0.8447 0.0079, -0.6514 0.833 0.0079, -0.6693 0.9843 0.0, -0.6693 0.8657 0.0, -0.6689 0.8602 0.0, -0.6677 0.8548 0.0, -0.6658 0.8496 0.0, -0.6631 0.8447 0.0, -0.6598 0.8402 0.0, -0.6558 0.8363 0.0, -0.6514 0.833 0.0, -0.6465 0.8303 0.0, -0.6413 0.8284 0.0, -0.6359 0.8272 0.0, -0.6303 0.8268 0.0, -0.6295 0.8268 0.0, -0.5906 0.9843 0.0, -0.5906 0.8657 0.0, -0.5909 0.8602 0.0, -0.5921 0.8548 0.0, -0.5941 0.8496 0.0, -0.6185 0.8284 0.0, -0.624 0.8272 0.0, -0.6001 0.8402 0.0, -0.5967 0.8447 0.0, -0.6133 0.8303 0.0, -0.604 0.8363 0.0, -0.6085 0.833 0.0, -0.2756 0.8657 0.0079, -0.2756 0.9843 0.0079, -0.3543 0.9843 0.0079, -0.3146 0.8268 0.0079, -0.3543 0.8657 0.0079, -0.309 0.8272 0.0079, -0.3036 0.8284 0.0079, -0.3263 0.8284 0.0079, -0.3209 0.8272 0.0079, -0.3154 0.8268 0.0079, -0.2984 0.8303 0.0079, -0.2935 0.833 0.0079, -0.289 0.8363 0.0079, -0.2818 0.8447 0.0079, -0.2791 0.8496 0.0079, -0.2772 0.8548 0.0079, -0.3409 0.8363 0.0079, -0.3448 0.8402 0.0079, -0.3481 0.8447 0.0079, -0.3364 0.833 0.0079, -0.3315 0.8303 0.0079, -0.2851 0.8402 0.0079, -0.276 0.8602 0.0079, -0.3539 0.8602 0.0079, -0.3528 0.8548 0.0079, -0.3508 0.8496 0.0079, -0.3543 0.9843 0.0, -0.3543 0.8657 0.0, -0.3539 0.8602 0.0, -0.3528 0.8548 0.0, -0.3508 0.8496 0.0, -0.3481 0.8447 0.0, -0.3448 0.8402 0.0, -0.3409 0.8363 0.0, -0.3364 0.833 0.0, -0.3315 0.8303 0.0, -0.3263 0.8284 0.0, -0.3209 0.8272 0.0, -0.3154 0.8268 0.0, -0.3146 0.8268 0.0, -0.2756 0.9843 0.0, -0.2756 0.8657 0.0, -0.309 0.8272 0.0, -0.289 0.8363 0.0, -0.2935 0.833 0.0, -0.2772 0.8548 0.0, -0.2791 0.8496 0.0, -0.2818 0.8447 0.0, -0.2984 0.8303 0.0, -0.3036 0.8284 0.0, -0.276 0.8602 0.0, -0.2851 0.8402 0.0, -0.1969 -0.9843 0.0787, -0.1969 -0.8657 0.0787, -0.1181 -0.9843 0.0787, -0.1515 -0.8272 0.0787, -0.1571 -0.8268 0.0787, -0.1181 -0.8657 0.0787, -0.1579 -0.8268 0.0787, -0.1634 -0.8272 0.0787, -0.1689 -0.8284 0.0787, -0.1907 -0.8447 0.0787, -0.1933 -0.8496 0.0787, -0.1741 -0.8303 0.0787, -0.1789 -0.833 0.0787, -0.1834 -0.8363 0.0787, -0.136 -0.833 0.0787, -0.1409 -0.8303 0.0787, -0.1461 -0.8284 0.0787, -0.1953 -0.8548 0.0787, -0.1965 -0.8602 0.0787, -0.1873 -0.8402 0.0787, -0.1316 -0.8363 0.0787, -0.1185 -0.8602 0.0787, -0.1197 -0.8548 0.0787, -0.1216 -0.8496 0.0787, -0.1243 -0.8447 0.0787, -0.1276 -0.8402 0.0787
            ]
        }
        coordIndex [
            0,1,2,-1,3,4,2,-1,2,4,5,-1,0,2,6,-1,5,7,2,-1,2,7,8,-1,2,8,9,-1,1,10,2,-1,2,10,11,-1,2,11,12,-1,13,14,15,-1,15,14,2,-1,15,2,16,-1,16,2,12,-1,17,18,19,-1,9,20,2,-1,2,20,21,-1,2,21,22,-1,17,19,15,-1,15,19,23,-1,15,23,13,-1,22,24,2,-1,2,24,25,-1,2,25,6,-1,26,27,4,-1,4,27,5,-1,28,29,30,-1,26,31,27,-1,27,31,30,-1,27,30,32,-1,32,30,33,-1,29,34,30,-1,30,34,35,-1,30,35,36,-1,37,38,39,-1,39,38,40,-1,39,40,41,-1,41,40,42,-1,36,43,30,-1,30,43,44,-1,30,44,45,-1,28,30,39,-1,39,30,46,-1,39,46,37,-1,45,47,30,-1,30,47,48,-1,30,48,49,-1,49,50,30,-1,30,50,51,-1,30,51,33,-1,36,1,0,-1,36,0,43,-1,43,0,6,-1,43,6,44,-1,44,6,25,-1,44,25,45,-1,45,25,24,-1,45,24,47,-1,47,24,22,-1,47,22,48,-1,48,22,21,-1,48,21,49,-1,49,21,20,-1,49,20,50,-1,50,20,9,-1,50,9,51,-1,51,9,8,-1,51,8,33,-1,33,8,7,-1,33,7,32,-1,32,7,5,-1,32,5,27,-1,36,35,1,-1,1,35,10,-1,30,2,14,-1,30,14,46,-1,46,14,13,-1,46,13,37,-1,37,13,23,-1,37,23,38,-1,38,23,19,-1,38,19,40,-1,40,19,18,-1,40,18,42,-1,42,18,17,-1,42,17,41,-1,41,17,15,-1,41,15,39,-1,39,15,16,-1,39,16,28,-1,28,16,12,-1,28,12,29,-1,29,12,11,-1,29,11,34,-1,34,11,10,-1,34,10,35,-1,30,31,2,-1,2,31,3,-1,26,4,31,-1,31,4,3,-1,52,53,54,-1,54,53,55,-1,55,56,54,-1,54,56,57,-1,54,57,58,-1,58,59,54,-1,54,59,60,-1,54,60,61,-1,61,62,54,-1,54,62,63,-1,54,63,64,-1,64,65,54,-1,54,65,66,-1,54,66,67,-1,67,66,68,-1,67,68,69,-1,69,68,70,-1,71,72,73,-1,73,72,74,-1,70,75,69,-1,69,75,74,-1,69,74,76,-1,76,74,72,-1,77,78,73,-1,73,78,79,-1,73,79,71,-1,52,80,53,-1,53,80,81,-1,53,81,82,-1,53,82,55,-1,55,82,83,-1,55,83,56,-1,56,83,84,-1,56,84,57,-1,57,84,85,-1,57,85,58,-1,58,85,86,-1,58,86,59,-1,59,86,87,-1,59,87,60,-1,60,87,88,-1,60,88,61,-1,61,88,89,-1,61,89,62,-1,62,89,90,-1,62,90,63,-1,63,90,91,-1,63,91,64,-1,64,91,92,-1,64,92,65,-1,65,92,93,-1,65,93,66,-1,66,93,68,-1,68,93,94,-1,80,95,81,-1,81,95,96,-1,87,86,93,-1,96,97,81,-1,81,97,98,-1,81,98,99,-1,100,81,101,-1,101,81,102,-1,100,94,81,-1,81,94,93,-1,81,93,82,-1,82,93,83,-1,90,89,91,-1,91,89,92,-1,92,89,93,-1,93,89,88,-1,93,88,87,-1,86,85,93,-1,93,85,84,-1,93,84,83,-1,99,103,81,-1,81,103,104,-1,81,104,105,-1,105,106,81,-1,81,106,107,-1,81,107,102,-1,68,94,100,-1,68,100,70,-1,70,100,101,-1,70,101,75,-1,75,101,102,-1,75,102,74,-1,74,102,107,-1,74,107,73,-1,73,107,106,-1,73,106,77,-1,77,106,105,-1,77,105,78,-1,78,105,104,-1,78,104,79,-1,79,104,103,-1,79,103,71,-1,71,103,99,-1,71,99,72,-1,72,99,98,-1,72,98,76,-1,76,98,97,-1,76,97,69,-1,69,97,96,-1,69,96,67,-1,95,80,54,-1,54,80,52,-1,67,96,54,-1,54,96,95,-1,108,109,110,-1,111,112,113,-1,114,115,111,-1,111,115,116,-1,111,116,117,-1,118,119,109,-1,120,121,111,-1,111,121,122,-1,117,123,111,-1,111,123,124,-1,111,124,110,-1,110,124,125,-1,110,125,108,-1,122,126,111,-1,111,126,127,-1,111,127,112,-1,113,128,111,-1,111,128,129,-1,111,129,114,-1,130,131,132,-1,119,133,109,-1,109,133,134,-1,109,134,110,-1,130,132,109,-1,109,132,135,-1,109,135,118,-1,120,136,121,-1,121,136,137,-1,121,137,138,-1,121,138,122,-1,122,138,139,-1,122,139,126,-1,126,139,140,-1,126,140,127,-1,127,140,141,-1,127,141,112,-1,112,141,142,-1,112,142,113,-1,113,142,143,-1,113,143,128,-1,128,143,144,-1,128,144,129,-1,129,144,145,-1,129,145,114,-1,114,145,146,-1,114,146,115,-1,115,146,147,-1,115,147,116,-1,116,147,148,-1,116,148,117,-1,117,148,149,-1,117,149,123,-1,123,149,124,-1,124,149,150,-1,151,152,136,-1,136,152,153,-1,153,154,136,-1,136,154,155,-1,136,155,156,-1,157,158,136,-1,136,158,150,-1,136,150,137,-1,150,149,137,-1,137,149,148,-1,137,148,147,-1,156,159,136,-1,136,159,160,-1,136,160,161,-1,147,146,137,-1,137,146,145,-1,137,145,138,-1,138,145,139,-1,161,162,136,-1,136,162,163,-1,136,163,157,-1,143,142,144,-1,144,142,141,-1,144,141,145,-1,145,141,140,-1,145,140,139,-1,124,150,158,-1,124,158,125,-1,125,158,157,-1,125,157,108,-1,108,157,163,-1,108,163,109,-1,109,163,162,-1,109,162,130,-1,130,162,161,-1,130,161,131,-1,131,161,160,-1,131,160,132,-1,132,160,159,-1,132,159,135,-1,135,159,156,-1,135,156,118,-1,118,156,155,-1,118,155,119,-1,119,155,154,-1,119,154,133,-1,133,154,153,-1,133,153,134,-1,134,153,152,-1,134,152,110,-1,151,136,111,-1,111,136,120,-1,110,152,111,-1,111,152,151,-1,164,165,166,-1,166,165,167,-1,168,169,170,-1,164,171,165,-1,165,171,170,-1,165,170,172,-1,172,170,173,-1,174,175,176,-1,169,177,170,-1,170,177,178,-1,170,178,173,-1,167,179,166,-1,166,179,180,-1,166,180,181,-1,168,170,176,-1,176,170,182,-1,176,182,174,-1,181,183,166,-1,166,183,184,-1,166,184,185,-1,186,187,188,-1,186,188,184,-1,184,188,189,-1,184,189,185,-1,190,191,171,-1,171,191,170,-1,191,190,192,-1,193,192,194,-1,192,193,191,-1,191,193,195,-1,191,195,196,-1,197,198,194,-1,199,200,194,-1,194,200,201,-1,194,201,193,-1,202,203,204,-1,196,205,191,-1,191,205,206,-1,191,206,207,-1,208,209,210,-1,198,211,194,-1,194,211,212,-1,194,212,199,-1,207,213,191,-1,191,213,208,-1,191,208,214,-1,214,208,210,-1,202,204,194,-1,194,204,215,-1,194,215,197,-1,193,165,172,-1,193,172,195,-1,195,172,173,-1,195,173,196,-1,196,173,178,-1,196,178,205,-1,205,178,177,-1,205,177,206,-1,206,177,169,-1,206,169,207,-1,207,169,168,-1,207,168,213,-1,213,168,176,-1,213,176,208,-1,208,176,175,-1,208,175,209,-1,209,175,174,-1,209,174,210,-1,210,174,182,-1,210,182,214,-1,214,182,170,-1,214,170,191,-1,193,201,165,-1,165,201,167,-1,194,166,185,-1,194,185,202,-1,202,185,189,-1,202,189,203,-1,203,189,188,-1,203,188,204,-1,204,188,187,-1,204,187,215,-1,215,187,186,-1,215,186,197,-1,197,186,184,-1,197,184,198,-1,198,184,183,-1,198,183,211,-1,211,183,181,-1,211,181,212,-1,212,181,180,-1,212,180,199,-1,199,180,179,-1,199,179,200,-1,200,179,167,-1,200,167,201,-1,194,192,166,-1,166,192,164,-1,190,171,192,-1,192,171,164,-1,216,217,218,-1,219,218,220,-1,218,219,216,-1,216,219,221,-1,216,221,222,-1,223,224,222,-1,225,226,220,-1,220,226,227,-1,220,227,219,-1,228,229,230,-1,224,231,222,-1,222,231,232,-1,222,232,216,-1,233,220,234,-1,233,235,220,-1,220,235,236,-1,220,236,225,-1,228,230,222,-1,222,230,237,-1,222,237,223,-1,238,239,240,-1,240,239,233,-1,240,233,241,-1,241,233,234,-1,218,242,220,-1,220,242,243,-1,220,243,244,-1,220,244,234,-1,234,244,245,-1,234,245,241,-1,241,245,246,-1,241,246,240,-1,240,246,247,-1,240,247,238,-1,238,247,248,-1,238,248,239,-1,239,248,249,-1,239,249,233,-1,233,249,250,-1,233,250,235,-1,235,250,251,-1,235,251,236,-1,236,251,252,-1,236,252,225,-1,225,252,253,-1,225,253,226,-1,226,253,254,-1,226,254,227,-1,227,254,219,-1,219,254,255,-1,256,255,257,-1,257,255,258,-1,254,243,255,-1,255,243,242,-1,255,242,258,-1,259,260,261,-1,256,257,261,-1,261,257,262,-1,261,262,259,-1,261,263,264,-1,264,263,265,-1,254,253,243,-1,243,253,252,-1,243,252,251,-1,260,266,261,-1,261,266,267,-1,261,267,263,-1,245,249,246,-1,246,249,248,-1,246,248,247,-1,251,250,243,-1,243,250,249,-1,243,249,244,-1,244,249,245,-1,219,255,256,-1,219,256,221,-1,221,256,261,-1,221,261,222,-1,222,261,264,-1,222,264,228,-1,228,264,265,-1,228,265,229,-1,229,265,263,-1,229,263,230,-1,230,263,267,-1,230,267,237,-1,237,267,266,-1,237,266,223,-1,223,266,260,-1,223,260,224,-1,224,260,259,-1,224,259,231,-1,231,259,262,-1,231,262,232,-1,232,262,257,-1,232,257,216,-1,258,242,217,-1,217,242,218,-1,216,257,217,-1,217,257,258,-1,268,269,270,-1,271,272,273,-1,273,272,274,-1,273,274,275,-1,276,277,274,-1,270,269,278,-1,279,280,281,-1,277,282,274,-1,274,282,283,-1,274,283,275,-1,271,273,269,-1,269,273,284,-1,269,284,278,-1,279,281,285,-1,286,287,270,-1,285,281,274,-1,274,281,288,-1,274,288,276,-1,287,289,270,-1,270,289,290,-1,270,290,268,-1,291,292,270,-1,270,292,293,-1,270,293,286,-1,294,295,272,-1,272,295,274,-1,295,294,296,-1,297,298,299,-1,299,298,300,-1,299,300,296,-1,296,300,295,-1,295,300,301,-1,295,301,302,-1,302,303,295,-1,295,303,304,-1,295,304,305,-1,306,307,308,-1,297,299,309,-1,309,299,310,-1,309,310,311,-1,305,312,295,-1,295,312,306,-1,295,306,313,-1,313,306,308,-1,311,314,309,-1,309,314,315,-1,309,315,316,-1,316,317,309,-1,309,317,318,-1,309,318,319,-1,300,273,275,-1,300,275,301,-1,301,275,283,-1,301,283,302,-1,302,283,282,-1,302,282,303,-1,303,282,277,-1,303,277,304,-1,304,277,276,-1,304,276,305,-1,305,276,288,-1,305,288,312,-1,312,288,281,-1,312,281,306,-1,306,281,280,-1,306,280,307,-1,307,280,279,-1,307,279,308,-1,308,279,285,-1,308,285,313,-1,313,285,274,-1,313,274,295,-1,300,298,273,-1,273,298,284,-1,299,269,268,-1,299,268,310,-1,310,268,290,-1,310,290,311,-1,311,290,289,-1,311,289,314,-1,314,289,287,-1,314,287,315,-1,315,287,286,-1,315,286,316,-1,316,286,293,-1,316,293,317,-1,317,293,292,-1,317,292,318,-1,318,292,291,-1,318,291,319,-1,319,291,270,-1,319,270,309,-1,309,270,278,-1,309,278,297,-1,297,278,284,-1,297,284,298,-1,299,296,269,-1,269,296,271,-1,294,272,296,-1,296,272,271,-1,320,321,322,-1,322,321,323,-1,322,323,324,-1,325,326,327,-1,328,329,320,-1,329,330,320,-1,320,330,331,-1,320,331,321,-1,326,332,327,-1,327,332,333,-1,327,333,334,-1,325,327,321,-1,321,327,335,-1,321,335,336,-1,336,337,321,-1,321,337,338,-1,321,338,323,-1,339,340,341,-1,341,340,342,-1,341,342,343,-1,343,342,344,-1,339,341,320,-1,320,341,345,-1,320,345,328,-1,322,346,320,-1,320,346,347,-1,320,347,348,-1,320,348,339,-1,339,348,349,-1,339,349,340,-1,340,349,350,-1,340,350,342,-1,342,350,351,-1,342,351,344,-1,344,351,352,-1,344,352,343,-1,343,352,353,-1,343,353,341,-1,341,353,354,-1,341,354,345,-1,345,354,355,-1,345,355,328,-1,328,355,356,-1,328,356,329,-1,329,356,357,-1,329,357,330,-1,330,357,358,-1,330,358,331,-1,331,358,321,-1,321,358,359,-1,360,361,359,-1,358,347,359,-1,359,347,346,-1,359,346,360,-1,361,362,359,-1,359,362,363,-1,359,363,364,-1,365,366,367,-1,367,366,359,-1,367,359,368,-1,368,359,364,-1,365,367,369,-1,369,367,370,-1,369,370,371,-1,358,357,347,-1,347,357,356,-1,347,356,355,-1,349,348,353,-1,353,348,347,-1,353,347,354,-1,354,347,355,-1,349,353,350,-1,350,353,352,-1,350,352,351,-1,321,359,366,-1,321,366,325,-1,325,366,365,-1,325,365,326,-1,326,365,369,-1,326,369,332,-1,332,369,371,-1,332,371,333,-1,333,371,370,-1,333,370,334,-1,334,370,367,-1,334,367,327,-1,327,367,368,-1,327,368,335,-1,335,368,364,-1,335,364,336,-1,336,364,363,-1,336,363,337,-1,337,363,362,-1,337,362,338,-1,338,362,361,-1,338,361,323,-1,360,346,324,-1,324,346,322,-1,323,361,324,-1,324,361,360,-1,372,373,374,-1,375,376,377,-1,377,376,374,-1,377,374,378,-1,378,374,379,-1,380,374,381,-1,381,374,382,-1,380,383,374,-1,374,383,384,-1,374,384,385,-1,385,386,374,-1,374,386,387,-1,374,387,372,-1,373,388,374,-1,374,388,389,-1,374,389,379,-1,390,391,392,-1,382,393,381,-1,381,393,394,-1,381,394,395,-1,395,396,381,-1,381,396,390,-1,381,390,397,-1,397,390,392,-1,398,399,376,-1,376,399,374,-1,398,400,399,-1,399,400,401,-1,399,401,402,-1,403,404,401,-1,401,404,405,-1,406,407,403,-1,401,408,403,-1,403,408,409,-1,403,409,410,-1,410,411,403,-1,403,411,412,-1,403,412,406,-1,407,413,403,-1,403,413,414,-1,403,414,415,-1,405,416,401,-1,401,416,417,-1,401,417,418,-1,418,419,401,-1,401,419,420,-1,401,420,421,-1,421,422,401,-1,401,422,423,-1,401,423,402,-1,404,380,381,-1,404,381,405,-1,405,381,397,-1,405,397,416,-1,416,397,392,-1,416,392,417,-1,417,392,391,-1,417,391,418,-1,418,391,390,-1,418,390,419,-1,419,390,396,-1,419,396,420,-1,420,396,395,-1,420,395,421,-1,421,395,394,-1,421,394,422,-1,422,394,393,-1,422,393,423,-1,423,393,382,-1,423,382,402,-1,402,382,374,-1,402,374,399,-1,404,403,380,-1,380,403,383,-1,401,377,378,-1,401,378,408,-1,408,378,379,-1,408,379,409,-1,409,379,389,-1,409,389,410,-1,410,389,388,-1,410,388,411,-1,411,388,373,-1,411,373,412,-1,412,373,372,-1,412,372,406,-1,406,372,387,-1,406,387,407,-1,407,387,386,-1,407,386,413,-1,413,386,385,-1,413,385,414,-1,414,385,384,-1,414,384,415,-1,415,384,383,-1,415,383,403,-1,401,400,377,-1,377,400,375,-1,398,376,400,-1,400,376,375,-1,424,425,426,-1,427,428,429,-1,429,428,426,-1,429,426,430,-1,424,426,431,-1,432,433,426,-1,433,434,426,-1,426,434,435,-1,426,435,436,-1,426,437,431,-1,431,437,438,-1,431,438,439,-1,425,440,426,-1,426,440,441,-1,426,441,432,-1,436,442,426,-1,426,442,443,-1,426,443,430,-1,439,444,431,-1,431,444,445,-1,431,445,446,-1,447,448,446,-1,446,448,449,-1,446,449,431,-1,450,451,428,-1,428,451,426,-1,452,453,454,-1,450,455,451,-1,451,455,454,-1,451,454,456,-1,456,454,457,-1,458,459,460,-1,460,459,461,-1,460,461,462,-1,462,463,460,-1,460,463,464,-1,460,464,465,-1,453,466,454,-1,454,466,467,-1,454,467,468,-1,454,469,452,-1,452,469,460,-1,452,460,470,-1,470,460,465,-1,468,471,454,-1,454,471,472,-1,454,472,473,-1,473,474,454,-1,454,474,475,-1,454,475,457,-1,453,424,431,-1,453,431,466,-1,466,431,449,-1,466,449,467,-1,467,449,448,-1,467,448,468,-1,468,448,447,-1,468,447,471,-1,471,447,446,-1,471,446,472,-1,472,446,445,-1,472,445,473,-1,473,445,444,-1,473,444,474,-1,474,444,439,-1,474,439,475,-1,475,439,438,-1,475,438,457,-1,457,438,437,-1,457,437,456,-1,456,437,426,-1,456,426,451,-1,453,452,424,-1,424,452,425,-1,454,429,430,-1,454,430,469,-1,469,430,443,-1,469,443,460,-1,460,443,442,-1,460,442,458,-1,458,442,436,-1,458,436,459,-1,459,436,435,-1,459,435,461,-1,461,435,434,-1,461,434,462,-1,462,434,433,-1,462,433,463,-1,463,433,432,-1,463,432,464,-1,464,432,441,-1,464,441,465,-1,465,441,440,-1,465,440,470,-1,470,440,425,-1,470,425,452,-1,454,455,429,-1,429,455,427,-1,450,428,455,-1,455,428,427,-1,476,477,478,-1,479,478,480,-1,479,480,481,-1,481,480,482,-1,481,482,483,-1,483,484,481,-1,481,484,485,-1,481,485,486,-1,479,487,478,-1,478,487,488,-1,478,488,489,-1,490,491,492,-1,492,491,493,-1,492,493,481,-1,494,495,478,-1,478,495,496,-1,478,496,476,-1,486,497,481,-1,481,497,498,-1,481,498,492,-1,489,499,478,-1,478,499,500,-1,478,500,501,-1,501,502,478,-1,478,502,503,-1,478,503,494,-1,504,505,478,-1,478,505,480,-1,506,507,504,-1,504,507,508,-1,504,508,505,-1,509,510,504,-1,504,510,511,-1,508,512,505,-1,505,512,513,-1,505,513,514,-1,511,515,504,-1,504,515,516,-1,504,516,517,-1,514,518,505,-1,505,518,519,-1,505,519,520,-1,521,522,523,-1,523,522,524,-1,523,524,505,-1,517,525,504,-1,504,525,526,-1,504,526,527,-1,527,528,504,-1,504,528,529,-1,504,529,506,-1,520,530,505,-1,505,530,531,-1,505,531,523,-1,512,481,493,-1,512,493,513,-1,513,493,491,-1,513,491,514,-1,514,491,490,-1,514,490,518,-1,518,490,492,-1,518,492,519,-1,519,492,498,-1,519,498,520,-1,520,498,497,-1,520,497,530,-1,530,497,486,-1,530,486,531,-1,531,486,485,-1,531,485,523,-1,523,485,484,-1,523,484,521,-1,521,484,483,-1,521,483,522,-1,522,483,482,-1,522,482,524,-1,524,482,480,-1,524,480,505,-1,512,508,481,-1,481,508,479,-1,510,476,496,-1,510,496,511,-1,511,496,495,-1,511,495,515,-1,515,495,494,-1,515,494,516,-1,516,494,503,-1,516,503,517,-1,517,503,502,-1,517,502,525,-1,525,502,501,-1,525,501,526,-1,526,501,500,-1,526,500,527,-1,527,500,499,-1,527,499,528,-1,528,499,489,-1,528,489,529,-1,529,489,488,-1,529,488,506,-1,506,488,487,-1,506,487,507,-1,507,487,479,-1,507,479,508,-1,510,509,476,-1,476,509,477,-1,504,478,509,-1,509,478,477,-1,532,533,534,-1,532,534,535,-1,536,537,538,-1,538,537,534,-1,538,534,539,-1,539,534,540,-1,541,542,534,-1,534,542,543,-1,534,543,544,-1,534,545,535,-1,535,545,546,-1,535,546,547,-1,533,548,534,-1,534,548,549,-1,534,549,541,-1,544,550,534,-1,534,550,551,-1,534,551,540,-1,547,552,535,-1,535,552,553,-1,535,553,554,-1,555,556,554,-1,554,556,557,-1,554,557,535,-1,558,559,537,-1,537,559,534,-1,560,561,562,-1,563,564,560,-1,558,565,559,-1,559,565,562,-1,559,562,566,-1,566,562,567,-1,562,568,560,-1,560,568,569,-1,560,569,570,-1,564,571,560,-1,560,571,572,-1,560,572,573,-1,561,574,562,-1,562,574,575,-1,562,575,576,-1,570,577,560,-1,560,577,578,-1,560,578,563,-1,576,579,562,-1,562,579,580,-1,562,580,581,-1,581,582,562,-1,562,582,583,-1,562,583,567,-1,561,532,535,-1,561,535,574,-1,574,535,557,-1,574,557,575,-1,575,557,556,-1,575,556,576,-1,576,556,555,-1,576,555,579,-1,579,555,554,-1,579,554,580,-1,580,554,553,-1,580,553,581,-1,581,553,552,-1,581,552,582,-1,582,552,547,-1,582,547,583,-1,583,547,546,-1,583,546,567,-1,567,546,545,-1,567,545,566,-1,566,545,534,-1,566,534,559,-1,561,560,532,-1,532,560,533,-1,562,538,539,-1,562,539,568,-1,568,539,540,-1,568,540,569,-1,569,540,551,-1,569,551,570,-1,570,551,550,-1,570,550,577,-1,577,550,544,-1,577,544,578,-1,578,544,543,-1,578,543,563,-1,563,543,542,-1,563,542,564,-1,564,542,541,-1,564,541,571,-1,571,541,549,-1,571,549,572,-1,572,549,548,-1,572,548,573,-1,573,548,533,-1,573,533,560,-1,562,565,538,-1,538,565,536,-1,558,537,565,-1,565,537,536,-1,537,536,534,-1,534,536,538,-1,545,534,535,-1,535,534,532,-1,538,539,534,-1,534,539,540,-1,534,540,551,-1,543,542,534,-1,534,542,541,-1,534,541,549,-1,551,550,534,-1,534,550,544,-1,534,544,543,-1,549,548,534,-1,534,548,533,-1,534,533,532,-1,555,554,556,-1,556,554,557,-1,552,547,535,-1,535,547,546,-1,535,546,545,-1,557,554,535,-1,535,554,553,-1,535,553,552,-1,536,584,538,-1,538,584,585,-1,538,585,586,-1,538,586,539,-1,539,586,587,-1,539,587,540,-1,540,587,588,-1,540,588,551,-1,551,588,589,-1,551,589,550,-1,550,589,590,-1,550,590,544,-1,544,590,591,-1,544,591,543,-1,543,591,592,-1,543,592,542,-1,542,592,593,-1,542,593,541,-1,541,593,594,-1,541,594,549,-1,549,594,595,-1,549,595,548,-1,548,595,596,-1,548,596,533,-1,533,596,532,-1,532,596,597,-1,584,598,585,-1,585,598,599,-1,600,601,585,-1,601,597,585,-1,585,597,596,-1,585,596,586,-1,586,596,587,-1,599,602,585,-1,585,602,603,-1,585,603,604,-1,590,596,591,-1,591,596,592,-1,604,605,585,-1,585,605,606,-1,585,606,607,-1,595,594,596,-1,596,594,593,-1,596,593,592,-1,590,589,596,-1,596,589,588,-1,596,588,587,-1,607,608,585,-1,585,608,609,-1,585,609,600,-1,532,597,601,-1,532,601,535,-1,535,601,600,-1,535,600,557,-1,557,600,609,-1,557,609,556,-1,556,609,608,-1,556,608,555,-1,555,608,607,-1,555,607,554,-1,554,607,606,-1,554,606,553,-1,553,606,605,-1,553,605,552,-1,552,605,604,-1,552,604,547,-1,547,604,603,-1,547,603,546,-1,546,603,602,-1,546,602,545,-1,545,602,599,-1,545,599,534,-1,598,584,537,-1,537,584,536,-1,534,599,537,-1,537,599,598,-1,488,487,478,-1,478,487,479,-1,478,479,480,-1,477,476,478,-1,478,476,496,-1,479,481,480,-1,480,481,493,-1,480,493,491,-1,496,495,478,-1,478,495,494,-1,478,494,503,-1,491,490,480,-1,480,490,492,-1,480,492,498,-1,484,483,485,-1,485,483,482,-1,485,482,480,-1,503,502,478,-1,478,502,501,-1,478,501,500,-1,500,499,478,-1,478,499,489,-1,478,489,488,-1,498,497,480,-1,480,497,486,-1,480,486,485,-1,477,610,476,-1,476,610,611,-1,476,611,612,-1,476,612,496,-1,496,612,613,-1,496,613,495,-1,495,613,614,-1,495,614,494,-1,494,614,615,-1,494,615,503,-1,503,615,616,-1,503,616,502,-1,502,616,617,-1,502,617,501,-1,501,617,618,-1,501,618,500,-1,500,618,619,-1,500,619,499,-1,499,619,620,-1,499,620,489,-1,489,620,621,-1,489,621,488,-1,488,621,622,-1,488,622,487,-1,487,622,623,-1,487,623,479,-1,479,623,481,-1,481,623,624,-1,611,610,625,-1,623,625,626,-1,623,626,624,-1,624,626,627,-1,624,627,628,-1,628,629,624,-1,624,629,630,-1,624,630,631,-1,623,622,625,-1,625,622,621,-1,625,621,620,-1,632,633,634,-1,634,633,635,-1,634,635,624,-1,614,613,625,-1,625,613,612,-1,625,612,611,-1,631,636,624,-1,624,636,637,-1,624,637,634,-1,620,619,625,-1,625,619,618,-1,625,618,617,-1,617,616,625,-1,625,616,615,-1,625,615,614,-1,481,624,635,-1,481,635,493,-1,493,635,633,-1,493,633,491,-1,491,633,632,-1,491,632,490,-1,490,632,634,-1,490,634,492,-1,492,634,637,-1,492,637,498,-1,498,637,636,-1,498,636,497,-1,497,636,631,-1,497,631,486,-1,486,631,630,-1,486,630,485,-1,485,630,629,-1,485,629,484,-1,484,629,628,-1,484,628,483,-1,483,628,627,-1,483,627,482,-1,482,627,626,-1,482,626,480,-1,625,610,478,-1,478,610,477,-1,480,626,478,-1,478,626,625,-1,638,639,640,-1,638,640,641,-1,642,643,644,-1,644,643,645,-1,645,643,646,-1,645,646,640,-1,640,646,647,-1,640,647,648,-1,648,649,640,-1,640,649,650,-1,640,650,651,-1,651,652,640,-1,640,652,653,-1,640,653,654,-1,654,655,640,-1,640,655,656,-1,640,656,641,-1,644,657,642,-1,642,657,658,-1,642,658,659,-1,660,661,662,-1,662,661,663,-1,660,664,661,-1,661,664,642,-1,661,642,665,-1,665,642,659,-1,666,667,640,-1,640,667,645,-1,667,666,668,-1,669,670,667,-1,667,671,672,-1,668,673,667,-1,667,673,674,-1,667,674,675,-1,670,676,667,-1,667,676,677,-1,667,677,678,-1,678,679,667,-1,667,679,680,-1,667,680,671,-1,675,681,667,-1,667,681,682,-1,667,682,669,-1,672,683,667,-1,667,683,684,-1,667,684,685,-1,686,687,688,-1,688,687,689,-1,685,690,667,-1,667,690,691,-1,667,691,687,-1,686,692,687,-1,687,692,693,-1,687,693,667,-1,672,643,642,-1,672,642,683,-1,683,642,664,-1,683,664,684,-1,684,664,660,-1,684,660,685,-1,685,660,662,-1,685,662,690,-1,690,662,663,-1,690,663,691,-1,691,663,661,-1,691,661,687,-1,687,661,665,-1,687,665,689,-1,689,665,659,-1,689,659,688,-1,688,659,658,-1,688,658,686,-1,686,658,657,-1,686,657,692,-1,692,657,644,-1,692,644,693,-1,693,644,645,-1,693,645,667,-1,672,671,643,-1,643,671,646,-1,673,638,641,-1,673,641,674,-1,674,641,656,-1,674,656,675,-1,675,656,655,-1,675,655,681,-1,681,655,654,-1,681,654,682,-1,682,654,653,-1,682,653,669,-1,669,653,652,-1,669,652,670,-1,670,652,651,-1,670,651,676,-1,676,651,650,-1,676,650,677,-1,677,650,649,-1,677,649,678,-1,678,649,648,-1,678,648,679,-1,679,648,647,-1,679,647,680,-1,680,647,646,-1,680,646,671,-1,673,668,638,-1,638,668,639,-1,666,640,668,-1,668,640,639,-1,694,695,696,-1,697,696,698,-1,696,697,694,-1,694,697,699,-1,694,699,700,-1,701,702,698,-1,698,702,703,-1,698,703,697,-1,704,698,705,-1,700,706,694,-1,694,706,707,-1,694,707,708,-1,709,710,711,-1,704,712,698,-1,698,712,713,-1,698,713,701,-1,708,714,694,-1,694,714,709,-1,694,709,715,-1,715,709,711,-1,705,716,704,-1,704,716,717,-1,704,717,718,-1,718,717,719,-1,696,720,698,-1,698,720,721,-1,698,721,722,-1,698,722,705,-1,705,722,723,-1,705,723,716,-1,716,723,724,-1,716,724,717,-1,717,724,725,-1,717,725,719,-1,719,725,726,-1,719,726,718,-1,718,726,727,-1,718,727,704,-1,704,727,728,-1,704,728,712,-1,712,728,729,-1,712,729,713,-1,713,729,730,-1,713,730,701,-1,701,730,731,-1,701,731,702,-1,702,731,732,-1,702,732,703,-1,703,732,697,-1,697,732,733,-1,720,733,721,-1,721,733,732,-1,734,735,736,-1,720,737,733,-1,733,737,736,-1,733,736,738,-1,738,736,739,-1,740,741,742,-1,735,743,736,-1,736,743,744,-1,736,744,739,-1,732,731,721,-1,721,731,730,-1,721,730,729,-1,734,736,742,-1,742,736,745,-1,742,745,740,-1,729,728,721,-1,721,728,727,-1,721,727,726,-1,723,722,724,-1,724,722,721,-1,724,721,725,-1,725,721,726,-1,697,733,738,-1,697,738,699,-1,699,738,739,-1,699,739,700,-1,700,739,744,-1,700,744,706,-1,706,744,743,-1,706,743,707,-1,707,743,735,-1,707,735,708,-1,708,735,734,-1,708,734,714,-1,714,734,742,-1,714,742,709,-1,709,742,741,-1,709,741,710,-1,710,741,740,-1,710,740,711,-1,711,740,745,-1,711,745,715,-1,715,745,736,-1,715,736,694,-1,737,720,695,-1,695,720,696,-1,694,736,695,-1,695,736,737,-1,746,747,748,-1,749,750,751,-1,751,750,748,-1,752,753,754,-1,748,750,746,-1,746,750,755,-1,746,755,756,-1,757,758,756,-1,754,753,751,-1,751,753,759,-1,751,759,749,-1,760,761,762,-1,758,763,756,-1,756,763,764,-1,756,764,746,-1,760,762,756,-1,756,762,765,-1,756,765,757,-1,766,767,768,-1,768,767,769,-1,768,769,770,-1,766,768,754,-1,754,768,771,-1,754,771,752,-1,748,772,751,-1,751,772,773,-1,751,773,774,-1,751,774,754,-1,754,774,775,-1,754,775,766,-1,766,775,776,-1,766,776,767,-1,767,776,777,-1,767,777,769,-1,769,777,778,-1,769,778,770,-1,770,778,779,-1,770,779,768,-1,768,779,780,-1,768,780,771,-1,771,780,781,-1,771,781,752,-1,752,781,782,-1,752,782,753,-1,753,782,783,-1,753,783,759,-1,759,783,784,-1,759,784,749,-1,749,784,750,-1,750,784,785,-1,772,786,785,-1,785,786,787,-1,785,787,788,-1,789,790,791,-1,783,782,773,-1,772,785,773,-1,773,785,784,-1,773,784,783,-1,788,787,791,-1,791,787,792,-1,791,792,789,-1,791,793,794,-1,794,793,795,-1,790,796,791,-1,791,796,797,-1,791,797,793,-1,782,781,773,-1,773,781,780,-1,773,780,779,-1,776,779,777,-1,777,779,778,-1,776,775,779,-1,779,775,774,-1,779,774,773,-1,750,785,788,-1,750,788,755,-1,755,788,791,-1,755,791,756,-1,756,791,794,-1,756,794,760,-1,760,794,795,-1,760,795,761,-1,761,795,793,-1,761,793,762,-1,762,793,797,-1,762,797,765,-1,765,797,796,-1,765,796,757,-1,757,796,790,-1,757,790,758,-1,758,790,789,-1,758,789,763,-1,763,789,792,-1,763,792,764,-1,764,792,787,-1,764,787,746,-1,786,772,747,-1,747,772,748,-1,746,787,747,-1,747,787,786,-1,56,55,54,-1,54,55,53,-1,54,53,52,-1,75,70,72,-1,72,70,68,-1,72,68,76,-1,65,54,66,-1,66,54,67,-1,66,67,68,-1,68,67,69,-1,68,69,76,-1,65,64,54,-1,54,64,63,-1,54,63,62,-1,62,61,54,-1,54,61,60,-1,54,60,59,-1,59,58,54,-1,54,58,57,-1,54,57,56,-1,78,77,73,-1,75,72,74,-1,74,72,71,-1,74,71,73,-1,73,71,79,-1,73,79,78,-1,798,799,54,-1,54,799,67,-1,800,801,798,-1,798,801,802,-1,802,803,798,-1,798,803,804,-1,798,804,805,-1,805,806,798,-1,798,806,807,-1,798,807,808,-1,808,809,798,-1,798,809,810,-1,798,810,811,-1,811,812,798,-1,798,812,813,-1,798,813,799,-1,799,813,814,-1,799,814,815,-1,815,814,816,-1,817,818,819,-1,819,818,820,-1,816,821,815,-1,815,821,820,-1,815,820,822,-1,822,820,818,-1,823,824,819,-1,819,824,825,-1,819,825,817,-1,814,68,70,-1,814,70,816,-1,816,70,75,-1,816,75,821,-1,821,75,74,-1,821,74,820,-1,820,74,73,-1,820,73,819,-1,819,73,77,-1,819,77,823,-1,823,77,78,-1,823,78,824,-1,824,78,79,-1,824,79,825,-1,825,79,71,-1,825,71,817,-1,817,71,72,-1,817,72,818,-1,818,72,76,-1,818,76,822,-1,822,76,69,-1,822,69,815,-1,815,69,67,-1,815,67,799,-1,814,813,68,-1,68,813,66,-1,801,53,55,-1,801,55,802,-1,802,55,56,-1,802,56,803,-1,803,56,57,-1,803,57,804,-1,804,57,58,-1,804,58,805,-1,805,58,59,-1,805,59,806,-1,806,59,60,-1,806,60,807,-1,807,60,61,-1,807,61,808,-1,808,61,62,-1,808,62,809,-1,809,62,63,-1,809,63,810,-1,810,63,64,-1,810,64,811,-1,811,64,65,-1,811,65,812,-1,812,65,66,-1,812,66,813,-1,801,800,53,-1,53,800,52,-1,798,54,800,-1,800,54,52,-1,125,124,121,-1,120,111,121,-1,121,111,110,-1,121,110,134,-1,134,133,121,-1,121,133,119,-1,121,119,118,-1,125,121,108,-1,124,123,121,-1,121,123,117,-1,121,117,116,-1,118,135,121,-1,121,135,132,-1,121,132,131,-1,116,115,121,-1,121,115,114,-1,121,114,122,-1,122,114,126,-1,131,130,121,-1,121,130,109,-1,121,109,108,-1,128,113,129,-1,129,113,112,-1,129,112,114,-1,114,112,127,-1,114,127,126,-1,826,827,111,-1,111,827,110,-1,827,828,829,-1,830,827,831,-1,831,827,832,-1,830,833,827,-1,827,833,834,-1,827,834,835,-1,836,837,838,-1,826,839,827,-1,827,839,840,-1,827,840,841,-1,835,842,827,-1,827,842,843,-1,827,843,838,-1,841,844,827,-1,827,844,845,-1,827,845,828,-1,829,846,827,-1,827,846,847,-1,827,847,832,-1,848,849,850,-1,837,851,838,-1,838,851,852,-1,838,852,827,-1,848,850,838,-1,838,850,853,-1,838,853,836,-1,835,124,125,-1,835,125,842,-1,842,125,108,-1,842,108,843,-1,843,108,109,-1,843,109,838,-1,838,109,130,-1,838,130,848,-1,848,130,131,-1,848,131,849,-1,849,131,132,-1,849,132,850,-1,850,132,135,-1,850,135,853,-1,853,135,118,-1,853,118,836,-1,836,118,119,-1,836,119,837,-1,837,119,133,-1,837,133,851,-1,851,133,134,-1,851,134,852,-1,852,134,110,-1,852,110,827,-1,835,834,124,-1,124,834,123,-1,840,121,122,-1,840,122,841,-1,841,122,126,-1,841,126,844,-1,844,126,127,-1,844,127,845,-1,845,127,112,-1,845,112,828,-1,828,112,113,-1,828,113,829,-1,829,113,128,-1,829,128,846,-1,846,128,129,-1,846,129,847,-1,847,129,114,-1,847,114,832,-1,832,114,115,-1,832,115,831,-1,831,115,116,-1,831,116,830,-1,830,116,117,-1,830,117,833,-1,833,117,123,-1,833,123,834,-1,840,839,121,-1,121,839,120,-1,826,111,839,-1,839,111,120,-1,274,272,271,-1,278,284,269,-1,269,284,273,-1,269,273,271,-1,271,273,274,-1,274,273,275,-1,274,275,283,-1,283,282,274,-1,274,282,277,-1,274,277,276,-1,281,280,279,-1,278,269,270,-1,270,269,268,-1,270,268,290,-1,276,288,274,-1,274,288,281,-1,274,281,285,-1,285,281,279,-1,290,289,270,-1,270,289,287,-1,270,287,286,-1,286,293,270,-1,270,293,292,-1,270,292,291,-1,271,854,269,-1,269,854,855,-1,269,855,856,-1,269,856,268,-1,268,856,857,-1,268,857,290,-1,290,857,858,-1,290,858,289,-1,289,858,859,-1,289,859,287,-1,287,859,860,-1,287,860,286,-1,286,860,861,-1,286,861,293,-1,293,861,862,-1,293,862,292,-1,292,862,863,-1,292,863,291,-1,291,863,864,-1,291,864,270,-1,270,864,865,-1,270,865,278,-1,278,865,866,-1,278,866,284,-1,284,866,273,-1,273,866,867,-1,856,855,864,-1,854,868,867,-1,867,868,869,-1,867,869,870,-1,871,872,869,-1,864,855,865,-1,873,874,875,-1,872,876,869,-1,869,876,877,-1,869,877,870,-1,854,867,855,-1,855,867,866,-1,855,866,865,-1,873,875,878,-1,860,859,864,-1,878,875,869,-1,869,875,879,-1,869,879,871,-1,859,858,864,-1,864,858,857,-1,864,857,856,-1,863,862,864,-1,864,862,861,-1,864,861,860,-1,273,867,870,-1,273,870,275,-1,275,870,877,-1,275,877,283,-1,283,877,876,-1,283,876,282,-1,282,876,872,-1,282,872,277,-1,277,872,871,-1,277,871,276,-1,276,871,879,-1,276,879,288,-1,288,879,875,-1,288,875,281,-1,281,875,874,-1,281,874,280,-1,280,874,873,-1,280,873,279,-1,279,873,878,-1,279,878,285,-1,285,878,869,-1,285,869,274,-1,868,854,272,-1,272,854,271,-1,274,869,272,-1,272,869,868,-1,376,375,374,-1,374,375,377,-1,382,374,381,-1,381,374,380,-1,377,378,374,-1,374,378,379,-1,374,379,389,-1,389,388,374,-1,374,388,373,-1,374,373,372,-1,372,387,374,-1,374,387,386,-1,374,386,385,-1,385,384,374,-1,374,384,383,-1,374,383,380,-1,392,391,390,-1,392,390,397,-1,397,390,381,-1,381,390,396,-1,381,396,395,-1,395,394,381,-1,381,394,393,-1,381,393,382,-1,375,880,377,-1,377,880,881,-1,377,881,882,-1,377,882,378,-1,378,882,883,-1,378,883,379,-1,379,883,884,-1,379,884,389,-1,389,884,885,-1,389,885,388,-1,388,885,886,-1,388,886,373,-1,373,886,887,-1,373,887,372,-1,372,887,888,-1,372,888,387,-1,387,888,889,-1,387,889,386,-1,386,889,890,-1,386,890,385,-1,385,890,891,-1,385,891,384,-1,384,891,892,-1,384,892,383,-1,383,892,380,-1,380,892,893,-1,881,880,894,-1,887,886,892,-1,894,895,881,-1,881,895,896,-1,881,896,897,-1,892,891,890,-1,883,882,892,-1,892,882,881,-1,892,881,893,-1,897,898,881,-1,881,898,899,-1,881,899,900,-1,900,901,881,-1,881,901,902,-1,881,902,903,-1,903,904,881,-1,881,904,905,-1,881,905,893,-1,890,889,892,-1,892,889,888,-1,892,888,887,-1,886,885,892,-1,892,885,884,-1,892,884,883,-1,380,893,905,-1,380,905,381,-1,381,905,904,-1,381,904,397,-1,397,904,903,-1,397,903,392,-1,392,903,902,-1,392,902,391,-1,391,902,901,-1,391,901,390,-1,390,901,900,-1,390,900,396,-1,396,900,899,-1,396,899,395,-1,395,899,898,-1,395,898,394,-1,394,898,897,-1,394,897,393,-1,393,897,896,-1,393,896,382,-1,382,896,895,-1,382,895,374,-1,894,880,376,-1,376,880,375,-1,374,895,376,-1,376,895,894,-1,906,907,908,-1,908,907,909,-1,910,911,909,-1,909,911,912,-1,909,912,913,-1,913,914,909,-1,909,914,915,-1,909,915,916,-1,916,917,909,-1,909,917,918,-1,909,918,919,-1,910,920,911,-1,911,920,921,-1,911,921,922,-1,919,923,909,-1,909,923,924,-1,909,924,925,-1,925,926,909,-1,909,926,927,-1,909,927,908,-1,922,928,911,-1,911,928,929,-1,911,929,930,-1,930,929,931,-1,907,932,909,-1,909,932,933,-1,909,933,934,-1,909,934,910,-1,910,934,935,-1,910,935,920,-1,920,935,936,-1,920,936,921,-1,921,936,937,-1,921,937,922,-1,922,937,938,-1,922,938,928,-1,928,938,939,-1,928,939,929,-1,929,939,940,-1,929,940,931,-1,931,940,941,-1,931,941,930,-1,930,941,942,-1,930,942,911,-1,911,942,943,-1,911,943,912,-1,912,943,944,-1,912,944,913,-1,913,944,914,-1,914,944,945,-1,946,945,933,-1,932,947,933,-1,933,947,948,-1,949,950,933,-1,945,944,933,-1,933,944,943,-1,933,943,942,-1,950,951,933,-1,933,951,952,-1,933,952,946,-1,937,936,942,-1,937,942,938,-1,936,935,942,-1,942,935,934,-1,942,934,933,-1,948,953,933,-1,933,953,954,-1,933,954,955,-1,955,956,933,-1,933,956,957,-1,933,957,949,-1,938,942,939,-1,939,942,941,-1,939,941,940,-1,914,945,946,-1,914,946,915,-1,915,946,952,-1,915,952,916,-1,916,952,951,-1,916,951,917,-1,917,951,950,-1,917,950,918,-1,918,950,949,-1,918,949,919,-1,919,949,957,-1,919,957,923,-1,923,957,956,-1,923,956,924,-1,924,956,955,-1,924,955,925,-1,925,955,954,-1,925,954,926,-1,926,954,953,-1,926,953,927,-1,927,953,948,-1,927,948,908,-1,947,932,906,-1,906,932,907,-1,908,948,906,-1,906,948,947,-1,958,959,960,-1,961,960,962,-1,960,961,958,-1,958,961,963,-1,958,963,964,-1,965,966,962,-1,962,966,967,-1,962,967,968,-1,969,970,964,-1,964,970,971,-1,964,971,958,-1,972,973,974,-1,974,973,975,-1,975,973,962,-1,962,973,976,-1,962,976,965,-1,968,977,962,-1,962,977,978,-1,962,978,961,-1,979,980,981,-1,981,980,982,-1,981,982,964,-1,964,982,983,-1,964,983,969,-1,960,984,962,-1,962,984,985,-1,962,985,986,-1,962,986,975,-1,975,986,987,-1,975,987,974,-1,974,987,988,-1,974,988,972,-1,972,988,989,-1,972,989,973,-1,973,989,990,-1,973,990,976,-1,976,990,991,-1,976,991,965,-1,965,991,992,-1,965,992,966,-1,966,992,993,-1,966,993,967,-1,967,993,994,-1,967,994,968,-1,968,994,995,-1,968,995,977,-1,977,995,996,-1,977,996,978,-1,978,996,961,-1,961,996,997,-1,998,997,999,-1,999,997,1000,-1,1001,1002,1003,-1,993,992,985,-1,993,985,994,-1,998,999,1003,-1,1003,999,1004,-1,1003,1004,1001,-1,1002,1005,1003,-1,1003,1005,1006,-1,1003,1006,1007,-1,1007,1006,1008,-1,1007,1008,1009,-1,1000,997,984,-1,984,997,996,-1,984,996,985,-1,985,996,995,-1,985,995,994,-1,992,991,985,-1,985,991,990,-1,985,990,989,-1,988,987,989,-1,989,987,986,-1,989,986,985,-1,961,997,998,-1,961,998,963,-1,963,998,1003,-1,963,1003,964,-1,964,1003,1007,-1,964,1007,981,-1,981,1007,1009,-1,981,1009,979,-1,979,1009,1008,-1,979,1008,980,-1,980,1008,1006,-1,980,1006,982,-1,982,1006,1005,-1,982,1005,983,-1,983,1005,1002,-1,983,1002,969,-1,969,1002,1001,-1,969,1001,970,-1,970,1001,1004,-1,970,1004,971,-1,971,1004,999,-1,971,999,958,-1,1000,984,959,-1,959,984,960,-1,958,999,959,-1,959,999,1000,-1,1010,1011,1012,-1,1012,1011,1013,-1,1012,1013,1014,-1,1015,1016,1017,-1,1018,1019,1010,-1,1019,1020,1010,-1,1010,1020,1021,-1,1010,1021,1011,-1,1016,1022,1017,-1,1017,1022,1023,-1,1017,1023,1024,-1,1015,1017,1011,-1,1011,1017,1025,-1,1011,1025,1026,-1,1026,1027,1011,-1,1011,1027,1028,-1,1011,1028,1013,-1,1029,1030,1031,-1,1031,1030,1032,-1,1031,1032,1033,-1,1033,1032,1034,-1,1029,1031,1010,-1,1010,1031,1035,-1,1010,1035,1018,-1,1012,1036,1010,-1,1010,1036,1037,-1,1010,1037,1038,-1,1010,1038,1029,-1,1029,1038,1039,-1,1029,1039,1030,-1,1030,1039,1040,-1,1030,1040,1032,-1,1032,1040,1041,-1,1032,1041,1034,-1,1034,1041,1042,-1,1034,1042,1033,-1,1033,1042,1043,-1,1033,1043,1031,-1,1031,1043,1044,-1,1031,1044,1035,-1,1035,1044,1045,-1,1035,1045,1018,-1,1018,1045,1046,-1,1018,1046,1019,-1,1019,1046,1047,-1,1019,1047,1020,-1,1020,1047,1048,-1,1020,1048,1021,-1,1021,1048,1011,-1,1011,1048,1049,-1,1050,1051,1049,-1,1048,1037,1049,-1,1049,1037,1036,-1,1049,1036,1050,-1,1051,1052,1049,-1,1049,1052,1053,-1,1049,1053,1054,-1,1055,1056,1057,-1,1057,1056,1049,-1,1057,1049,1058,-1,1058,1049,1054,-1,1055,1057,1059,-1,1059,1057,1060,-1,1059,1060,1061,-1,1048,1047,1037,-1,1037,1047,1046,-1,1037,1046,1045,-1,1039,1038,1043,-1,1043,1038,1037,-1,1043,1037,1044,-1,1044,1037,1045,-1,1039,1043,1040,-1,1040,1043,1042,-1,1040,1042,1041,-1,1011,1049,1056,-1,1011,1056,1015,-1,1015,1056,1055,-1,1015,1055,1016,-1,1016,1055,1059,-1,1016,1059,1022,-1,1022,1059,1061,-1,1022,1061,1023,-1,1023,1061,1060,-1,1023,1060,1024,-1,1024,1060,1057,-1,1024,1057,1017,-1,1017,1057,1058,-1,1017,1058,1025,-1,1025,1058,1054,-1,1025,1054,1026,-1,1026,1054,1053,-1,1026,1053,1027,-1,1027,1053,1052,-1,1027,1052,1028,-1,1028,1052,1051,-1,1028,1051,1013,-1,1050,1036,1014,-1,1014,1036,1012,-1,1013,1051,1014,-1,1014,1051,1050,-1,1062,1063,1064,-1,1065,1064,1066,-1,1064,1065,1062,-1,1062,1065,1067,-1,1062,1067,1068,-1,1069,1070,1066,-1,1066,1070,1071,-1,1066,1071,1065,-1,1068,1072,1062,-1,1062,1072,1073,-1,1062,1073,1074,-1,1075,1076,1077,-1,1078,1066,1079,-1,1079,1066,1080,-1,1078,1081,1066,-1,1066,1081,1082,-1,1066,1082,1069,-1,1074,1083,1062,-1,1062,1083,1075,-1,1062,1075,1084,-1,1084,1075,1077,-1,1085,1086,1066,-1,1066,1086,1087,-1,1066,1087,1080,-1,1064,1088,1066,-1,1066,1088,1089,-1,1066,1089,1090,-1,1066,1090,1085,-1,1085,1090,1091,-1,1085,1091,1086,-1,1086,1091,1092,-1,1086,1092,1087,-1,1087,1092,1093,-1,1087,1093,1080,-1,1080,1093,1094,-1,1080,1094,1079,-1,1079,1094,1095,-1,1079,1095,1078,-1,1078,1095,1096,-1,1078,1096,1081,-1,1081,1096,1097,-1,1081,1097,1082,-1,1082,1097,1098,-1,1082,1098,1069,-1,1069,1098,1099,-1,1069,1099,1070,-1,1070,1099,1100,-1,1070,1100,1071,-1,1071,1100,1065,-1,1065,1100,1101,-1,1088,1102,1101,-1,1101,1102,1103,-1,1101,1103,1104,-1,1105,1106,1103,-1,1107,1108,1109,-1,1106,1110,1103,-1,1103,1110,1111,-1,1103,1111,1104,-1,1088,1101,1089,-1,1089,1101,1100,-1,1089,1100,1099,-1,1107,1109,1112,-1,1112,1109,1103,-1,1103,1109,1113,-1,1103,1113,1105,-1,1099,1098,1089,-1,1089,1098,1097,-1,1089,1097,1096,-1,1096,1095,1089,-1,1089,1095,1094,-1,1089,1094,1093,-1,1093,1092,1089,-1,1089,1092,1091,-1,1089,1091,1090,-1,1065,1101,1104,-1,1065,1104,1067,-1,1067,1104,1111,-1,1067,1111,1068,-1,1068,1111,1110,-1,1068,1110,1072,-1,1072,1110,1106,-1,1072,1106,1073,-1,1073,1106,1105,-1,1073,1105,1074,-1,1074,1105,1113,-1,1074,1113,1083,-1,1083,1113,1109,-1,1083,1109,1075,-1,1075,1109,1108,-1,1075,1108,1076,-1,1076,1108,1107,-1,1076,1107,1077,-1,1077,1107,1112,-1,1077,1112,1084,-1,1084,1112,1103,-1,1084,1103,1062,-1,1102,1088,1063,-1,1063,1088,1064,-1,1062,1103,1063,-1,1063,1103,1102,-1,755,750,746,-1,746,750,747,-1,749,751,750,-1,750,751,748,-1,750,748,747,-1,763,758,756,-1,755,746,756,-1,756,746,764,-1,756,764,763,-1,756,762,760,-1,760,762,761,-1,758,757,756,-1,756,757,765,-1,756,765,762,-1,749,759,751,-1,751,759,753,-1,751,753,754,-1,754,753,752,-1,767,768,769,-1,769,768,770,-1,752,771,754,-1,754,771,768,-1,754,768,766,-1,766,768,767,-1,1114,1115,747,-1,747,1115,746,-1,1115,1114,1116,-1,1117,1118,1119,-1,1119,1118,1120,-1,1119,1120,1116,-1,1116,1120,1115,-1,1115,1120,1121,-1,1115,1121,1122,-1,1123,1124,1122,-1,1125,1126,1127,-1,1128,1129,1119,-1,1119,1129,1130,-1,1119,1130,1117,-1,1124,1131,1122,-1,1122,1131,1132,-1,1122,1132,1115,-1,1125,1127,1122,-1,1122,1127,1133,-1,1122,1133,1123,-1,1128,1119,1134,-1,1134,1119,1135,-1,1134,1135,1136,-1,1136,1137,1134,-1,1134,1137,1138,-1,1134,1138,1139,-1,1120,750,755,-1,1120,755,1121,-1,1121,755,756,-1,1121,756,1122,-1,1122,756,760,-1,1122,760,1125,-1,1125,760,761,-1,1125,761,1126,-1,1126,761,762,-1,1126,762,1127,-1,1127,762,765,-1,1127,765,1133,-1,1133,765,757,-1,1133,757,1123,-1,1123,757,758,-1,1123,758,1124,-1,1124,758,763,-1,1124,763,1131,-1,1131,763,764,-1,1131,764,1132,-1,1132,764,746,-1,1132,746,1115,-1,1120,1118,750,-1,750,1118,749,-1,1119,751,754,-1,1119,754,1135,-1,1135,754,766,-1,1135,766,1136,-1,1136,766,767,-1,1136,767,1137,-1,1137,767,769,-1,1137,769,1138,-1,1138,769,770,-1,1138,770,1139,-1,1139,770,768,-1,1139,768,1134,-1,1134,768,771,-1,1134,771,1128,-1,1128,771,752,-1,1128,752,1129,-1,1129,752,753,-1,1129,753,1130,-1,1130,753,759,-1,1130,759,1117,-1,1117,759,749,-1,1117,749,1118,-1,1119,1116,751,-1,751,1116,748,-1,1114,747,1116,-1,1116,747,748,-1,
        ]
    }
}