ISO-10303-21;
HEADER;
FILE_DESCRIPTION (( 'STEP AP214' ),
    '1' );
FILE_NAME ('TO-92S-3_L4.1-W1.7-H6.5-P1.27-L.step',
    '2022-08-01T13:18:32',
    ( '' ),
    ( '' ),
    'SwSTEP 2.0',
    'SolidWorks 2020',
    '' );
FILE_SCHEMA (( 'AUTOMOTIVE_DESIGN' ));
ENDSEC;

DATA;
#1 = CARTESIAN_POINT ( 'NONE',  ( -0.04492004203401965545, 0.8409999996185738569, -2.479251713006657809 ) ) ;
#2 = MECHANICAL_DESIGN_GEOMETRIC_PRESENTATION_REPRESENTATION (  '', ( #9633 ), #4971 ) ;
#3 = ORIENTED_EDGE ( 'NONE', *, *, #5323, .F. ) ;
#5 = CARTESIAN_POINT ( 'NONE',  ( 0.4247676799982919027, 0.8399999996185738560, -2.481825191914147410 ) ) ;
#4 = FILL_AREA_STYLE ('',( #5520 ) ) ;
#6 = CARTESIAN_POINT ( 'NONE',  ( -0.9700180126176402018, 0.8399999996185738560, -2.407242018491924096 ) ) ;
#7 = DIRECTION ( 'NONE',  ( -0.0000000000000000000, -1.000000000000000000, -0.0000000000000000000 ) ) ;
#8 = CARTESIAN_POINT ( 'NONE',  ( -0.3286281671370029911, 0.8399999996185738560, -2.449339993747145172 ) ) ;
#9 =( NAMED_UNIT ( * ) SI_UNIT ( $, .STERADIAN. ) SOLID_ANGLE_UNIT ( ) );
#10 = SURFACE_STYLE_FILL_AREA ( #2973 ) ;
#11 = AXIS2_PLACEMENT_3D ( 'NONE', #9339, #4016, #10215 ) ;
#12 = CARTESIAN_POINT ( 'NONE',  ( -0.4746114569264016647, 0.8409999996185738569, -2.589230155538022604 ) ) ;
#13 = VERTEX_POINT ( 'NONE', #5642 ) ;
#14 = EDGE_CURVE ( 'NONE', #677, #7789, #354, .T. ) ;
#15 = CARTESIAN_POINT ( 'NONE',  ( -0.1581212960691742164, 0.8399999996185738560, -2.159186245637923829 ) ) ;
#16 = UNCERTAINTY_MEASURE_WITH_UNIT (LENGTH_MEASURE( 1.000000000000000082E-05 ), #17, 'distance_accuracy_value', 'NONE');
#17 =( LENGTH_UNIT ( ) NAMED_UNIT ( * ) SI_UNIT ( .MILLI., .METRE. ) );
#18 = CARTESIAN_POINT ( 'NONE',  ( 0.6782780149684399795, 0.8409999996185738569, -2.491629470525244638 ) ) ;
#19 = ORIENTED_EDGE ( 'NONE', *, *, #5395, .F. ) ;
#20 = STYLED_ITEM ( 'NONE', ( #10935 ), #2784 ) ;
#21 = CARTESIAN_POINT ( 'NONE',  ( -0.5951647497025869260, 0.8409999996185738569, -2.130583793551260818 ) ) ;
#22 = STYLED_ITEM ( 'NONE', ( #894 ), #733 ) ;
#23 = SURFACE_STYLE_USAGE ( .BOTH. , #908 ) ;
#24 = CARTESIAN_POINT ( 'NONE',  ( -0.4310027887796453183, 0.8409999996185738569, -2.427283877524723188 ) ) ;
#25 = VERTEX_POINT ( 'NONE', #1206 ) ;
#26 = ORIENTED_EDGE ( 'NONE', *, *, #2735, .T. ) ;
#27 = PLANE ( 'NONE',  #10362 ) ;
#28 = ADVANCED_FACE ( 'NONE', ( #10335 ), #7145, .T. ) ;
#29 =( GEOMETRIC_REPRESENTATION_CONTEXT ( 3 ) GLOBAL_UNCERTAINTY_ASSIGNED_CONTEXT ( ( #827 ) ) GLOBAL_UNIT_ASSIGNED_CONTEXT ( ( #2811, #1037, #9353 ) ) REPRESENTATION_CONTEXT ( 'NONE', 'WORKASPACE' ) );
#30 = EDGE_CURVE ( 'NONE', #7359, #916, #3777, .T. ) ;
#31 = B_SPLINE_CURVE_WITH_KNOTS ( 'NONE', 3,
 ( #2600, #10869, #9939, #1781 ),
 .UNSPECIFIED., .F., .F.,
 ( 4, 4 ),
 ( 0.0000000000000000000, 1.000000000000000000 ),
 .UNSPECIFIED. ) ;
#32 = ORIENTED_EDGE ( 'NONE', *, *, #7547, .F. ) ;
#33 = CARTESIAN_POINT ( 'NONE',  ( -0.01949004502012851442, 0.8399999996185738560, -2.255467739283381956 ) ) ;
#34 = LINE ( 'NONE', #2053, #5983 ) ;
#35 = SURFACE_SIDE_STYLE ('',( #1642 ) ) ;
#36 = CARTESIAN_POINT ( 'NONE',  ( -0.2243903575944334872, 0.8409999996185738569, -2.258791263645847369 ) ) ;
#37 = VERTEX_POINT ( 'NONE', #10276 ) ;
#38 = UNCERTAINTY_MEASURE_WITH_UNIT (LENGTH_MEASURE( 1.000000000000000082E-05 ), #9015, 'distance_accuracy_value', 'NONE');
#39 = SURFACE_STYLE_USAGE ( .BOTH. , #1939 ) ;
#40 = CARTESIAN_POINT ( 'NONE',  ( -0.3614102028919178866, 0.8399999996185738560, -2.444102925054405517 ) ) ;
#41 = CARTESIAN_POINT ( 'NONE',  ( 0.5466206814636389577, 0.8409999996185738569, -2.005617892709753658 ) ) ;
#42 = PLANE ( 'NONE',  #8272 ) ;
#43 = LINE ( 'NONE', #8533, #11947 ) ;
#44 = AXIS2_PLACEMENT_3D ( 'NONE', #10199, #8320, #2780 ) ;
#45 = CARTESIAN_POINT ( 'NONE',  ( -0.4084934646901655642, 0.8399999996185738560, -2.632234546528698260 ) ) ;
#46 = EDGE_LOOP ( 'NONE', ( #3476, #3727, #5215, #5591 ) ) ;
#47 = LINE ( 'NONE', #6204, #386 ) ;
#48 = ORIENTED_EDGE ( 'NONE', *, *, #6085, .F. ) ;
#49 = ORIENTED_EDGE ( 'NONE', *, *, #564, .T. ) ;
#50 = SURFACE_SIDE_STYLE ('',( #8316 ) ) ;
#51 = PLANE ( 'NONE',  #5952 ) ;
#52 = CARTESIAN_POINT ( 'NONE',  ( -0.1926658068640013377, 0.8399999996185738560, -2.085363719653612335 ) ) ;
#53 = B_SPLINE_SURFACE_WITH_KNOTS ( 'NONE', 3, 1, ( 
 ( #11861, #7475 ),
 ( #1802, #10150 ),
 ( #1863, #11194 ),
 ( #5766, #10334 ) ),
 .UNSPECIFIED., .F., .F., .F.,
 ( 4, 4 ),
 ( 2, 2 ),
 ( 3.000000000000000000, 4.000000000000000000 ),
 ( 0.0000000000000000000, 1.000000000000000000 ),
 .UNSPECIFIED. ) ;
#54 = PRESENTATION_LAYER_ASSIGNMENT (  '', '', ( #3288 ) ) ;
#55 = SURFACE_STYLE_FILL_AREA ( #1905 ) ;
#56 = SURFACE_STYLE_USAGE ( .BOTH. , #1128 ) ;
#57 = COLOUR_RGB ( '',1.000000000000000000, 1.000000000000000000, 1.000000000000000000 ) ;
#58 = CARTESIAN_POINT ( 'NONE',  ( -0.3747043003404401107, 0.8399999996185738560, -2.560124139154628331 ) ) ;
#59 = CARTESIAN_POINT ( 'NONE',  ( 0.9696047959044858944, 0.8399999996185738560, -2.186296552481105326 ) ) ;
#60 = EDGE_CURVE ( 'NONE', #7391, #2323, #11302, .T. ) ;
#61 = SURFACE_SIDE_STYLE ('',( #10136 ) ) ;
#62 = ADVANCED_FACE ( 'NONE', ( #5767 ), #11523, .F. ) ;
#63 = EDGE_LOOP ( 'NONE', ( #5604, #8987, #4951, #8886, #1491, #319 ) ) ;
#64 = DIRECTION ( 'NONE',  ( -0.0000000000000000000, -1.000000000000000000, -0.0000000000000000000 ) ) ;
#65 = SURFACE_STYLE_FILL_AREA ( #1619 ) ;
#66 = FILL_AREA_STYLE ('',( #4678 ) ) ;
#67 = ORIENTED_EDGE ( 'NONE', *, *, #2638, .F. ) ;
#68 = DIRECTION ( 'NONE',  ( 1.000000000000000000, -0.0000000000000000000, -4.274056736461056058E-15 ) ) ;
#69 = CARTESIAN_POINT ( 'NONE',  ( 0.6782780149684397575, 0.8399999996185738560, -2.551855677091777075 ) ) ;
#70 = CARTESIAN_POINT ( 'NONE',  ( -0.2268578226511144547, 0.8409999996185738569, -2.539578715823747501 ) ) ;
#71 = ORIENTED_EDGE ( 'NONE', *, *, #2072, .T. ) ;
#72 = PRESENTATION_STYLE_ASSIGNMENT (( #9237 ) ) ;
#73 = FACE_OUTER_BOUND ( 'NONE', #4273, .T. ) ;
#74 = FILL_AREA_STYLE ('',( #10226 ) ) ;
#75 = FILL_AREA_STYLE_COLOUR ( '', #5712 ) ;
#76 = ORIENTED_EDGE ( 'NONE', *, *, #11154, .F. ) ;
#77 = ADVANCED_FACE ( 'NONE', ( #5881 ), #9590, .T. ) ;
#78 = EDGE_CURVE ( 'NONE', #11235, #8601, #6500, .T. ) ;
#79 = CARTESIAN_POINT ( 'NONE',  ( 0.3379298676927366407, 0.8399999996185738560, -2.264730687865104120 ) ) ;
#80 = CARTESIAN_POINT ( 'NONE',  ( -0.7644127100265689645, 0.8399999996185738560, -2.370985389085522588 ) ) ;
#81 = VERTEX_POINT ( 'NONE', #6392 ) ;
#82 = FILL_AREA_STYLE_COLOUR ( '', #1479 ) ;
#83 = UNCERTAINTY_MEASURE_WITH_UNIT (LENGTH_MEASURE( 1.000000000000000082E-05 ), #4151, 'distance_accuracy_value', 'NONE');
#84 = LINE ( 'NONE', #9990, #10763 ) ;
#85 = ORIENTED_EDGE ( 'NONE', *, *, #5201, .T. ) ;
#86 = ADVANCED_FACE ( 'NONE', ( #3823 ), #7522, .F. ) ;
#87 = EDGE_CURVE ( 'NONE', #10599, #2233, #2729, .T. ) ;
#88 = CARTESIAN_POINT ( 'NONE',  ( -0.7868716776863777795, 0.8399999996185738560, -2.393645782464019156 ) ) ;
#89 =( NAMED_UNIT ( * ) SI_UNIT ( $, .STERADIAN. ) SOLID_ANGLE_UNIT ( ) );
#90 = UNCERTAINTY_MEASURE_WITH_UNIT (LENGTH_MEASURE( 1.000000000000000082E-05 ), #3705, 'distance_accuracy_value', 'NONE');
#91 = CARTESIAN_POINT ( 'NONE',  ( -0.3588923814048951000, 0.8399999996185738560, -2.518731153916178744 ) ) ;
#92 = CARTESIAN_POINT ( 'NONE',  ( -0.2955439928040459185, 0.8399999996185738560, -2.563044812078359325 ) ) ;
#93 = EDGE_LOOP ( 'NONE', ( #6045, #776, #9578, #5599 ) ) ;
#94 = CARTESIAN_POINT ( 'NONE',  ( -1.261220445829635439, -0.8400000000000003020, 0.0000000000000000000 ) ) ;
#95 = CARTESIAN_POINT ( 'NONE',  ( -0.4243053836250365030, 0.8399999996185738560, -2.233008771623576028 ) ) ;
#96 = ORIENTED_EDGE ( 'NONE', *, *, #1154, .F. ) ;
#97 = COLOUR_RGB ( '',1.000000000000000000, 1.000000000000000000, 1.000000000000000000 ) ;
#98 = EDGE_CURVE ( 'NONE', #7447, #4256, #9391, .T. ) ;
#99 = ORIENTED_EDGE ( 'NONE', *, *, #6923, .T. ) ;
#100 = SURFACE_SIDE_STYLE ('',( #2135 ) ) ;
#101 = DIRECTION ( 'NONE',  ( 0.0000000000000000000, -0.0000000000000000000, 1.000000000000000000 ) ) ;
#102 = LINE ( 'NONE', #6391, #10447 ) ;
#103 = STYLED_ITEM ( 'NONE', ( #3219 ), #8384 ) ;
#104 = FILL_AREA_STYLE_COLOUR ( '', #6848 ) ;
#105 = CARTESIAN_POINT ( 'NONE',  ( -0.2493671467405855213, 0.8409999996185738569, -2.078112393772600264 ) ) ;
#106 = CARTESIAN_POINT ( 'NONE',  ( -0.2510792653514919981, 0.8399999996185738560, -2.055149861814719703 ) ) ;
#107 = ORIENTED_EDGE ( 'NONE', *, *, #601, .F. ) ;
#108 = B_SPLINE_CURVE_WITH_KNOTS ( 'NONE', 3,
 ( #7974, #4145, #11678, #5279 ),
 .UNSPECIFIED., .F., .F.,
 ( 4, 4 ),
 ( 9.000000000000000000, 10.00000000000000000 ),
 .UNSPECIFIED. ) ;
#109 = CARTESIAN_POINT ( 'NONE',  ( 0.4009573043522013380, 0.8409999996185738569, -2.481825191914147410 ) ) ;
#110 = CARTESIAN_POINT ( 'NONE',  ( 0.7623145971803876320, 0.8409999996185738569, -2.467819094879160957 ) ) ;
#111 = PLANE ( 'NONE',  #6903 ) ;
#112 = CARTESIAN_POINT ( 'NONE',  ( -0.5157023035868132377, 0.8399999996185738560, -2.255467739283379736 ) ) ;
#113 = COLOUR_RGB ( '',1.000000000000000000, 1.000000000000000000, 1.000000000000000000 ) ;
#114 = PRESENTATION_LAYER_ASSIGNMENT (  '', '', ( #312 ) ) ;
#115 = PRESENTATION_LAYER_ASSIGNMENT (  '', '', ( #2769 ) ) ;
#116 = SURFACE_SIDE_STYLE ('',( #10 ) ) ;
#117 = DIRECTION ( 'NONE',  ( 1.000000000000000000, -0.0000000000000000000, -4.274056736461001627E-15 ) ) ;
#118 = ORIENTED_EDGE ( 'NONE', *, *, #6198, .T. ) ;
#119 = SURFACE_SIDE_STYLE ('',( #3655 ) ) ;
#120 = B_SPLINE_CURVE_WITH_KNOTS ( 'NONE', 3,
 ( #2900, #6579, #2726, #1787 ),
 .UNSPECIFIED., .F., .F.,
 ( 4, 4 ),
 ( 9.000000000000000000, 10.00000000000000000 ),
 .UNSPECIFIED. ) ;
#121 = VECTOR ( 'NONE', #4267, 1000.000000000000000 ) ;
#122 = VERTEX_POINT ( 'NONE', #3571 ) ;
#123 = SURFACE_STYLE_FILL_AREA ( #972 ) ;
#124 = COLOUR_RGB ( '',0.9725490196078431238, 0.9686274509803921573, 1.000000000000000000 ) ;
#125 = PLANE ( 'NONE',  #8009 ) ;
#126 = DIRECTION ( 'NONE',  ( -1.000000000000000000, 0.0000000000000000000, -0.0000000000000000000 ) ) ;
#127 =( LENGTH_UNIT ( ) NAMED_UNIT ( * ) SI_UNIT ( .MILLI., .METRE. ) );
#128 = PRESENTATION_LAYER_ASSIGNMENT (  '', '', ( #2986 ) ) ;
#129 =( GEOMETRIC_REPRESENTATION_CONTEXT ( 3 ) GLOBAL_UNCERTAINTY_ASSIGNED_CONTEXT ( ( #7565 ) ) GLOBAL_UNIT_ASSIGNED_CONTEXT ( ( #10477, #6611, #7679 ) ) REPRESENTATION_CONTEXT ( 'NONE', 'WORKASPACE' ) );
#130 =( LENGTH_UNIT ( ) NAMED_UNIT ( * ) SI_UNIT ( .MILLI., .METRE. ) );
#131 = AXIS2_PLACEMENT_3D ( 'NONE', #9610, #1339, #7684 ) ;
#132 = ORIENTED_EDGE ( 'NONE', *, *, #4736, .F. ) ;
#133 = CARTESIAN_POINT ( 'NONE',  ( -0.1957375490774270477, 0.8409999996185738569, -2.484388068838702335 ) ) ;
#134 = ORIENTED_EDGE ( 'NONE', *, *, #11928, .T. ) ;
#135 = DIRECTION ( 'NONE',  ( 0.0000000000000000000, 0.0000000000000000000, -1.000000000000000000 ) ) ;
#136 = MECHANICAL_DESIGN_GEOMETRIC_PRESENTATION_REPRESENTATION (  '', ( #1670 ), #6448 ) ;
#137 = DIRECTION ( 'NONE',  ( -0.0000000000000000000, -1.000000000000000000, -0.0000000000000000000 ) ) ;
#138 = DIRECTION ( 'NONE',  ( -0.0000000000000000000, -0.0000000000000000000, 1.000000000000000000 ) ) ;
#139 = B_SPLINE_SURFACE_WITH_KNOTS ( 'NONE', 3, 1, ( 
 ( #11268, #5906 ),
 ( #1346, #9850 ),
 ( #8706, #11676 ),
 ( #3349, #7034 ) ),
 .UNSPECIFIED., .F., .F., .F.,
 ( 4, 4 ),
 ( 2, 2 ),
 ( 3.000000000000000000, 4.000000000000000000 ),
 ( 0.0000000000000000000, 1.000000000000000000 ),
 .UNSPECIFIED. ) ;
#140 = ORIENTED_EDGE ( 'NONE', *, *, #4006, .F. ) ;
#141 = UNCERTAINTY_MEASURE_WITH_UNIT (LENGTH_MEASURE( 1.000000000000000082E-05 ), #179, 'distance_accuracy_value', 'NONE');
#142 = PRESENTATION_LAYER_ASSIGNMENT (  '', '', ( #2245 ) ) ;
#143 = LINE ( 'NONE', #6622, #4159 ) ;
#144 = FILL_AREA_STYLE_COLOUR ( '', #7032 ) ;
#145 = DIRECTION ( 'NONE',  ( -0.0000000000000000000, -1.000000000000000000, -0.0000000000000000000 ) ) ;
#146 = FILL_AREA_STYLE_COLOUR ( '', #5546 ) ;
#147 =( NAMED_UNIT ( * ) SI_UNIT ( $, .STERADIAN. ) SOLID_ANGLE_UNIT ( ) );
#148 = EDGE_CURVE ( 'NONE', #1300, #1260, #11232, .T. ) ;
#149 = CARTESIAN_POINT ( 'NONE',  ( -0.1812348973154007392, 0.8409999996185738569, -2.544715071657143390 ) ) ;
#150 = EDGE_CURVE ( 'NONE', #7171, #8342, #8429, .T. ) ;
#151 = ORIENTED_EDGE ( 'NONE', *, *, #11552, .F. ) ;
#152 = B_SPLINE_CURVE_WITH_KNOTS ( 'NONE', 3,
 ( #1522, #6183, #7979, #3358 ),
 .UNSPECIFIED., .F., .F.,
 ( 4, 4 ),
 ( 20.00000000000000000, 21.00000000000000000 ),
 .UNSPECIFIED. ) ;
#153 = CARTESIAN_POINT ( 'NONE',  ( -0.7173798046579932253, 0.8409999996185736348, -2.097449262788629198 ) ) ;
#154 = ORIENTED_EDGE ( 'NONE', *, *, #8940, .F. ) ;
#155 =( LENGTH_UNIT ( ) NAMED_UNIT ( * ) SI_UNIT ( .MILLI., .METRE. ) );
#156 = VERTEX_POINT ( 'NONE', #1842 ) ;
#157 = CARTESIAN_POINT ( 'NONE',  ( -0.4744603876373801876, 0.8399999996185738560, -2.533233805678196671 ) ) ;
#158 = PRESENTATION_LAYER_ASSIGNMENT (  '', '', ( #5326 ) ) ;
#159 = CARTESIAN_POINT ( 'NONE',  ( -0.2374326728945910514, 0.8399999996185738560, -2.497380027709188433 ) ) ;
#160 = SURFACE_STYLE_USAGE ( .BOTH. , #10257 ) ;
#161 = VECTOR ( 'NONE', #2314, 1000.000000000000000 ) ;
#162 = LINE ( 'NONE', #3818, #9608 ) ;
#163 = VECTOR ( 'NONE', #283, 1000.000000000000000 ) ;
#164 = CARTESIAN_POINT ( 'NONE',  ( 0.4037584810161113369, 0.8409999996185738569, -2.568662950791342769 ) ) ;
#165 = CARTESIAN_POINT ( 'NONE',  ( 1.035433489371399451, 0.8409999996185738569, -2.345966039984117124 ) ) ;
#166 = EDGE_CURVE ( 'NONE', #11629, #7912, #5515, .T. ) ;
#167 = CARTESIAN_POINT ( 'NONE',  ( 0.3953548441663260471, 0.8409999996185738569, -2.403390989743863226 ) ) ;
#168 = EDGE_CURVE ( 'NONE', #1260, #11864, #3197, .T. ) ;
#169 = B_SPLINE_CURVE_WITH_KNOTS ( 'NONE', 3,
 ( #11672, #3346, #663, #614, #10883, #7158, #7851 ),
 .UNSPECIFIED., .F., .F.,
 ( 4, 3, 4 ),
 ( 0.0000000000000000000, 1.000000000000000000, 2.000000000000000000 ),
 .UNSPECIFIED. ) ;
#170 = EDGE_CURVE ( 'NONE', #3602, #5920, #7269, .T. ) ;
#171 = CARTESIAN_POINT ( 'NONE',  ( -0.1850116295449278081, 0.8409999996185738569, -2.506242759342431015 ) ) ;
#172 = EDGE_LOOP ( 'NONE', ( #1671, #451, #9535, #6865, #5431, #2353, #9289, #6104 ) ) ;
#173 = MECHANICAL_DESIGN_GEOMETRIC_PRESENTATION_REPRESENTATION (  '', ( #6890 ), #7888 ) ;
#174 = CARTESIAN_POINT ( 'NONE',  ( -0.2789263709930535629, 0.8399999996185738560, -2.089795085468891145 ) ) ;
#175 = CARTESIAN_POINT ( 'NONE',  ( 0.3603396015781831219, 0.8409999996185738569, -2.166688008617496219 ) ) ;
#176 =( LENGTH_UNIT ( ) NAMED_UNIT ( * ) SI_UNIT ( .MILLI., .METRE. ) );
#177 = SURFACE_SIDE_STYLE ('',( #2150 ) ) ;
#178 = STYLED_ITEM ( 'NONE', ( #8709 ), #11927 ) ;
#179 =( LENGTH_UNIT ( ) NAMED_UNIT ( * ) SI_UNIT ( .MILLI., .METRE. ) );
#180 = MECHANICAL_DESIGN_GEOMETRIC_PRESENTATION_REPRESENTATION (  '', ( #8264 ), #8461 ) ;
#181 = COLOUR_RGB ( '',1.000000000000000000, 1.000000000000000000, 1.000000000000000000 ) ;
#182 = PLANE ( 'NONE',  #2232 ) ;
#183 = DIRECTION ( 'NONE',  ( -0.0000000000000000000, -1.000000000000000000, -0.0000000000000000000 ) ) ;
#184 =( NAMED_UNIT ( * ) PLANE_ANGLE_UNIT ( ) SI_UNIT ( $, .RADIAN. ) );
#185 = PLANE ( 'NONE',  #1496 ) ;
#186 = PRESENTATION_LAYER_ASSIGNMENT (  '', '', ( #11201 ) ) ;
#187 = LINE ( 'NONE', #10332, #1332 ) ;
#188 = ORIENTED_EDGE ( 'NONE', *, *, #1568, .F. ) ;
#189 = VECTOR ( 'NONE', #664, 1000.000000000000000 ) ;
#190 =( NAMED_UNIT ( * ) PLANE_ANGLE_UNIT ( ) SI_UNIT ( $, .RADIAN. ) );
#191 =( GEOMETRIC_REPRESENTATION_CONTEXT ( 3 ) GLOBAL_UNCERTAINTY_ASSIGNED_CONTEXT ( ( #11006 ) ) GLOBAL_UNIT_ASSIGNED_CONTEXT ( ( #1079, #9229, #10272 ) ) REPRESENTATION_CONTEXT ( 'NONE', 'WORKASPACE' ) );
#192 =( NAMED_UNIT ( * ) PLANE_ANGLE_UNIT ( ) SI_UNIT ( $, .RADIAN. ) );
#193 = ORIENTED_EDGE ( 'NONE', *, *, #546, .T. ) ;
#194 = LINE ( 'NONE', #1640, #6826 ) ;
#195 = CARTESIAN_POINT ( 'NONE',  ( -0.2374326728945912734, 0.8409999996185738569, -2.546225764548683657 ) ) ;
#196 = PRESENTATION_LAYER_ASSIGNMENT (  '', '', ( #1719 ) ) ;
#197 = CARTESIAN_POINT ( 'NONE',  ( -0.7618948885402176963, 0.8409999996185738569, -2.201586359471180643 ) ) ;
#198 = COLOUR_RGB ( '',1.000000000000000000, 1.000000000000000000, 1.000000000000000000 ) ;
#199 = DIRECTION ( 'NONE',  ( 0.0000000000000000000, -0.0000000000000000000, 1.000000000000000000 ) ) ;
#200 = ORIENTED_EDGE ( 'NONE', *, *, #2919, .T. ) ;
#201 = SURFACE_STYLE_FILL_AREA ( #9667 ) ;
#202 = ORIENTED_EDGE ( 'NONE', *, *, #2874, .F. ) ;
#203 = PRESENTATION_STYLE_ASSIGNMENT (( #10354 ) ) ;
#204 = STYLED_ITEM ( 'NONE', ( #10021 ), #2860 ) ;
#205 = EDGE_CURVE ( 'NONE', #3828, #2189, #6338, .T. ) ;
#206 = CARTESIAN_POINT ( 'NONE',  ( -0.8686001631401385481, 0.8399999996185738560, -2.437758014908855131 ) ) ;
#207 = CARTESIAN_POINT ( 'NONE',  ( 0.2200000000000000011, 0.3500000000000004774, -3.279999999999999805 ) ) ;
#208 = ORIENTED_EDGE ( 'NONE', *, *, #3896, .F. ) ;
#209 = COLOUR_RGB ( '',1.000000000000000000, 1.000000000000000000, 1.000000000000000000 ) ;
#210 =( NAMED_UNIT ( * ) PLANE_ANGLE_UNIT ( ) SI_UNIT ( $, .RADIAN. ) );
#211 = PRESENTATION_LAYER_ASSIGNMENT (  '', '', ( #8111 ) ) ;
#212 = CARTESIAN_POINT ( 'NONE',  ( -1.028683253254175645, 0.8409999996185738569, -2.567979742191715431 ) ) ;
#213 = CARTESIAN_POINT ( 'NONE',  ( 1.050000000000000044, -0.02999999999999968317, -3.279999999999999805 ) ) ;
#214 = UNCERTAINTY_MEASURE_WITH_UNIT (LENGTH_MEASURE( 1.000000000000000082E-05 ), #6654, 'distance_accuracy_value', 'NONE');
#215 = LINE ( 'NONE', #3734, #2285 ) ;
#216 = LINE ( 'NONE', #9432, #2284 ) ;
#217 = LINE ( 'NONE', #10303, #5926 ) ;
#218 = B_SPLINE_CURVE_WITH_KNOTS ( 'NONE', 3,
 ( #10315, #2012, #4605, #9446 ),
 .UNSPECIFIED., .F., .F.,
 ( 4, 4 ),
 ( 17.00000000000000000, 18.00000000000000000 ),
 .UNSPECIFIED. ) ;
#219 = FILL_AREA_STYLE_COLOUR ( '', #8375 ) ;
#220 = LINE ( 'NONE', #1054, #5152 ) ;
#221 = B_SPLINE_CURVE_WITH_KNOTS ( 'NONE', 3,
 ( #759, #9022, #8238, #11953 ),
 .UNSPECIFIED., .F., .F.,
 ( 4, 4 ),
 ( 3.000000000000000000, 4.000000000000000000 ),
 .UNSPECIFIED. ) ;
#222 = FILL_AREA_STYLE_COLOUR ( '', #5484 ) ;
#223 = DIRECTION ( 'NONE',  ( -1.000000000000000000, -0.0000000000000000000, -0.0000000000000000000 ) ) ;
#224 = ORIENTED_EDGE ( 'NONE', *, *, #8258, .F. ) ;
#225 = VERTEX_POINT ( 'NONE', #11107 ) ;
#226 = CARTESIAN_POINT ( 'NONE',  ( -0.8346599295000483032, 0.8399999996185738560, -2.424564630319675729 ) ) ;
#227 =( NAMED_UNIT ( * ) SI_UNIT ( $, .STERADIAN. ) SOLID_ANGLE_UNIT ( ) );
#228 = CARTESIAN_POINT ( 'NONE',  ( -0.1314323883114438540, 0.8409999996185738569, -2.160696938530807909 ) ) ;
#229 = LINE ( 'NONE', #1418, #11018 ) ;
#230 = VECTOR ( 'NONE', #6810, 1000.000000000000000 ) ;
#231 = ORIENTED_EDGE ( 'NONE', *, *, #10769, .F. ) ;
#232 = LINE ( 'NONE', #8365, #7863 ) ;
#233 = VERTEX_POINT ( 'NONE', #5439 ) ;
#234 = CARTESIAN_POINT ( 'NONE',  ( -0.1850116295449278081, 0.8399999996185738560, -2.506242759342431015 ) ) ;
#235 = CARTESIAN_POINT ( 'NONE',  ( -0.1153686872275281605, 0.8409999996185738569, -2.479251713006657809 ) ) ;
#236 =( NAMED_UNIT ( * ) PLANE_ANGLE_UNIT ( ) SI_UNIT ( $, .RADIAN. ) );
#237 = CARTESIAN_POINT ( 'NONE',  ( -0.4477714798796501583, 0.8399999996185738560, -2.593258669917257730 ) ) ;
#238 = CLOSED_SHELL ( 'NONE', ( #11675, #7077, #9218, #7059, #10193, #11131, #9219, #5649, #11489, #390, #11779, #5060, #10045, #1267, #682, #267, #11435, #11690, #7147, #7338, #1348, #9175, #8055, #4409, #9852, #7915, #10116, #241, #6981, #3044, #11504, #1499, #5819, #5581, #4275, #4085, #5697, #638, #11415, #8822, #9109, #9434, #325, #5424, #749, #10502, #815, #11253, #6762, #1282, #3094, #3534, #3112, #4914, #6230, #3666, #10676, #2212, #10056, #11078, #8294, #11279, #4985, #926, #5719, #9923, #6493, #2437, #9503, #10043, #3668, #1913, #280, #8635, #4696, #2372, #10703, #5717, #4667, #9141, #8439, #748, #7516, #10912, #8046, #6173, #326, #10521, #11630, #3786, #2694, #6267, #2860, #7367, #3549, #10873, #5756, #11812, #6102, #460, #3120, #1411, #9505, #11551, #2636, #7288, #4837, #733, #11372, #10814, #7535, #846, #8457, #1976, #577, #2438, #8113, #2032, #6216, #2208, #4131, #11944, #7195, #5821, #10871, #1987, #388, #8097, #2737, #8418, #10002, #8590, #5047, #3852, #1765, #4864, #735, #11313, #10394, #7306, #3956, #6649, #6779, #2349, #1100, #3323, #2071, #10812, #10280, #3249, #7214, #3986, #6509, #11174, #4150, #2299, #7843, #10663, #5478, #6099, #7441, #62, #4788, #10827, #6244, #3652, #8074, #7231, #9402, #6778, #8505, #3597, #6337, #9895, #7248, #7020, #86, #9369, #11783, #7176, #8805, #9759, #8340, #11357, #6893, #9735, #9968, #3595, #896, #10592, #6188, #9254, #876, #77, #3216, #11400, #6990, #6834, #11927, #4889, #8203, #306, #9156, #4212, #2710, #10614, #9756, #528, #6961, #4814, #11329, #11354, #3740, #11048, #6415, #2765, #5442, #6367, #3899, #7764, #4474, #6476, #4286, #9453, #10934, #10135, #5957, #1322, #5804, #6689, #8377, #1893, #2491, #6794, #987, #4685, #2359, #8965, #456, #8489, #9242, #2784, #8126, #8390, #28, #7380, #4640 ) ) ;
#239 = VERTEX_POINT ( 'NONE', #882 ) ;
#240 = SURFACE_STYLE_FILL_AREA ( #6787 ) ;
#241 = ADVANCED_FACE ( 'NONE', ( #266 ), #7503, .F. ) ;
#242 = PRESENTATION_STYLE_ASSIGNMENT (( #9585 ) ) ;
#243 = DIRECTION ( 'NONE',  ( 0.9345104387417468850, 0.0000000000000000000, -0.3559357243698752504 ) ) ;
#244 = STYLED_ITEM ( 'NONE', ( #1784 ), #896 ) ;
#245 = EDGE_CURVE ( 'NONE', #10696, #3774, #9543, .T. ) ;
#246 = CARTESIAN_POINT ( 'NONE',  ( -0.6665198106302211434, 0.8409999996185738569, -2.370985389085523476 ) ) ;
#247 = ORIENTED_EDGE ( 'NONE', *, *, #6032, .F. ) ;
#248 = B_SPLINE_SURFACE_WITH_KNOTS ( 'NONE', 3, 1, ( 
 ( #5033, #11736 ),
 ( #6057, #5159 ),
 ( #1565, #8876 ),
 ( #611, #7968 ) ),
 .UNSPECIFIED., .F., .F., .F.,
 ( 4, 4 ),
 ( 2, 2 ),
 ( 33.00000000000000000, 34.00000000000000000 ),
 ( 0.0000000000000000000, 1.000000000000000000 ),
 .UNSPECIFIED. ) ;
#249 = FILL_AREA_STYLE_COLOUR ( '', #1767 ) ;
#250 = CARTESIAN_POINT ( 'NONE',  ( -0.1254399731736046131, 0.8399999996185738560, -2.567979742191718540 ) ) ;
#251 = ORIENTED_EDGE ( 'NONE', *, *, #3307, .T. ) ;
#252 = SURFACE_SIDE_STYLE ('',( #1209 ) ) ;
#253 = CARTESIAN_POINT ( 'NONE',  ( 0.9471950353051988847, 0.8409999996185738569, -2.343164756462825071 ) ) ;
#254 = CARTESIAN_POINT ( 'NONE',  ( -0.3081331002364727234, 0.8399999996185738560, -2.546628615986069377 ) ) ;
#255 = SURFACE_SIDE_STYLE ('',( #315 ) ) ;
#256 = CARTESIAN_POINT ( 'NONE',  ( 0.2200000000000000011, -0.02999999999999966929, -3.279999999999999805 ) ) ;
#257 = EDGE_CURVE ( 'NONE', #3273, #8560, #10426, .T. ) ;
#258 = CARTESIAN_POINT ( 'NONE',  ( 0.2200000000000000011, -0.02999999999999966929, -8.279999999999999361 ) ) ;
#259 = VERTEX_POINT ( 'NONE', #11217 ) ;
#260 = CARTESIAN_POINT ( 'NONE',  ( -0.2000682020347047674, 0.8400000000000000799, -2.551059981802691556 ) ) ;
#261 = ORIENTED_EDGE ( 'NONE', *, *, #9965, .F. ) ;
#262 = CARTESIAN_POINT ( 'NONE',  ( -0.2324977427812310593, 0.8409999996185738569, -2.078112393772600264 ) ) ;
#263 = DIRECTION ( 'NONE',  ( -1.000000000000000000, -0.0000000000000000000, -0.0000000000000000000 ) ) ;
#264 = ORIENTED_EDGE ( 'NONE', *, *, #10169, .T. ) ;
#265 = UNCERTAINTY_MEASURE_WITH_UNIT (LENGTH_MEASURE( 1.000000000000000082E-05 ), #7379, 'distance_accuracy_value', 'NONE');
#266 = FACE_OUTER_BOUND ( 'NONE', #3587, .T. ) ;
#267 = ADVANCED_FACE ( 'NONE', ( #5666 ), #403, .F. ) ;
#268 = FACE_OUTER_BOUND ( 'NONE', #5413, .T. ) ;
#269 = SURFACE_SIDE_STYLE ('',( #2065 ) ) ;
#270 = LINE ( 'NONE', #4704, #8851 ) ;
#271 = PLANE ( 'NONE',  #1889 ) ;
#272 = CARTESIAN_POINT ( 'NONE',  ( -0.8100859917926170883, 0.8399999996185738560, -2.255467739283379291 ) ) ;
#273 = DIRECTION ( 'NONE',  ( -0.0000000000000000000, -1.000000000000000000, -0.0000000000000000000 ) ) ;
#274 = ORIENTED_EDGE ( 'NONE', *, *, #548, .F. ) ;
#275 =( NAMED_UNIT ( * ) SI_UNIT ( $, .STERADIAN. ) SOLID_ANGLE_UNIT ( ) );
#276 = VERTEX_POINT ( 'NONE', #212 ) ;
#277 = FACE_OUTER_BOUND ( 'NONE', #10436, .T. ) ;
#278 = CARTESIAN_POINT ( 'NONE',  ( 0.8071340649512808163, 0.8399999996185738560, -2.203103786108907780 ) ) ;
#279 = FACE_OUTER_BOUND ( 'NONE', #5102, .T. ) ;
#280 = ADVANCED_FACE ( 'NONE', ( #4040 ), #4048, .T. ) ;
#281 = CARTESIAN_POINT ( 'NONE',  ( -0.1774581650852088688, 0.8409999996185738569, -2.215384021217778443 ) ) ;
#282 = DIRECTION ( 'NONE',  ( 0.0000000000000000000, -0.0000000000000000000, 1.000000000000000000 ) ) ;
#283 = DIRECTION ( 'NONE',  ( 1.000000000000000000, -0.0000000000000000000, -0.0000000000000000000 ) ) ;
#284 = ORIENTED_EDGE ( 'NONE', *, *, #7369, .F. ) ;
#285 = CARTESIAN_POINT ( 'NONE',  ( 0.7385042215349684191, 0.8409999996185738569, -2.077048992933515859 ) ) ;
#286 = CARTESIAN_POINT ( 'NONE',  ( 0.9457944736880895542, 0.8399999996185738560, -2.532247119870911778 ) ) ;
#287 = VERTEX_POINT ( 'NONE', #5174 ) ;
#288 =( GEOMETRIC_REPRESENTATION_CONTEXT ( 3 ) GLOBAL_UNCERTAINTY_ASSIGNED_CONTEXT ( ( #3858 ) ) GLOBAL_UNIT_ASSIGNED_CONTEXT ( ( #450, #5962, #10781 ) ) REPRESENTATION_CONTEXT ( 'NONE', 'WORKASPACE' ) );
#289 = MECHANICAL_DESIGN_GEOMETRIC_PRESENTATION_REPRESENTATION (  '', ( #3912 ), #7194 ) ;
#290 = SURFACE_STYLE_USAGE ( .BOTH. , #6653 ) ;
#291 = LINE ( 'NONE', #3762, #7451 ) ;
#292 = CARTESIAN_POINT ( 'NONE',  ( -0.5951647497025869260, 0.8400000000000000799, -2.155157731260029408 ) ) ;
#293 = PRESENTATION_LAYER_ASSIGNMENT (  '', '', ( #11100 ) ) ;
#294 = DIRECTION ( 'NONE',  ( -0.0000000000000000000, -1.000000000000000000, -0.0000000000000000000 ) ) ;
#295 = VERTEX_POINT ( 'NONE', #1584 ) ;
#296 = CARTESIAN_POINT ( 'NONE',  ( -0.3661940637162552914, 0.8409999996185738569, -2.494056503348062837 ) ) ;
#297 = FACE_OUTER_BOUND ( 'NONE', #10463, .T. ) ;
#298 = B_SPLINE_CURVE_WITH_KNOTS ( 'NONE', 3,
 ( #5335, #6471, #5447, #2794 ),
 .UNSPECIFIED., .F., .F.,
 ( 4, 4 ),
 ( 12.00000000000000000, 13.00000000000000000 ),
 .UNSPECIFIED. ) ;
#299 =( GEOMETRIC_REPRESENTATION_CONTEXT ( 3 ) GLOBAL_UNCERTAINTY_ASSIGNED_CONTEXT ( ( #5558 ) ) GLOBAL_UNIT_ASSIGNED_CONTEXT ( ( #2440, #7014, #3095 ) ) REPRESENTATION_CONTEXT ( 'NONE', 'WORKASPACE' ) );
#300 =( GEOMETRIC_REPRESENTATION_CONTEXT ( 3 ) GLOBAL_UNCERTAINTY_ASSIGNED_CONTEXT ( ( #1164 ) ) GLOBAL_UNIT_ASSIGNED_CONTEXT ( ( #9347, #8453, #2533 ) ) REPRESENTATION_CONTEXT ( 'NONE', 'WORKASPACE' ) );
#301 = SURFACE_STYLE_FILL_AREA ( #1972 ) ;
#302 = VERTEX_POINT ( 'NONE', #7807 ) ;
#303 = LINE ( 'NONE', #8687, #2810 ) ;
#304 = ORIENTED_EDGE ( 'NONE', *, *, #5308, .T. ) ;
#305 = CARTESIAN_POINT ( 'NONE',  ( -0.4460090048390730755, 0.8409999996185738569, -2.634248803718319820 ) ) ;
#306 = ADVANCED_FACE ( 'NONE', ( #7049 ), #10548, .F. ) ;
#307 = EDGE_CURVE ( 'NONE', #7193, #11071, #507, .T. ) ;
#308 = SURFACE_STYLE_USAGE ( .BOTH. , #1439 ) ;
#309 = EDGE_CURVE ( 'NONE', #3792, #11456, #8048, .T. ) ;
#310 =( GEOMETRIC_REPRESENTATION_CONTEXT ( 3 ) GLOBAL_UNCERTAINTY_ASSIGNED_CONTEXT ( ( #4818 ) ) GLOBAL_UNIT_ASSIGNED_CONTEXT ( ( #3500, #5432, #10124 ) ) REPRESENTATION_CONTEXT ( 'NONE', 'WORKASPACE' ) );
#311 = B_SPLINE_CURVE_WITH_KNOTS ( 'NONE', 3,
 ( #7057, #7992, #10731, #2420 ),
 .UNSPECIFIED., .F., .F.,
 ( 4, 4 ),
 ( 4.000000000000000000, 5.000000000000000000 ),
 .UNSPECIFIED. ) ;
#312 = STYLED_ITEM ( 'NONE', ( #4901 ), #6834 ) ;
#313 =( LENGTH_UNIT ( ) NAMED_UNIT ( * ) SI_UNIT ( .MILLI., .METRE. ) );
#314 = MECHANICAL_DESIGN_GEOMETRIC_PRESENTATION_REPRESENTATION (  '', ( #2769 ), #6049 ) ;
#315 = SURFACE_STYLE_FILL_AREA ( #4810 ) ;
#316 = CARTESIAN_POINT ( 'NONE',  ( 0.4387737236049271128, 0.8399999996185738560, -2.329158659427834621 ) ) ;
#317 = SURFACE_STYLE_USAGE ( .BOTH. , #7676 ) ;
#318 = PRESENTATION_LAYER_ASSIGNMENT (  '', '', ( #7834 ) ) ;
#319 = ORIENTED_EDGE ( 'NONE', *, *, #9737, .T. ) ;
#320 = COLOUR_RGB ( '',0.9725490196078431238, 0.9686274509803921573, 1.000000000000000000 ) ;
#321 = FACE_OUTER_BOUND ( 'NONE', #1580, .T. ) ;
#322 = VECTOR ( 'NONE', #3955, 1000.000000000000000 ) ;
#323 = VERTEX_POINT ( 'NONE', #2237 ) ;
#324 = FACE_OUTER_BOUND ( 'NONE', #7683, .T. ) ;
#325 = ADVANCED_FACE ( 'NONE', ( #1528 ), #3469, .F. ) ;
#326 = ADVANCED_FACE ( 'NONE', ( #9172 ), #10898, .T. ) ;
#327 = DIRECTION ( 'NONE',  ( -0.0000000000000000000, -1.000000000000000000, -0.0000000000000000000 ) ) ;
#328 = LINE ( 'NONE', #207, #11740 ) ;
#329 = VECTOR ( 'NONE', #8682, 1000.000000000000000 ) ;
#330 = ORIENTED_EDGE ( 'NONE', *, *, #1367, .T. ) ;
#331 = PRESENTATION_LAYER_ASSIGNMENT (  '', '', ( #1666 ) ) ;
#332 = ORIENTED_EDGE ( 'NONE', *, *, #5585, .F. ) ;
#333 =( GEOMETRIC_REPRESENTATION_CONTEXT ( 3 ) GLOBAL_UNCERTAINTY_ASSIGNED_CONTEXT ( ( #8040 ) ) GLOBAL_UNIT_ASSIGNED_CONTEXT ( ( #11210, #6495, #9306 ) ) REPRESENTATION_CONTEXT ( 'NONE', 'WORKASPACE' ) );
#334 = CARTESIAN_POINT ( 'NONE',  ( -0.01949004502012786216, 0.8409999996185738569, -2.058473386177187336 ) ) ;
#335 = FILL_AREA_STYLE_COLOUR ( '', #5344 ) ;
#336 = STYLED_ITEM ( 'NONE', ( #10629 ), #9402 ) ;
#337 = AXIS2_PLACEMENT_3D ( 'NONE', #6283, #2614, #837 ) ;
#338 = CARTESIAN_POINT ( 'NONE',  ( -0.7336449314612693007, 0.8409999996185738569, -2.545520774531907726 ) ) ;
#339 = CARTESIAN_POINT ( 'NONE',  ( -0.5735618413472309829, 0.8409999996185738569, -2.099664945696942286 ) ) ;
#340 = COLOUR_RGB ( '',1.000000000000000000, 1.000000000000000000, 1.000000000000000000 ) ;
#341 =( NAMED_UNIT ( * ) PLANE_ANGLE_UNIT ( ) SI_UNIT ( $, .RADIAN. ) );
#342 = CARTESIAN_POINT ( 'NONE',  ( -0.3401094331159405515, 0.8399999996185738560, -2.444102925054405517 ) ) ;
#343 = SURFACE_STYLE_FILL_AREA ( #8535 ) ;
#344 = EDGE_CURVE ( 'NONE', #3259, #9912, #10845, .T. ) ;
#345 = LINE ( 'NONE', #6516, #8639 ) ;
#346 = ORIENTED_EDGE ( 'NONE', *, *, #5783, .T. ) ;
#347 = PRESENTATION_STYLE_ASSIGNMENT (( #9634 ) ) ;
#348 = AXIS2_PLACEMENT_3D ( 'NONE', #10672, #8829, #3068 ) ;
#349 = ORIENTED_EDGE ( 'NONE', *, *, #3160, .F. ) ;
#350 = PRESENTATION_LAYER_ASSIGNMENT (  '', '', ( #6463 ) ) ;
#351 = DIRECTION ( 'NONE',  ( -0.0000000000000000000, -0.0000000000000000000, 1.000000000000000000 ) ) ;
#352 = LINE ( 'NONE', #10375, #4070 ) ;
#353 = FACE_OUTER_BOUND ( 'NONE', #6039, .T. ) ;
#354 = B_SPLINE_CURVE_WITH_KNOTS ( 'NONE', 3,
 ( #4744, #6480, #10222, #4630 ),
 .UNSPECIFIED., .F., .F.,
 ( 4, 4 ),
 ( 21.00000000000000000, 22.00000000000000000 ),
 .UNSPECIFIED. ) ;
#355 = PLANE ( 'NONE',  #8636 ) ;
#356 = B_SPLINE_SURFACE_WITH_KNOTS ( 'NONE', 3, 1, ( 
 ( #8581, #2532 ),
 ( #8946, #5357 ),
 ( #3427, #1637 ),
 ( #9003, #7119 ) ),
 .UNSPECIFIED., .F., .F., .F.,
 ( 4, 4 ),
 ( 2, 2 ),
 ( 11.00000000000000000, 12.00000000000000000 ),
 ( 0.0000000000000000000, 1.000000000000000000 ),
 .UNSPECIFIED. ) ;
#357 = CARTESIAN_POINT ( 'NONE',  ( -0.2324977427812310593, 0.8399999996185738560, -2.078112393772600264 ) ) ;
#358 =( GEOMETRIC_REPRESENTATION_CONTEXT ( 3 ) GLOBAL_UNCERTAINTY_ASSIGNED_CONTEXT ( ( #11514 ) ) GLOBAL_UNIT_ASSIGNED_CONTEXT ( ( #5099, #11745, #3416 ) ) REPRESENTATION_CONTEXT ( 'NONE', 'WORKASPACE' ) );
#359 = EDGE_LOOP ( 'NONE', ( #6488, #9301, #2947, #6770 ) ) ;
#360 =( LENGTH_UNIT ( ) NAMED_UNIT ( * ) SI_UNIT ( .MILLI., .METRE. ) );
#361 = PRESENTATION_LAYER_ASSIGNMENT (  '', '', ( #4757 ) ) ;
#362 = ORIENTED_EDGE ( 'NONE', *, *, #10054, .F. ) ;
#363 = DIRECTION ( 'NONE',  ( 1.000000000000000000, -0.0000000000000000000, -0.0000000000000000000 ) ) ;
#364 = DIRECTION ( 'NONE',  ( -0.0000000000000000000, -1.000000000000000000, -0.0000000000000000000 ) ) ;
#365 = EDGE_CURVE ( 'NONE', #10745, #7301, #474, .T. ) ;
#366 =( NAMED_UNIT ( * ) SI_UNIT ( $, .STERADIAN. ) SOLID_ANGLE_UNIT ( ) );
#367 =( NAMED_UNIT ( * ) PLANE_ANGLE_UNIT ( ) SI_UNIT ( $, .RADIAN. ) );
#368 = VECTOR ( 'NONE', #1067, 1000.000000000000000 ) ;
#369 =( NAMED_UNIT ( * ) PLANE_ANGLE_UNIT ( ) SI_UNIT ( $, .RADIAN. ) );
#370 = ORIENTED_EDGE ( 'NONE', *, *, #1728, .F. ) ;
#371 = CARTESIAN_POINT ( 'NONE',  ( 0.2200000000000000011, -0.02999999999999966929, -3.279999999999999805 ) ) ;
#372 = DIRECTION ( 'NONE',  ( -1.000000000000000000, 0.0000000000000000000, -0.0000000000000000000 ) ) ;
#373 = CARTESIAN_POINT ( 'NONE',  ( -0.3504828576400529361, 0.8409999996185738569, -2.488215157499243269 ) ) ;
#374 = ORIENTED_EDGE ( 'NONE', *, *, #7161, .T. ) ;
#375 = COLOUR_RGB ( '',0.0000000000000000000, 0.01960784313725490169, 0.02745098039215686236 ) ;
#376 =( NAMED_UNIT ( * ) SI_UNIT ( $, .STERADIAN. ) SOLID_ANGLE_UNIT ( ) );
#377 = CARTESIAN_POINT ( 'NONE',  ( -0.8388898695979771780, 0.8399999996185738560, -2.540384418699861868 ) ) ;
#378 = VERTEX_POINT ( 'NONE', #11870 ) ;
#379 = VECTOR ( 'NONE', #6566, 1000.000000000000000 ) ;
#380 =( NAMED_UNIT ( * ) PLANE_ANGLE_UNIT ( ) SI_UNIT ( $, .RADIAN. ) );
#381 = VECTOR ( 'NONE', #5489, 1000.000000000000000 ) ;
#382 = SURFACE_STYLE_FILL_AREA ( #1153 ) ;
#383 = PLANE ( 'NONE',  #10120 ) ;
#384 = B_SPLINE_CURVE_WITH_KNOTS ( 'NONE', 3,
 ( #6053, #775, #3230, #2449 ),
 .UNSPECIFIED., .F., .F.,
 ( 4, 4 ),
 ( 15.00000000000000000, 16.00000000000000000 ),
 .UNSPECIFIED. ) ;
#385 = CARTESIAN_POINT ( 'NONE',  ( -0.7196458439959781961, 0.8399999996185738560, -2.089593659750196508 ) ) ;
#386 = VECTOR ( 'NONE', #11891, 1000.000000000000000 ) ;
#387 = CARTESIAN_POINT ( 'NONE',  ( -0.1762999672013772223, 0.8409999996185738569, -2.514702639536937401 ) ) ;
#388 = ADVANCED_FACE ( 'NONE', ( #3667 ), #27, .T. ) ;
#389 = SURFACE_STYLE_USAGE ( .BOTH. , #7033 ) ;
#390 = ADVANCED_FACE ( 'NONE', ( #6609 ), #10406, .F. ) ;
#391 = COLOUR_RGB ( '',0.9725490196078431238, 0.9686274509803921573, 1.000000000000000000 ) ;
#392 = MECHANICAL_DESIGN_GEOMETRIC_PRESENTATION_REPRESENTATION (  '', ( #1714 ), #5747 ) ;
#393 = ORIENTED_EDGE ( 'NONE', *, *, #4697, .T. ) ;
#394 =( NAMED_UNIT ( * ) SI_UNIT ( $, .STERADIAN. ) SOLID_ANGLE_UNIT ( ) );
#395 = VERTEX_POINT ( 'NONE', #10345 ) ;
#396 =( GEOMETRIC_REPRESENTATION_CONTEXT ( 3 ) GLOBAL_UNCERTAINTY_ASSIGNED_CONTEXT ( ( #7635 ) ) GLOBAL_UNIT_ASSIGNED_CONTEXT ( ( #9919, #3675, #7375 ) ) REPRESENTATION_CONTEXT ( 'NONE', 'WORKASPACE' ) );
#397 = MECHANICAL_DESIGN_GEOMETRIC_PRESENTATION_REPRESENTATION (  '', ( #9245 ), #3240 ) ;
#398 = CARTESIAN_POINT ( 'NONE',  ( 0.2286823215024052780, 0.8409999996185738569, -2.373978234055434733 ) ) ;
#399 = EDGE_LOOP ( 'NONE', ( #11555, #2132, #5098, #2073 ) ) ;
#400 = EDGE_LOOP ( 'NONE', ( #5125, #6054, #5623, #2587 ) ) ;
#401 = CARTESIAN_POINT ( 'NONE',  ( 0.3295262308429499076, 0.8399999996185738560, -2.483225780245764458 ) ) ;
#402 = EDGE_CURVE ( 'NONE', #81, #11448, #6928, .T. ) ;
#403 = PLANE ( 'NONE',  #8213 ) ;
#404 = EDGE_CURVE ( 'NONE', #553, #3880, #4755, .T. ) ;
#405 = SURFACE_STYLE_USAGE ( .BOTH. , #7696 ) ;
#406 = FILL_AREA_STYLE ('',( #6942 ) ) ;
#407 = CARTESIAN_POINT ( 'NONE',  ( 0.5452200931313473387, 0.8399999996185738560, -2.089654474922372440 ) ) ;
#408 = CARTESIAN_POINT ( 'NONE',  ( 0.9261858897520449663, 0.8399999996185738560, -2.142877646327320473 ) ) ;
#409 =( LENGTH_UNIT ( ) NAMED_UNIT ( * ) SI_UNIT ( .MILLI., .METRE. ) );
#410 = CARTESIAN_POINT ( 'NONE',  ( -0.5155512342977920381, 0.8409999996185738569, -2.233008771623575583 ) ) ;
#411 = CARTESIAN_POINT ( 'NONE',  ( 0.4387737236049271128, 0.8399999996185738560, -2.329158659427834621 ) ) ;
#412 = CARTESIAN_POINT ( 'NONE',  ( -0.9709747847814359512, 0.8409999996185738569, -2.409961265696968447 ) ) ;
#413 = ORIENTED_EDGE ( 'NONE', *, *, #9738, .T. ) ;
#414 = FILL_AREA_STYLE ('',( #7816 ) ) ;
#415 = VERTEX_POINT ( 'NONE', #2875 ) ;
#416 = UNCERTAINTY_MEASURE_WITH_UNIT (LENGTH_MEASURE( 1.000000000000000082E-05 ), #127, 'distance_accuracy_value', 'NONE');
#417 = FILL_AREA_STYLE ('',( #3925 ) ) ;
#418 = EDGE_CURVE ( 'NONE', #8358, #7140, #4865, .T. ) ;
#419 = SURFACE_STYLE_FILL_AREA ( #6833 ) ;
#420 = FACE_OUTER_BOUND ( 'NONE', #8210, .T. ) ;
#421 = EDGE_CURVE ( 'NONE', #4740, #6341, #7606, .T. ) ;
#422 = ORIENTED_EDGE ( 'NONE', *, *, #2806, .F. ) ;
#423 = PRESENTATION_LAYER_ASSIGNMENT (  '', '', ( #9264 ) ) ;
#424 = CARTESIAN_POINT ( 'NONE',  ( -0.7173798046579930032, 0.8399999996185738560, -2.097449262788629643 ) ) ;
#425 = FILL_AREA_STYLE_COLOUR ( '', #10549 ) ;
#426 = ORIENTED_EDGE ( 'NONE', *, *, #7599, .F. ) ;
#427 = DIRECTION ( 'NONE',  ( -0.3315284183503968696, -0.0000000000000000000, 0.9434452330824953936 ) ) ;
#428 = FILL_AREA_STYLE ('',( #2854 ) ) ;
#429 = CARTESIAN_POINT ( 'NONE',  ( 0.2959115231574019900, 0.8399999996185738560, -2.147079478111145523 ) ) ;
#430 = ORIENTED_EDGE ( 'NONE', *, *, #1710, .F. ) ;
#431 =( NAMED_UNIT ( * ) SI_UNIT ( $, .STERADIAN. ) SOLID_ANGLE_UNIT ( ) );
#432 = CARTESIAN_POINT ( 'NONE',  ( -0.2374326728945912734, 0.8409999996185738569, -2.546225764548683657 ) ) ;
#433 = CARTESIAN_POINT ( 'NONE',  ( -0.3555185006134269909, 0.8409999996185738569, -2.551160694662033546 ) ) ;
#434 = EDGE_CURVE ( 'NONE', #9162, #10397, #7417, .T. ) ;
#435 = ORIENTED_EDGE ( 'NONE', *, *, #5595, .T. ) ;
#436 =( NAMED_UNIT ( * ) SI_UNIT ( $, .STERADIAN. ) SOLID_ANGLE_UNIT ( ) );
#437 = CARTESIAN_POINT ( 'NONE',  ( -0.3330595329536246707, 0.8409999996185738569, -2.506142046483079699 ) ) ;
#438 = VERTEX_POINT ( 'NONE', #6676 ) ;
#439 = CARTESIAN_POINT ( 'NONE',  ( -0.4627273395100774955, 0.8399999996185738560, -2.619242587658220156 ) ) ;
#440 = CARTESIAN_POINT ( 'NONE',  ( 0.9471950353051987737, 0.8409999996185738569, -2.400589759651599486 ) ) ;
#441 = MECHANICAL_DESIGN_GEOMETRIC_PRESENTATION_REPRESENTATION (  '', ( #11826 ), #7146 ) ;
#442 =( NAMED_UNIT ( * ) SI_UNIT ( $, .STERADIAN. ) SOLID_ANGLE_UNIT ( ) );
#443 =( NAMED_UNIT ( * ) PLANE_ANGLE_UNIT ( ) SI_UNIT ( $, .RADIAN. ) );
#444 = FILL_AREA_STYLE ('',( #9602 ) ) ;
#445 = EDGE_LOOP ( 'NONE', ( #4074, #10290 ) ) ;
#446 = STYLED_ITEM ( 'NONE', ( #2136 ), #987 ) ;
#447 = ORIENTED_EDGE ( 'NONE', *, *, #11958, .F. ) ;
#448 =( NAMED_UNIT ( * ) SI_UNIT ( $, .STERADIAN. ) SOLID_ANGLE_UNIT ( ) );
#449 = DIRECTION ( 'NONE',  ( -0.0000000000000000000, -1.000000000000000000, -0.0000000000000000000 ) ) ;
#450 =( LENGTH_UNIT ( ) NAMED_UNIT ( * ) SI_UNIT ( .MILLI., .METRE. ) );
#451 = ORIENTED_EDGE ( 'NONE', *, *, #459, .T. ) ;
#452 = ORIENTED_EDGE ( 'NONE', *, *, #5026, .T. ) ;
#453 =( NAMED_UNIT ( * ) PLANE_ANGLE_UNIT ( ) SI_UNIT ( $, .RADIAN. ) );
#454 = SURFACE_STYLE_USAGE ( .BOTH. , #4280 ) ;
#455 =( LENGTH_UNIT ( ) NAMED_UNIT ( * ) SI_UNIT ( .MILLI., .METRE. ) );
#456 = ADVANCED_FACE ( 'NONE', ( #9302 ), #5401, .F. ) ;
#457 = CARTESIAN_POINT ( 'NONE',  ( 0.6516663825148983902, 0.8409999996185738569, -2.397788529557989712 ) ) ;
#458 = CARTESIAN_POINT ( 'NONE',  ( -0.4869487822111340791, 0.8400000000000000799, -2.081133779555683461 ) ) ;
#459 = EDGE_CURVE ( 'NONE', #746, #566, #7066, .T. ) ;
#460 = ADVANCED_FACE ( 'NONE', ( #617 ), #7742, .F. ) ;
#461 = CARTESIAN_POINT ( 'NONE',  ( -0.7540392855017846729, 0.8399999996185738560, -2.179328817530069351 ) ) ;
#462 = VERTEX_POINT ( 'NONE', #3348 ) ;
#463 = ORIENTED_EDGE ( 'NONE', *, *, #11463, .T. ) ;
#464 =( LENGTH_UNIT ( ) NAMED_UNIT ( * ) SI_UNIT ( .MILLI., .METRE. ) );
#465 = B_SPLINE_CURVE_WITH_KNOTS ( 'NONE', 3,
 ( #2397, #11738, #6975, #6124 ),
 .UNSPECIFIED., .F., .F.,
 ( 4, 4 ),
 ( 4.000000000000000000, 5.000000000000000000 ),
 .UNSPECIFIED. ) ;
#466 = CARTESIAN_POINT ( 'NONE',  ( 0.2805048377901227519, 0.8409999996185738569, -2.189097769216112876 ) ) ;
#467 = DIRECTION ( 'NONE',  ( 0.4673073067545596149, -0.0000000000000000000, 0.8840949502478792077 ) ) ;
#468 = FACE_BOUND ( 'NONE', #2821, .T. ) ;
#469 = ORIENTED_EDGE ( 'NONE', *, *, #4037, .F. ) ;
#470 = CARTESIAN_POINT ( 'NONE',  ( 0.5914402026622124220, 0.8409999996185738569, -2.521042199499166081 ) ) ;
#471 = PRESENTATION_STYLE_ASSIGNMENT (( #8732 ) ) ;
#472 = ORIENTED_EDGE ( 'NONE', *, *, #7578, .F. ) ;
#473 = PLANE ( 'NONE',  #5551 ) ;
#474 = B_SPLINE_CURVE_WITH_KNOTS ( 'NONE', 3,
 ( #737, #10101, #5355, #1812 ),
 .UNSPECIFIED., .F., .F.,
 ( 4, 4 ),
 ( 2.000000000000000000, 3.000000000000000000 ),
 .UNSPECIFIED. ) ;
#475 = CARTESIAN_POINT ( 'NONE',  ( -0.7082149344480574982, 0.8409999996185738569, -2.370985389085523032 ) ) ;
#476 = EDGE_CURVE ( 'NONE', #3878, #1222, #6805, .T. ) ;
#477 = LINE ( 'NONE', #4119, #2631 ) ;
#478 = CARTESIAN_POINT ( 'NONE',  ( 0.8071340649512808163, 0.8399999996185738560, -2.203103786108907780 ) ) ;
#479 = EDGE_LOOP ( 'NONE', ( #1184, #11508, #1410, #6517 ) ) ;
#480 = LINE ( 'NONE', #544, #6956 ) ;
#481 = CARTESIAN_POINT ( 'NONE',  ( -0.6710015328765218667, 0.8409999996185738569, -2.545520774531907726 ) ) ;
#482 =( NAMED_UNIT ( * ) SI_UNIT ( $, .STERADIAN. ) SOLID_ANGLE_UNIT ( ) );
#483 = VERTEX_POINT ( 'NONE', #10533 ) ;
#484 =( GEOMETRIC_REPRESENTATION_CONTEXT ( 3 ) GLOBAL_UNCERTAINTY_ASSIGNED_CONTEXT ( ( #4392 ) ) GLOBAL_UNIT_ASSIGNED_CONTEXT ( ( #6629, #1945, #2067 ) ) REPRESENTATION_CONTEXT ( 'NONE', 'WORKASPACE' ) );
#485 = CARTESIAN_POINT ( 'NONE',  ( -0.5405783798736232271, 0.8399999996185738560, -2.233008771623575139 ) ) ;
#486 = CARTESIAN_POINT ( 'NONE',  ( 2.100000000000000089, -0.02999999999999966929, 0.0000000000000000000 ) ) ;
#487 = ORIENTED_EDGE ( 'NONE', *, *, #8129, .T. ) ;
#488 = CARTESIAN_POINT ( 'NONE',  ( 0.9121797927163823871, 0.8409999996185738569, -2.449611099275401660 ) ) ;
#489 = CARTESIAN_POINT ( 'NONE',  ( -0.4142340976789598561, 0.8409999996185738569, -2.166739710098317229 ) ) ;
#490 = VECTOR ( 'NONE', #3541, 1000.000000000000000 ) ;
#491 = LINE ( 'NONE', #10657, #1837 ) ;
#492 = FILL_AREA_STYLE_COLOUR ( '', #2479 ) ;
#493 = FACE_OUTER_BOUND ( 'NONE', #4022, .T. ) ;
#494 = ORIENTED_EDGE ( 'NONE', *, *, #11728, .F. ) ;
#495 = UNCERTAINTY_MEASURE_WITH_UNIT (LENGTH_MEASURE( 1.000000000000000082E-05 ), #1012, 'distance_accuracy_value', 'NONE');
#496 = DIRECTION ( 'NONE',  ( -0.0000000000000000000, -1.000000000000000000, -0.0000000000000000000 ) ) ;
#497 = ORIENTED_EDGE ( 'NONE', *, *, #10284, .F. ) ;
#498 = MECHANICAL_DESIGN_GEOMETRIC_PRESENTATION_REPRESENTATION (  '', ( #103 ), #299 ) ;
#499 = STYLED_ITEM ( 'NONE', ( #3109 ), #6689 ) ;
#500 = PRESENTATION_STYLE_ASSIGNMENT (( #1103 ) ) ;
#501 = EDGE_CURVE ( 'NONE', #1300, #8547, #5908, .T. ) ;
#502 = ORIENTED_EDGE ( 'NONE', *, *, #6849, .T. ) ;
#503 = ORIENTED_EDGE ( 'NONE', *, *, #10100, .F. ) ;
#504 =( GEOMETRIC_REPRESENTATION_CONTEXT ( 3 ) GLOBAL_UNCERTAINTY_ASSIGNED_CONTEXT ( ( #3616 ) ) GLOBAL_UNIT_ASSIGNED_CONTEXT ( ( #10695, #9648, #1490 ) ) REPRESENTATION_CONTEXT ( 'NONE', 'WORKASPACE' ) );
#505 = PLANE ( 'NONE',  #348 ) ;
#506 = PRESENTATION_LAYER_ASSIGNMENT (  '', '', ( #2956 ) ) ;
#507 = LINE ( 'NONE', #2409, #9768 ) ;
#508 = PRESENTATION_LAYER_ASSIGNMENT (  '', '', ( #3171 ) ) ;
#509 =( NAMED_UNIT ( * ) PLANE_ANGLE_UNIT ( ) SI_UNIT ( $, .RADIAN. ) );
#510 = UNCERTAINTY_MEASURE_WITH_UNIT (LENGTH_MEASURE( 1.000000000000000082E-05 ), #9335, 'distance_accuracy_value', 'NONE');
#511 = SURFACE_STYLE_USAGE ( .BOTH. , #8767 ) ;
#512 = DIRECTION ( 'NONE',  ( 0.0000000000000000000, 0.0000000000000000000, 1.000000000000000000 ) ) ;
#513 = SURFACE_STYLE_USAGE ( .BOTH. , #582 ) ;
#514 = VECTOR ( 'NONE', #7191, 1000.000000000000000 ) ;
#515 = LINE ( 'NONE', #7878, #7488 ) ;
#516 = B_SPLINE_CURVE_WITH_KNOTS ( 'NONE', 3,
 ( #5445, #5385, #8194, #9038 ),
 .UNSPECIFIED., .F., .F.,
 ( 4, 4 ),
 ( 3.000000000000000000, 4.000000000000000000 ),
 .UNSPECIFIED. ) ;
#517 = CARTESIAN_POINT ( 'NONE',  ( -0.01949004502012894463, 0.8399999996185738560, -2.370985389085525252 ) ) ;
#518 = B_SPLINE_SURFACE_WITH_KNOTS ( 'NONE', 3, 1, ( 
 ( #8983, #719 ),
 ( #8096, #3650 ),
 ( #9901, #3465 ),
 ( #7351, #5337 ) ),
 .UNSPECIFIED., .F., .F., .F.,
 ( 4, 4 ),
 ( 2, 2 ),
 ( 24.00000000000000000, 25.00000000000000000 ),
 ( 0.0000000000000000000, 1.000000000000000000 ),
 .UNSPECIFIED. ) ;
#519 = ORIENTED_EDGE ( 'NONE', *, *, #6861, .F. ) ;
#520 = SURFACE_STYLE_USAGE ( .BOTH. , #11469 ) ;
#521 = MECHANICAL_DESIGN_GEOMETRIC_PRESENTATION_REPRESENTATION (  '', ( #9176 ), #11327 ) ;
#522 = ORIENTED_EDGE ( 'NONE', *, *, #6268, .F. ) ;
#523 = UNCERTAINTY_MEASURE_WITH_UNIT (LENGTH_MEASURE( 1.000000000000000082E-05 ), #9936, 'distance_accuracy_value', 'NONE');
#524 = SURFACE_STYLE_USAGE ( .BOTH. , #9637 ) ;
#525 = DIRECTION ( 'NONE',  ( -0.0000000000000000000, -1.000000000000000000, -0.0000000000000000000 ) ) ;
#526 = CARTESIAN_POINT ( 'NONE',  ( -0.6328313591411887096, 0.8399999996185738560, -2.255467739283379736 ) ) ;
#527 = PRESENTATION_LAYER_ASSIGNMENT (  '', '', ( #6439 ) ) ;
#528 = ADVANCED_FACE ( 'NONE', ( #493 ), #5877, .T. ) ;
#530 = EDGE_CURVE ( 'NONE', #8008, #8601, #5513, .T. ) ;
#529 = STYLED_ITEM ( 'NONE', ( #203 ), #5649 ) ;
#531 = DIRECTION ( 'NONE',  ( -0.0000000000000000000, -1.000000000000000000, -0.0000000000000000000 ) ) ;
#532 = FACE_BOUND ( 'NONE', #3415, .T. ) ;
#533 = ORIENTED_EDGE ( 'NONE', *, *, #6175, .T. ) ;
#534 = FILL_AREA_STYLE ('',( #1548 ) ) ;
#535 = SURFACE_STYLE_USAGE ( .BOTH. , #3442 ) ;
#536 = VERTEX_POINT ( 'NONE', #10130 ) ;
#537 =( NAMED_UNIT ( * ) PLANE_ANGLE_UNIT ( ) SI_UNIT ( $, .RADIAN. ) );
#538 = VECTOR ( 'NONE', #5613, 1000.000000000000000 ) ;
#539 = CARTESIAN_POINT ( 'NONE',  ( -0.8202579905973723662, 0.8409999996185738569, -2.412176948605279314 ) ) ;
#540 =( LENGTH_UNIT ( ) NAMED_UNIT ( * ) SI_UNIT ( .MILLI., .METRE. ) );
#541 = EDGE_LOOP ( 'NONE', ( #2652, #3630, #10870, #3615 ) ) ;
#542 = CARTESIAN_POINT ( 'NONE',  ( -0.4198236613794138483, 0.8399999996185738560, -2.081133779555683905 ) ) ;
#543 = PRESENTATION_LAYER_ASSIGNMENT (  '', '', ( #8458 ) ) ;
#544 = CARTESIAN_POINT ( 'NONE',  ( -0.9679030425686759864, 0.8409999996185738569, -2.396163603951713128 ) ) ;
#545 = LINE ( 'NONE', #5143, #11204 ) ;
#546 = EDGE_CURVE ( 'NONE', #4540, #2436, #2845, .T. ) ;
#547 =( LENGTH_UNIT ( ) NAMED_UNIT ( * ) SI_UNIT ( .MILLI., .METRE. ) );
#548 = EDGE_CURVE ( 'NONE', #3144, #2758, #3700, .T. ) ;
#549 = STYLED_ITEM ( 'NONE', ( #11368 ), #9923 ) ;
#550 = ORIENTED_EDGE ( 'NONE', *, *, #9677, .F. ) ;
#551 = CARTESIAN_POINT ( 'NONE',  ( -0.4244060964850521200, 0.8399999996185738560, -2.634248803718319820 ) ) ;
#552 = CARTESIAN_POINT ( 'NONE',  ( -0.2108948344265481056, 0.8409999996185738569, -2.551059981802691112 ) ) ;
#553 = VERTEX_POINT ( 'NONE', #11741 ) ;
#554 = STYLED_ITEM ( 'NONE', ( #1871 ), #4131 ) ;
#555 = SURFACE_STYLE_FILL_AREA ( #8812 ) ;
#556 = AXIS2_PLACEMENT_3D ( 'NONE', #8728, #467, #5930 ) ;
#557 = VECTOR ( 'NONE', #11816, 1000.000000000000000 ) ;
#558 = CARTESIAN_POINT ( 'NONE',  ( 0.4037584810161113369, 0.8399999996185738560, -2.568662950791342769 ) ) ;
#559 = VECTOR ( 'NONE', #7956, 1000.000000000000000 ) ;
#560 = ORIENTED_EDGE ( 'NONE', *, *, #4500, .F. ) ;
#561 = CARTESIAN_POINT ( 'NONE',  ( -0.9265604137585559119, 0.8409999996185738569, -2.514098362380861484 ) ) ;
#562 = STYLED_ITEM ( 'NONE', ( #2400 ), #11504 ) ;
#563 = STYLED_ITEM ( 'NONE', ( #4824 ), #11253 ) ;
#564 = EDGE_CURVE ( 'NONE', #5680, #5233, #102, .T. ) ;
#565 = MECHANICAL_DESIGN_GEOMETRIC_PRESENTATION_REPRESENTATION (  '', ( #9021 ), #8066 ) ;
#566 = VERTEX_POINT ( 'NONE', #3752 ) ;
#567 = DIRECTION ( 'NONE',  ( -3.439386710808774776E-15, 0.0000000000000000000, -1.000000000000000000 ) ) ;
#568 =( NAMED_UNIT ( * ) PLANE_ANGLE_UNIT ( ) SI_UNIT ( $, .RADIAN. ) );
#569 =( GEOMETRIC_REPRESENTATION_CONTEXT ( 3 ) GLOBAL_UNCERTAINTY_ASSIGNED_CONTEXT ( ( #6771 ) ) GLOBAL_UNIT_ASSIGNED_CONTEXT ( ( #7829, #9828, #6959 ) ) REPRESENTATION_CONTEXT ( 'NONE', 'WORKASPACE' ) );
#570 = LINE ( 'NONE', #6986, #3521 ) ;
#571 = ORIENTED_EDGE ( 'NONE', *, *, #6935, .T. ) ;
#572 = EDGE_LOOP ( 'NONE', ( #8393, #422, #899, #3079 ) ) ;
#573 = STYLED_ITEM ( 'NONE', ( #9314 ), #11812 ) ;
#574 = PRESENTATION_LAYER_ASSIGNMENT (  '', '', ( #10985 ) ) ;
#575 = VECTOR ( 'NONE', #5696, 1000.000000000000000 ) ;
#576 = PRESENTATION_LAYER_ASSIGNMENT (  '', '', ( #6706 ) ) ;
#577 = ADVANCED_FACE ( 'NONE', ( #10317 ), #9327, .F. ) ;
#578 =( LENGTH_UNIT ( ) NAMED_UNIT ( * ) SI_UNIT ( .MILLI., .METRE. ) );
#579 = CARTESIAN_POINT ( 'NONE',  ( -0.2000682020347047674, 0.8409999996185738569, -2.551059981802691556 ) ) ;
#580 = CARTESIAN_POINT ( 'NONE',  ( -0.4198236613794138483, 0.8409999996185738569, -2.058473386177186004 ) ) ;
#581 = VECTOR ( 'NONE', #7730, 1000.000000000000000 ) ;
#582 = SURFACE_SIDE_STYLE ('',( #5970 ) ) ;
#583 = DIRECTION ( 'NONE',  ( -0.0000000000000000000, -1.000000000000000000, -0.0000000000000000000 ) ) ;
#584 = SURFACE_STYLE_FILL_AREA ( #8715 ) ;
#585 = CARTESIAN_POINT ( 'NONE',  ( -0.1581212960691742164, 0.8409999996185738569, -2.159186245637923829 ) ) ;
#586 = ORIENTED_EDGE ( 'NONE', *, *, #5366, .F. ) ;
#587 = CARTESIAN_POINT ( 'NONE',  ( 0.4443761837901294975, 0.8409999996185738569, -2.525244071352073405 ) ) ;
#588 = ORIENTED_EDGE ( 'NONE', *, *, #5803, .F. ) ;
#589 = AXIS2_PLACEMENT_3D ( 'NONE', #11434, #602, #5996 ) ;
#590 = CARTESIAN_POINT ( 'NONE',  ( -0.3174993961664460129, 0.8399999996185738560, -2.499897849196874855 ) ) ;
#591 = FILL_AREA_STYLE_COLOUR ( '', #6285 ) ;
#592 = VERTEX_POINT ( 'NONE', #11231 ) ;
#593 = EDGE_LOOP ( 'NONE', ( #8588, #3659, #3350, #8275 ) ) ;
#594 = VECTOR ( 'NONE', #1196, 1000.000000000000000 ) ;
#595 = LINE ( 'NONE', #7012, #2316 ) ;
#596 = LINE ( 'NONE', #3274, #2588 ) ;
#597 = LINE ( 'NONE', #5018, #8259 ) ;
#598 = EDGE_CURVE ( 'NONE', #853, #6329, #5222, .T. ) ;
#599 = ORIENTED_EDGE ( 'NONE', *, *, #1021, .F. ) ;
#600 = FILL_AREA_STYLE_COLOUR ( '', #11917 ) ;
#601 = EDGE_CURVE ( 'NONE', #13, #7081, #9273, .T. ) ;
#602 = DIRECTION ( 'NONE',  ( 0.0000000000000000000, 0.0000000000000000000, 1.000000000000000000 ) ) ;
#603 = CARTESIAN_POINT ( 'NONE',  ( -0.7336449314612686345, 0.8399999996185738560, -2.393645782464019600 ) ) ;
#604 = COLOUR_RGB ( '',1.000000000000000000, 1.000000000000000000, 1.000000000000000000 ) ;
#605 = ORIENTED_EDGE ( 'NONE', *, *, #668, .T. ) ;
#606 = CARTESIAN_POINT ( 'NONE',  ( -0.6609302469297738680, 0.8409999996185738569, -2.479251713006655589 ) ) ;
#607 = LINE ( 'NONE', #10760, #9154 ) ;
#608 = ORIENTED_EDGE ( 'NONE', *, *, #2574, .T. ) ;
#609 = DIRECTION ( 'NONE',  ( 0.0000000000000000000, 0.0000000000000000000, 1.000000000000000000 ) ) ;
#610 =( LENGTH_UNIT ( ) NAMED_UNIT ( * ) SI_UNIT ( .MILLI., .METRE. ) );
#611 = CARTESIAN_POINT ( 'NONE',  ( 0.1936670789142624916, 0.8409999996185738569, -2.505635514131208108 ) ) ;
#612 = EDGE_CURVE ( 'NONE', #3903, #9385, #8932, .T. ) ;
#613 = CARTESIAN_POINT ( 'NONE',  ( -0.04492004203401943341, 0.8399999996185738560, -2.456692032487506339 ) ) ;
#614 = CARTESIAN_POINT ( 'NONE',  ( 0.6782780149684399795, 0.8409999996185738569, -2.522442894688838866 ) ) ;
#615 = LINE ( 'NONE', #10595, #5562 ) ;
#616 = B_SPLINE_CURVE_WITH_KNOTS ( 'NONE', 3,
 ( #10402, #9529, #3052, #5828 ),
 .UNSPECIFIED., .F., .F.,
 ( 4, 4 ),
 ( 4.000000000000000000, 5.000000000000000000 ),
 .UNSPECIFIED. ) ;
#617 = FACE_OUTER_BOUND ( 'NONE', #6357, .T. ) ;
#618 = ORIENTED_EDGE ( 'NONE', *, *, #956, .T. ) ;
#619 = FILL_AREA_STYLE ('',( #10714 ) ) ;
#620 = B_SPLINE_SURFACE_WITH_KNOTS ( 'NONE', 3, 1, ( 
 ( #11000, #3585 ),
 ( #7284, #11856 ),
 ( #2681, #11188 ),
 ( #9285, #8 ) ),
 .UNSPECIFIED., .F., .F., .F.,
 ( 4, 4 ),
 ( 2, 2 ),
 ( 12.00000000000000000, 13.00000000000000000 ),
 ( 0.0000000000000000000, 1.000000000000000000 ),
 .UNSPECIFIED. ) ;
#621 = ORIENTED_EDGE ( 'NONE', *, *, #307, .F. ) ;
#622 = CARTESIAN_POINT ( 'NONE',  ( 0.5914402026622125330, 0.8399999996185738560, -2.507036102462834481 ) ) ;
#623 = VECTOR ( 'NONE', #789, 1000.000000000000000 ) ;
#624 = CARTESIAN_POINT ( 'NONE',  ( 0.3953548441663260471, 0.8399999996185738560, -2.403390989743863226 ) ) ;
#625 = CARTESIAN_POINT ( 'NONE',  ( -0.5904816017376012249, 0.8399999996185738560, -2.456692032487504562 ) ) ;
#626 = EDGE_CURVE ( 'NONE', #6329, #6962, #3414, .T. ) ;
#627 = ORIENTED_EDGE ( 'NONE', *, *, #7390, .T. ) ;
#628 = ORIENTED_EDGE ( 'NONE', *, *, #8144, .T. ) ;
#629 = FILL_AREA_STYLE_COLOUR ( '', #8823 ) ;
#630 = SURFACE_STYLE_FILL_AREA ( #7983 ) ;
#631 = UNCERTAINTY_MEASURE_WITH_UNIT (LENGTH_MEASURE( 1.000000000000000082E-05 ), #7468, 'distance_accuracy_value', 'NONE');
#632 = CARTESIAN_POINT ( 'NONE',  ( 0.8645591082111515613, 0.8409999996185738569, -2.565861720697740989 ) ) ;
#633 = SURFACE_STYLE_USAGE ( .BOTH. , #2644 ) ;
#634 = CARTESIAN_POINT ( 'NONE',  ( -0.8686001631401389922, 0.8409999996185738569, -2.497480740569870683 ) ) ;
#635 = LINE ( 'NONE', #6142, #10171 ) ;
#636 = VECTOR ( 'NONE', #1595, 1000.000000000000000 ) ;
#637 = EDGE_LOOP ( 'NONE', ( #608, #9740, #10837, #3066 ) ) ;
#638 = ADVANCED_FACE ( 'NONE', ( #9902 ), #1768, .F. ) ;
#639 = VERTEX_POINT ( 'NONE', #11423 ) ;
#640 = FILL_AREA_STYLE ('',( #8664 ) ) ;
#641 = CARTESIAN_POINT ( 'NONE',  ( -0.1628044440334908693, 0.8409999996185738569, -2.461123398304127630 ) ) ;
#642 = FILL_AREA_STYLE ('',( #9748 ) ) ;
#643 = FACE_OUTER_BOUND ( 'NONE', #2809, .T. ) ;
#644 =( NAMED_UNIT ( * ) SI_UNIT ( $, .STERADIAN. ) SOLID_ANGLE_UNIT ( ) );
#645 = ORIENTED_EDGE ( 'NONE', *, *, #4983, .T. ) ;
#646 = DIRECTION ( 'NONE',  ( -4.274056736461056058E-15, 0.0000000000000000000, -1.000000000000000000 ) ) ;
#647 = ORIENTED_EDGE ( 'NONE', *, *, #9663, .T. ) ;
#648 = FACE_OUTER_BOUND ( 'NONE', #2957, .T. ) ;
#649 = FILL_AREA_STYLE ('',( #2327 ) ) ;
#650 = LINE ( 'NONE', #7832, #4377 ) ;
#651 = LINE ( 'NONE', #6330, #8198 ) ;
#652 = EDGE_CURVE ( 'NONE', #5233, #6252, #6775, .T. ) ;
#653 = ORIENTED_EDGE ( 'NONE', *, *, #3505, .F. ) ;
#654 = DIRECTION ( 'NONE',  ( 1.000000000000000000, 0.0000000000000000000, -1.543409377115608514E-14 ) ) ;
#655 =( NAMED_UNIT ( * ) PLANE_ANGLE_UNIT ( ) SI_UNIT ( $, .RADIAN. ) );
#656 = CARTESIAN_POINT ( 'NONE',  ( -0.5601166746096867266, 0.8409999996185738569, -2.226160297179949676 ) ) ;
#657 =( NAMED_UNIT ( * ) PLANE_ANGLE_UNIT ( ) SI_UNIT ( $, .RADIAN. ) );
#658 = DIRECTION ( 'NONE',  ( 0.0000000000000000000, 0.0000000000000000000, -1.000000000000000000 ) ) ;
#659 = CARTESIAN_POINT ( 'NONE',  ( -0.4337723924150331256, 0.8409999996185738569, -2.613099103231365294 ) ) ;
#660 = ORIENTED_EDGE ( 'NONE', *, *, #9860, .F. ) ;
#661 =( NAMED_UNIT ( * ) SI_UNIT ( $, .STERADIAN. ) SOLID_ANGLE_UNIT ( ) );
#662 = CARTESIAN_POINT ( 'NONE',  ( -0.3823081212298362619, 0.8399999996185738560, -2.506444185061117658 ) ) ;
#663 = CARTESIAN_POINT ( 'NONE',  ( 0.6782780149684397575, 0.8409999996185738569, -2.551855677091777075 ) ) ;
#664 = DIRECTION ( 'NONE',  ( 0.0000000000000000000, 1.000000000000000000, 0.0000000000000000000 ) ) ;
#665 = CARTESIAN_POINT ( 'NONE',  ( -0.2374326728945910514, 0.8409999996185738569, -2.510875550877739393 ) ) ;
#666 = PRESENTATION_STYLE_ASSIGNMENT (( #9049 ) ) ;
#667 = ORIENTED_EDGE ( 'NONE', *, *, #9351, .T. ) ;
#668 = EDGE_CURVE ( 'NONE', #7359, #11657, #9092, .T. ) ;
#669 = EDGE_CURVE ( 'NONE', #7081, #1979, #1179, .T. ) ;
#670 = EDGE_LOOP ( 'NONE', ( #7591, #1422, #10357, #1251 ) ) ;
#671 = DIRECTION ( 'NONE',  ( -0.0000000000000000000, -1.000000000000000000, -0.0000000000000000000 ) ) ;
#672 = VECTOR ( 'NONE', #3302, 1000.000000000000000 ) ;
#673 = VECTOR ( 'NONE', #10061, 1000.000000000000000 ) ;
#674 = UNCERTAINTY_MEASURE_WITH_UNIT (LENGTH_MEASURE( 1.000000000000000082E-05 ), #4243, 'distance_accuracy_value', 'NONE');
#675 = CARTESIAN_POINT ( 'NONE',  ( -0.3211250591069505500, 0.8409999996185738569, -2.457397022504271611 ) ) ;
#676 =( LENGTH_UNIT ( ) NAMED_UNIT ( * ) SI_UNIT ( .MILLI., .METRE. ) );
#677 = VERTEX_POINT ( 'NONE', #2198 ) ;
#678 = EDGE_LOOP ( 'NONE', ( #1793, #10842, #11577, #4586 ) ) ;
#679 = CARTESIAN_POINT ( 'NONE',  ( -0.5167094321802800927, 0.8399999996185738560, -2.081133779555683017 ) ) ;
#680 = VECTOR ( 'NONE', #7240, 1000.000000000000000 ) ;
#681 = EDGE_CURVE ( 'NONE', #11160, #8229, #3206, .T. ) ;
#682 = ADVANCED_FACE ( 'NONE', ( #2257 ), #11283, .F. ) ;
#683 = CARTESIAN_POINT ( 'NONE',  ( -1.050000000000000044, -0.02999999999999966929, -8.279999999999999361 ) ) ;
#684 = DIRECTION ( 'NONE',  ( 1.000000000000000000, 0.0000000000000000000, -3.439386710808917165E-15 ) ) ;
#685 = SURFACE_SIDE_STYLE ('',( #1470 ) ) ;
#686 = CARTESIAN_POINT ( 'NONE',  ( -0.2374326728945912734, 0.8399999996185738560, -2.567979742191718096 ) ) ;
#687 = ORIENTED_EDGE ( 'NONE', *, *, #9898, .T. ) ;
#688 =( GEOMETRIC_REPRESENTATION_CONTEXT ( 3 ) GLOBAL_UNCERTAINTY_ASSIGNED_CONTEXT ( ( #6565 ) ) GLOBAL_UNIT_ASSIGNED_CONTEXT ( ( #4010, #7647, #2148 ) ) REPRESENTATION_CONTEXT ( 'NONE', 'WORKASPACE' ) );
#689 = VECTOR ( 'NONE', #6598, 1000.000000000000000 ) ;
#690 = ORIENTED_EDGE ( 'NONE', *, *, #6457, .F. ) ;
#691 = CARTESIAN_POINT ( 'NONE',  ( -0.1598837711090797808, 0.8399999996185738560, -2.084155165340109583 ) ) ;
#692 = CARTESIAN_POINT ( 'NONE',  ( -0.3073273973610270438, 0.8409999996185738569, -2.493653651909332858 ) ) ;
#693 = CARTESIAN_POINT ( 'NONE',  ( -0.3115069810286119067, 0.8409999996185738569, -2.435240193422506749 ) ) ;
#694 =( NAMED_UNIT ( * ) SI_UNIT ( $, .STERADIAN. ) SOLID_ANGLE_UNIT ( ) );
#695 = FILL_AREA_STYLE_COLOUR ( '', #3611 ) ;
#696 = VECTOR ( 'NONE', #4433, 1000.000000000000000 ) ;
#697 = EDGE_CURVE ( 'NONE', #1867, #1801, #11278, .T. ) ;
#698 = PLANE ( 'NONE',  #6404 ) ;
#699 = ORIENTED_EDGE ( 'NONE', *, *, #4572, .F. ) ;
#700 = CARTESIAN_POINT ( 'NONE',  ( -0.9679030425686759864, 0.8399999996185738560, -2.396163603951713128 ) ) ;
#701 = SURFACE_STYLE_USAGE ( .BOTH. , #2265 ) ;
#702 = ORIENTED_EDGE ( 'NONE', *, *, #8984, .T. ) ;
#703 = CARTESIAN_POINT ( 'NONE',  ( -1.028683253254175645, 0.8400000000000000799, -2.567979742191715431 ) ) ;
#704 = ORIENTED_EDGE ( 'NONE', *, *, #1136, .T. ) ;
#705 = CARTESIAN_POINT ( 'NONE',  ( 0.7329017880636055082, 0.8409999996185738569, -2.467819094879160957 ) ) ;
#706 = PRESENTATION_STYLE_ASSIGNMENT (( #8970 ) ) ;
#707 =( GEOMETRIC_REPRESENTATION_CONTEXT ( 3 ) GLOBAL_UNCERTAINTY_ASSIGNED_CONTEXT ( ( #9106 ) ) GLOBAL_UNIT_ASSIGNED_CONTEXT ( ( #3247, #8757, #2229 ) ) REPRESENTATION_CONTEXT ( 'NONE', 'WORKASPACE' ) );
#708 = CARTESIAN_POINT ( 'NONE',  ( -0.5601166746096867266, 0.8400000000000000799, -2.226160297179949676 ) ) ;
#709 = DIRECTION ( 'NONE',  ( -0.0000000000000000000, -1.000000000000000000, -0.0000000000000000000 ) ) ;
#710 = EDGE_CURVE ( 'NONE', #5467, #5122, #229, .T. ) ;
#711 =( NAMED_UNIT ( * ) SI_UNIT ( $, .STERADIAN. ) SOLID_ANGLE_UNIT ( ) );
#712 = PRESENTATION_LAYER_ASSIGNMENT (  '', '', ( #1670 ) ) ;
#713 = ORIENTED_EDGE ( 'NONE', *, *, #11016, .F. ) ;
#714 = FILL_AREA_STYLE ('',( #10936 ) ) ;
#715 =( LENGTH_UNIT ( ) NAMED_UNIT ( * ) SI_UNIT ( .MILLI., .METRE. ) );
#716 = DIRECTION ( 'NONE',  ( 0.3385350342956536807, 0.0000000000000000000, -0.9409537876827110958 ) ) ;
#717 = SURFACE_SIDE_STYLE ('',( #9044 ) ) ;
#718 = FILL_AREA_STYLE ('',( #8030 ) ) ;
#719 = CARTESIAN_POINT ( 'NONE',  ( 0.2286823215024052780, 0.8399999996185738560, -2.373978234055434733 ) ) ;
#720 = DIRECTION ( 'NONE',  ( -0.0000000000000000000, -1.000000000000000000, -0.0000000000000000000 ) ) ;
#721 = LINE ( 'NONE', #784, #1325 ) ;
#722 = ORIENTED_EDGE ( 'NONE', *, *, #1596, .F. ) ;
#723 = VECTOR ( 'NONE', #8330, 1000.000000000000000 ) ;
#724 = SURFACE_SIDE_STYLE ('',( #1450 ) ) ;
#725 = UNCERTAINTY_MEASURE_WITH_UNIT (LENGTH_MEASURE( 1.000000000000000082E-05 ), #8098, 'distance_accuracy_value', 'NONE');
#726 = LINE ( 'NONE', #7105, #7479 ) ;
#727 = ORIENTED_EDGE ( 'NONE', *, *, #7761, .T. ) ;
#728 = COLOUR_RGB ( '',1.000000000000000000, 1.000000000000000000, 1.000000000000000000 ) ;
#729 = SURFACE_SIDE_STYLE ('',( #7924 ) ) ;
#730 = CARTESIAN_POINT ( 'NONE',  ( -0.1209582509273106204, 0.8409999996185738569, -2.370985389085524808 ) ) ;
#731 = ORIENTED_EDGE ( 'NONE', *, *, #8504, .F. ) ;
#732 = VECTOR ( 'NONE', #5919, 1000.000000000000000 ) ;
#733 = ADVANCED_FACE ( 'NONE', ( #9696 ), #4254, .F. ) ;
#734 = ORIENTED_EDGE ( 'NONE', *, *, #7613, .F. ) ;
#735 = ADVANCED_FACE ( 'NONE', ( #4559 ), #620, .F. ) ;
#736 = CARTESIAN_POINT ( 'NONE',  ( -0.8586799464824125261, 0.8409999996185738569, -2.521953965417950805 ) ) ;
#737 = CARTESIAN_POINT ( 'NONE',  ( -0.7622473835479334214, 0.8409999996185738569, -2.545520774531907726 ) ) ;
#738 = AXIS2_PLACEMENT_3D ( 'NONE', #3877, #6408, #7582 ) ;
#739 = COLOUR_RGB ( '',1.000000000000000000, 1.000000000000000000, 1.000000000000000000 ) ;
#740 = PRESENTATION_LAYER_ASSIGNMENT (  '', '', ( #3994 ) ) ;
#741 = CARTESIAN_POINT ( 'NONE',  ( -0.2280663769646102124, 0.8409999996185738569, -2.236130870267349469 ) ) ;
#742 = VECTOR ( 'NONE', #11644, 1000.000000000000000 ) ;
#743 = DIRECTION ( 'NONE',  ( -0.0000000000000000000, -1.000000000000000000, -0.0000000000000000000 ) ) ;
#744 = FILL_AREA_STYLE_COLOUR ( '', #6663 ) ;
#745 = PRESENTATION_LAYER_ASSIGNMENT (  '', '', ( #8264 ) ) ;
#746 = VERTEX_POINT ( 'NONE', #964 ) ;
#747 = UNCERTAINTY_MEASURE_WITH_UNIT (LENGTH_MEASURE( 1.000000000000000082E-05 ), #5289, 'distance_accuracy_value', 'NONE');
#748 = ADVANCED_FACE ( 'NONE', ( #3648 ), #11118, .F. ) ;
#749 = ADVANCED_FACE ( 'NONE', ( #7533 ), #4735, .T. ) ;
#750 = VERTEX_POINT ( 'NONE', #11433 ) ;
#751 = CARTESIAN_POINT ( 'NONE',  ( -0.1581212960691742164, 0.8409999996185738569, -2.159186245637923829 ) ) ;
#752 =( GEOMETRIC_REPRESENTATION_CONTEXT ( 3 ) GLOBAL_UNCERTAINTY_ASSIGNED_CONTEXT ( ( #3540 ) ) GLOBAL_UNIT_ASSIGNED_CONTEXT ( ( #313, #8624, #8513 ) ) REPRESENTATION_CONTEXT ( 'NONE', 'WORKASPACE' ) );
#753 = B_SPLINE_CURVE_WITH_KNOTS ( 'NONE', 3,
 ( #8169, #3542, #10796, #7243 ),
 .UNSPECIFIED., .F., .F.,
 ( 4, 4 ),
 ( 10.00000000000000000, 11.00000000000000000 ),
 .UNSPECIFIED. ) ;
#754 = PRESENTATION_LAYER_ASSIGNMENT (  '', '', ( #11195 ) ) ;
#755 = SURFACE_STYLE_FILL_AREA ( #10976 ) ;
#756 = MECHANICAL_DESIGN_GEOMETRIC_PRESENTATION_REPRESENTATION (  '', ( #4398 ), #3426 ) ;
#757 = LINE ( 'NONE', #9930, #4204 ) ;
#758 = CARTESIAN_POINT ( 'NONE',  ( -0.1209582509273106204, 0.8409999996185738569, -2.370985389085524808 ) ) ;
#759 = CARTESIAN_POINT ( 'NONE',  ( -0.8208119113251178822, 0.8409999996185738569, -2.524975351202376039 ) ) ;
#760 = VERTEX_POINT ( 'NONE', #5818 ) ;
#761 =( GEOMETRIC_REPRESENTATION_CONTEXT ( 3 ) GLOBAL_UNCERTAINTY_ASSIGNED_CONTEXT ( ( #3016 ) ) GLOBAL_UNIT_ASSIGNED_CONTEXT ( ( #11142, #4691, #2756 ) ) REPRESENTATION_CONTEXT ( 'NONE', 'WORKASPACE' ) );
#762 = DIRECTION ( 'NONE',  ( 1.000000000000000000, 0.0000000000000000000, 0.0000000000000000000 ) ) ;
#763 = CARTESIAN_POINT ( 'NONE',  ( -0.3546624413076379656, 0.8399999996185738560, -2.515206203835017806 ) ) ;
#764 = CARTESIAN_POINT ( 'NONE',  ( -0.3661940637162552914, 0.8409999996185738569, -2.494056503348062837 ) ) ;
#765 = ORIENTED_EDGE ( 'NONE', *, *, #5633, .T. ) ;
#766 = CARTESIAN_POINT ( 'NONE',  ( 0.1418445091968519312, 0.8409999996185738569, -2.372577592294788484 ) ) ;
#767 = EDGE_CURVE ( 'NONE', #8107, #9977, #9462, .T. ) ;
#768 = ORIENTED_EDGE ( 'NONE', *, *, #9384, .T. ) ;
#769 = FILL_AREA_STYLE_COLOUR ( '', #2791 ) ;
#770 = EDGE_CURVE ( 'NONE', #5172, #8953, #8609, .T. ) ;
#771 = PRESENTATION_STYLE_ASSIGNMENT (( #9836 ) ) ;
#772 = FILL_AREA_STYLE_COLOUR ( '', #9042 ) ;
#773 = MECHANICAL_DESIGN_GEOMETRIC_PRESENTATION_REPRESENTATION (  '', ( #975 ), #11798 ) ;
#774 = DIRECTION ( 'NONE',  ( -0.0000000000000000000, -1.000000000000000000, -0.0000000000000000000 ) ) ;
#775 = CARTESIAN_POINT ( 'NONE',  ( 0.6516663825148983902, 0.8409999996185738569, -2.397788529557989712 ) ) ;
#776 = ORIENTED_EDGE ( 'NONE', *, *, #1182, .F. ) ;
#777 = CARTESIAN_POINT ( 'NONE',  ( -0.1646172755044176816, 0.8409999996185738569, -2.488718721795973199 ) ) ;
#778 =( NAMED_UNIT ( * ) PLANE_ANGLE_UNIT ( ) SI_UNIT ( $, .RADIAN. ) );
#779 = CARTESIAN_POINT ( 'NONE',  ( 0.4037584810161113369, 0.8409999996185738569, -2.568662950791342769 ) ) ;
#780 =( GEOMETRIC_REPRESENTATION_CONTEXT ( 3 ) GLOBAL_UNCERTAINTY_ASSIGNED_CONTEXT ( ( #5797 ) ) GLOBAL_UNIT_ASSIGNED_CONTEXT ( ( #5815, #10509, #1304 ) ) REPRESENTATION_CONTEXT ( 'NONE', 'WORKASPACE' ) );
#781 = CARTESIAN_POINT ( 'NONE',  ( -0.7623984528382984349, 0.8399999996185738560, -2.567979742191715875 ) ) ;
#782 = PRESENTATION_STYLE_ASSIGNMENT (( #8094 ) ) ;
#783 = EDGE_CURVE ( 'NONE', #2528, #1592, #3099, .T. ) ;
#784 = CARTESIAN_POINT ( 'NONE',  ( -0.1957375490774270477, 0.8409999996185738569, -2.484388068838702335 ) ) ;
#785 = VERTEX_POINT ( 'NONE', #2026 ) ;
#786 = ORIENTED_EDGE ( 'NONE', *, *, #4035, .T. ) ;
#787 = CARTESIAN_POINT ( 'NONE',  ( 0.7917273795833286165, 0.8409999996185738569, -2.379580614097772884 ) ) ;
#788 = UNCERTAINTY_MEASURE_WITH_UNIT (LENGTH_MEASURE( 1.000000000000000082E-05 ), #578, 'distance_accuracy_value', 'NONE');
#789 = DIRECTION ( 'NONE',  ( -0.3315284183576438504, -0.0000000000000000000, 0.9434452330799489861 ) ) ;
#790 = DIRECTION ( 'NONE',  ( -0.0000000000000000000, -1.000000000000000000, -0.0000000000000000000 ) ) ;
#791 = EDGE_LOOP ( 'NONE', ( #841, #1040, #2510, #5865 ) ) ;
#792 = ORIENTED_EDGE ( 'NONE', *, *, #5218, .T. ) ;
#793 = FILL_AREA_STYLE ('',( #10897 ) ) ;
#794 = SURFACE_STYLE_FILL_AREA ( #9113 ) ;
#795 = DIRECTION ( 'NONE',  ( 0.0000000000000000000, -1.000000000000000000, 0.0000000000000000000 ) ) ;
#796 = DIRECTION ( 'NONE',  ( 1.000000000000000000, -0.0000000000000000000, -4.274056736461056058E-15 ) ) ;
#797 =( NAMED_UNIT ( * ) PLANE_ANGLE_UNIT ( ) SI_UNIT ( $, .RADIAN. ) );
#798 = UNCERTAINTY_MEASURE_WITH_UNIT (LENGTH_MEASURE( 1.000000000000000082E-05 ), #10441, 'distance_accuracy_value', 'NONE');
#799 = CARTESIAN_POINT ( 'NONE',  ( -0.2374326728945910514, 0.8409999996185738569, -2.497380027709188433 ) ) ;
#800 = FACE_OUTER_BOUND ( 'NONE', #11715, .T. ) ;
#801 =( NAMED_UNIT ( * ) SI_UNIT ( $, .STERADIAN. ) SOLID_ANGLE_UNIT ( ) );
#802 = COLOUR_RGB ( '',1.000000000000000000, 1.000000000000000000, 1.000000000000000000 ) ;
#803 = B_SPLINE_SURFACE_WITH_KNOTS ( 'NONE', 3, 1, ( 
 ( #4163, #6819 ),
 ( #7876, #11587 ),
 ( #7700, #2243 ),
 ( #10680, #5115 ) ),
 .UNSPECIFIED., .F., .F., .F.,
 ( 4, 4 ),
 ( 2, 2 ),
 ( 23.00000000000000000, 24.00000000000000000 ),
 ( 0.0000000000000000000, 1.000000000000000000 ),
 .UNSPECIFIED. ) ;
#804 = VERTEX_POINT ( 'NONE', #9518 ) ;
#805 = VECTOR ( 'NONE', #10107, 1000.000000000000000 ) ;
#806 = CARTESIAN_POINT ( 'NONE',  ( -0.4142340976789598561, 0.8409999996185738569, -2.166739710098317229 ) ) ;
#807 = STYLED_ITEM ( 'NONE', ( #4192 ), #876 ) ;
#808 = ORIENTED_EDGE ( 'NONE', *, *, #6060, .F. ) ;
#809 = SURFACE_STYLE_FILL_AREA ( #10910 ) ;
#810 =( NAMED_UNIT ( * ) PLANE_ANGLE_UNIT ( ) SI_UNIT ( $, .RADIAN. ) );
#811 = CARTESIAN_POINT ( 'NONE',  ( 0.5466206814636389577, 0.8399999996185738560, -2.005617892709753658 ) ) ;
#812 = SURFACE_STYLE_USAGE ( .BOTH. , #4417 ) ;
#813 = EDGE_CURVE ( 'NONE', #7994, #536, #5693, .T. ) ;
#814 = PRESENTATION_STYLE_ASSIGNMENT (( #9075 ) ) ;
#815 = ADVANCED_FACE ( 'NONE', ( #1253 ), #10516, .F. ) ;
#816 = COLOUR_RGB ( '',0.9725490196078431238, 0.9686274509803921573, 1.000000000000000000 ) ;
#817 = EDGE_CURVE ( 'NONE', #8601, #3945, #1760, .T. ) ;
#818 = CARTESIAN_POINT ( 'NONE',  ( 0.8085346799974141296, 0.8409999996185738569, -2.119067284039825694 ) ) ;
#819 = VERTEX_POINT ( 'NONE', #11722 ) ;
#820 =( LENGTH_UNIT ( ) NAMED_UNIT ( * ) SI_UNIT ( .MILLI., .METRE. ) );
#821 = DIRECTION ( 'NONE',  ( -1.000000000000000000, 0.0000000000000000000, -0.0000000000000000000 ) ) ;
#822 =( NAMED_UNIT ( * ) SI_UNIT ( $, .STERADIAN. ) SOLID_ANGLE_UNIT ( ) );
#823 = ORIENTED_EDGE ( 'NONE', *, *, #6381, .T. ) ;
#824 = CARTESIAN_POINT ( 'NONE',  ( -0.3337141665400489843, 0.8399999996185738560, -2.571303266554186173 ) ) ;
#825 = ORIENTED_EDGE ( 'NONE', *, *, #813, .F. ) ;
#826 = CARTESIAN_POINT ( 'NONE',  ( 0.4443761837901294420, 0.8409999996185738569, -2.547653805237517055 ) ) ;
#827 = UNCERTAINTY_MEASURE_WITH_UNIT (LENGTH_MEASURE( 1.000000000000000082E-05 ), #2811, 'distance_accuracy_value', 'NONE');
#828 = SURFACE_SIDE_STYLE ('',( #2669 ) ) ;
#829 = CARTESIAN_POINT ( 'NONE',  ( 0.4009573043522013380, 0.8409999996185738569, -2.481825191914147410 ) ) ;
#830 = EDGE_CURVE ( 'NONE', #1338, #8733, #1190, .T. ) ;
#831 = EDGE_CURVE ( 'NONE', #8745, #9332, #4251, .T. ) ;
#832 = CARTESIAN_POINT ( 'NONE',  ( -0.7233218633661550045, 0.8400000000000000799, -2.094730015583587068 ) ) ;
#833 = ORIENTED_EDGE ( 'NONE', *, *, #418, .T. ) ;
#834 = FACE_OUTER_BOUND ( 'NONE', #6305, .T. ) ;
#836 = CARTESIAN_POINT ( 'NONE',  ( -0.3631223215028233642, 0.8399999996185738560, -2.522256103997332577 ) ) ;
#835 = SURFACE_STYLE_FILL_AREA ( #7466 ) ;
#837 = DIRECTION ( 'NONE',  ( 1.000000000000000000, -1.232047923278982199E-16, 0.0000000000000000000 ) ) ;
#838 = PRESENTATION_STYLE_ASSIGNMENT (( #3645 ) ) ;
#839 = CARTESIAN_POINT ( 'NONE',  ( -0.3652372915511160612, 0.8409999996185738569, -2.544815784516484936 ) ) ;
#840 = LINE ( 'NONE', #10942, #4335 ) ;
#841 = ORIENTED_EDGE ( 'NONE', *, *, #8866, .T. ) ;
#842 = CARTESIAN_POINT ( 'NONE',  ( -0.2243903575944334872, 0.8399999996185738560, -2.258791263645847369 ) ) ;
#843 = ORIENTED_EDGE ( 'NONE', *, *, #9737, .F. ) ;
#844 =( NAMED_UNIT ( * ) SI_UNIT ( $, .STERADIAN. ) SOLID_ANGLE_UNIT ( ) );
#845 = CARTESIAN_POINT ( 'NONE',  ( 0.8085346799974141296, 0.8409999996185738569, -2.119067284039825694 ) ) ;
#846 = ADVANCED_FACE ( 'NONE', ( #6109 ), #5299, .F. ) ;
#847 = PRESENTATION_STYLE_ASSIGNMENT (( #3474 ) ) ;
#848 = PRESENTATION_STYLE_ASSIGNMENT (( #7486 ) ) ;
#849 = VERTEX_POINT ( 'NONE', #705 ) ;
#850 = ORIENTED_EDGE ( 'NONE', *, *, #1182, .T. ) ;
#851 = PRESENTATION_STYLE_ASSIGNMENT (( #4399 ) ) ;
#852 = FILL_AREA_STYLE ('',( #2637 ) ) ;
#853 = VERTEX_POINT ( 'NONE', #4369 ) ;
#854 = CARTESIAN_POINT ( 'NONE',  ( -0.7233218633661550045, 0.8399999996185738560, -2.094730015583587068 ) ) ;
#855 = VECTOR ( 'NONE', #11202, 1000.000000000000227 ) ;
#856 = STYLED_ITEM ( 'NONE', ( #11656 ), #6230 ) ;
#857 = EDGE_CURVE ( 'NONE', #6042, #11160, #480, .T. ) ;
#858 = CARTESIAN_POINT ( 'NONE',  ( -2.100000000000000089, 0.8400000000000000799, -3.279999999999999805 ) ) ;
#859 = SURFACE_STYLE_USAGE ( .BOTH. , #35 ) ;
#860 = SURFACE_STYLE_USAGE ( .BOTH. , #1702 ) ;
#861 = VERTEX_POINT ( 'NONE', #10698 ) ;
#862 = UNCERTAINTY_MEASURE_WITH_UNIT (LENGTH_MEASURE( 1.000000000000000082E-05 ), #9598, 'distance_accuracy_value', 'NONE');
#863 =( NAMED_UNIT ( * ) PLANE_ANGLE_UNIT ( ) SI_UNIT ( $, .RADIAN. ) );
#864 = VECTOR ( 'NONE', #10456, 1000.000000000000000 ) ;
#865 = STYLED_ITEM ( 'NONE', ( #7670 ), #6649 ) ;
#866 = CARTESIAN_POINT ( 'NONE',  ( -0.2198582789184624908, 0.8399999996185738560, -2.547232893143493104 ) ) ;
#867 = ORIENTED_EDGE ( 'NONE', *, *, #10134, .F. ) ;
#868 = VECTOR ( 'NONE', #4235, 1000.000000000000000 ) ;
#869 = DIRECTION ( 'NONE',  ( -3.302233253054859739E-15, -0.0000000000000000000, -1.000000000000000000 ) ) ;
#870 = MECHANICAL_DESIGN_GEOMETRIC_PRESENTATION_REPRESENTATION (  '', ( #3355 ), #6632 ) ;
#871 = DIRECTION ( 'NONE',  ( -1.000000000000000000, 0.0000000000000000000, 3.302233253054859739E-15 ) ) ;
#872 = CARTESIAN_POINT ( 'NONE',  ( -0.3767689139597319992, 0.8399999996185738560, -2.500199987774918142 ) ) ;
#873 = ORIENTED_EDGE ( 'NONE', *, *, #1049, .F. ) ;
#874 = VERTEX_POINT ( 'NONE', #5081 ) ;
#875 =( LENGTH_UNIT ( ) NAMED_UNIT ( * ) SI_UNIT ( .MILLI., .METRE. ) );
#876 = ADVANCED_FACE ( 'NONE', ( #3453 ), #10558, .T. ) ;
#877 = FACE_OUTER_BOUND ( 'NONE', #11955, .T. ) ;
#878 = EDGE_CURVE ( 'NONE', #323, #7010, #7329, .T. ) ;
#879 = DIRECTION ( 'NONE',  ( 1.000000000000000000, 0.0000000000000000000, -0.0000000000000000000 ) ) ;
#880 = VECTOR ( 'NONE', #9891, 1000.000000000000000 ) ;
#881 = FILL_AREA_STYLE ('',( #5438 ) ) ;
#882 = CARTESIAN_POINT ( 'NONE',  ( 0.8085346799974141296, 0.8399999996185738560, -2.119067284039825694 ) ) ;
#883 = CARTESIAN_POINT ( 'NONE',  ( -0.7078624394389969599, 0.8399999996185738560, -2.058473386177184672 ) ) ;
#884 = PRESENTATION_LAYER_ASSIGNMENT (  '', '', ( #11133 ) ) ;
#885 = CARTESIAN_POINT ( 'NONE',  ( -0.2322459606321946035, 0.8399999996185738560, -2.055149861814719703 ) ) ;
#886 = VERTEX_POINT ( 'NONE', #6333 ) ;
#888 = SURFACE_STYLE_FILL_AREA ( #11906 ) ;
#887 =( LENGTH_UNIT ( ) NAMED_UNIT ( * ) SI_UNIT ( .MILLI., .METRE. ) );
#889 =( NAMED_UNIT ( * ) SI_UNIT ( $, .STERADIAN. ) SOLID_ANGLE_UNIT ( ) );
#890 = PRESENTATION_LAYER_ASSIGNMENT (  '', '', ( #10565 ) ) ;
#891 = COLOUR_RGB ( '',1.000000000000000000, 1.000000000000000000, 1.000000000000000000 ) ;
#892 = VECTOR ( 'NONE', #671, 1000.000000000000000 ) ;
#893 = CARTESIAN_POINT ( 'NONE',  ( 0.6782780149684399795, 0.8399999996185738560, -2.522442894688838866 ) ) ;
#894 = PRESENTATION_STYLE_ASSIGNMENT (( #10943 ) ) ;
#895 = SURFACE_SIDE_STYLE ('',( #7219 ) ) ;
#896 = ADVANCED_FACE ( 'NONE', ( #8137 ), #3503, .T. ) ;
#897 = MECHANICAL_DESIGN_GEOMETRIC_PRESENTATION_REPRESENTATION (  '', ( #4536 ), #7644 ) ;
#898 = FILL_AREA_STYLE ('',( #7160 ) ) ;
#899 = ORIENTED_EDGE ( 'NONE', *, *, #10230, .F. ) ;
#900 = COLOUR_RGB ( '',1.000000000000000000, 1.000000000000000000, 1.000000000000000000 ) ;
#901 =( NAMED_UNIT ( * ) PLANE_ANGLE_UNIT ( ) SI_UNIT ( $, .RADIAN. ) );
#902 = FILL_AREA_STYLE ('',( #11863 ) ) ;
#903 = B_SPLINE_SURFACE_WITH_KNOTS ( 'NONE', 3, 1, ( 
 ( #11488, #2277 ),
 ( #4018, #6595 ),
 ( #8507, #11301 ),
 ( #1204, #9467 ) ),
 .UNSPECIFIED., .F., .F., .F.,
 ( 4, 4 ),
 ( 2, 2 ),
 ( 16.00000000000000000, 17.00000000000000000 ),
 ( 0.0000000000000000000, 1.000000000000000000 ),
 .UNSPECIFIED. ) ;
#904 = ORIENTED_EDGE ( 'NONE', *, *, #8057, .T. ) ;
#905 = VERTEX_POINT ( 'NONE', #10194 ) ;
#906 = CARTESIAN_POINT ( 'NONE',  ( 0.2805048377901227519, 0.8409999996185738569, -2.189097769216112876 ) ) ;
#907 = UNCERTAINTY_MEASURE_WITH_UNIT (LENGTH_MEASURE( 1.000000000000000082E-05 ), #3527, 'distance_accuracy_value', 'NONE');
#908 = SURFACE_SIDE_STYLE ('',( #11130 ) ) ;
#909 = LINE ( 'NONE', #1033, #8061 ) ;
#910 = VECTOR ( 'NONE', #3983, 1000.000000000000000 ) ;
#911 = EDGE_LOOP ( 'NONE', ( #6753, #1954, #5367, #11747, #2070, #7631, #4503, #3592, #3808, #362, #6291, #5316, #8221, #2628 ) ) ;
#912 = ORIENTED_EDGE ( 'NONE', *, *, #4019, .T. ) ;
#913 = DIRECTION ( 'NONE',  ( 0.0000000000000000000, 0.0000000000000000000, -1.000000000000000000 ) ) ;
#914 = PRESENTATION_STYLE_ASSIGNMENT (( #7237 ) ) ;
#915 =( GEOMETRIC_REPRESENTATION_CONTEXT ( 3 ) GLOBAL_UNCERTAINTY_ASSIGNED_CONTEXT ( ( #2886 ) ) GLOBAL_UNIT_ASSIGNED_CONTEXT ( ( #10392, #5638, #1971 ) ) REPRESENTATION_CONTEXT ( 'NONE', 'WORKASPACE' ) );
#916 = VERTEX_POINT ( 'NONE', #2774 ) ;
#917 = CARTESIAN_POINT ( 'NONE',  ( -0.3641798065266340090, 0.8409999996185738569, -2.567576890754330599 ) ) ;
#918 = UNCERTAINTY_MEASURE_WITH_UNIT (LENGTH_MEASURE( 1.000000000000000082E-05 ), #5858, 'distance_accuracy_value', 'NONE');
#919 = STYLED_ITEM ( 'NONE', ( #10569 ), #4286 ) ;
#920 = DIRECTION ( 'NONE',  ( -0.0000000000000000000, -1.000000000000000000, -0.0000000000000000000 ) ) ;
#921 = CARTESIAN_POINT ( 'NONE',  ( -0.3504828576400529361, 0.8409999996185738569, -2.488215157499243269 ) ) ;
#922 = ORIENTED_EDGE ( 'NONE', *, *, #3379, .F. ) ;
#923 = LINE ( 'NONE', #11027, #5871 ) ;
#924 = STYLED_ITEM ( 'NONE', ( #2954 ), #10912 ) ;
#925 = DIRECTION ( 'NONE',  ( -0.0000000000000000000, -1.000000000000000000, -0.0000000000000000000 ) ) ;
#926 = ADVANCED_FACE ( 'NONE', ( #6388 ), #10756, .F. ) ;
#927 = CARTESIAN_POINT ( 'NONE',  ( -0.3838188141220479355, 0.8409999996185738569, -2.430305263309154640 ) ) ;
#928 = MECHANICAL_DESIGN_GEOMETRIC_PRESENTATION_REPRESENTATION (  '', ( #4384 ), #3801 ) ;
#929 = UNCERTAINTY_MEASURE_WITH_UNIT (LENGTH_MEASURE( 1.000000000000000082E-05 ), #1305, 'distance_accuracy_value', 'NONE');
#930 = CARTESIAN_POINT ( 'NONE',  ( -0.2621073234627077087, 0.8409999996185738569, -2.477438881537072923 ) ) ;
#931 = FILL_AREA_STYLE_COLOUR ( '', #9799 ) ;
#932 = B_SPLINE_CURVE_WITH_KNOTS ( 'NONE', 3,
 ( #8603, #6782, #1966, #11359 ),
 .UNSPECIFIED., .F., .F.,
 ( 4, 4 ),
 ( 1.000000000000000000, 2.000000000000000000 ),
 .UNSPECIFIED. ) ;
#933 = MECHANICAL_DESIGN_GEOMETRIC_PRESENTATION_REPRESENTATION (  '', ( #11185 ), #2096 ) ;
#934 = MECHANICAL_DESIGN_GEOMETRIC_PRESENTATION_REPRESENTATION (  '', ( #10615 ), #10409 ) ;
#935 =( NAMED_UNIT ( * ) PLANE_ANGLE_UNIT ( ) SI_UNIT ( $, .RADIAN. ) );
#936 = ORIENTED_EDGE ( 'NONE', *, *, #5177, .T. ) ;
#937 = DIRECTION ( 'NONE',  ( 0.0000000000000000000, -1.000000000000000000, 0.0000000000000000000 ) ) ;
#938 = B_SPLINE_CURVE_WITH_KNOTS ( 'NONE', 3,
 ( #4312, #552, #8806, #9712 ),
 .UNSPECIFIED., .F., .F.,
 ( 4, 4 ),
 ( 4.000000000000000000, 5.000000000000000000 ),
 .UNSPECIFIED. ) ;
#939 = DIRECTION ( 'NONE',  ( 3.302233253054859739E-15, 0.0000000000000000000, 1.000000000000000000 ) ) ;
#940 = CARTESIAN_POINT ( 'NONE',  ( 1.035433489371399673, 0.8409999996185738569, -2.285739833418932498 ) ) ;
#941 = VERTEX_POINT ( 'NONE', #7710 ) ;
#942 = CARTESIAN_POINT ( 'NONE',  ( -0.2367780393081682366, 0.8409999996185738569, -2.546225764548683212 ) ) ;
#943 = ORIENTED_EDGE ( 'NONE', *, *, #5833, .T. ) ;
#944 = PRESENTATION_STYLE_ASSIGNMENT (( #7198 ) ) ;
#945 =( NAMED_UNIT ( * ) PLANE_ANGLE_UNIT ( ) SI_UNIT ( $, .RADIAN. ) );
#946 = VECTOR ( 'NONE', #10429, 1000.000000000000000 ) ;
#947 = FILL_AREA_STYLE_COLOUR ( '', #2273 ) ;
#948 = CARTESIAN_POINT ( 'NONE',  ( -0.2374326728945912734, 0.8409999996185738569, -2.567979742191718096 ) ) ;
#949 = CARTESIAN_POINT ( 'NONE',  ( -0.6879212932655470736, 0.8409999996185738569, -2.179328817530069351 ) ) ;
#950 = CARTESIAN_POINT ( 'NONE',  ( -0.1530856530958017714, 0.8399999996185738560, -2.552872813273611818 ) ) ;
#951 = CARTESIAN_POINT ( 'NONE',  ( -0.3905665757056559495, 0.8409999996185738569, -2.529708855597042838 ) ) ;
#952 = MECHANICAL_DESIGN_GEOMETRIC_PRESENTATION_REPRESENTATION (  '', ( #7298 ), #2100 ) ;
#953 = CARTESIAN_POINT ( 'NONE',  ( -0.2322459606321946035, 0.8409999996185738569, -2.055149861814719703 ) ) ;
#954 = ORIENTED_EDGE ( 'NONE', *, *, #3820, .T. ) ;
#955 = MECHANICAL_DESIGN_GEOMETRIC_PRESENTATION_REPRESENTATION (  '', ( #10229 ), #6497 ) ;
#956 = EDGE_CURVE ( 'NONE', #6781, #7171, #352, .T. ) ;
#958 =( LENGTH_UNIT ( ) NAMED_UNIT ( * ) SI_UNIT ( .MILLI., .METRE. ) );
#957 = SURFACE_SIDE_STYLE ('',( #9216 ) ) ;
#959 = SURFACE_SIDE_STYLE ('',( #1967 ) ) ;
#960 = PRESENTATION_LAYER_ASSIGNMENT (  '', '', ( #3993 ) ) ;
#961 = EDGE_CURVE ( 'NONE', #4014, #11651, #8524, .T. ) ;
#962 = SURFACE_STYLE_USAGE ( .BOTH. , #1797 ) ;
#963 = CARTESIAN_POINT ( 'NONE',  ( 0.6782780149684399795, 0.8399999996185738560, -2.491629470525244638 ) ) ;
#964 = CARTESIAN_POINT ( 'NONE',  ( -0.1806306201586561910, 0.8400000000000000799, -2.510472699440351896 ) ) ;
#965 =( LENGTH_UNIT ( ) NAMED_UNIT ( * ) SI_UNIT ( .MILLI., .METRE. ) );
#966 = STYLED_ITEM ( 'NONE', ( #1197 ), #2437 ) ;
#967 = PRESENTATION_STYLE_ASSIGNMENT (( #3710 ) ) ;
#968 = ORIENTED_EDGE ( 'NONE', *, *, #5560, .F. ) ;
#969 = SURFACE_STYLE_USAGE ( .BOTH. , #119 ) ;
#970 = CARTESIAN_POINT ( 'NONE',  ( 0.7020883906145315434, 0.8409999996185738569, -2.577066694498510557 ) ) ;
#971 = ORIENTED_EDGE ( 'NONE', *, *, #4342, .T. ) ;
#972 = FILL_AREA_STYLE ('',( #4504 ) ) ;
#973 = EDGE_CURVE ( 'NONE', #415, #6646, #1176, .T. ) ;
#974 = EDGE_CURVE ( 'NONE', #9563, #10599, #2890, .T. ) ;
#975 = STYLED_ITEM ( 'NONE', ( #5681 ), #2710 ) ;
#976 = DIRECTION ( 'NONE',  ( -0.0000000000000000000, -0.0000000000000000000, 1.000000000000000000 ) ) ;
#977 = PRESENTATION_LAYER_ASSIGNMENT (  '', '', ( #6137 ) ) ;
#978 = CARTESIAN_POINT ( 'NONE',  ( 0.7146938458888766332, 0.8409999996185738569, -2.060241672484219411 ) ) ;
#979 = SURFACE_SIDE_STYLE ('',( #9243 ) ) ;
#980 = ORIENTED_EDGE ( 'NONE', *, *, #2142, .F. ) ;
#981 = ORIENTED_EDGE ( 'NONE', *, *, #11238, .F. ) ;
#982 =( NAMED_UNIT ( * ) PLANE_ANGLE_UNIT ( ) SI_UNIT ( $, .RADIAN. ) );
#983 = VECTOR ( 'NONE', #10597, 1000.000000000000000 ) ;
#984 = CARTESIAN_POINT ( 'NONE',  ( 0.2805048377901227519, 0.8399999996185738560, -2.189097769216112876 ) ) ;
#985 = ORIENTED_EDGE ( 'NONE', *, *, #7780, .T. ) ;
#986 = CARTESIAN_POINT ( 'NONE',  ( -0.4714390018529552306, 0.8409999996185738569, -2.544614358797791631 ) ) ;
#987 = ADVANCED_FACE ( 'NONE', ( #1124 ), #8595, .F. ) ;
#988 = CARTESIAN_POINT ( 'NONE',  ( -1.056782141042760026, 0.8399999996185738560, -2.567979742191714987 ) ) ;
#989 = PRESENTATION_STYLE_ASSIGNMENT (( #11212 ) ) ;
#990 = CARTESIAN_POINT ( 'NONE',  ( 0.9696047959044858944, 0.8409999996185738569, -2.186296552481105326 ) ) ;
#991 = ORIENTED_EDGE ( 'NONE', *, *, #6085, .T. ) ;
#992 = UNCERTAINTY_MEASURE_WITH_UNIT (LENGTH_MEASURE( 1.000000000000000082E-05 ), #1223, 'distance_accuracy_value', 'NONE');
#993 = CARTESIAN_POINT ( 'NONE',  ( -0.7212068933171906782, 0.8399999996185738560, -2.083651601042033619 ) ) ;
#994 = LINE ( 'NONE', #11082, #1140 ) ;
#995 = DIRECTION ( 'NONE',  ( -0.0000000000000000000, -0.0000000000000000000, 1.000000000000000000 ) ) ;
#996 = CARTESIAN_POINT ( 'NONE',  ( 0.8645591082111515613, 0.8409999996185738569, -2.565861720697740989 ) ) ;
#997 = CARTESIAN_POINT ( 'NONE',  ( -0.6665198106302211434, 0.8409999996185738569, -2.393645782464019600 ) ) ;
#998 = VERTEX_POINT ( 'NONE', #8485 ) ;
#999 = VECTOR ( 'NONE', #10729, 1000.000000000000000 ) ;
#1000 = FILL_AREA_STYLE ('',( #4598 ) ) ;
#1001 = SURFACE_SIDE_STYLE ('',( #7630 ) ) ;
#1002 = ORIENTED_EDGE ( 'NONE', *, *, #1778, .T. ) ;
#1003 = FACE_OUTER_BOUND ( 'NONE', #9460, .T. ) ;
#1004 = EDGE_LOOP ( 'NONE', ( #11633, #4090, #11860, #6380, #11482, #10103, #11634, #2787, #9880, #9791, #9395, #11013, #7731, #667 ) ) ;
#1005 = CARTESIAN_POINT ( 'NONE',  ( -0.4714390018529552306, 0.8399999996185738560, -2.544614358797791631 ) ) ;
#1006 =( NAMED_UNIT ( * ) SI_UNIT ( $, .STERADIAN. ) SOLID_ANGLE_UNIT ( ) );
#1007 =( NAMED_UNIT ( * ) PLANE_ANGLE_UNIT ( ) SI_UNIT ( $, .RADIAN. ) );
#1008 = CARTESIAN_POINT ( 'NONE',  ( -0.5587318727916593675, 0.8409999996185738569, -2.064981954719676605 ) ) ;
#1009 = B_SPLINE_SURFACE_WITH_KNOTS ( 'NONE', 3, 1, ( 
 ( #10350, #260 ),
 ( #2295, #6678 ),
 ( #2173, #4088 ),
 ( #9536, #8633 ) ),
 .UNSPECIFIED., .F., .F., .F.,
 ( 4, 4 ),
 ( 2, 2 ),
 ( 4.000000000000000000, 5.000000000000000000 ),
 ( 0.0000000000000000000, 1.000000000000000000 ),
 .UNSPECIFIED. ) ;
#1010 = COLOUR_RGB ( '',1.000000000000000000, 1.000000000000000000, 1.000000000000000000 ) ;
#1011 = DIRECTION ( 'NONE',  ( 1.000000000000000000, -0.0000000000000000000, -0.0000000000000000000 ) ) ;
#1012 =( LENGTH_UNIT ( ) NAMED_UNIT ( * ) SI_UNIT ( .MILLI., .METRE. ) );
#1013 = COLOUR_RGB ( '',1.000000000000000000, 1.000000000000000000, 1.000000000000000000 ) ;
#1014 = FILL_AREA_STYLE ('',( #5577 ) ) ;
#1015 = DIRECTION ( 'NONE',  ( 1.000000000000000000, -0.0000000000000000000, -0.0000000000000000000 ) ) ;
#1016 = FILL_AREA_STYLE_COLOUR ( '', #7675 ) ;
#1017 = CARTESIAN_POINT ( 'NONE',  ( -0.3073273973610270438, 0.8409999996185738569, -2.493653651909332858 ) ) ;
#1018 = ORIENTED_EDGE ( 'NONE', *, *, #4558, .F. ) ;
#1019 = SURFACE_STYLE_USAGE ( .BOTH. , #7341 ) ;
#1020 = DIRECTION ( 'NONE',  ( -0.0000000000000000000, -1.000000000000000000, -0.0000000000000000000 ) ) ;
#1021 = EDGE_CURVE ( 'NONE', #2424, #10397, #5856, .T. ) ;
#1022 = DIRECTION ( 'NONE',  ( -0.3315284183503968696, -0.0000000000000000000, 0.9434452330824953936 ) ) ;
#1023 = CARTESIAN_POINT ( 'NONE',  ( -0.5468729335895011756, 0.8399999996185738560, -2.255467739283379736 ) ) ;
#1024 = FILL_AREA_STYLE_COLOUR ( '', #2592 ) ;
#1025 = FILL_AREA_STYLE ('',( #2913 ) ) ;
#1026 = CARTESIAN_POINT ( 'NONE',  ( 0.4443761837901310519, 0.8399999996185738560, -2.089654474922371996 ) ) ;
#1027 = CARTESIAN_POINT ( 'NONE',  ( -0.4243053836250365030, 0.8409999996185738569, -2.255467739283380624 ) ) ;
#1028 = ORIENTED_EDGE ( 'NONE', *, *, #9777, .T. ) ;
#1029 = CARTESIAN_POINT ( 'NONE',  ( -0.2462450480974832101, 0.8399999996185738560, -2.258791263645847369 ) ) ;
#1030 = ORIENTED_EDGE ( 'NONE', *, *, #6626, .F. ) ;
#1031 = LINE ( 'NONE', #799, #1636 ) ;
#1032 = CARTESIAN_POINT ( 'NONE',  ( -0.5904816017376016690, 0.8409999996185738569, -2.545520774531908170 ) ) ;
#1033 = CARTESIAN_POINT ( 'NONE',  ( -0.4034074652871189048, 0.8409999996185738569, -2.427283877524723188 ) ) ;
#1034 = ORIENTED_EDGE ( 'NONE', *, *, #3441, .F. ) ;
#1035 = B_SPLINE_CURVE_WITH_KNOTS ( 'NONE', 3,
 ( #10472, #5775, #11205, #2985 ),
 .UNSPECIFIED., .F., .F.,
 ( 4, 4 ),
 ( 2.000000000000000000, 3.000000000000000000 ),
 .UNSPECIFIED. ) ;
#1036 = EDGE_CURVE ( 'NONE', #3671, #4154, #5477, .T. ) ;
#1037 =( NAMED_UNIT ( * ) PLANE_ANGLE_UNIT ( ) SI_UNIT ( $, .RADIAN. ) );
#1038 = EDGE_CURVE ( 'NONE', #9793, #3273, #8423, .T. ) ;
#1039 =( NAMED_UNIT ( * ) PLANE_ANGLE_UNIT ( ) SI_UNIT ( $, .RADIAN. ) );
#1040 = ORIENTED_EDGE ( 'NONE', *, *, #170, .F. ) ;
#1041 = CARTESIAN_POINT ( 'NONE',  ( -0.3337141665400489843, 0.8409999996185738569, -2.571303266554186173 ) ) ;
#1042 = UNCERTAINTY_MEASURE_WITH_UNIT (LENGTH_MEASURE( 1.000000000000000082E-05 ), #7218, 'distance_accuracy_value', 'NONE');
#1043 = DIRECTION ( 'NONE',  ( -8.896925954345478095E-15, 0.0000000000000000000, -1.000000000000000000 ) ) ;
#1044 = DIRECTION ( 'NONE',  ( 0.2524218971878744444, -0.0000000000000000000, 0.9676172723861817815 ) ) ;
#1045 = ORIENTED_EDGE ( 'NONE', *, *, #2709, .T. ) ;
#1046 = CARTESIAN_POINT ( 'NONE',  ( -0.8202579905973723662, 0.8399999996185738560, -2.412176948605279314 ) ) ;
#1047 = CARTESIAN_POINT ( 'NONE',  ( 1.261220445829635661, -0.8399999999999999689, 0.0000000000000000000 ) ) ;
#1048 = EDGE_CURVE ( 'NONE', #8848, #2046, #7576, .T. ) ;
#1049 = EDGE_CURVE ( 'NONE', #10395, #2007, #11281, .T. ) ;
#1050 = UNCERTAINTY_MEASURE_WITH_UNIT (LENGTH_MEASURE( 1.000000000000000082E-05 ), #5240, 'distance_accuracy_value', 'NONE');
#1051 = CARTESIAN_POINT ( 'NONE',  ( -0.7233218633661550045, 0.8409999996185738569, -2.094730015583587068 ) ) ;
#1052 = FACE_OUTER_BOUND ( 'NONE', #9893, .T. ) ;
#1053 = ORIENTED_EDGE ( 'NONE', *, *, #6455, .T. ) ;
#1054 = CARTESIAN_POINT ( 'NONE',  ( 0.6264554185365150962, 0.8409999996185738569, -2.427201338675438969 ) ) ;
#1055 = FACE_OUTER_BOUND ( 'NONE', #3389, .T. ) ;
#1056 = ORIENTED_EDGE ( 'NONE', *, *, #8838, .T. ) ;
#1057 =( GEOMETRIC_REPRESENTATION_CONTEXT ( 3 ) GLOBAL_UNCERTAINTY_ASSIGNED_CONTEXT ( ( #11809 ) ) GLOBAL_UNIT_ASSIGNED_CONTEXT ( ( #10246, #341, #11407 ) ) REPRESENTATION_CONTEXT ( 'NONE', 'WORKASPACE' ) );
#1058 = CARTESIAN_POINT ( 'NONE',  ( -0.2270592483704722830, 0.8409999996185738569, -2.562944099219015115 ) ) ;
#1059 = VERTEX_POINT ( 'NONE', #11707 ) ;
#1060 = LINE ( 'NONE', #4717, #9761 ) ;
#1061 = CARTESIAN_POINT ( 'NONE',  ( -1.000735434753270203, 0.8409999996185738569, -2.491840820439746196 ) ) ;
#1062 = CARTESIAN_POINT ( 'NONE',  ( -0.7350549114934644690, 0.8409999996185738569, -2.058473386177184672 ) ) ;
#1063 = CARTESIAN_POINT ( 'NONE',  ( -0.9663419932461209116, 0.8409999996185738569, -2.402105662659876462 ) ) ;
#1064 = DIRECTION ( 'NONE',  ( -6.155985935612615980E-15, 0.0000000000000000000, -1.000000000000000000 ) ) ;
#1065 = VECTOR ( 'NONE', #294, 1000.000000000000000 ) ;
#1066 = STYLED_ITEM ( 'NONE', ( #2391 ), #6762 ) ;
#1067 = DIRECTION ( 'NONE',  ( -0.0000000000000000000, -1.000000000000000000, -0.0000000000000000000 ) ) ;
#1068 = CARTESIAN_POINT ( 'NONE',  ( -0.5650516047230479399, 0.8400000000000000799, -2.567979742191716763 ) ) ;
#1069 = ORIENTED_EDGE ( 'NONE', *, *, #8279, .F. ) ;
#1070 = SURFACE_STYLE_USAGE ( .BOTH. , #4794 ) ;
#1071 = CARTESIAN_POINT ( 'NONE',  ( -0.01949004502012894463, 0.8409999996185738569, -2.370985389085525252 ) ) ;
#1072 = CARTESIAN_POINT ( 'NONE',  ( -0.8586799464824120820, 0.8409999996185738569, -2.414493344372936612 ) ) ;
#1073 = STYLED_ITEM ( 'NONE', ( #4303 ), #8418 ) ;
#1074 = VECTOR ( 'NONE', #364, 1000.000000000000000 ) ;
#1075 = CARTESIAN_POINT ( 'NONE',  ( -0.3081331002364727234, 0.8409999996185738569, -2.546628615986069377 ) ) ;
#1076 = DIRECTION ( 'NONE',  ( 0.3493954794691455090, 0.0000000000000000000, 0.9369753459544845064 ) ) ;
#1077 =( NAMED_UNIT ( * ) PLANE_ANGLE_UNIT ( ) SI_UNIT ( $, .RADIAN. ) );
#1078 = MECHANICAL_DESIGN_GEOMETRIC_PRESENTATION_REPRESENTATION (  '', ( #3936 ), #9754 ) ;
#1079 =( LENGTH_UNIT ( ) NAMED_UNIT ( * ) SI_UNIT ( .MILLI., .METRE. ) );
#1080 = EDGE_CURVE ( 'NONE', #1321, #9903, #4174, .T. ) ;
#1081 = AXIS2_PLACEMENT_3D ( 'NONE', #11458, #3123, #1994 ) ;
#1082 = ORIENTED_EDGE ( 'NONE', *, *, #3954, .T. ) ;
#1083 = PRESENTATION_STYLE_ASSIGNMENT (( #9468 ) ) ;
#1084 = CARTESIAN_POINT ( 'NONE',  ( -0.9640759539081356078, 0.8409999996185738569, -2.409961265696968002 ) ) ;
#1085 = VECTOR ( 'NONE', #10388, 1000.000000000000000 ) ;
#1086 = ORIENTED_EDGE ( 'NONE', *, *, #3297, .F. ) ;
#1087 = STYLED_ITEM ( 'NONE', ( #7386 ), #6990 ) ;
#1088 =( GEOMETRIC_REPRESENTATION_CONTEXT ( 3 ) GLOBAL_UNCERTAINTY_ASSIGNED_CONTEXT ( ( #788 ) ) GLOBAL_UNIT_ASSIGNED_CONTEXT ( ( #578, #3879, #10319 ) ) REPRESENTATION_CONTEXT ( 'NONE', 'WORKASPACE' ) );
#1089 = CARTESIAN_POINT ( 'NONE',  ( -0.1628044440334908693, 0.8409999996185738569, -2.461123398304127630 ) ) ;
#1090 = LINE ( 'NONE', #7297, #2529 ) ;
#1091 = CARTESIAN_POINT ( 'NONE',  ( -0.1812348973154007392, 0.8409999996185738569, -2.544715071657143390 ) ) ;
#1092 =( NAMED_UNIT ( * ) SI_UNIT ( $, .STERADIAN. ) SOLID_ANGLE_UNIT ( ) );
#1093 = MECHANICAL_DESIGN_GEOMETRIC_PRESENTATION_REPRESENTATION (  '', ( #2986 ), #1664 ) ;
#1094 = AXIS2_PLACEMENT_3D ( 'NONE', #2677, #4555, #8024 ) ;
#1095 = ORIENTED_EDGE ( 'NONE', *, *, #7056, .F. ) ;
#1096 = FILL_AREA_STYLE ('',( #1986 ) ) ;
#1097 = VERTEX_POINT ( 'NONE', #8725 ) ;
#1098 = CARTESIAN_POINT ( 'NONE',  ( -0.5951647497025869260, 0.8409999996185738569, -2.155157731260029408 ) ) ;
#1099 = VECTOR ( 'NONE', #11081, 1000.000000000000000 ) ;
#1100 = ADVANCED_FACE ( 'NONE', ( #11652 ), #5003, .F. ) ;
#1101 = DIRECTION ( 'NONE',  ( -2.201488835369906361E-15, -0.0000000000000000000, -1.000000000000000000 ) ) ;
#1102 = EDGE_CURVE ( 'NONE', #9482, #6838, #8956, .T. ) ;
#1103 = SURFACE_STYLE_USAGE ( .BOTH. , #2884 ) ;
#1104 = B_SPLINE_SURFACE_WITH_KNOTS ( 'NONE', 3, 1, ( 
 ( #9681, #8947 ),
 ( #2580, #1697 ),
 ( #8049, #8166 ),
 ( #1758, #5414 ) ),
 .UNSPECIFIED., .F., .F., .F.,
 ( 4, 4 ),
 ( 2, 2 ),
 ( 5.000000000000000000, 6.000000000000000000 ),
 ( 0.0000000000000000000, 1.000000000000000000 ),
 .UNSPECIFIED. ) ;
#1105 = VERTEX_POINT ( 'NONE', #3136 ) ;
#1106 = UNCERTAINTY_MEASURE_WITH_UNIT (LENGTH_MEASURE( 1.000000000000000082E-05 ), #6592, 'distance_accuracy_value', 'NONE');
#1107 = STYLED_ITEM ( 'NONE', ( #8100 ), #4889 ) ;
#1108 =( NAMED_UNIT ( * ) SI_UNIT ( $, .STERADIAN. ) SOLID_ANGLE_UNIT ( ) );
#1109 = DIRECTION ( 'NONE',  ( 1.000000000000000000, 1.289467883355211566E-16, -0.0000000000000000000 ) ) ;
#1110 = CARTESIAN_POINT ( 'NONE',  ( -0.5650516047230472738, 0.8409999996185738569, -2.370985389085523476 ) ) ;
#1111 = B_SPLINE_CURVE_WITH_KNOTS ( 'NONE', 3,
 ( #3660, #5460, #4282, #906 ),
 .UNSPECIFIED., .F., .F.,
 ( 4, 4 ),
 ( 35.00000000000000000, 36.00000000000000000 ),
 .UNSPECIFIED. ) ;
#1112 =( LENGTH_UNIT ( ) NAMED_UNIT ( * ) SI_UNIT ( .MILLI., .METRE. ) );
#1113 = CARTESIAN_POINT ( 'NONE',  ( 0.6082475030763002666, 0.8409999996185738569, -2.005617892709754102 ) ) ;
#1114 = EDGE_CURVE ( 'NONE', #874, #9162, #7999, .T. ) ;
#1115 = CARTESIAN_POINT ( 'NONE',  ( 0.8463511793936773220, 0.8409999996185738569, -2.621886108840380203 ) ) ;
#1116 = PRESENTATION_STYLE_ASSIGNMENT (( #3810 ) ) ;
#1117 = EDGE_CURVE ( 'NONE', #11192, #5467, #5189, .T. ) ;
#1118 = COLOUR_RGB ( '',1.000000000000000000, 1.000000000000000000, 1.000000000000000000 ) ;
#1119 =( LENGTH_UNIT ( ) NAMED_UNIT ( * ) SI_UNIT ( .MILLI., .METRE. ) );
#1120 = VERTEX_POINT ( 'NONE', #10631 ) ;
#1121 = ORIENTED_EDGE ( 'NONE', *, *, #1586, .F. ) ;
#1122 =( NAMED_UNIT ( * ) PLANE_ANGLE_UNIT ( ) SI_UNIT ( $, .RADIAN. ) );
#1123 = COLOUR_RGB ( '',1.000000000000000000, 1.000000000000000000, 1.000000000000000000 ) ;
#1124 = FACE_OUTER_BOUND ( 'NONE', #6513, .T. ) ;
#1125 = SURFACE_STYLE_FILL_AREA ( #1177 ) ;
#1126 = CARTESIAN_POINT ( 'NONE',  ( -0.2789263709930535629, 0.8409999996185738569, -2.089795085468891145 ) ) ;
#1127 = STYLED_ITEM ( 'NONE', ( #4179 ), #11675 ) ;
#1128 = SURFACE_SIDE_STYLE ('',( #11173 ) ) ;
#1129 = DIRECTION ( 'NONE',  ( 1.000000000000000000, 0.0000000000000000000, -0.0000000000000000000 ) ) ;
#1130 =( NAMED_UNIT ( * ) SI_UNIT ( $, .STERADIAN. ) SOLID_ANGLE_UNIT ( ) );
#1131 = CARTESIAN_POINT ( 'NONE',  ( -0.3330595329536246707, 0.8399999996185738560, -2.506142046483079699 ) ) ;
#1132 = ORIENTED_EDGE ( 'NONE', *, *, #9817, .F. ) ;
#1133 = MECHANICAL_DESIGN_GEOMETRIC_PRESENTATION_REPRESENTATION (  '', ( #5729 ), #569 ) ;
#1134 = SURFACE_STYLE_FILL_AREA ( #8552 ) ;
#1135 = DIRECTION ( 'NONE',  ( -0.0000000000000000000, -1.000000000000000000, -0.0000000000000000000 ) ) ;
#1136 = EDGE_CURVE ( 'NONE', #9744, #4350, #5322, .T. ) ;
#1137 = SURFACE_STYLE_FILL_AREA ( #3833 ) ;
#1138 = MECHANICAL_DESIGN_GEOMETRIC_PRESENTATION_REPRESENTATION (  '', ( #573 ), #11182 ) ;
#1139 =( GEOMETRIC_REPRESENTATION_CONTEXT ( 3 ) GLOBAL_UNCERTAINTY_ASSIGNED_CONTEXT ( ( #2741 ) ) GLOBAL_UNIT_ASSIGNED_CONTEXT ( ( #5897, #8519, #394 ) ) REPRESENTATION_CONTEXT ( 'NONE', 'WORKASPACE' ) );
#1140 = VECTOR ( 'NONE', #9122, 1000.000000000000000 ) ;
#1141 = CARTESIAN_POINT ( 'NONE',  ( -0.1598837711090797808, 0.8409999996185738569, -2.084155165340109583 ) ) ;
#1142 = FACE_OUTER_BOUND ( 'NONE', #3460, .T. ) ;
#1143 =( NAMED_UNIT ( * ) SI_UNIT ( $, .STERADIAN. ) SOLID_ANGLE_UNIT ( ) );
#1144 = PRESENTATION_LAYER_ASSIGNMENT (  '', '', ( #7298 ) ) ;
#1145 = DIRECTION ( 'NONE',  ( -0.3897582650654505820, 0.0000000000000000000, 0.9209172030172799728 ) ) ;
#1146 = ORIENTED_EDGE ( 'NONE', *, *, #4490, .F. ) ;
#1147 = SURFACE_SIDE_STYLE ('',( #10523 ) ) ;
#1148 = COLOUR_RGB ( '',0.7921568627450980005, 0.8196078431372548767, 0.9333333333333333481 ) ;
#1149 = MECHANICAL_DESIGN_GEOMETRIC_PRESENTATION_REPRESENTATION (  '', ( #6306 ), #9625 ) ;
#1150 = LINE ( 'NONE', #4021, #7826 ) ;
#1151 = ORIENTED_EDGE ( 'NONE', *, *, #4669, .T. ) ;
#1152 = FILL_AREA_STYLE ('',( #11248 ) ) ;
#1153 = FILL_AREA_STYLE ('',( #3897 ) ) ;
#1154 = EDGE_CURVE ( 'NONE', #10784, #6502, #2339, .T. ) ;
#1155 = PRESENTATION_STYLE_ASSIGNMENT (( #11206 ) ) ;
#1156 = ORIENTED_EDGE ( 'NONE', *, *, #10593, .F. ) ;
#1157 = SURFACE_STYLE_USAGE ( .BOTH. , #8518 ) ;
#1158 = ORIENTED_EDGE ( 'NONE', *, *, #5582, .F. ) ;
#1159 = SURFACE_SIDE_STYLE ('',( #3182 ) ) ;
#1160 = CARTESIAN_POINT ( 'NONE',  ( -0.2374326728945912734, 0.8399999996185738560, -2.546225764548683657 ) ) ;
#1161 = ORIENTED_EDGE ( 'NONE', *, *, #344, .F. ) ;
#1162 = LINE ( 'NONE', #2935, #11544 ) ;
#1163 = LINE ( 'NONE', #5788, #3025 ) ;
#1164 = UNCERTAINTY_MEASURE_WITH_UNIT (LENGTH_MEASURE( 1.000000000000000082E-05 ), #9347, 'distance_accuracy_value', 'NONE');
#1165 = SURFACE_STYLE_USAGE ( .BOTH. , #269 ) ;
#1166 = LINE ( 'NONE', #10185, #4956 ) ;
#1167 = SURFACE_STYLE_USAGE ( .BOTH. , #4045 ) ;
#1168 = SURFACE_STYLE_USAGE ( .BOTH. , #5387 ) ;
#1169 = CARTESIAN_POINT ( 'NONE',  ( -0.5167094321802800927, 0.8400000000000000799, -2.081133779555683017 ) ) ;
#1170 = B_SPLINE_CURVE_WITH_KNOTS ( 'NONE', 3,
 ( #9553, #8834, #11461, #5052 ),
 .UNSPECIFIED., .F., .F.,
 ( 4, 4 ),
 ( 3.000000000000000000, 4.000000000000000000 ),
 .UNSPECIFIED. ) ;
#1171 = CARTESIAN_POINT ( 'NONE',  ( -0.3361312751670491594, 0.8399999996185738560, -2.551160694662033546 ) ) ;
#1172 = CARTESIAN_POINT ( 'NONE',  ( -0.8388898695979767339, 0.8409999996185738569, -2.397070019685833220 ) ) ;
#1173 = ORIENTED_EDGE ( 'NONE', *, *, #8349, .F. ) ;
#1174 = ORIENTED_EDGE ( 'NONE', *, *, #4753, .F. ) ;
#1175 = CARTESIAN_POINT ( 'NONE',  ( -0.2451372066433312180, 0.8409999996185738569, -2.424061066021605093 ) ) ;
#1176 = LINE ( 'NONE', #9387, #2345 ) ;
#1177 = FILL_AREA_STYLE ('',( #3698 ) ) ;
#1178 = SURFACE_SIDE_STYLE ('',( #10500 ) ) ;
#1179 = LINE ( 'NONE', #4840, #7118 ) ;
#1180 = EDGE_CURVE ( 'NONE', #9072, #8045, #6095, .T. ) ;
#1181 = EDGE_CURVE ( 'NONE', #6098, #6560, #8904, .T. ) ;
#1182 = EDGE_CURVE ( 'NONE', #11594, #4014, #4292, .T. ) ;
#1183 = CARTESIAN_POINT ( 'NONE',  ( -2.100000000000000089, 0.8400000000000000799, -3.279999999999999805 ) ) ;
#1184 = ORIENTED_EDGE ( 'NONE', *, *, #2910, .T. ) ;
#1185 = SURFACE_STYLE_USAGE ( .BOTH. , #9451 ) ;
#1186 = DIRECTION ( 'NONE',  ( -0.0000000000000000000, -1.000000000000000000, -0.0000000000000000000 ) ) ;
#1187 = CARTESIAN_POINT ( 'NONE',  ( -0.6119837972322711428, 0.8409999996185738569, -2.209441962509615109 ) ) ;
#1188 = ORIENTED_EDGE ( 'NONE', *, *, #710, .T. ) ;
#1189 = FACE_OUTER_BOUND ( 'NONE', #8270, .T. ) ;
#1190 = B_SPLINE_CURVE_WITH_KNOTS ( 'NONE', 3,
 ( #11789, #4124, #11549, #8917 ),
 .UNSPECIFIED., .F., .F.,
 ( 4, 4 ),
 ( 6.000000000000000000, 7.000000000000000000 ),
 .UNSPECIFIED. ) ;
#1191 = FILL_AREA_STYLE ('',( #2264 ) ) ;
#1192 = CARTESIAN_POINT ( 'NONE',  ( 0.7623145971803871879, 0.8409999996185738569, -2.577066694498511001 ) ) ;
#1193 = PRESENTATION_STYLE_ASSIGNMENT (( #3707 ) ) ;
#1194 = PRESENTATION_LAYER_ASSIGNMENT (  '', '', ( #6358 ) ) ;
#1195 = ORIENTED_EDGE ( 'NONE', *, *, #10769, .T. ) ;
#1196 = DIRECTION ( 'NONE',  ( -0.0000000000000000000, -0.0000000000000000000, 1.000000000000000000 ) ) ;
#1197 = PRESENTATION_STYLE_ASSIGNMENT (( #9463 ) ) ;
#1198 = VECTOR ( 'NONE', #5127, 1000.000000000000000 ) ;
#1199 = DIRECTION ( 'NONE',  ( -1.000000000000000000, 9.240359424592367111E-17, -0.0000000000000000000 ) ) ;
#1200 = EDGE_CURVE ( 'NONE', #5680, #2649, #6148, .T. ) ;
#1201 = FACE_OUTER_BOUND ( 'NONE', #8952, .T. ) ;
#1202 = EDGE_CURVE ( 'NONE', #6573, #9072, #8060, .T. ) ;
#1203 = VERTEX_POINT ( 'NONE', #7132 ) ;
#1204 = CARTESIAN_POINT ( 'NONE',  ( -0.3823081212298362619, 0.8409999996185738569, -2.506444185061117658 ) ) ;
#1205 = B_SPLINE_SURFACE_WITH_KNOTS ( 'NONE', 3, 1, ( 
 ( #9490, #3466 ),
 ( #11003, #1571 ),
 ( #4561, #11058 ),
 ( #6405, #5339 ) ),
 .UNSPECIFIED., .F., .F., .F.,
 ( 4, 4 ),
 ( 2, 2 ),
 ( 2.000000000000000000, 3.000000000000000000 ),
 ( 0.0000000000000000000, 1.000000000000000000 ),
 .UNSPECIFIED. ) ;
#1206 = CARTESIAN_POINT ( 'NONE',  ( -0.7206026161611113201, 0.8400000000000000799, -2.083651601042033175 ) ) ;
#1207 = LINE ( 'NONE', #5768, #4513 ) ;
#1208 = ORIENTED_EDGE ( 'NONE', *, *, #6613, .F. ) ;
#1209 = SURFACE_STYLE_FILL_AREA ( #1152 ) ;
#1210 = VECTOR ( 'NONE', #9627, 1000.000000000000000 ) ;
#1211 = DIRECTION ( 'NONE',  ( -0.1333547648937626617, 0.0000000000000000000, -0.9910683662997872290 ) ) ;
#1212 = SURFACE_STYLE_USAGE ( .BOTH. , #10532 ) ;
#1213 = SURFACE_SIDE_STYLE ('',( #2172 ) ) ;
#1214 = VERTEX_POINT ( 'NONE', #10858 ) ;
#1215 = SURFACE_STYLE_USAGE ( .BOTH. , #4927 ) ;
#1216 = DIRECTION ( 'NONE',  ( 0.0000000000000000000, 0.0000000000000000000, -1.000000000000000000 ) ) ;
#1217 = EDGE_CURVE ( 'NONE', #849, #7261, #5036, .T. ) ;
#1218 = EDGE_LOOP ( 'NONE', ( #6270, #6544, #2569, #4485 ) ) ;
#1219 = PLANE ( 'NONE',  #131 ) ;
#1220 = LINE ( 'NONE', #3977, #3865 ) ;
#1221 = CARTESIAN_POINT ( 'NONE',  ( 0.3491347346354610748, 0.8409999996185738569, -2.264730687865104120 ) ) ;
#1222 = VERTEX_POINT ( 'NONE', #1618 ) ;
#1223 =( LENGTH_UNIT ( ) NAMED_UNIT ( * ) SI_UNIT ( .MILLI., .METRE. ) );
#1224 =( LENGTH_UNIT ( ) NAMED_UNIT ( * ) SI_UNIT ( .MILLI., .METRE. ) );
#1225 = LINE ( 'NONE', #1284, #10800 ) ;
#1226 = EDGE_CURVE ( 'NONE', #7261, #849, #169, .T. ) ;
#1227 = CARTESIAN_POINT ( 'NONE',  ( -1.000735434753270203, 0.8409999996185738569, -2.491840820439746196 ) ) ;
#1228 = CARTESIAN_POINT ( 'NONE',  ( 0.6516663825148983902, 0.8399999996185738560, -2.397788529557989712 ) ) ;
#1229 = LINE ( 'NONE', #2186, #9027 ) ;
#1230 = CARTESIAN_POINT ( 'NONE',  ( -0.4729496947458396994, 0.8409999996185738569, -2.538168735791555886 ) ) ;
#1231 = ORIENTED_EDGE ( 'NONE', *, *, #7758, .T. ) ;
#1232 = DIRECTION ( 'NONE',  ( 0.0000000000000000000, 0.0000000000000000000, -1.000000000000000000 ) ) ;
#1233 = B_SPLINE_CURVE_WITH_KNOTS ( 'NONE', 3,
 ( #9655, #485, #6001, #7088 ),
 .UNSPECIFIED., .F., .F.,
 ( 4, 4 ),
 ( 2.000000000000000000, 3.000000000000000000 ),
 .UNSPECIFIED. ) ;
#1234 = ORIENTED_EDGE ( 'NONE', *, *, #7821, .F. ) ;
#1235 = UNCERTAINTY_MEASURE_WITH_UNIT (LENGTH_MEASURE( 1.000000000000000082E-05 ), #9835, 'distance_accuracy_value', 'NONE');
#1236 =( NAMED_UNIT ( * ) PLANE_ANGLE_UNIT ( ) SI_UNIT ( $, .RADIAN. ) );
#1237 = SURFACE_STYLE_USAGE ( .BOTH. , #3084 ) ;
#1238 = PRESENTATION_STYLE_ASSIGNMENT (( #9508 ) ) ;
#1239 = FILL_AREA_STYLE ('',( #591 ) ) ;
#1240 = EDGE_LOOP ( 'NONE', ( #9025, #3850, #11209, #10751 ) ) ;
#1241 = CARTESIAN_POINT ( 'NONE',  ( -0.7634055814317588506, 0.8399999996185738560, -2.393645782464019600 ) ) ;
#1242 = LINE ( 'NONE', #10381, #9742 ) ;
#1243 = ORIENTED_EDGE ( 'NONE', *, *, #10577, .F. ) ;
#1244 = STYLED_ITEM ( 'NONE', ( #6869 ), #7915 ) ;
#1245 = PRESENTATION_LAYER_ASSIGNMENT (  '', '', ( #3912 ) ) ;
#1246 = CARTESIAN_POINT ( 'NONE',  ( -0.4746114569264016092, 0.8400000000000000799, -2.589230155538022604 ) ) ;
#1247 = DIRECTION ( 'NONE',  ( 1.000000000000000000, -0.0000000000000000000, -0.0000000000000000000 ) ) ;
#1248 = SURFACE_STYLE_FILL_AREA ( #428 ) ;
#1249 = FACE_OUTER_BOUND ( 'NONE', #8404, .T. ) ;
#1250 = EDGE_CURVE ( 'NONE', #3181, #11448, #4317, .T. ) ;
#1251 = ORIENTED_EDGE ( 'NONE', *, *, #9517, .T. ) ;
#1252 = CARTESIAN_POINT ( 'NONE',  ( -0.1788681451180696991, 0.8399999996185738560, -2.064818296322736391 ) ) ;
#1253 = FACE_OUTER_BOUND ( 'NONE', #11869, .T. ) ;
#1254 = DIRECTION ( 'NONE',  ( -0.0000000000000000000, -1.000000000000000000, -0.0000000000000000000 ) ) ;
#1255 = CARTESIAN_POINT ( 'NONE',  ( -0.3337141665400489843, 0.8409999996185738569, -2.571303266554186173 ) ) ;
#1256 = STYLED_ITEM ( 'NONE', ( #3646 ), #8294 ) ;
#1257 = FACE_OUTER_BOUND ( 'NONE', #4938, .T. ) ;
#1258 = ORIENTED_EDGE ( 'NONE', *, *, #309, .F. ) ;
#1259 = CARTESIAN_POINT ( 'NONE',  ( -0.2112473294349347386, 0.8399999996185738560, -2.424061066021605093 ) ) ;
#1260 = VERTEX_POINT ( 'NONE', #4209 ) ;
#1261 =( LENGTH_UNIT ( ) NAMED_UNIT ( * ) SI_UNIT ( .MILLI., .METRE. ) );
#1262 = STYLED_ITEM ( 'NONE', ( #8604 ), #6893 ) ;
#1263 = EDGE_CURVE ( 'NONE', #1214, #4244, #9371, .T. ) ;
#1264 = DIRECTION ( 'NONE',  ( -0.9910683662997872290, 0.0000000000000000000, 0.1333547648937626617 ) ) ;
#1265 = COLOUR_RGB ( '',1.000000000000000000, 1.000000000000000000, 1.000000000000000000 ) ;
#1266 = CARTESIAN_POINT ( 'NONE',  ( -1.028683253254175645, 0.8399999996185738560, -2.567979742191715431 ) ) ;
#1267 = ADVANCED_FACE ( 'NONE', ( #3290 ), #3410, .F. ) ;
#1268 = CARTESIAN_POINT ( 'NONE',  ( -0.7935690828409782682, 0.8399999996185738560, -2.567979742191715875 ) ) ;
#1269 = CARTESIAN_POINT ( 'NONE',  ( 0.5466206814636389577, 0.8409999996185738569, -2.005617892709753658 ) ) ;
#1270 = MECHANICAL_DESIGN_GEOMETRIC_PRESENTATION_REPRESENTATION (  '', ( #7834 ), #8216 ) ;
#1271 = ORIENTED_EDGE ( 'NONE', *, *, #5843, .T. ) ;
#1272 = CARTESIAN_POINT ( 'NONE',  ( -0.4869487822111346897, 0.8400000000000000799, -2.233008771623575583 ) ) ;
#1273 = VECTOR ( 'NONE', #8923, 1000.000000000000114 ) ;
#1274 = ORIENTED_EDGE ( 'NONE', *, *, #9127, .T. ) ;
#1275 = FILL_AREA_STYLE ('',( #10480 ) ) ;
#1276 = LINE ( 'NONE', #3907, #2343 ) ;
#1277 = DIRECTION ( 'NONE',  ( -0.0000000000000000000, -1.000000000000000000, -0.0000000000000000000 ) ) ;
#1278 = VERTEX_POINT ( 'NONE', #8930 ) ;
#1279 = MECHANICAL_DESIGN_GEOMETRIC_PRESENTATION_REPRESENTATION (  '', ( #11536 ), #9171 ) ;
#1280 = EDGE_LOOP ( 'NONE', ( #687, #1018, #6207, #9112 ) ) ;
#1281 = COLOUR_RGB ( '',1.000000000000000000, 1.000000000000000000, 1.000000000000000000 ) ;
#1282 = ADVANCED_FACE ( 'NONE', ( #2347 ), #8772, .F. ) ;
#1283 = SURFACE_STYLE_FILL_AREA ( #9489 ) ;
#1284 = CARTESIAN_POINT ( 'NONE',  ( -0.1233753595549827997, 0.8409999996185738569, -2.233008771623576916 ) ) ;
#1285 = VECTOR ( 'NONE', #1022, 1000.000000000000227 ) ;
#1286 = CARTESIAN_POINT ( 'NONE',  ( -0.1740842842937340984, 0.8409999996185738569, -2.520644698245106952 ) ) ;
#1287 = DIRECTION ( 'NONE',  ( -1.000000000000000000, -0.0000000000000000000, 4.093262511381672637E-15 ) ) ;
#1288 = LINE ( 'NONE', #11698, #11178 ) ;
#1289 = CARTESIAN_POINT ( 'NONE',  ( 0.0000000000000000000, 0.0000000000000000000, -3.279999999999999805 ) ) ;
#1290 = B_SPLINE_CURVE_WITH_KNOTS ( 'NONE', 3,
 ( #8093, #2680, #11117, #6346 ),
 .UNSPECIFIED., .F., .F.,
 ( 4, 4 ),
 ( 5.000000000000000000, 6.000000000000000000 ),
 .UNSPECIFIED. ) ;
#1291 = VERTEX_POINT ( 'NONE', #10491 ) ;
#1292 = CARTESIAN_POINT ( 'NONE',  ( -0.2955439928040459185, 0.8399999996185738560, -2.563044812078359325 ) ) ;
#1293 = EDGE_CURVE ( 'NONE', #9197, #3045, #5024, .T. ) ;
#1294 = ORIENTED_EDGE ( 'NONE', *, *, #10654, .F. ) ;
#1295 =( NAMED_UNIT ( * ) SI_UNIT ( $, .STERADIAN. ) SOLID_ANGLE_UNIT ( ) );
#1296 = DIRECTION ( 'NONE',  ( -0.0000000000000000000, -1.000000000000000000, -0.0000000000000000000 ) ) ;
#1297 = CARTESIAN_POINT ( 'NONE',  ( 0.7581127520413187826, 0.8409999996185738569, -2.098058138486000868 ) ) ;
#1298 = B_SPLINE_SURFACE_WITH_KNOTS ( 'NONE', 3, 1, ( 
 ( #8651, #11819 ),
 ( #3428, #3482 ),
 ( #2480, #9862 ),
 ( #579, #10848 ) ),
 .UNSPECIFIED., .F., .F., .F.,
 ( 4, 4 ),
 ( 2, 2 ),
 ( 3.000000000000000000, 4.000000000000000000 ),
 ( 0.0000000000000000000, 1.000000000000000000 ),
 .UNSPECIFIED. ) ;
#1299 = B_SPLINE_CURVE_WITH_KNOTS ( 'NONE', 3,
 ( #7744, #7608, #9665, #6807 ),
 .UNSPECIFIED., .F., .F.,
 ( 4, 4 ),
 ( 3.000000000000000000, 4.000000000000000000 ),
 .UNSPECIFIED. ) ;
#1300 = VERTEX_POINT ( 'NONE', #1468 ) ;
#1301 = DIRECTION ( 'NONE',  ( 1.000000000000000000, -1.232047923278982199E-16, 0.0000000000000000000 ) ) ;
#1302 = CARTESIAN_POINT ( 'NONE',  ( -0.6219040138886534619, 0.8409999996185738569, -2.184968737660192506 ) ) ;
#1303 = ORIENTED_EDGE ( 'NONE', *, *, #6030, .T. ) ;
#1304 =( NAMED_UNIT ( * ) SI_UNIT ( $, .STERADIAN. ) SOLID_ANGLE_UNIT ( ) );
#1305 =( LENGTH_UNIT ( ) NAMED_UNIT ( * ) SI_UNIT ( .MILLI., .METRE. ) );
#1306 = MECHANICAL_DESIGN_GEOMETRIC_PRESENTATION_REPRESENTATION (  '', ( #919 ), #1883 ) ;
#1307 = CARTESIAN_POINT ( 'NONE',  ( 0.9471950353051991067, 0.8409999996185738569, -2.266131222767700848 ) ) ;
#1308 = ORIENTED_EDGE ( 'NONE', *, *, #11059, .F. ) ;
#1309 = FILL_AREA_STYLE ('',( #9584 ) ) ;
#1310 = CARTESIAN_POINT ( 'NONE',  ( -0.6219040138886532398, 0.8409999996185738569, -2.125246012000519436 ) ) ;
#1311 = AXIS2_PLACEMENT_3D ( 'NONE', #7164, #5225, #8885 ) ;
#1312 = MECHANICAL_DESIGN_GEOMETRIC_PRESENTATION_REPRESENTATION (  '', ( #6101 ), #2823 ) ;
#1313 =( GEOMETRIC_REPRESENTATION_CONTEXT ( 3 ) GLOBAL_UNCERTAINTY_ASSIGNED_CONTEXT ( ( #6503 ) ) GLOBAL_UNIT_ASSIGNED_CONTEXT ( ( #7455, #10316, #11102 ) ) REPRESENTATION_CONTEXT ( 'NONE', 'WORKASPACE' ) );
#1314 = CARTESIAN_POINT ( 'NONE',  ( -0.3652372915511160612, 0.8399999996185738560, -2.532125964224043901 ) ) ;
#1315 = EDGE_LOOP ( 'NONE', ( #9755, #4424, #1397, #2879 ) ) ;
#1316 = SURFACE_STYLE_USAGE ( .BOTH. , #1147 ) ;
#1317 = EDGE_CURVE ( 'NONE', #4215, #7353, #4166, .T. ) ;
#1318 =( GEOMETRIC_REPRESENTATION_CONTEXT ( 3 ) GLOBAL_UNCERTAINTY_ASSIGNED_CONTEXT ( ( #1463 ) ) GLOBAL_UNIT_ASSIGNED_CONTEXT ( ( #5430, #5313, #822 ) ) REPRESENTATION_CONTEXT ( 'NONE', 'WORKASPACE' ) );
#1319 = CARTESIAN_POINT ( 'NONE',  ( -0.4084934646901655642, 0.8399999996185738560, -2.632234546528698260 ) ) ;
#1320 =( LENGTH_UNIT ( ) NAMED_UNIT ( * ) SI_UNIT ( .MILLI., .METRE. ) );
#1321 = VERTEX_POINT ( 'NONE', #7703 ) ;
#1322 = ADVANCED_FACE ( 'NONE', ( #6025 ), #6251, .F. ) ;
#1323 = SURFACE_STYLE_USAGE ( .BOTH. , #3962 ) ;
#1324 = SURFACE_SIDE_STYLE ('',( #7849 ) ) ;
#1325 = VECTOR ( 'NONE', #9155, 1000.000000000000000 ) ;
#1326 =( NAMED_UNIT ( * ) PLANE_ANGLE_UNIT ( ) SI_UNIT ( $, .RADIAN. ) );
#1327 = AXIS2_PLACEMENT_3D ( 'NONE', #1657, #937, #3445 ) ;
#1328 = CARTESIAN_POINT ( 'NONE',  ( -0.3480657490130525944, 0.8399999996185738560, -2.444102925054405517 ) ) ;
#1329 = COLOUR_RGB ( '',1.000000000000000000, 1.000000000000000000, 1.000000000000000000 ) ;
#1330 = SURFACE_STYLE_FILL_AREA ( #4984 ) ;
#1331 =( GEOMETRIC_REPRESENTATION_CONTEXT ( 3 ) GLOBAL_UNCERTAINTY_ASSIGNED_CONTEXT ( ( #2621 ) ) GLOBAL_UNIT_ASSIGNED_CONTEXT ( ( #11695, #7931, #10903 ) ) REPRESENTATION_CONTEXT ( 'NONE', 'WORKASPACE' ) );
#1332 = VECTOR ( 'NONE', #117, 1000.000000000000000 ) ;
#1333 = ORIENTED_EDGE ( 'NONE', *, *, #5607, .F. ) ;
#1334 = EDGE_CURVE ( 'NONE', #5838, #6967, #2311, .T. ) ;
#1335 = SURFACE_STYLE_FILL_AREA ( #9605 ) ;
#1336 = EDGE_CURVE ( 'NONE', #4483, #5168, #8817, .T. ) ;
#1337 = EDGE_CURVE ( 'NONE', #5777, #8922, #11408, .T. ) ;
#1338 = VERTEX_POINT ( 'NONE', #10681 ) ;
#1339 = DIRECTION ( 'NONE',  ( -0.9345104387438685212, 0.0000000000000000000, -0.3559357243643048729 ) ) ;
#1340 = COLOUR_RGB ( '',1.000000000000000000, 1.000000000000000000, 1.000000000000000000 ) ;
#1341 = FACE_OUTER_BOUND ( 'NONE', #3712, .T. ) ;
#1342 = CARTESIAN_POINT ( 'NONE',  ( 1.035433489371399229, 0.8399999996185738560, -2.401990428126758115 ) ) ;
#1343 = EDGE_LOOP ( 'NONE', ( #11401, #2674, #4833, #4994, #10522, #9309 ) ) ;
#1344 = ORIENTED_EDGE ( 'NONE', *, *, #2059, .F. ) ;
#1345 = PRESENTATION_STYLE_ASSIGNMENT (( #454 ) ) ;
#1346 = CARTESIAN_POINT ( 'NONE',  ( -0.7196458439959781961, 0.8409999996185738569, -2.089593659750196508 ) ) ;
#1347 = COLOUR_RGB ( '',1.000000000000000000, 1.000000000000000000, 1.000000000000000000 ) ;
#1348 = ADVANCED_FACE ( 'NONE', ( #2185 ), #10432, .F. ) ;
#1349 = UNCERTAINTY_MEASURE_WITH_UNIT (LENGTH_MEASURE( 1.000000000000000082E-05 ), #11411, 'distance_accuracy_value', 'NONE');
#1350 = CARTESIAN_POINT ( 'NONE',  ( 0.8463511793936773220, 0.8399999996185738560, -2.621886108840380203 ) ) ;
#1351 = LINE ( 'NONE', #3312, #7890 ) ;
#1352 =( NAMED_UNIT ( * ) SI_UNIT ( $, .STERADIAN. ) SOLID_ANGLE_UNIT ( ) );
#1353 = ORIENTED_EDGE ( 'NONE', *, *, #3502, .T. ) ;
#1354 = PRESENTATION_LAYER_ASSIGNMENT (  '', '', ( #6525 ) ) ;
#1355 = MECHANICAL_DESIGN_GEOMETRIC_PRESENTATION_REPRESENTATION (  '', ( #22 ), #10240 ) ;
#1356 = ORIENTED_EDGE ( 'NONE', *, *, #4096, .F. ) ;
#1357 = UNCERTAINTY_MEASURE_WITH_UNIT (LENGTH_MEASURE( 1.000000000000000082E-05 ), #5799, 'distance_accuracy_value', 'NONE');
#1358 = CARTESIAN_POINT ( 'NONE',  ( -0.6609302469297738680, 0.8409999996185738569, -2.479251713006655589 ) ) ;
#1359 = CARTESIAN_POINT ( 'NONE',  ( -0.6710015328765218667, 0.8409999996185738569, -2.545520774531907726 ) ) ;
#1360 = PRESENTATION_STYLE_ASSIGNMENT (( #2195 ) ) ;
#1361 =( NAMED_UNIT ( * ) PLANE_ANGLE_UNIT ( ) SI_UNIT ( $, .RADIAN. ) );
#1362 =( NAMED_UNIT ( * ) PLANE_ANGLE_UNIT ( ) SI_UNIT ( $, .RADIAN. ) );
#1363 =( NAMED_UNIT ( * ) SI_UNIT ( $, .STERADIAN. ) SOLID_ANGLE_UNIT ( ) );
#1364 = CARTESIAN_POINT ( 'NONE',  ( -0.7173798046579930032, 0.8409999996185738569, -2.097449262788629643 ) ) ;
#1365 = ORIENTED_EDGE ( 'NONE', *, *, #1154, .T. ) ;
#1366 = CARTESIAN_POINT ( 'NONE',  ( 0.5914402026622121999, 0.8399999996185738560, -2.598075733194288084 ) ) ;
#1367 = EDGE_CURVE ( 'NONE', #2424, #2868, #1641, .T. ) ;
#1368 = PLANE ( 'NONE',  #7603 ) ;
#1369 = EDGE_LOOP ( 'NONE', ( #7799, #9230, #8670, #193 ) ) ;
#1370 = PLANE ( 'NONE',  #8972 ) ;
#1371 = LINE ( 'NONE', #11480, #2077 ) ;
#1372 = ORIENTED_EDGE ( 'NONE', *, *, #4626, .T. ) ;
#1373 =( NAMED_UNIT ( * ) SI_UNIT ( $, .STERADIAN. ) SOLID_ANGLE_UNIT ( ) );
#1374 = CARTESIAN_POINT ( 'NONE',  ( -0.1691997106093829639, 0.8409999996185738569, -2.567576890754331487 ) ) ;
#1375 = CARTESIAN_POINT ( 'NONE',  ( 0.6334584937691947193, 0.8399999996185738560, -2.089654474922372884 ) ) ;
#1376 =( LENGTH_UNIT ( ) NAMED_UNIT ( * ) SI_UNIT ( .MILLI., .METRE. ) );
#1377 = DIRECTION ( 'NONE',  ( 1.000000000000000000, -0.0000000000000000000, -0.0000000000000000000 ) ) ;
#1378 = VERTEX_POINT ( 'NONE', #6192 ) ;
#1379 = CARTESIAN_POINT ( 'NONE',  ( -0.5735618413472309829, 0.8409999996185738569, -2.099664945696942286 ) ) ;
#1380 = EDGE_CURVE ( 'NONE', #10273, #5282, #2534, .T. ) ;
#1381 = DIRECTION ( 'NONE',  ( -0.4630180653866956542, 0.0000000000000000000, -0.8863488427958607918 ) ) ;
#1382 = ORIENTED_EDGE ( 'NONE', *, *, #10736, .T. ) ;
#1383 = CARTESIAN_POINT ( 'NONE',  ( -0.3350737901425666077, 0.8399999996185738560, -2.424061066021604649 ) ) ;
#1384 =( GEOMETRIC_REPRESENTATION_CONTEXT ( 3 ) GLOBAL_UNCERTAINTY_ASSIGNED_CONTEXT ( ( #3569 ) ) GLOBAL_UNIT_ASSIGNED_CONTEXT ( ( #7665, #9525, #4020 ) ) REPRESENTATION_CONTEXT ( 'NONE', 'WORKASPACE' ) );
#1385 = PRESENTATION_LAYER_ASSIGNMENT (  '', '', ( #3472 ) ) ;
#1386 = LINE ( 'NONE', #7029, #4881 ) ;
#1387 = AXIS2_PLACEMENT_3D ( 'NONE', #3697, #9029, #2724 ) ;
#1388 = DIRECTION ( 'NONE',  ( -0.0000000000000000000, -1.000000000000000000, -0.0000000000000000000 ) ) ;
#1389 = CARTESIAN_POINT ( 'NONE',  ( 0.3925536675024140498, 0.8399999996185738560, -2.483225780245764458 ) ) ;
#1390 = ORIENTED_EDGE ( 'NONE', *, *, #9278, .F. ) ;
#1391 = CARTESIAN_POINT ( 'NONE',  ( -0.4244060964850521200, 0.8409999996185738569, -2.634248803718319820 ) ) ;
#1392 = PRESENTATION_LAYER_ASSIGNMENT (  '', '', ( #4462 ) ) ;
#1393 = VERTEX_POINT ( 'NONE', #10967 ) ;
#1394 = DIRECTION ( 'NONE',  ( 0.0000000000000000000, 0.0000000000000000000, -1.000000000000000000 ) ) ;
#1395 = SURFACE_STYLE_FILL_AREA ( #6868 ) ;
#1396 = PLANE ( 'NONE',  #4498 ) ;
#1397 = ORIENTED_EDGE ( 'NONE', *, *, #974, .F. ) ;
#1398 = EDGE_CURVE ( 'NONE', #11192, #6573, #9918, .T. ) ;
#1399 = VERTEX_POINT ( 'NONE', #9803 ) ;
#1400 = EDGE_CURVE ( 'NONE', #156, #8179, #2583, .T. ) ;
#1401 = CARTESIAN_POINT ( 'NONE',  ( -0.5591599024432111209, 0.8399999996185738560, -2.087277263982539655 ) ) ;
#1402 =( NAMED_UNIT ( * ) SI_UNIT ( $, .STERADIAN. ) SOLID_ANGLE_UNIT ( ) );
#1403 = FACE_OUTER_BOUND ( 'NONE', #10371, .T. ) ;
#1404 = CARTESIAN_POINT ( 'NONE',  ( -0.2270592483704722830, 0.8409999996185738569, -2.562944099219015115 ) ) ;
#1405 = B_SPLINE_CURVE_WITH_KNOTS ( 'NONE', 3,
 ( #2366, #3202, #10802, #11648 ),
 .UNSPECIFIED., .F., .F.,
 ( 4, 4 ),
 ( 2.000000000000000000, 3.000000000000000000 ),
 .UNSPECIFIED. ) ;
#1406 = CARTESIAN_POINT ( 'NONE',  ( -0.8100859917926170883, 0.8399999996185738560, -2.255467739283379291 ) ) ;
#1407 = CARTESIAN_POINT ( 'NONE',  ( -0.3652372915511160612, 0.8400000000000000799, -2.532125964224043901 ) ) ;
#1408 =( LENGTH_UNIT ( ) NAMED_UNIT ( * ) SI_UNIT ( .MILLI., .METRE. ) );
#1409 = CARTESIAN_POINT ( 'NONE',  ( -0.7350549114934644690, 0.8409999996185738569, -2.058473386177184672 ) ) ;
#1410 = ORIENTED_EDGE ( 'NONE', *, *, #7984, .F. ) ;
#1411 = ADVANCED_FACE ( 'NONE', ( #11821 ), #6247, .F. ) ;
#1412 =( NAMED_UNIT ( * ) SI_UNIT ( $, .STERADIAN. ) SOLID_ANGLE_UNIT ( ) );
#1413 = EDGE_CURVE ( 'NONE', #11657, #9443, #753, .T. ) ;
#1414 = EDGE_LOOP ( 'NONE', ( #8070, #9023, #7646, #7824 ) ) ;
#1415 = PRESENTATION_STYLE_ASSIGNMENT (( #8849 ) ) ;
#1416 = CARTESIAN_POINT ( 'NONE',  ( -0.04492004203401878809, 0.8409999996185738569, -2.233008771623577360 ) ) ;
#1417 = LINE ( 'NONE', #5800, #3225 ) ;
#1418 = CARTESIAN_POINT ( 'NONE',  ( -2.100000000000000089, 0.8400000000000000799, 0.0000000000000000000 ) ) ;
#1419 = CARTESIAN_POINT ( 'NONE',  ( -0.1691997106093829639, 0.8409999996185738569, -2.567576890754331487 ) ) ;
#1420 = B_SPLINE_CURVE_WITH_KNOTS ( 'NONE', 3,
 ( #10258, #52, #3750, #5682 ),
 .UNSPECIFIED., .F., .F.,
 ( 4, 4 ),
 ( 8.000000000000000000, 9.000000000000000000 ),
 .UNSPECIFIED. ) ;
#1421 = CARTESIAN_POINT ( 'NONE',  ( -0.1774581650852088688, 0.8409999996185738569, -2.215384021217778443 ) ) ;
#1422 = ORIENTED_EDGE ( 'NONE', *, *, #10736, .F. ) ;
#1423 = ORIENTED_EDGE ( 'NONE', *, *, #5055, .T. ) ;
#1424 = SURFACE_STYLE_FILL_AREA ( #9702 ) ;
#1425 = SURFACE_SIDE_STYLE ('',( #9882 ) ) ;
#1426 = SURFACE_STYLE_FILL_AREA ( #10694 ) ;
#1427 = CARTESIAN_POINT ( 'NONE',  ( 0.9471950353051988847, 0.8409999996185738569, -2.343164756462825071 ) ) ;
#1428 = ORIENTED_EDGE ( 'NONE', *, *, #4274, .F. ) ;
#1429 = DIRECTION ( 'NONE',  ( -0.0000000000000000000, -1.000000000000000000, -0.0000000000000000000 ) ) ;
#1430 = CARTESIAN_POINT ( 'NONE',  ( -0.3877969720702685863, 0.8399999996185738560, -2.512688382347322946 ) ) ;
#1431 = CARTESIAN_POINT ( 'NONE',  ( 0.7329017613490935723, 0.8399999996185738560, -2.224112931662733050 ) ) ;
#1432 = EDGE_CURVE ( 'NONE', #2748, #8848, #2483, .T. ) ;
#1433 =( LENGTH_UNIT ( ) NAMED_UNIT ( * ) SI_UNIT ( .MILLI., .METRE. ) );
#1434 = FACE_OUTER_BOUND ( 'NONE', #4172, .T. ) ;
#1435 = ORIENTED_EDGE ( 'NONE', *, *, #11462, .F. ) ;
#1436 = CARTESIAN_POINT ( 'NONE',  ( -0.5735618413472309829, 0.8409999996185738569, -2.099664945696942286 ) ) ;
#1437 = CARTESIAN_POINT ( 'NONE',  ( -0.4133276819441733529, 0.8409999996185738569, -2.612192687495897836 ) ) ;
#1438 = VERTEX_POINT ( 'NONE', #1763 ) ;
#1439 = SURFACE_SIDE_STYLE ('',( #2109 ) ) ;
#1440 = CARTESIAN_POINT ( 'NONE',  ( -0.3337141665400489843, 0.8409999996185738569, -2.571303266554186173 ) ) ;
#1441 = CARTESIAN_POINT ( 'NONE',  ( -0.4869487822111340236, 0.8409999996185738569, -2.081133779555683461 ) ) ;
#1442 = B_SPLINE_CURVE_WITH_KNOTS ( 'NONE', 3,
 ( #3113, #385, #3055, #10471 ),
 .UNSPECIFIED., .F., .F.,
 ( 4, 4 ),
 ( 3.000000000000000000, 4.000000000000000000 ),
 .UNSPECIFIED. ) ;
#1443 =( GEOMETRIC_REPRESENTATION_CONTEXT ( 3 ) GLOBAL_UNCERTAINTY_ASSIGNED_CONTEXT ( ( #141 ) ) GLOBAL_UNIT_ASSIGNED_CONTEXT ( ( #179, #6537, #7403 ) ) REPRESENTATION_CONTEXT ( 'NONE', 'WORKASPACE' ) );
#1444 = MECHANICAL_DESIGN_GEOMETRIC_PRESENTATION_REPRESENTATION (  '', ( #6413 ), #9348 ) ;
#1445 = CARTESIAN_POINT ( 'NONE',  ( -0.3661940637162552914, 0.8399999996185738560, -2.494056503348062837 ) ) ;
#1446 = DIRECTION ( 'NONE',  ( -0.0000000000000000000, -1.000000000000000000, -0.0000000000000000000 ) ) ;
#1447 = EDGE_CURVE ( 'NONE', #853, #1612, #5415, .T. ) ;
#1448 =( LENGTH_UNIT ( ) NAMED_UNIT ( * ) SI_UNIT ( .MILLI., .METRE. ) );
#1449 = EDGE_LOOP ( 'NONE', ( #4679, #550, #6857, #4143 ) ) ;
#1450 = SURFACE_STYLE_FILL_AREA ( #1573 ) ;
#1451 = UNCERTAINTY_MEASURE_WITH_UNIT (LENGTH_MEASURE( 1.000000000000000082E-05 ), #4095, 'distance_accuracy_value', 'NONE');
#1452 = ORIENTED_EDGE ( 'NONE', *, *, #10724, .F. ) ;
#1453 = CARTESIAN_POINT ( 'NONE',  ( 0.1936670789142624916, 0.8409999996185738569, -2.505635514131208108 ) ) ;
#1454 = STYLED_ITEM ( 'NONE', ( #3617 ), #8635 ) ;
#1455 = CARTESIAN_POINT ( 'NONE',  ( -0.3380951759263270406, 0.8409999996185738569, -2.483380940245234036 ) ) ;
#1456 = ORIENTED_EDGE ( 'NONE', *, *, #2472, .T. ) ;
#1457 = VERTEX_POINT ( 'NONE', #8224 ) ;
#1458 = COLOUR_RGB ( '',1.000000000000000000, 1.000000000000000000, 1.000000000000000000 ) ;
#1459 = VECTOR ( 'NONE', #7850, 1000.000000000000000 ) ;
#1460 = FACE_OUTER_BOUND ( 'NONE', #4221, .T. ) ;
#1461 = DIRECTION ( 'NONE',  ( 0.3493954794973220812, 0.0000000000000000000, 0.9369753459439774668 ) ) ;
#1462 = VECTOR ( 'NONE', #7788, 1000.000000000000000 ) ;
#1463 = UNCERTAINTY_MEASURE_WITH_UNIT (LENGTH_MEASURE( 1.000000000000000082E-05 ), #5430, 'distance_accuracy_value', 'NONE');
#1464 =( GEOMETRIC_REPRESENTATION_CONTEXT ( 3 ) GLOBAL_UNCERTAINTY_ASSIGNED_CONTEXT ( ( #7332 ) ) GLOBAL_UNIT_ASSIGNED_CONTEXT ( ( #8579, #4940, #10487 ) ) REPRESENTATION_CONTEXT ( 'NONE', 'WORKASPACE' ) );
#1465 = EDGE_CURVE ( 'NONE', #849, #7512, #9864, .T. ) ;
#1466 = SURFACE_SIDE_STYLE ('',( #2310 ) ) ;
#1467 = STYLED_ITEM ( 'NONE', ( #6866 ), #7214 ) ;
#1468 = CARTESIAN_POINT ( 'NONE',  ( -0.1490571387172380802, 0.8409999996185738569, -2.530313132753124528 ) ) ;
#1469 = DIRECTION ( 'NONE',  ( -0.0000000000000000000, -1.000000000000000000, -0.0000000000000000000 ) ) ;
#1470 = SURFACE_STYLE_FILL_AREA ( #11522 ) ;
#1471 = DIRECTION ( 'NONE',  ( -1.000000000000000000, 0.0000000000000000000, 0.0000000000000000000 ) ) ;
#1472 = ORIENTED_EDGE ( 'NONE', *, *, #11564, .F. ) ;
#1473 = LINE ( 'NONE', #5853, #5283 ) ;
#1474 = COLOUR_RGB ( '',1.000000000000000000, 1.000000000000000000, 1.000000000000000000 ) ;
#1475 = ORIENTED_EDGE ( 'NONE', *, *, #1693, .T. ) ;
#1476 = SURFACE_STYLE_FILL_AREA ( #6829 ) ;
#1477 = SURFACE_SIDE_STYLE ('',( #3267 ) ) ;
#1478 = VECTOR ( 'NONE', #7376, 1000.000000000000000 ) ;
#1479 = COLOUR_RGB ( '',0.0000000000000000000, 0.01960784313725490169, 0.02745098039215686236 ) ;
#1480 = CARTESIAN_POINT ( 'NONE',  ( 1.035433489371399451, 0.8409999996185738569, -2.345966039984117124 ) ) ;
#1481 = DIRECTION ( 'NONE',  ( -0.9409537876760574182, 0.0000000000000000000, -0.3385350343141476093 ) ) ;
#1482 = ORIENTED_EDGE ( 'NONE', *, *, #770, .F. ) ;
#1483 = EDGE_CURVE ( 'NONE', #4350, #1487, #3674, .T. ) ;
#1484 = CARTESIAN_POINT ( 'NONE',  ( -0.6328313591411887096, 0.8409999996185738569, -2.255467739283379736 ) ) ;
#1485 = EDGE_CURVE ( 'NONE', #2189, #905, #7496, .T. ) ;
#1486 =( LENGTH_UNIT ( ) NAMED_UNIT ( * ) SI_UNIT ( .MILLI., .METRE. ) );
#1487 = VERTEX_POINT ( 'NONE', #7555 ) ;
#1488 = CARTESIAN_POINT ( 'NONE',  ( -0.4869487822111340236, 0.8399999996185738560, -2.081133779555683461 ) ) ;
#1489 = MECHANICAL_DESIGN_GEOMETRIC_PRESENTATION_REPRESENTATION (  '', ( #2052 ), #6657 ) ;
#1490 =( NAMED_UNIT ( * ) SI_UNIT ( $, .STERADIAN. ) SOLID_ANGLE_UNIT ( ) );
#1491 = ORIENTED_EDGE ( 'NONE', *, *, #7200, .T. ) ;
#1492 = SURFACE_STYLE_FILL_AREA ( #4305 ) ;
#1493 = VECTOR ( 'NONE', #3050, 1000.000000000000000 ) ;
#1494 = CARTESIAN_POINT ( 'NONE',  ( -0.1567113160363055313, 0.8400000000000000799, -2.231900930169421482 ) ) ;
#1495 = FILL_AREA_STYLE_COLOUR ( '', #1118 ) ;
#1496 = AXIS2_PLACEMENT_3D ( 'NONE', #5695, #8503, #9464 ) ;
#1497 = EDGE_LOOP ( 'NONE', ( #5062, #1501, #3857, #6018 ) ) ;
#1498 = CARTESIAN_POINT ( 'NONE',  ( -0.3437854524861161387, 0.8399999996185738560, -2.144180029579166202 ) ) ;
#1499 = ADVANCED_FACE ( 'NONE', ( #3795 ), #1884, .F. ) ;
#1500 = FILL_AREA_STYLE_COLOUR ( '', #4710 ) ;
#1501 = ORIENTED_EDGE ( 'NONE', *, *, #11831, .F. ) ;
#1502 =( GEOMETRIC_REPRESENTATION_CONTEXT ( 3 ) GLOBAL_UNCERTAINTY_ASSIGNED_CONTEXT ( ( #9797 ) ) GLOBAL_UNIT_ASSIGNED_CONTEXT ( ( #360, #3935, #8493 ) ) REPRESENTATION_CONTEXT ( 'NONE', 'WORKASPACE' ) );
#1503 = SURFACE_STYLE_FILL_AREA ( #1674 ) ;
#1504 = SURFACE_STYLE_USAGE ( .BOTH. , #1324 ) ;
#1505 = FILL_AREA_STYLE ('',( #4082 ) ) ;
#1506 =( GEOMETRIC_REPRESENTATION_CONTEXT ( 3 ) GLOBAL_UNCERTAINTY_ASSIGNED_CONTEXT ( ( #9158 ) ) GLOBAL_UNIT_ASSIGNED_CONTEXT ( ( #8176, #8907, #7947 ) ) REPRESENTATION_CONTEXT ( 'NONE', 'WORKASPACE' ) );
#1507 = MECHANICAL_DESIGN_GEOMETRIC_PRESENTATION_REPRESENTATION (  '', ( #7682 ), #6287 ) ;
#1508 = CARTESIAN_POINT ( 'NONE',  ( -0.7935690828409782682, 0.8409999996185738569, -2.567979742191715875 ) ) ;
#1509 =( NAMED_UNIT ( * ) SI_UNIT ( $, .STERADIAN. ) SOLID_ANGLE_UNIT ( ) );
#1510 = DIRECTION ( 'NONE',  ( 0.0000000000000000000, -0.0000000000000000000, -1.000000000000000000 ) ) ;
#1511 = AXIS2_PLACEMENT_3D ( 'NONE', #2543, #9019, #6151 ) ;
#1512 = CARTESIAN_POINT ( 'NONE',  ( 0.3981561276882883971, 0.8409999996185738569, -2.481825191914147410 ) ) ;
#1513 = VECTOR ( 'NONE', #11545, 1000.000000000000000 ) ;
#1514 = ORIENTED_EDGE ( 'NONE', *, *, #8348, .T. ) ;
#1515 = CARTESIAN_POINT ( 'NONE',  ( -0.3229378905772063990, 0.8409999996185738569, -2.473007515720450300 ) ) ;
#1516 = STYLED_ITEM ( 'NONE', ( #4322 ), #10592 ) ;
#1517 = VERTEX_POINT ( 'NONE', #11141 ) ;
#1518 = PRESENTATION_STYLE_ASSIGNMENT (( #10838 ) ) ;
#1519 = B_SPLINE_CURVE_WITH_KNOTS ( 'NONE', 3,
 ( #1259, #4911, #3106, #3893 ),
 .UNSPECIFIED., .F., .F.,
 ( 4, 4 ),
 ( 0.0000000000000000000, 1.000000000000000000 ),
 .UNSPECIFIED. ) ;
#1520 = LINE ( 'NONE', #1579, #10468 ) ;
#1521 =( GEOMETRIC_REPRESENTATION_CONTEXT ( 3 ) GLOBAL_UNCERTAINTY_ASSIGNED_CONTEXT ( ( #4107 ) ) GLOBAL_UNIT_ASSIGNED_CONTEXT ( ( #4245, #537, #9881 ) ) REPRESENTATION_CONTEXT ( 'NONE', 'WORKASPACE' ) );
#1522 = CARTESIAN_POINT ( 'NONE',  ( 0.7329017613490935723, 0.8409999996185738569, -2.224112931662733050 ) ) ;
#1523 = ORIENTED_EDGE ( 'NONE', *, *, #9534, .T. ) ;
#1524 = ORIENTED_EDGE ( 'NONE', *, *, #10839, .T. ) ;
#1525 = AXIS2_PLACEMENT_3D ( 'NONE', #7551, #9537, #10411 ) ;
#1526 = PRESENTATION_LAYER_ASSIGNMENT (  '', '', ( #4398 ) ) ;
#1527 = CARTESIAN_POINT ( 'NONE',  ( -0.4133276819441733529, 0.8399999996185738560, -2.612192687495897836 ) ) ;
#1528 = FACE_OUTER_BOUND ( 'NONE', #11705, .T. ) ;
#1529 = MECHANICAL_DESIGN_GEOMETRIC_PRESENTATION_REPRESENTATION (  '', ( #11780 ), #761 ) ;
#1530 =( NAMED_UNIT ( * ) PLANE_ANGLE_UNIT ( ) SI_UNIT ( $, .RADIAN. ) );
#1531 = LINE ( 'NONE', #7930, #4532 ) ;
#1532 = CARTESIAN_POINT ( 'NONE',  ( 0.3953548975953513067, 0.8399999996185738560, -2.483225780245764458 ) ) ;
#1533 = VECTOR ( 'NONE', #995, 1000.000000000000000 ) ;
#1534 = CARTESIAN_POINT ( 'NONE',  ( -0.7618948885402176963, 0.8399999996185738560, -2.201586359471180643 ) ) ;
#1535 = FACE_OUTER_BOUND ( 'NONE', #4122, .T. ) ;
#1536 = FACE_OUTER_BOUND ( 'NONE', #11609, .T. ) ;
#1537 = CARTESIAN_POINT ( 'NONE',  ( -0.3504828576400529361, 0.8399999996185738560, -2.488215157499243269 ) ) ;
#1538 = EDGE_LOOP ( 'NONE', ( #10098, #4451, #5212, #7514 ) ) ;
#1539 = CARTESIAN_POINT ( 'NONE',  ( -0.04492004203401835094, 0.8399999996185738560, -2.058473386177187336 ) ) ;
#1540 = ORIENTED_EDGE ( 'NONE', *, *, #3360, .T. ) ;
#1541 = MECHANICAL_DESIGN_GEOMETRIC_PRESENTATION_REPRESENTATION (  '', ( #6506 ), #8291 ) ;
#1542 = DIRECTION ( 'NONE',  ( 0.7193398003386525241, -0.6946583704589959218, -0.0000000000000000000 ) ) ;
#1543 = B_SPLINE_CURVE_WITH_KNOTS ( 'NONE', 3,
 ( #11925, #1532, #5180, #7054 ),
 .UNSPECIFIED., .F., .F.,
 ( 4, 4 ),
 ( 26.00000000000000000, 27.00000000000000000 ),
 .UNSPECIFIED. ) ;
#1544 = CARTESIAN_POINT ( 'NONE',  ( -0.3009824872148056940, 0.8409999996185738569, -2.442793657881559888 ) ) ;
#1545 = DIRECTION ( 'NONE',  ( -1.000000000000000000, 0.0000000000000000000, 0.0000000000000000000 ) ) ;
#1546 = PRESENTATION_STYLE_ASSIGNMENT (( #812 ) ) ;
#1547 = ORIENTED_EDGE ( 'NONE', *, *, #7802, .T. ) ;
#1548 = FILL_AREA_STYLE_COLOUR ( '', #11559 ) ;
#1549 = FILL_AREA_STYLE ('',( #2435 ) ) ;
#1550 = ORIENTED_EDGE ( 'NONE', *, *, #6978, .F. ) ;
#1551 = PRESENTATION_LAYER_ASSIGNMENT (  '', '', ( #3260 ) ) ;
#1552 = CARTESIAN_POINT ( 'NONE',  ( 0.7329017880636055082, 0.8399999996185738560, -2.467819094879160957 ) ) ;
#1553 = CARTESIAN_POINT ( 'NONE',  ( 0.3561377831529547455, 0.8409999996185738569, -2.078449601301691985 ) ) ;
#1554 = ORIENTED_EDGE ( 'NONE', *, *, #4260, .T. ) ;
#1555 = SURFACE_SIDE_STYLE ('',( #9834 ) ) ;
#1556 = EDGE_CURVE ( 'NONE', #819, #10273, #3724, .T. ) ;
#1557 = CARTESIAN_POINT ( 'NONE',  ( -0.1691997106093829639, 0.8399999996185738560, -2.567576890754331487 ) ) ;
#1558 = CARTESIAN_POINT ( 'NONE',  ( 0.7539109069015770270, 0.8399999996185738560, -2.211507449672534875 ) ) ;
#1559 = EDGE_CURVE ( 'NONE', #3251, #8539, #7424, .T. ) ;
#1560 = PRESENTATION_LAYER_ASSIGNMENT (  '', '', ( #10248 ) ) ;
#1561 = ORIENTED_EDGE ( 'NONE', *, *, #8964, .F. ) ;
#1562 = CARTESIAN_POINT ( 'NONE',  ( -0.04492004203401835094, 0.8409999996185738569, -2.058473386177187336 ) ) ;
#1563 = CARTESIAN_POINT ( 'NONE',  ( -0.3229378905772063990, 0.8399999996185738560, -2.473007515720450300 ) ) ;
#1564 = EDGE_LOOP ( 'NONE', ( #645, #4976, #8681, #3103 ) ) ;
#1565 = CARTESIAN_POINT ( 'NONE',  ( 0.2272816797410916190, 0.8409999996185738569, -2.542051345051647093 ) ) ;
#1566 = CARTESIAN_POINT ( 'NONE',  ( -0.1581212960691742164, 0.8399999996185738560, -2.159186245637923829 ) ) ;
#1567 = DIRECTION ( 'NONE',  ( -1.000000000000000000, 0.0000000000000000000, 0.0000000000000000000 ) ) ;
#1568 = EDGE_CURVE ( 'NONE', #9833, #225, #8295, .T. ) ;
#1569 = CARTESIAN_POINT ( 'NONE',  ( -0.3747043003404401107, 0.8399999996185738560, -2.560124139154628331 ) ) ;
#1570 = EDGE_CURVE ( 'NONE', #6958, #3694, #10293, .T. ) ;
#1571 = CARTESIAN_POINT ( 'NONE',  ( -0.7872745291237581711, 0.8400000000000000799, -2.545520774531907282 ) ) ;
#1572 = ORIENTED_EDGE ( 'NONE', *, *, #4210, .T. ) ;
#1573 = FILL_AREA_STYLE ('',( #3351 ) ) ;
#1574 = UNCERTAINTY_MEASURE_WITH_UNIT (LENGTH_MEASURE( 1.000000000000000082E-05 ), #11424, 'distance_accuracy_value', 'NONE');
#1575 = SURFACE_STYLE_USAGE ( .BOTH. , #10776 ) ;
#1576 = B_SPLINE_SURFACE_WITH_KNOTS ( 'NONE', 3, 1, ( 
 ( #2943, #6572 ),
 ( #11225, #10309 ),
 ( #10370, #10494 ),
 ( #5850, #4777 ) ),
 .UNSPECIFIED., .F., .F., .F.,
 ( 4, 4 ),
 ( 2, 2 ),
 ( 8.000000000000000000, 9.000000000000000000 ),
 ( 0.0000000000000000000, 1.000000000000000000 ),
 .UNSPECIFIED. ) ;
#1577 = ORIENTED_EDGE ( 'NONE', *, *, #11832, .F. ) ;
#1578 =( GEOMETRIC_REPRESENTATION_CONTEXT ( 3 ) GLOBAL_UNCERTAINTY_ASSIGNED_CONTEXT ( ( #2702 ) ) GLOBAL_UNIT_ASSIGNED_CONTEXT ( ( #409, #5296, #8894 ) ) REPRESENTATION_CONTEXT ( 'NONE', 'WORKASPACE' ) );
#1579 = CARTESIAN_POINT ( 'NONE',  ( -0.5650516047230472738, 0.8409999996185738569, -2.370985389085523476 ) ) ;
#1580 = EDGE_LOOP ( 'NONE', ( #6937, #7804, #9814, #11542 ) ) ;
#1581 = ORIENTED_EDGE ( 'NONE', *, *, #4572, .T. ) ;
#1582 =( GEOMETRIC_REPRESENTATION_CONTEXT ( 3 ) GLOBAL_UNCERTAINTY_ASSIGNED_CONTEXT ( ( #8167 ) ) GLOBAL_UNIT_ASSIGNED_CONTEXT ( ( #4750, #8454, #8387 ) ) REPRESENTATION_CONTEXT ( 'NONE', 'WORKASPACE' ) );
#1583 = CARTESIAN_POINT ( 'NONE',  ( -0.8686001631401389922, 0.8399999996185738560, -2.497480740569870683 ) ) ;
#1584 = CARTESIAN_POINT ( 'NONE',  ( -0.4142340976789598561, 0.8399999996185738560, -2.144180029579165758 ) ) ;
#1585 =( GEOMETRIC_REPRESENTATION_CONTEXT ( 3 ) GLOBAL_UNCERTAINTY_ASSIGNED_CONTEXT ( ( #2816 ) ) GLOBAL_UNIT_ASSIGNED_CONTEXT ( ( #11165, #4428, #1006 ) ) REPRESENTATION_CONTEXT ( 'NONE', 'WORKASPACE' ) );
#1586 = EDGE_CURVE ( 'NONE', #6781, #5943, #9362, .T. ) ;
#1587 =( NAMED_UNIT ( * ) SI_UNIT ( $, .STERADIAN. ) SOLID_ANGLE_UNIT ( ) );
#1588 = DIRECTION ( 'NONE',  ( -0.0000000000000000000, -0.0000000000000000000, 1.000000000000000000 ) ) ;
#1589 =( NAMED_UNIT ( * ) SI_UNIT ( $, .STERADIAN. ) SOLID_ANGLE_UNIT ( ) );
#1590 = SURFACE_STYLE_FILL_AREA ( #6314 ) ;
#1591 = PRESENTATION_STYLE_ASSIGNMENT (( #6141 ) ) ;
#1592 = VERTEX_POINT ( 'NONE', #2819 ) ;
#1593 = ORIENTED_EDGE ( 'NONE', *, *, #5441, .T. ) ;
#1594 = CARTESIAN_POINT ( 'NONE',  ( -0.1408993971007598822, 0.8399999996185738560, -2.103492034356142515 ) ) ;
#1595 = DIRECTION ( 'NONE',  ( -9.046454121468000086E-15, -0.0000000000000000000, -1.000000000000000000 ) ) ;
#1596 = EDGE_CURVE ( 'NONE', #11844, #4200, #2317, .T. ) ;
#1597 = DIRECTION ( 'NONE',  ( 1.289467883355211566E-16, -1.000000000000000000, 0.0000000000000000000 ) ) ;
#1598 =( NAMED_UNIT ( * ) SI_UNIT ( $, .STERADIAN. ) SOLID_ANGLE_UNIT ( ) );
#1599 = DIRECTION ( 'NONE',  ( 1.000000000000000000, 0.0000000000000000000, -0.0000000000000000000 ) ) ;
#1600 = CARTESIAN_POINT ( 'NONE',  ( -0.7350549114934644690, 0.8399999996185738560, -2.058473386177184672 ) ) ;
#1601 = FACE_OUTER_BOUND ( 'NONE', #1909, .T. ) ;
#1602 = ORIENTED_EDGE ( 'NONE', *, *, #8905, .F. ) ;
#1603 = CARTESIAN_POINT ( 'NONE',  ( -0.7623984528382984349, 0.8399999996185738560, -2.567979742191716319 ) ) ;
#1604 = CARTESIAN_POINT ( 'NONE',  ( -0.6609302469297738680, 0.8399999996185738560, -2.479251713006655589 ) ) ;
#1605 = EDGE_LOOP ( 'NONE', ( #8246, #6917, #954, #10568, #10191, #6365, #2723 ) ) ;
#1606 = CARTESIAN_POINT ( 'NONE',  ( -0.2955439928040459185, 0.8399999996185738560, -2.563044812078358881 ) ) ;
#1607 = ORIENTED_EDGE ( 'NONE', *, *, #6019, .F. ) ;
#1608 = SURFACE_STYLE_FILL_AREA ( #6159 ) ;
#1609 =( NAMED_UNIT ( * ) PLANE_ANGLE_UNIT ( ) SI_UNIT ( $, .RADIAN. ) );
#1610 = DIRECTION ( 'NONE',  ( 1.000000000000000000, -0.0000000000000000000, -6.155985935670711641E-15 ) ) ;
#1611 = FILL_AREA_STYLE ('',( #1500 ) ) ;
#1612 = VERTEX_POINT ( 'NONE', #10355 ) ;
#1613 = EDGE_CURVE ( 'NONE', #9824, #6709, #34, .T. ) ;
#1614 = EDGE_CURVE ( 'NONE', #1097, #9920, #6426, .T. ) ;
#1615 =( NAMED_UNIT ( * ) SI_UNIT ( $, .STERADIAN. ) SOLID_ANGLE_UNIT ( ) );
#1616 = DIRECTION ( 'NONE',  ( 9.046454121468000086E-15, 0.0000000000000000000, 1.000000000000000000 ) ) ;
#1617 = CARTESIAN_POINT ( 'NONE',  ( -0.2666394021386704338, 0.8409999996185738569, -2.057869109019764053 ) ) ;
#1618 = CARTESIAN_POINT ( 'NONE',  ( -0.3437854524861159722, 0.8409999996185738569, -2.081133779555683905 ) ) ;
#1619 = FILL_AREA_STYLE ('',( #10944 ) ) ;
#1620 = DIRECTION ( 'NONE',  ( -0.0000000000000000000, -1.000000000000000000, -0.0000000000000000000 ) ) ;
#1621 = CARTESIAN_POINT ( 'NONE',  ( -0.7185883589714960884, 0.8409999996185738569, -2.094226451285511104 ) ) ;
#1622 = VERTEX_POINT ( 'NONE', #988 ) ;
#1623 = DIRECTION ( 'NONE',  ( 0.9434452330799489861, -0.0000000000000000000, 0.3315284183576437949 ) ) ;
#1624 = VECTOR ( 'NONE', #11136, 1000.000000000000000 ) ;
#1625 =( NAMED_UNIT ( * ) SI_UNIT ( $, .STERADIAN. ) SOLID_ANGLE_UNIT ( ) );
#1626 = VERTEX_POINT ( 'NONE', #5479 ) ;
#1627 = EDGE_CURVE ( 'NONE', #7232, #7786, #8344, .T. ) ;
#1628 = PRESENTATION_LAYER_ASSIGNMENT (  '', '', ( #5264 ) ) ;
#1629 = MECHANICAL_DESIGN_GEOMETRIC_PRESENTATION_REPRESENTATION (  '', ( #5842 ), #3522 ) ;
#1630 = UNCERTAINTY_MEASURE_WITH_UNIT (LENGTH_MEASURE( 1.000000000000000082E-05 ), #4479, 'distance_accuracy_value', 'NONE');
#1631 = CARTESIAN_POINT ( 'NONE',  ( 0.7539109069015770270, 0.8399999996185738560, -2.211507449672534875 ) ) ;
#1632 = CARTESIAN_POINT ( 'NONE',  ( -0.3361312751670491594, 0.8409999996185738569, -2.551160694662033546 ) ) ;
#1633 = ORIENTED_EDGE ( 'NONE', *, *, #2508, .T. ) ;
#1634 = ORIENTED_EDGE ( 'NONE', *, *, #6750, .F. ) ;
#1635 = MECHANICAL_DESIGN_GEOMETRIC_PRESENTATION_REPRESENTATION (  '', ( #1256 ), #2760 ) ;
#1636 = VECTOR ( 'NONE', #11820, 1000.000000000000000 ) ;
#1637 = CARTESIAN_POINT ( 'NONE',  ( -0.3401094331159405515, 0.8399999996185738560, -2.444102925054405517 ) ) ;
#1638 = SURFACE_STYLE_FILL_AREA ( #6995 ) ;
#1639 = EDGE_CURVE ( 'NONE', #7443, #10906, #9671, .T. ) ;
#1640 = CARTESIAN_POINT ( 'NONE',  ( -2.100000000000000089, -0.03000000000000007869, -3.279999999999999805 ) ) ;
#1641 = LINE ( 'NONE', #7124, #8328 ) ;
#1642 = SURFACE_STYLE_FILL_AREA ( #3485 ) ;
#1643 = DIRECTION ( 'NONE',  ( 0.0000000000000000000, 0.0000000000000000000, 1.000000000000000000 ) ) ;
#1644 = AXIS2_PLACEMENT_3D ( 'NONE', #3745, #9441, #10253 ) ;
#1645 = ORIENTED_EDGE ( 'NONE', *, *, #8490, .T. ) ;
#1646 = VECTOR ( 'NONE', #2164, 1000.000000000000000 ) ;
#1647 = CARTESIAN_POINT ( 'NONE',  ( -0.3852791505839168740, 0.8409999996185738569, -2.552772100412924683 ) ) ;
#1648 = VERTEX_POINT ( 'NONE', #11396 ) ;
#1649 = SURFACE_STYLE_USAGE ( .BOTH. , #8174 ) ;
#1650 = CARTESIAN_POINT ( 'NONE',  ( 0.7539109069015770270, 0.8409999996185738569, -2.211507449672534875 ) ) ;
#1651 = CARTESIAN_POINT ( 'NONE',  ( -0.5741157620749829382, 0.8409999996185738569, -2.212463348294041232 ) ) ;
#1652 = PRESENTATION_LAYER_ASSIGNMENT (  '', '', ( #2406 ) ) ;
#1653 =( NAMED_UNIT ( * ) SI_UNIT ( $, .STERADIAN. ) SOLID_ANGLE_UNIT ( ) );
#1654 = FILL_AREA_STYLE ('',( #3553 ) ) ;
#1655 = STYLED_ITEM ( 'NONE', ( #7873 ), #5478 ) ;
#1656 = ORIENTED_EDGE ( 'NONE', *, *, #1710, .T. ) ;
#1657 = CARTESIAN_POINT ( 'NONE',  ( 0.0000000000000000000, 0.8409999996185738569, 0.0000000000000000000 ) ) ;
#1658 = B_SPLINE_CURVE_WITH_KNOTS ( 'NONE', 3,
 ( #829, #10931, #5440, #11049 ),
 .UNSPECIFIED., .F., .F.,
 ( 4, 4 ),
 ( 27.00000000000000000, 28.00000000000000000 ),
 .UNSPECIFIED. ) ;
#1659 = EDGE_CURVE ( 'NONE', #10495, #5765, #1276, .T. ) ;
#1660 = EDGE_CURVE ( 'NONE', #9028, #2597, #5961, .T. ) ;
#1661 = CARTESIAN_POINT ( 'NONE',  ( -0.2621073234627077087, 0.8399999996185738560, -2.477438881537072923 ) ) ;
#1662 = ORIENTED_EDGE ( 'NONE', *, *, #8044, .F. ) ;
#1663 = FILL_AREA_STYLE_COLOUR ( '', #2767 ) ;
#1664 =( GEOMETRIC_REPRESENTATION_CONTEXT ( 3 ) GLOBAL_UNCERTAINTY_ASSIGNED_CONTEXT ( ( #3000 ) ) GLOBAL_UNIT_ASSIGNED_CONTEXT ( ( #8076, #6332, #2504 ) ) REPRESENTATION_CONTEXT ( 'NONE', 'WORKASPACE' ) );
#1665 = ORIENTED_EDGE ( 'NONE', *, *, #8399, .T. ) ;
#1666 = STYLED_ITEM ( 'NONE', ( #11561 ), #7288 ) ;
#1667 = PRESENTATION_STYLE_ASSIGNMENT (( #4603 ) ) ;
#1668 = DIRECTION ( 'NONE',  ( -4.283268065624126469E-15, 0.0000000000000000000, -1.000000000000000000 ) ) ;
#1669 = CARTESIAN_POINT ( 'NONE',  ( -0.3220818312720886145, 0.8409999996185738569, -2.427787441821460224 ) ) ;
#1670 = STYLED_ITEM ( 'NONE', ( #4173 ), #9369 ) ;
#1671 = ORIENTED_EDGE ( 'NONE', *, *, #2889, .T. ) ;
#1672 = PRESENTATION_LAYER_ASSIGNMENT (  '', '', ( #3576 ) ) ;
#1673 = CARTESIAN_POINT ( 'NONE',  ( -0.1490571387172380802, 0.8409999996185738569, -2.530313132753124528 ) ) ;
#1675 = CARTESIAN_POINT ( 'NONE',  ( -0.3588923814048951000, 0.8409999996185738569, -2.518731153916178744 ) ) ;
#1674 = FILL_AREA_STYLE ('',( #10022 ) ) ;
#1676 =( NAMED_UNIT ( * ) PLANE_ANGLE_UNIT ( ) SI_UNIT ( $, .RADIAN. ) );
#1677 = FILL_AREA_STYLE_COLOUR ( '', #10415 ) ;
#1678 = CARTESIAN_POINT ( 'NONE',  ( -0.9640759539081356078, 0.8409999996185738569, -2.409961265696968447 ) ) ;
#1679 = CARTESIAN_POINT ( 'NONE',  ( 0.3295262308429499076, 0.8409999996185738569, -2.483225780245764902 ) ) ;
#1680 = EDGE_CURVE ( 'NONE', #11322, #1612, #1220, .T. ) ;
#1681 = ORIENTED_EDGE ( 'NONE', *, *, #8341, .T. ) ;
#1682 = CARTESIAN_POINT ( 'NONE',  ( -0.1209582509273106204, 0.8399999996185738560, -2.393645782464021821 ) ) ;
#1683 = UNCERTAINTY_MEASURE_WITH_UNIT (LENGTH_MEASURE( 1.000000000000000082E-05 ), #9033, 'distance_accuracy_value', 'NONE');
#1684 = VERTEX_POINT ( 'NONE', #11319 ) ;
#1685 = CARTESIAN_POINT ( 'NONE',  ( 1.050000000000000044, -0.02999999999999968317, -3.279999999999999805 ) ) ;
#1686 = PLANE ( 'NONE',  #2385 ) ;
#1687 = ORIENTED_EDGE ( 'NONE', *, *, #7821, .T. ) ;
#1688 = ORIENTED_EDGE ( 'NONE', *, *, #7518, .T. ) ;
#1689 = VECTOR ( 'NONE', #8846, 1000.000000000000000 ) ;
#1690 = LINE ( 'NONE', #5354, #2064 ) ;
#1691 = EDGE_CURVE ( 'NONE', #10062, #2731, #11453, .T. ) ;
#1692 = PRESENTATION_STYLE_ASSIGNMENT (( #8288 ) ) ;
#1693 = EDGE_CURVE ( 'NONE', #3181, #9744, #8366, .T. ) ;
#1694 = EDGE_CURVE ( 'NONE', #2007, #1203, #2230, .T. ) ;
#1695 = MECHANICAL_DESIGN_GEOMETRIC_PRESENTATION_REPRESENTATION (  '', ( #11758 ), #5334 ) ;
#1696 = CARTESIAN_POINT ( 'NONE',  ( 0.8631584530925782150, 0.8399999996185738560, -2.472020859874013876 ) ) ;
#1697 = CARTESIAN_POINT ( 'NONE',  ( -0.4421819161798750675, 0.8399999996185738560, -2.606552767365779122 ) ) ;
#1698 = COLOUR_RGB ( '',0.0000000000000000000, 0.01960784313725490169, 0.02745098039215686236 ) ;
#1699 = PRESENTATION_LAYER_ASSIGNMENT (  '', '', ( #8459 ) ) ;
#1700 = LINE ( 'NONE', #4749, #4315 ) ;
#1701 = PLANE ( 'NONE',  #4779 ) ;
#1702 = SURFACE_SIDE_STYLE ('',( #9514 ) ) ;
#1703 =( GEOMETRIC_REPRESENTATION_CONTEXT ( 3 ) GLOBAL_UNCERTAINTY_ASSIGNED_CONTEXT ( ( #10889 ) ) GLOBAL_UNIT_ASSIGNED_CONTEXT ( ( #2477, #1530, #6993 ) ) REPRESENTATION_CONTEXT ( 'NONE', 'WORKASPACE' ) );
#1704 = VECTOR ( 'NONE', #145, 1000.000000000000000 ) ;
#1705 = ORIENTED_EDGE ( 'NONE', *, *, #11300, .F. ) ;
#1706 = UNCERTAINTY_MEASURE_WITH_UNIT (LENGTH_MEASURE( 1.000000000000000082E-05 ), #11526, 'distance_accuracy_value', 'NONE');
#1707 = CARTESIAN_POINT ( 'NONE',  ( -0.8388898695979771780, 0.8399999996185738560, -2.540384418699861868 ) ) ;
#1708 = ORIENTED_EDGE ( 'NONE', *, *, #5870, .F. ) ;
#1709 = STYLED_ITEM ( 'NONE', ( #6784 ), #3668 ) ;
#1710 = EDGE_CURVE ( 'NONE', #10705, #323, #3183, .T. ) ;
#1711 =( NAMED_UNIT ( * ) PLANE_ANGLE_UNIT ( ) SI_UNIT ( $, .RADIAN. ) );
#1712 = COLOUR_RGB ( '',1.000000000000000000, 1.000000000000000000, 1.000000000000000000 ) ;
#1713 = CARTESIAN_POINT ( 'NONE',  ( 0.4093609412019875715, 0.8409999996185738569, -2.032229476742737351 ) ) ;
#1714 = STYLED_ITEM ( 'NONE', ( #5878 ), #10812 ) ;
#1715 = DIRECTION ( 'NONE',  ( -0.0000000000000000000, -1.000000000000000000, -0.0000000000000000000 ) ) ;
#1716 = DIRECTION ( 'NONE',  ( 0.3559357243698752504, -0.0000000000000000000, 0.9345104387417468850 ) ) ;
#1717 =( LENGTH_UNIT ( ) NAMED_UNIT ( * ) SI_UNIT ( .MILLI., .METRE. ) );
#1718 = ORIENTED_EDGE ( 'NONE', *, *, #3077, .F. ) ;
#1719 = STYLED_ITEM ( 'NONE', ( #3942 ), #3740 ) ;
#1720 = LINE ( 'NONE', #700, #7089 ) ;
#1721 = CARTESIAN_POINT ( 'NONE',  ( -0.4243053836250365030, 0.8409999996185738569, -2.255467739283380624 ) ) ;
#1722 = ORIENTED_EDGE ( 'NONE', *, *, #6250, .F. ) ;
#1723 = VECTOR ( 'NONE', #1254, 1000.000000000000000 ) ;
#1724 =( NAMED_UNIT ( * ) PLANE_ANGLE_UNIT ( ) SI_UNIT ( $, .RADIAN. ) );
#1725 = EDGE_LOOP ( 'NONE', ( #2049, #599, #7416, #8022 ) ) ;
#1726 = FILL_AREA_STYLE ('',( #10127 ) ) ;
#1727 = CARTESIAN_POINT ( 'NONE',  ( -0.3641798065266340090, 0.8399999996185738560, -2.567576890754330599 ) ) ;
#1728 = EDGE_CURVE ( 'NONE', #2140, #7359, #1753, .T. ) ;
#1729 = STYLED_ITEM ( 'NONE', ( #1360 ), #2765 ) ;
#1730 = CARTESIAN_POINT ( 'NONE',  ( 0.9261858897520449663, 0.8399999996185738560, -2.142877646327320473 ) ) ;
#1731 = DIRECTION ( 'NONE',  ( -0.0000000000000000000, -1.000000000000000000, -0.0000000000000000000 ) ) ;
#1732 = ORIENTED_EDGE ( 'NONE', *, *, #1038, .T. ) ;
#1733 = CARTESIAN_POINT ( 'NONE',  ( -0.1957375490774270477, 0.8409999996185738569, -2.484388068838702335 ) ) ;
#1735 = CARTESIAN_POINT ( 'NONE',  ( -0.1153686872275279524, 0.8409999996185738569, -2.456692032487505895 ) ) ;
#1734 = CARTESIAN_POINT ( 'NONE',  ( 0.3953548975953513067, 0.8409999996185738569, -2.483225780245764458 ) ) ;
#1736 =( NAMED_UNIT ( * ) SI_UNIT ( $, .STERADIAN. ) SOLID_ANGLE_UNIT ( ) );
#1737 = FACE_OUTER_BOUND ( 'NONE', #4904, .T. ) ;
#1738 = CARTESIAN_POINT ( 'NONE',  ( -0.3652372915511160612, 0.8409999996185738569, -2.532125964224043901 ) ) ;
#1739 = LINE ( 'NONE', #1914, #7427 ) ;
#1740 =( NAMED_UNIT ( * ) PLANE_ANGLE_UNIT ( ) SI_UNIT ( $, .RADIAN. ) );
#1741 = COLOUR_RGB ( '',1.000000000000000000, 1.000000000000000000, 1.000000000000000000 ) ;
#1742 = SURFACE_STYLE_USAGE ( .BOTH. , #895 ) ;
#1743 = VERTEX_POINT ( 'NONE', #9614 ) ;
#1744 = SURFACE_STYLE_USAGE ( .BOTH. , #3713 ) ;
#1745 = CARTESIAN_POINT ( 'NONE',  ( -0.3026946058257109495, 0.8409999996185738569, -2.487510167482475776 ) ) ;
#1746 = ORIENTED_EDGE ( 'NONE', *, *, #8721, .F. ) ;
#1747 =( NAMED_UNIT ( * ) SI_UNIT ( $, .STERADIAN. ) SOLID_ANGLE_UNIT ( ) );
#1748 = UNCERTAINTY_MEASURE_WITH_UNIT (LENGTH_MEASURE( 1.000000000000000082E-05 ), #3254, 'distance_accuracy_value', 'NONE');
#1749 =( NAMED_UNIT ( * ) PLANE_ANGLE_UNIT ( ) SI_UNIT ( $, .RADIAN. ) );
#1750 = LINE ( 'NONE', #978, #2754 ) ;
#1751 = CARTESIAN_POINT ( 'NONE',  ( -0.2105423394188307429, 0.8409999996185738569, -2.078112393772600264 ) ) ;
#1752 = ORIENTED_EDGE ( 'NONE', *, *, #5525, .T. ) ;
#1753 = B_SPLINE_CURVE_WITH_KNOTS ( 'NONE', 3,
 ( #5043, #5900, #10481, #7800 ),
 .UNSPECIFIED., .F., .F.,
 ( 4, 4 ),
 ( 12.00000000000000000, 13.00000000000000000 ),
 .UNSPECIFIED. ) ;
#1754 = ORIENTED_EDGE ( 'NONE', *, *, #2841, .F. ) ;
#1755 = STYLED_ITEM ( 'NONE', ( #8585 ), #1348 ) ;
#1756 = CARTESIAN_POINT ( 'NONE',  ( 0.2006701274317579109, 0.8409999996185738569, -2.214308733195166745 ) ) ;
#1757 = ORIENTED_EDGE ( 'NONE', *, *, #5888, .T. ) ;
#1758 = CARTESIAN_POINT ( 'NONE',  ( -0.4224925521547822083, 0.8409999996185738569, -2.613099103231365294 ) ) ;
#1759 = UNCERTAINTY_MEASURE_WITH_UNIT (LENGTH_MEASURE( 1.000000000000000082E-05 ), #1854, 'distance_accuracy_value', 'NONE');
#1760 = B_SPLINE_CURVE_WITH_KNOTS ( 'NONE', 3,
 ( #6964, #5142, #1430, #7016 ),
 .UNSPECIFIED., .F., .F.,
 ( 4, 4 ),
 ( 16.00000000000000000, 17.00000000000000000 ),
 .UNSPECIFIED. ) ;
#1761 = SURFACE_STYLE_FILL_AREA ( #10851 ) ;
#1762 = EDGE_CURVE ( 'NONE', #8334, #10224, #8638, .T. ) ;
#1763 = CARTESIAN_POINT ( 'NONE',  ( -0.3211250591069507720, 0.8399999996185738560, -2.463036942633053616 ) ) ;
#1764 = CARTESIAN_POINT ( 'NONE',  ( -0.6609302469297732019, 0.8399999996185738560, -2.255467739283379736 ) ) ;
#1765 = ADVANCED_FACE ( 'NONE', ( #1341 ), #11824, .F. ) ;
#1766 = CARTESIAN_POINT ( 'NONE',  ( -0.2644237192303643402, 0.8409999996185738569, -2.254964174986648029 ) ) ;
#1767 = COLOUR_RGB ( '',1.000000000000000000, 1.000000000000000000, 1.000000000000000000 ) ;
#1768 = B_SPLINE_SURFACE_WITH_KNOTS ( 'NONE', 3, 1, ( 
 ( #5275, #357 ),
 ( #3085, #6715 ),
 ( #4891, #7580 ),
 ( #1126, #7712 ) ),
 .UNSPECIFIED., .F., .F., .F.,
 ( 4, 4 ),
 ( 2, 2 ),
 ( 7.000000000000000000, 8.000000000000000000 ),
 ( 0.0000000000000000000, 1.000000000000000000 ),
 .UNSPECIFIED. ) ;
#1769 = EDGE_LOOP ( 'NONE', ( #9277, #6811, #1156, #188, #8908, #11677 ) ) ;
#1770 = VECTOR ( 'NONE', #9909, 1000.000000000000000 ) ;
#1771 = CARTESIAN_POINT ( 'NONE',  ( -0.3905665757056559495, 0.8409999996185738569, -2.542600101608178065 ) ) ;
#1772 = CARTESIAN_POINT ( 'NONE',  ( -0.8202579905973723662, 0.8409999996185738569, -2.412176948605279314 ) ) ;
#1773 =( NAMED_UNIT ( * ) PLANE_ANGLE_UNIT ( ) SI_UNIT ( $, .RADIAN. ) );
#1774 = DIRECTION ( 'NONE',  ( 0.9676172723861817815, 0.0000000000000000000, -0.2524218971878744444 ) ) ;
#1775 = MECHANICAL_DESIGN_GEOMETRIC_PRESENTATION_REPRESENTATION (  '', ( #4462 ), #10683 ) ;
#1776 = EDGE_LOOP ( 'NONE', ( #2098, #7526, #4625, #5498 ) ) ;
#1777 = DIRECTION ( 'NONE',  ( 1.000000000000000000, 0.0000000000000000000, 0.0000000000000000000 ) ) ;
#1778 = EDGE_CURVE ( 'NONE', #6709, #8171, #9484, .T. ) ;
#1779 = FILL_AREA_STYLE ('',( #9024 ) ) ;
#1780 = EDGE_LOOP ( 'NONE', ( #1993, #10712, #3243, #2056 ) ) ;
#1781 = CARTESIAN_POINT ( 'NONE',  ( 0.3561377831529547455, 0.8399999996185738560, -2.078449601301691985 ) ) ;
#1782 = ORIENTED_EDGE ( 'NONE', *, *, #1639, .F. ) ;
#1783 = CARTESIAN_POINT ( 'NONE',  ( -0.8795275083899873891, 0.8399999996185738560, -2.567979742191715875 ) ) ;
#1784 = PRESENTATION_STYLE_ASSIGNMENT (( #4662 ) ) ;
#1785 = CARTESIAN_POINT ( 'NONE',  ( -0.1920615297072501004, 0.8399999996185738560, -2.444102925054406406 ) ) ;
#1786 = B_SPLINE_CURVE_WITH_KNOTS ( 'NONE', 3,
 ( #8016, #7143, #1785, #6389 ),
 .UNSPECIFIED., .F., .F.,
 ( 4, 4 ),
 ( 12.00000000000000000, 13.00000000000000000 ),
 .UNSPECIFIED. ) ;
#1787 = CARTESIAN_POINT ( 'NONE',  ( -0.1490571387172380802, 0.8399999996185738560, -2.530313132753124528 ) ) ;
#1788 = UNCERTAINTY_MEASURE_WITH_UNIT (LENGTH_MEASURE( 1.000000000000000082E-05 ), #10587, 'distance_accuracy_value', 'NONE');
#1789 = CARTESIAN_POINT ( 'NONE',  ( -0.1646172755044176816, 0.8399999996185738560, -2.488718721795973199 ) ) ;
#1790 = CARTESIAN_POINT ( 'NONE',  ( -0.9346174425170256095, 0.8399999996185738560, -2.491840820439746640 ) ) ;
#1791 = CARTESIAN_POINT ( 'NONE',  ( -0.7872745291237581711, 0.8399999996185738560, -2.545520774531907282 ) ) ;
#1792 =( NAMED_UNIT ( * ) SI_UNIT ( $, .STERADIAN. ) SOLID_ANGLE_UNIT ( ) );
#1793 = ORIENTED_EDGE ( 'NONE', *, *, #9534, .F. ) ;
#1795 = CARTESIAN_POINT ( 'NONE',  ( -0.3652372915511160612, 0.8409999996185738569, -2.532125964224043901 ) ) ;
#1794 = SURFACE_STYLE_USAGE ( .BOTH. , #957 ) ;
#1796 = PLANE ( 'NONE',  #10816 ) ;
#1797 = SURFACE_SIDE_STYLE ('',( #4496 ) ) ;
#1798 = CARTESIAN_POINT ( 'NONE',  ( -0.2374326728945909681, 0.8409999996185738569, -2.478546722989882767 ) ) ;
#1799 =( NAMED_UNIT ( * ) PLANE_ANGLE_UNIT ( ) SI_UNIT ( $, .RADIAN. ) );
#1800 = CARTESIAN_POINT ( 'NONE',  ( -0.9700180126176402018, 0.8400000000000000799, -2.407242018491924096 ) ) ;
#1801 = VERTEX_POINT ( 'NONE', #11750 ) ;
#1802 = CARTESIAN_POINT ( 'NONE',  ( -0.6219040138886532398, 0.8409999996185738569, -2.125246012000519436 ) ) ;
#1803 = UNCERTAINTY_MEASURE_WITH_UNIT (LENGTH_MEASURE( 1.000000000000000082E-05 ), #7892, 'distance_accuracy_value', 'NONE');
#1804 = CARTESIAN_POINT ( 'NONE',  ( -0.2462450480974832101, 0.8399999996185738560, -2.258791263645847369 ) ) ;
#1805 = ORIENTED_EDGE ( 'NONE', *, *, #8789, .T. ) ;
#1806 = FILL_AREA_STYLE_COLOUR ( '', #340 ) ;
#1807 = ORIENTED_EDGE ( 'NONE', *, *, #7802, .F. ) ;
#1808 = CARTESIAN_POINT ( 'NONE',  ( 1.050000000000000044, 0.3500000000000003664, -3.279999999999999805 ) ) ;
#1809 = EDGE_CURVE ( 'NONE', #874, #2424, #3530, .T. ) ;
#1810 = ORIENTED_EDGE ( 'NONE', *, *, #6705, .T. ) ;
#1811 = ORIENTED_EDGE ( 'NONE', *, *, #4629, .T. ) ;
#1812 = CARTESIAN_POINT ( 'NONE',  ( -0.8208119113251178822, 0.8409999996185738569, -2.524975351202376039 ) ) ;
#1813 = CARTESIAN_POINT ( 'NONE',  ( 0.1432450975291409412, 0.8409999996185738569, -2.288541063511195350 ) ) ;
#1814 = ORIENTED_EDGE ( 'NONE', *, *, #10284, .T. ) ;
#1815 = MECHANICAL_DESIGN_GEOMETRIC_PRESENTATION_REPRESENTATION (  '', ( #1244 ), #288 ) ;
#1816 = SURFACE_STYLE_USAGE ( .BOTH. , #10172 ) ;
#1817 = FILL_AREA_STYLE ('',( #11023 ) ) ;
#1818 = CARTESIAN_POINT ( 'NONE',  ( 1.035433489371399451, 0.8409999996185738569, -2.345966039984117124 ) ) ;
#1819 = VERTEX_POINT ( 'NONE', #7168 ) ;
#1820 = UNCERTAINTY_MEASURE_WITH_UNIT (LENGTH_MEASURE( 1.000000000000000082E-05 ), #9073, 'distance_accuracy_value', 'NONE');
#1821 = CARTESIAN_POINT ( 'NONE',  ( -0.1936729354588052066, 0.8399999996185738560, -2.571303266554186617 ) ) ;
#1822 = COLOUR_RGB ( '',1.000000000000000000, 1.000000000000000000, 1.000000000000000000 ) ;
#1823 = CARTESIAN_POINT ( 'NONE',  ( -0.1408993971007598822, 0.8409999996185738569, -2.103492034356142515 ) ) ;
#1824 = CARTESIAN_POINT ( 'NONE',  ( 2.100000000000000089, -0.02999999999999966929, -3.279999999999999805 ) ) ;
#1825 = EDGE_CURVE ( 'NONE', #2367, #1979, #6985, .T. ) ;
#1826 = LINE ( 'NONE', #4592, #5145 ) ;
#1827 = CARTESIAN_POINT ( 'NONE',  ( 0.9457944736880895542, 0.8399999996185738560, -2.532247119870911778 ) ) ;
#1828 = SURFACE_STYLE_FILL_AREA ( #11034 ) ;
#1829 = ORIENTED_EDGE ( 'NONE', *, *, #4530, .T. ) ;
#1830 = MECHANICAL_DESIGN_GEOMETRIC_PRESENTATION_REPRESENTATION (  '', ( #11899 ), #310 ) ;
#1831 = CARTESIAN_POINT ( 'NONE',  ( 0.3925536675024140498, 0.8399999996185738560, -2.483225780245764902 ) ) ;
#1832 =( NAMED_UNIT ( * ) PLANE_ANGLE_UNIT ( ) SI_UNIT ( $, .RADIAN. ) );
#1833 = ORIENTED_EDGE ( 'NONE', *, *, #2419, .T. ) ;
#1834 =( NAMED_UNIT ( * ) SI_UNIT ( $, .STERADIAN. ) SOLID_ANGLE_UNIT ( ) );
#1835 = ORIENTED_EDGE ( 'NONE', *, *, #6922, .F. ) ;
#1836 = CARTESIAN_POINT ( 'NONE',  ( -0.2200000000000000289, -0.02999999999999966929, -3.279999999999999805 ) ) ;
#1837 = VECTOR ( 'NONE', #4139, 1000.000000000000000 ) ;
#1838 = CARTESIAN_POINT ( 'NONE',  ( -0.9652845082229830620, 0.8409999996185738569, -2.406738454195191057 ) ) ;
#1839 = MECHANICAL_DESIGN_GEOMETRIC_PRESENTATION_REPRESENTATION (  '', ( #2408 ), #11712 ) ;
#1840 = EDGE_CURVE ( 'NONE', #10062, #2433, #3446, .T. ) ;
#1841 = EDGE_CURVE ( 'NONE', #11720, #10062, #8958, .T. ) ;
#1842 = CARTESIAN_POINT ( 'NONE',  ( -0.2789263709930536184, 0.8409999996185738569, -2.063206890571847918 ) ) ;
#1843 = CARTESIAN_POINT ( 'NONE',  ( -0.5468729335895011756, 0.8409999996185738569, -2.255467739283379736 ) ) ;
#1844 = PRESENTATION_STYLE_ASSIGNMENT (( #10078 ) ) ;
#1845 = VERTEX_POINT ( 'NONE', #5105 ) ;
#1846 = CARTESIAN_POINT ( 'NONE',  ( -0.2621073234627077087, 0.8399999996185738560, -2.477438881537072479 ) ) ;
#1847 = CARTESIAN_POINT ( 'NONE',  ( -0.4869487822111346897, 0.8409999996185738569, -2.233008771623575583 ) ) ;
#1848 = AXIS2_PLACEMENT_3D ( 'NONE', #10515, #11187, #2857 ) ;
#1849 =( NAMED_UNIT ( * ) PLANE_ANGLE_UNIT ( ) SI_UNIT ( $, .RADIAN. ) );
#1850 = COLOUR_RGB ( '',1.000000000000000000, 1.000000000000000000, 1.000000000000000000 ) ;
#1851 = VECTOR ( 'NONE', #3672, 1000.000000000000000 ) ;
#1852 = CARTESIAN_POINT ( 'NONE',  ( -0.7336449314612693007, 0.8400000000000000799, -2.545520774531907726 ) ) ;
#1853 =( LENGTH_UNIT ( ) NAMED_UNIT ( * ) SI_UNIT ( .MILLI., .METRE. ) );
#1854 =( LENGTH_UNIT ( ) NAMED_UNIT ( * ) SI_UNIT ( .MILLI., .METRE. ) );
#1855 =( NAMED_UNIT ( * ) SI_UNIT ( $, .STERADIAN. ) SOLID_ANGLE_UNIT ( ) );
#1856 = MECHANICAL_DESIGN_GEOMETRIC_PRESENTATION_REPRESENTATION (  '', ( #7042 ), #11687 ) ;
#1857 = CARTESIAN_POINT ( 'NONE',  ( 0.1418445091968519312, 0.8399999996185738560, -2.372577592294788484 ) ) ;
#1858 = SURFACE_SIDE_STYLE ('',( #11190 ) ) ;
#1859 = EDGE_CURVE ( 'NONE', #1819, #10495, #1520, .T. ) ;
#1860 = COLOUR_RGB ( '',1.000000000000000000, 1.000000000000000000, 1.000000000000000000 ) ;
#1861 = VERTEX_POINT ( 'NONE', #5347 ) ;
#1862 = COLOUR_RGB ( '',1.000000000000000000, 1.000000000000000000, 1.000000000000000000 ) ;
#1863 = CARTESIAN_POINT ( 'NONE',  ( -0.6119837972322706987, 0.8409999996185738569, -2.101981341464599584 ) ) ;
#1864 = PRESENTATION_LAYER_ASSIGNMENT (  '', '', ( #5509 ) ) ;
#1865 = B_SPLINE_SURFACE_WITH_KNOTS ( 'NONE', 3, 1, ( 
 ( #9582, #6206 ),
 ( #8915, #7196 ),
 ( #6385, #2550 ),
 ( #766, #10068 ) ),
 .UNSPECIFIED., .F., .F., .F.,
 ( 4, 4 ),
 ( 2, 2 ),
 ( 34.00000000000000000, 35.00000000000000000 ),
 ( 0.0000000000000000000, 1.000000000000000000 ),
 .UNSPECIFIED. ) ;
#1866 = CARTESIAN_POINT ( 'NONE',  ( -0.4084934646901655642, 0.8409999996185738569, -2.632234546528698260 ) ) ;
#1867 = VERTEX_POINT ( 'NONE', #2403 ) ;
#1868 = SURFACE_STYLE_FILL_AREA ( #10155 ) ;
#1869 = B_SPLINE_CURVE_WITH_KNOTS ( 'NONE', 3,
 ( #7515, #4887, #10313, #1005 ),
 .UNSPECIFIED., .F., .F.,
 ( 4, 4 ),
 ( 12.00000000000000000, 13.00000000000000000 ),
 .UNSPECIFIED. ) ;
#1870 = DIRECTION ( 'NONE',  ( 0.9398440417769795552, 0.0000000000000000000, -0.3416038306815532555 ) ) ;
#1871 = PRESENTATION_STYLE_ASSIGNMENT (( #5408 ) ) ;
#1872 = STYLED_ITEM ( 'NONE', ( #2236 ), #9756 ) ;
#1873 = EDGE_LOOP ( 'NONE', ( #6107, #1188, #6938, #1732, #11280, #2599 ) ) ;
#1874 = COLOUR_RGB ( '',1.000000000000000000, 1.000000000000000000, 1.000000000000000000 ) ;
#1875 = EDGE_LOOP ( 'NONE', ( #4636, #4812, #6296, #6520 ) ) ;
#1876 = AXIS2_PLACEMENT_3D ( 'NONE', #561, #1623, #4388 ) ;
#1877 = FILL_AREA_STYLE ('',( #8109 ) ) ;
#1878 = PLANE ( 'NONE',  #5156 ) ;
#1879 = EDGE_CURVE ( 'NONE', #9903, #3871, #2626, .T. ) ;
#1880 = MECHANICAL_DESIGN_GEOMETRIC_PRESENTATION_REPRESENTATION (  '', ( #2446 ), #915 ) ;
#1881 = ORIENTED_EDGE ( 'NONE', *, *, #10885, .F. ) ;
#1882 = UNCERTAINTY_MEASURE_WITH_UNIT (LENGTH_MEASURE( 1.000000000000000082E-05 ), #9888, 'distance_accuracy_value', 'NONE');
#1883 =( GEOMETRIC_REPRESENTATION_CONTEXT ( 3 ) GLOBAL_UNCERTAINTY_ASSIGNED_CONTEXT ( ( #6022 ) ) GLOBAL_UNIT_ASSIGNED_CONTEXT ( ( #8731, #2261, #11540 ) ) REPRESENTATION_CONTEXT ( 'NONE', 'WORKASPACE' ) );
#1884 = PLANE ( 'NONE',  #8140 ) ;
#1885 = FILL_AREA_STYLE_COLOUR ( '', #10990 ) ;
#1886 = VERTEX_POINT ( 'NONE', #624 ) ;
#1887 = COLOUR_RGB ( '',1.000000000000000000, 1.000000000000000000, 1.000000000000000000 ) ;
#1888 = DIRECTION ( 'NONE',  ( -0.0000000000000000000, -1.000000000000000000, -0.0000000000000000000 ) ) ;
#1889 = AXIS2_PLACEMENT_3D ( 'NONE', #6511, #7622, #3987 ) ;
#1890 = UNCERTAINTY_MEASURE_WITH_UNIT (LENGTH_MEASURE( 1.000000000000000082E-05 ), #6090, 'distance_accuracy_value', 'NONE');
#1891 =( GEOMETRIC_REPRESENTATION_CONTEXT ( 3 ) GLOBAL_UNCERTAINTY_ASSIGNED_CONTEXT ( ( #1349 ) ) GLOBAL_UNIT_ASSIGNED_CONTEXT ( ( #11411, #2895, #10251 ) ) REPRESENTATION_CONTEXT ( 'NONE', 'WORKASPACE' ) );
#1892 = DIRECTION ( 'NONE',  ( -0.6946583704589959218, -0.7193398003386525241, 0.0000000000000000000 ) ) ;
#1893 = ADVANCED_FACE ( 'NONE', ( #2526 ), #3568, .F. ) ;
#1894 = CARTESIAN_POINT ( 'NONE',  ( 0.9766078844937484682, 0.8409999996185738569, -2.498632465613715770 ) ) ;
#1895 = STYLED_ITEM ( 'NONE', ( #8854 ), #11630 ) ;
#1896 = PRESENTATION_LAYER_ASSIGNMENT (  '', '', ( #11380 ) ) ;
#1897 = PRESENTATION_STYLE_ASSIGNMENT (( #10117 ) ) ;
#1898 = ORIENTED_EDGE ( 'NONE', *, *, #7612, .T. ) ;
#1899 = CARTESIAN_POINT ( 'NONE',  ( 0.1418445091968519312, 0.8399999996185738560, -2.372577592294788484 ) ) ;
#1900 = ORIENTED_EDGE ( 'NONE', *, *, #2422, .F. ) ;
#1901 = CARTESIAN_POINT ( 'NONE',  ( -0.1936729354588052066, 0.8399999996185738560, -2.571303266554186617 ) ) ;
#1902 = ORIENTED_EDGE ( 'NONE', *, *, #1559, .T. ) ;
#1903 = CARTESIAN_POINT ( 'NONE',  ( -0.8202579905973723662, 0.8409999996185738569, -2.412176948605279314 ) ) ;
#1904 = COLOUR_RGB ( '',1.000000000000000000, 1.000000000000000000, 1.000000000000000000 ) ;
#1905 = FILL_AREA_STYLE ('',( #6524 ) ) ;
#1906 = CARTESIAN_POINT ( 'NONE',  ( -0.3852791505839168740, 0.8399999996185738560, -2.552772100412924683 ) ) ;
#1907 = FACE_OUTER_BOUND ( 'NONE', #2772, .T. ) ;
#1908 = DIRECTION ( 'NONE',  ( 0.0000000000000000000, 0.0000000000000000000, -1.000000000000000000 ) ) ;
#1909 = EDGE_LOOP ( 'NONE', ( #9012, #1208, #274, #10457 ) ) ;
#1910 = PRESENTATION_LAYER_ASSIGNMENT (  '', '', ( #8285 ) ) ;
#1911 = DIRECTION ( 'NONE',  ( -3.272121703647071695E-15, 0.0000000000000000000, -1.000000000000000000 ) ) ;
#1912 = FILL_AREA_STYLE_COLOUR ( '', #2291 ) ;
#1913 = ADVANCED_FACE ( 'NONE', ( #8104 ), #7039, .T. ) ;
#1914 = CARTESIAN_POINT ( 'NONE',  ( -0.4744603876373802431, 0.8409999996185738569, -2.533233805678196671 ) ) ;
#1915 = CARTESIAN_POINT ( 'NONE',  ( -0.2374326728945907738, 0.8409999996185738569, -2.455584191033351349 ) ) ;
#1916 = DIRECTION ( 'NONE',  ( -0.0000000000000000000, -1.000000000000000000, -0.0000000000000000000 ) ) ;
#1917 =( NAMED_UNIT ( * ) PLANE_ANGLE_UNIT ( ) SI_UNIT ( $, .RADIAN. ) );
#1918 =( LENGTH_UNIT ( ) NAMED_UNIT ( * ) SI_UNIT ( .MILLI., .METRE. ) );
#1919 = ORIENTED_EDGE ( 'NONE', *, *, #434, .F. ) ;
#1920 = CARTESIAN_POINT ( 'NONE',  ( -0.1314323883114438540, 0.8409999996185738569, -2.160696938530807909 ) ) ;
#1921 = SURFACE_SIDE_STYLE ('',( #6545 ) ) ;
#1922 = ORIENTED_EDGE ( 'NONE', *, *, #6594, .F. ) ;
#1923 = DIRECTION ( 'NONE',  ( 1.000000000000000000, -0.0000000000000000000, -0.0000000000000000000 ) ) ;
#1924 = COLOUR_RGB ( '',1.000000000000000000, 1.000000000000000000, 1.000000000000000000 ) ;
#1925 = EDGE_CURVE ( 'NONE', #3329, #5687, #1090, .T. ) ;
#1926 = CARTESIAN_POINT ( 'NONE',  ( -0.3081331002364727234, 0.8409999996185738569, -2.546628615986069377 ) ) ;
#1927 = EDGE_CURVE ( 'NONE', #483, #5325, #4508, .T. ) ;
#1928 =( LENGTH_UNIT ( ) NAMED_UNIT ( * ) SI_UNIT ( .MILLI., .METRE. ) );
#1929 = VERTEX_POINT ( 'NONE', #9299 ) ;
#1930 = PRESENTATION_LAYER_ASSIGNMENT (  '', '', ( #4996 ) ) ;
#1931 = B_SPLINE_CURVE_WITH_KNOTS ( 'NONE', 3,
 ( #9469, #5824, #3164, #377 ),
 .UNSPECIFIED., .F., .F.,
 ( 4, 4 ),
 ( 5.000000000000000000, 6.000000000000000000 ),
 .UNSPECIFIED. ) ;
#1932 = ORIENTED_EDGE ( 'NONE', *, *, #4736, .T. ) ;
#1933 = CARTESIAN_POINT ( 'NONE',  ( -0.7173798046579930032, 0.8409999996185738569, -2.097449262788629643 ) ) ;
#1934 = DIRECTION ( 'NONE',  ( 0.3416038306902477450, 0.0000000000000000000, 0.9398440417738193053 ) ) ;
#1935 = SURFACE_STYLE_FILL_AREA ( #5659 ) ;
#1936 = CARTESIAN_POINT ( 'NONE',  ( 0.7329017613490935723, 0.8399999996185738560, -2.224112931662733050 ) ) ;
#1937 = ORIENTED_EDGE ( 'NONE', *, *, #681, .T. ) ;
#1938 = UNCERTAINTY_MEASURE_WITH_UNIT (LENGTH_MEASURE( 1.000000000000000082E-05 ), #5257, 'distance_accuracy_value', 'NONE');
#1939 = SURFACE_SIDE_STYLE ('',( #8406 ) ) ;
#1940 = CARTESIAN_POINT ( 'NONE',  ( -0.5735618413472309829, 0.8409999996185738569, -2.099664945696942286 ) ) ;
#1941 = LINE ( 'NONE', #2888, #381 ) ;
#1942 = DIRECTION ( 'NONE',  ( -0.0000000000000000000, -1.000000000000000000, -0.0000000000000000000 ) ) ;
#1943 = DIRECTION ( 'NONE',  ( -0.0000000000000000000, -1.000000000000000000, -0.0000000000000000000 ) ) ;
#1944 = PRESENTATION_LAYER_ASSIGNMENT (  '', '', ( #4819 ) ) ;
#1945 =( NAMED_UNIT ( * ) PLANE_ANGLE_UNIT ( ) SI_UNIT ( $, .RADIAN. ) );
#1946 = ORIENTED_EDGE ( 'NONE', *, *, #8349, .T. ) ;
#1947 = VECTOR ( 'NONE', #4284, 1000.000000000000000 ) ;
#1948 = CARTESIAN_POINT ( 'NONE',  ( -0.1812348973154007392, 0.8409999996185738569, -2.544715071657143390 ) ) ;
#1949 = PLANE ( 'NONE',  #7236 ) ;
#1950 = CARTESIAN_POINT ( 'NONE',  ( -0.8686001631401385481, 0.8409999996185738569, -2.437758014908855131 ) ) ;
#1951 = ORIENTED_EDGE ( 'NONE', *, *, #1432, .F. ) ;
#1952 = FILL_AREA_STYLE ('',( #5503 ) ) ;
#1953 = EDGE_CURVE ( 'NONE', #3107, #5409, #9107, .T. ) ;
#1954 = ORIENTED_EDGE ( 'NONE', *, *, #5833, .F. ) ;
#1955 = CARTESIAN_POINT ( 'NONE',  ( 0.4443761837901294975, 0.8399999996185738560, -2.525244071352073405 ) ) ;
#1956 = CARTESIAN_POINT ( 'NONE',  ( -1.261220445829635439, -0.8400000000000003020, 0.0000000000000000000 ) ) ;
#1957 =( GEOMETRIC_REPRESENTATION_CONTEXT ( 3 ) GLOBAL_UNCERTAINTY_ASSIGNED_CONTEXT ( ( #11965 ) ) GLOBAL_UNIT_ASSIGNED_CONTEXT ( ( #7336, #4723, #9210 ) ) REPRESENTATION_CONTEXT ( 'NONE', 'WORKASPACE' ) );
#1958 = CARTESIAN_POINT ( 'NONE',  ( -0.3286281671370029911, 0.8409999996185738569, -2.449339993747145172 ) ) ;
#1959 = B_SPLINE_SURFACE_WITH_KNOTS ( 'NONE', 3, 1, ( 
 ( #8164, #6078 ),
 ( #736, #7172 ),
 ( #10844, #1583 ),
 ( #5234, #4460 ) ),
 .UNSPECIFIED., .F., .F., .F.,
 ( 4, 4 ),
 ( 2, 2 ),
 ( 4.000000000000000000, 5.000000000000000000 ),
 ( 0.0000000000000000000, 1.000000000000000000 ),
 .UNSPECIFIED. ) ;
#1960 = CARTESIAN_POINT ( 'NONE',  ( -0.9640759539081357188, 0.8399999996185738560, -2.409961265696968002 ) ) ;
#1961 = VECTOR ( 'NONE', #11531, 1000.000000000000000 ) ;
#1962 = PRESENTATION_STYLE_ASSIGNMENT (( #9329 ) ) ;
#1963 = CARTESIAN_POINT ( 'NONE',  ( -0.1961404005154839814, 0.8409999996185738569, -2.258791263645847369 ) ) ;
#1964 = CARTESIAN_POINT ( 'NONE',  ( -0.7223147347713514410, 0.8409999996185738569, -2.090197936907618903 ) ) ;
#1965 = ORIENTED_EDGE ( 'NONE', *, *, #2300, .T. ) ;
#1966 = CARTESIAN_POINT ( 'NONE',  ( 0.4765901962866804231, 0.8409999996185738569, -2.005617892709753658 ) ) ;
#1967 = SURFACE_STYLE_FILL_AREA ( #9398 ) ;
#1968 = SURFACE_STYLE_USAGE ( .BOTH. , #177 ) ;
#1969 = CARTESIAN_POINT ( 'NONE',  ( -0.1788681451180696991, 0.8409999996185738569, -2.064818296322736391 ) ) ;
#1970 =( NAMED_UNIT ( * ) SI_UNIT ( $, .STERADIAN. ) SOLID_ANGLE_UNIT ( ) );
#1971 =( NAMED_UNIT ( * ) SI_UNIT ( $, .STERADIAN. ) SOLID_ANGLE_UNIT ( ) );
#1972 = FILL_AREA_STYLE ('',( #4856 ) ) ;
#1973 = ORIENTED_EDGE ( 'NONE', *, *, #2142, .T. ) ;
#1974 = EDGE_CURVE ( 'NONE', #5282, #2323, #10158, .T. ) ;
#1975 = CARTESIAN_POINT ( 'NONE',  ( -0.1581212960691742164, 0.8399999996185738560, -2.134410882210461491 ) ) ;
#1976 = ADVANCED_FACE ( 'NONE', ( #73 ), #2691, .F. ) ;
#1977 = CARTESIAN_POINT ( 'NONE',  ( 0.7329017880636055082, 0.8409999996185738569, -2.467819094879160957 ) ) ;
#1978 = CARTESIAN_POINT ( 'NONE',  ( 0.8631584530925782150, 0.8399999996185738560, -2.472020859874013876 ) ) ;
#1979 = VERTEX_POINT ( 'NONE', #1808 ) ;
#1980 =( NAMED_UNIT ( * ) PLANE_ANGLE_UNIT ( ) SI_UNIT ( $, .RADIAN. ) );
#1981 = CARTESIAN_POINT ( 'NONE',  ( -0.04492004203401987056, 0.8409999996185738569, -2.545520774531909947 ) ) ;
#1982 =( NAMED_UNIT ( * ) PLANE_ANGLE_UNIT ( ) SI_UNIT ( $, .RADIAN. ) );
#1983 = FILL_AREA_STYLE ('',( #2111 ) ) ;
#1984 = B_SPLINE_CURVE_WITH_KNOTS ( 'NONE', 3,
 ( #2937, #6624, #2063, #4823 ),
 .UNSPECIFIED., .F., .F.,
 ( 4, 4 ),
 ( 11.00000000000000000, 12.00000000000000000 ),
 .UNSPECIFIED. ) ;
#1985 = VERTEX_POINT ( 'NONE', #9166 ) ;
#1986 = FILL_AREA_STYLE_COLOUR ( '', #5733 ) ;
#1987 = ADVANCED_FACE ( 'NONE', ( #3783 ), #7414, .T. ) ;
#1988 = ORIENTED_EDGE ( 'NONE', *, *, #1680, .F. ) ;
#1989 = CARTESIAN_POINT ( 'NONE',  ( -0.4243053836250365030, 0.8409999996185738569, -2.233008771623576028 ) ) ;
#1990 =( NAMED_UNIT ( * ) PLANE_ANGLE_UNIT ( ) SI_UNIT ( $, .RADIAN. ) );
#1991 = PRESENTATION_STYLE_ASSIGNMENT (( #7425 ) ) ;
#1992 = DIRECTION ( 'NONE',  ( 0.5048830486499267245, 0.0000000000000000000, 0.8631877589412141338 ) ) ;
#1993 = ORIENTED_EDGE ( 'NONE', *, *, #8787, .F. ) ;
#1994 = DIRECTION ( 'NONE',  ( 3.302233253054837256E-15, 0.0000000000000000000, 1.000000000000000000 ) ) ;
#1995 = LINE ( 'NONE', #11148, #1704 ) ;
#1996 = VECTOR ( 'NONE', #5497, 1000.000000000000000 ) ;
#1997 = UNCERTAINTY_MEASURE_WITH_UNIT (LENGTH_MEASURE( 1.000000000000000082E-05 ), #715, 'distance_accuracy_value', 'NONE');
#1998 = CARTESIAN_POINT ( 'NONE',  ( -0.3220818312720886145, 0.8399999996185738560, -2.427787441821460224 ) ) ;
#1999 = EDGE_CURVE ( 'NONE', #10125, #2046, #7671, .T. ) ;
#2000 = DIRECTION ( 'NONE',  ( -0.0000000000000000000, -1.000000000000000000, -0.0000000000000000000 ) ) ;
#2001 = FILL_AREA_STYLE ('',( #9315 ) ) ;
#2002 = ORIENTED_EDGE ( 'NONE', *, *, #4715, .F. ) ;
#2003 = CARTESIAN_POINT ( 'NONE',  ( 0.7931280213446459948, 0.8409999996185738569, -2.661103169853078931 ) ) ;
#2004 = DIRECTION ( 'NONE',  ( -0.0000000000000000000, -1.000000000000000000, -0.0000000000000000000 ) ) ;
#2005 =( GEOMETRIC_REPRESENTATION_CONTEXT ( 3 ) GLOBAL_UNCERTAINTY_ASSIGNED_CONTEXT ( ( #4694 ) ) GLOBAL_UNIT_ASSIGNED_CONTEXT ( ( #2392, #8690, #442 ) ) REPRESENTATION_CONTEXT ( 'NONE', 'WORKASPACE' ) );
#2006 = CARTESIAN_POINT ( 'NONE',  ( -0.4744603876373802431, 0.8409999996185738569, -2.533233805678196671 ) ) ;
#2007 = VERTEX_POINT ( 'NONE', #4861 ) ;
#2008 = COLOUR_RGB ( '',1.000000000000000000, 1.000000000000000000, 1.000000000000000000 ) ;
#2009 =( NAMED_UNIT ( * ) PLANE_ANGLE_UNIT ( ) SI_UNIT ( $, .RADIAN. ) );
#2010 = VERTEX_POINT ( 'NONE', #6742 ) ;
#2011 = PRESENTATION_STYLE_ASSIGNMENT (( #8594 ) ) ;
#2012 = CARTESIAN_POINT ( 'NONE',  ( -0.3852791505839168740, 0.8409999996185738569, -2.552772100412924683 ) ) ;
#2013 = CARTESIAN_POINT ( 'NONE',  ( -1.050000000000000044, -0.02999999999999966929, -8.279999999999999361 ) ) ;
#2014 =( NAMED_UNIT ( * ) PLANE_ANGLE_UNIT ( ) SI_UNIT ( $, .RADIAN. ) );
#2015 = PRESENTATION_LAYER_ASSIGNMENT (  '', '', ( #5674 ) ) ;
#2016 = CARTESIAN_POINT ( 'NONE',  ( -0.1490571387172380802, 0.8399999996185738560, -2.530313132753124528 ) ) ;
#2017 = EDGE_CURVE ( 'NONE', #4763, #5955, #616, .T. ) ;
#2018 = CARTESIAN_POINT ( 'NONE',  ( -0.9346174425170256095, 0.8409999996185738569, -2.491840820439746640 ) ) ;
#2019 = ORIENTED_EDGE ( 'NONE', *, *, #1400, .T. ) ;
#2020 = CARTESIAN_POINT ( 'NONE',  ( -0.7350549114934644690, 0.8399999996185738560, -2.058473386177184672 ) ) ;
#2021 = SURFACE_STYLE_FILL_AREA ( #1191 ) ;
#2022 = DIRECTION ( 'NONE',  ( -4.283268065624016817E-15, 0.0000000000000000000, -1.000000000000000000 ) ) ;
#2023 = COLOUR_RGB ( '',1.000000000000000000, 1.000000000000000000, 1.000000000000000000 ) ;
#2024 = MECHANICAL_DESIGN_GEOMETRIC_PRESENTATION_REPRESENTATION (  '', ( #312 ), #6229 ) ;
#2025 = CARTESIAN_POINT ( 'NONE',  ( -0.2029888749591061692, 0.8409999996185738569, -2.055149861814720147 ) ) ;
#2026 = CARTESIAN_POINT ( 'NONE',  ( -0.4224925521547822083, 0.8399999996185738560, -2.613099103231365294 ) ) ;
#2027 = PLANE ( 'NONE',  #11 ) ;
#2028 = SURFACE_STYLE_FILL_AREA ( #5639 ) ;
#2029 = AXIS2_PLACEMENT_3D ( 'NONE', #8764, #9729, #1461 ) ;
#2030 = ORIENTED_EDGE ( 'NONE', *, *, #5200, .T. ) ;
#2031 = PLANE ( 'NONE',  #2778 ) ;
#2032 = ADVANCED_FACE ( 'NONE', ( #10469 ), #8139, .F. ) ;
#2033 = CARTESIAN_POINT ( 'NONE',  ( 0.6782780149684397575, 0.8409999996185738569, -2.551855677091777075 ) ) ;
#2034 = FACE_OUTER_BOUND ( 'NONE', #4886, .T. ) ;
#2035 = MECHANICAL_DESIGN_GEOMETRIC_PRESENTATION_REPRESENTATION (  '', ( #8025 ), #3551 ) ;
#2036 = ORIENTED_EDGE ( 'NONE', *, *, #1447, .T. ) ;
#2037 =( GEOMETRIC_REPRESENTATION_CONTEXT ( 3 ) GLOBAL_UNCERTAINTY_ASSIGNED_CONTEXT ( ( #8305 ) ) GLOBAL_UNIT_ASSIGNED_CONTEXT ( ( #6382, #10065, #3558 ) ) REPRESENTATION_CONTEXT ( 'NONE', 'WORKASPACE' ) );
#2038 = COLOUR_RGB ( '',1.000000000000000000, 1.000000000000000000, 1.000000000000000000 ) ;
#2039 = DIRECTION ( 'NONE',  ( -1.000000000000000000, 0.0000000000000000000, -0.0000000000000000000 ) ) ;
#2040 = SURFACE_SIDE_STYLE ('',( #382 ) ) ;
#2041 = LINE ( 'NONE', #9415, #2066 ) ;
#2042 = CARTESIAN_POINT ( 'NONE',  ( -0.3624676879157273102, 0.8409999996185738569, -2.424061066021604649 ) ) ;
#2043 = VECTOR ( 'NONE', #351, 1000.000000000000000 ) ;
#2044 = STYLED_ITEM ( 'NONE', ( #9894 ), #7338 ) ;
#2045 = DIRECTION ( 'NONE',  ( 0.0000000000000000000, 1.000000000000000000, 0.0000000000000000000 ) ) ;
#2046 = VERTEX_POINT ( 'NONE', #11335 ) ;
#2047 = FILL_AREA_STYLE_COLOUR ( '', #2980 ) ;
#2048 = PRESENTATION_STYLE_ASSIGNMENT (( #3851 ) ) ;
#2049 = ORIENTED_EDGE ( 'NONE', *, *, #434, .T. ) ;
#2050 = SURFACE_STYLE_FILL_AREA ( #11075 ) ;
#2051 = PRESENTATION_LAYER_ASSIGNMENT (  '', '', ( #336 ) ) ;
#2052 = STYLED_ITEM ( 'NONE', ( #11113 ), #7380 ) ;
#2053 = CARTESIAN_POINT ( 'NONE',  ( -0.9076263961799158064, 0.8409999996185738569, -2.567979742191715875 ) ) ;
#2054 = CARTESIAN_POINT ( 'NONE',  ( 1.035433489371399451, 0.8409999996185738569, -2.345966039984117124 ) ) ;
#2055 = B_SPLINE_SURFACE_WITH_KNOTS ( 'NONE', 3, 1, ( 
 ( #4466, #5827 ),
 ( #9596, #1383 ),
 ( #11379, #6670 ),
 ( #5886, #6741 ) ),
 .UNSPECIFIED., .F., .F., .F.,
 ( 4, 4 ),
 ( 2, 2 ),
 ( 7.000000000000000000, 8.000000000000000000 ),
 ( 0.0000000000000000000, 1.000000000000000000 ),
 .UNSPECIFIED. ) ;
#2056 = ORIENTED_EDGE ( 'NONE', *, *, #3711, .T. ) ;
#2057 = UNCERTAINTY_MEASURE_WITH_UNIT (LENGTH_MEASURE( 1.000000000000000082E-05 ), #8666, 'distance_accuracy_value', 'NONE');
#2058 = MECHANICAL_DESIGN_GEOMETRIC_PRESENTATION_REPRESENTATION (  '', ( #8458 ), #10582 ) ;
#2059 = EDGE_CURVE ( 'NONE', #5825, #9244, #4319, .T. ) ;
#2060 = EDGE_CURVE ( 'NONE', #819, #8933, #3008, .T. ) ;
#2061 = CARTESIAN_POINT ( 'NONE',  ( -0.6665198106302211434, 0.8409999996185738569, -2.393645782464019600 ) ) ;
#2062 = FILL_AREA_STYLE_COLOUR ( '', #8591 ) ;
#2063 = CARTESIAN_POINT ( 'NONE',  ( 0.5914402026622124220, 0.8409999996185738569, -2.512638562648703555 ) ) ;
#2064 = VECTOR ( 'NONE', #9061, 1000.000000000000114 ) ;
#2065 = SURFACE_STYLE_FILL_AREA ( #7698 ) ;
#2066 = VECTOR ( 'NONE', #5709, 1000.000000000000000 ) ;
#2067 =( NAMED_UNIT ( * ) SI_UNIT ( $, .STERADIAN. ) SOLID_ANGLE_UNIT ( ) );
#2068 = DIRECTION ( 'NONE',  ( 0.0000000000000000000, 0.0000000000000000000, -1.000000000000000000 ) ) ;
#2069 = COLOUR_RGB ( '',0.9725490196078431238, 0.9686274509803921573, 1.000000000000000000 ) ;
#2070 = ORIENTED_EDGE ( 'NONE', *, *, #2783, .F. ) ;
#2071 = ADVANCED_FACE ( 'NONE', ( #10207 ), #7745, .F. ) ;
#2072 = EDGE_CURVE ( 'NONE', #3694, #8944, #4494, .T. ) ;
#2073 = ORIENTED_EDGE ( 'NONE', *, *, #7822, .T. ) ;
#2074 = CARTESIAN_POINT ( 'NONE',  ( -0.3437854524861165828, 0.8409999996185738569, -2.233008771623576028 ) ) ;
#2075 = AXIS2_PLACEMENT_3D ( 'NONE', #11199, #3594, #2869 ) ;
#2076 = CARTESIAN_POINT ( 'NONE',  ( 0.8841675986457352421, 0.8399999996185738560, -2.203103786108907780 ) ) ;
#2077 = VECTOR ( 'NONE', #7013, 1000.000000000000000 ) ;
#2078 = CARTESIAN_POINT ( 'NONE',  ( -0.5951647497025871481, 0.8409999996185738569, -2.179731668968797997 ) ) ;
#2079 = MECHANICAL_DESIGN_GEOMETRIC_PRESENTATION_REPRESENTATION (  '', ( #8263 ), #9805 ) ;
#2080 =( LENGTH_UNIT ( ) NAMED_UNIT ( * ) SI_UNIT ( .MILLI., .METRE. ) );
#2081 = COLOUR_RGB ( '',1.000000000000000000, 1.000000000000000000, 1.000000000000000000 ) ;
#2082 = PRESENTATION_LAYER_ASSIGNMENT (  '', '', ( #2456 ) ) ;
#2083 = CARTESIAN_POINT ( 'NONE',  ( -0.8190997927148838675, 0.8399999996185738560, -2.379646695000072310 ) ) ;
#2084 = ORIENTED_EDGE ( 'NONE', *, *, #1048, .F. ) ;
#2085 = FILL_AREA_STYLE ('',( #9393 ) ) ;
#2086 = B_SPLINE_CURVE_WITH_KNOTS ( 'NONE', 3,
 ( #4549, #1017, #2786, #6461 ),
 .UNSPECIFIED., .F., .F.,
 ( 4, 4 ),
 ( 4.000000000000000000, 5.000000000000000000 ),
 .UNSPECIFIED. ) ;
#2087 = CARTESIAN_POINT ( 'NONE',  ( -0.3174993961664460129, 0.8399999996185738560, -2.499897849196874855 ) ) ;
#2088 = VERTEX_POINT ( 'NONE', #10140 ) ;
#2089 = COLOUR_RGB ( '',1.000000000000000000, 1.000000000000000000, 1.000000000000000000 ) ;
#2090 = LINE ( 'NONE', #10451, #9255 ) ;
#2091 = SURFACE_SIDE_STYLE ('',( #835 ) ) ;
#2092 = DIRECTION ( 'NONE',  ( 1.000000000000000000, 0.0000000000000000000, -0.0000000000000000000 ) ) ;
#2093 = LINE ( 'NONE', #4797, #3826 ) ;
#2094 = COLOUR_RGB ( '',1.000000000000000000, 1.000000000000000000, 1.000000000000000000 ) ;
#2095 = FILL_AREA_STYLE ('',( #11294 ) ) ;
#2096 =( GEOMETRIC_REPRESENTATION_CONTEXT ( 3 ) GLOBAL_UNCERTAINTY_ASSIGNED_CONTEXT ( ( #9666 ) ) GLOBAL_UNIT_ASSIGNED_CONTEXT ( ( #4580, #9357, #9303 ) ) REPRESENTATION_CONTEXT ( 'NONE', 'WORKASPACE' ) );
#2097 = VECTOR ( 'NONE', #1888, 1000.000000000000000 ) ;
#2098 = ORIENTED_EDGE ( 'NONE', *, *, #6457, .T. ) ;
#2099 = SURFACE_STYLE_FILL_AREA ( #8440 ) ;
#2100 =( GEOMETRIC_REPRESENTATION_CONTEXT ( 3 ) GLOBAL_UNCERTAINTY_ASSIGNED_CONTEXT ( ( #631 ) ) GLOBAL_UNIT_ASSIGNED_CONTEXT ( ( #7468, #8148, #11114 ) ) REPRESENTATION_CONTEXT ( 'NONE', 'WORKASPACE' ) );
#2101 = CARTESIAN_POINT ( 'NONE',  ( -0.4477714798796501583, 0.8409999996185738569, -2.593258669917257730 ) ) ;
#2102 = EDGE_LOOP ( 'NONE', ( #10895, #19, #3176, #10137 ) ) ;
#2103 = AXIS2_PLACEMENT_3D ( 'NONE', #2168, #1211, #1264 ) ;
#2104 = PRESENTATION_LAYER_ASSIGNMENT (  '', '', ( #6306 ) ) ;
#2105 = CARTESIAN_POINT ( 'NONE',  ( 0.7034889789461533649, 0.8399999996185738560, -2.467819094879160513 ) ) ;
#2106 = PLANE ( 'NONE',  #10929 ) ;
#2107 = EDGE_LOOP ( 'NONE', ( #3501, #5895, #8608, #9103 ) ) ;
#2108 = PLANE ( 'NONE',  #10378 ) ;
#2109 = SURFACE_STYLE_FILL_AREA ( #4977 ) ;
#2110 = CARTESIAN_POINT ( 'NONE',  ( -0.3504828576400527140, 0.8409999996185738569, -2.424061066021604649 ) ) ;
#2111 = FILL_AREA_STYLE_COLOUR ( '', #3913 ) ;
#2112 = FACE_OUTER_BOUND ( 'NONE', #11932, .T. ) ;
#2113 = PLANE ( 'NONE',  #3406 ) ;
#2114 = ORIENTED_EDGE ( 'NONE', *, *, #1447, .F. ) ;
#2115 = AXIS2_PLACEMENT_3D ( 'NONE', #3578, #4436, #2612 ) ;
#2116 = VECTOR ( 'NONE', #183, 1000.000000000000000 ) ;
#2117 = CARTESIAN_POINT ( 'NONE',  ( -0.3265131970880389978, 0.8409999996185738569, -2.476129614362882148 ) ) ;
#2118 = PRESENTATION_STYLE_ASSIGNMENT (( #11213 ) ) ;
#2119 = VERTEX_POINT ( 'NONE', #4438 ) ;
#2120 = COLOUR_RGB ( '',1.000000000000000000, 1.000000000000000000, 1.000000000000000000 ) ;
#2121 = PRESENTATION_STYLE_ASSIGNMENT (( #10299 ) ) ;
#2122 = CARTESIAN_POINT ( 'NONE',  ( -0.3211250591069507720, 0.8409999996185738569, -2.463036942633053616 ) ) ;
#2123 = PRESENTATION_STYLE_ASSIGNMENT (( #11513 ) ) ;
#2124 = SURFACE_STYLE_USAGE ( .BOTH. , #11586 ) ;
#2125 = EDGE_CURVE ( 'NONE', #6946, #9269, #6464, .T. ) ;
#2126 = LINE ( 'NONE', #7507, #8446 ) ;
#2127 = EDGE_CURVE ( 'NONE', #9617, #746, #2613, .T. ) ;
#2128 = FILL_AREA_STYLE ('',( #3990 ) ) ;
#2129 = LINE ( 'NONE', #3741, #9816 ) ;
#2130 = PRESENTATION_STYLE_ASSIGNMENT (( #11466 ) ) ;
#2131 = FILL_AREA_STYLE_COLOUR ( '', #4187 ) ;
#2132 = ORIENTED_EDGE ( 'NONE', *, *, #5095, .F. ) ;
#2133 = FACE_OUTER_BOUND ( 'NONE', #6806, .T. ) ;
#2134 = ORIENTED_EDGE ( 'NONE', *, *, #7695, .F. ) ;
#2135 = SURFACE_STYLE_FILL_AREA ( #2840 ) ;
#2136 = PRESENTATION_STYLE_ASSIGNMENT (( #4836 ) ) ;
#2137 = CARTESIAN_POINT ( 'NONE',  ( -0.1903494110963444563, 0.8409999996185738569, -2.229181682964377131 ) ) ;
#2138 = FACE_OUTER_BOUND ( 'NONE', #670, .T. ) ;
#2139 = AXIS2_PLACEMENT_3D ( 'NONE', #9007, #4407, #3311 ) ;
#2140 = VERTEX_POINT ( 'NONE', #9147 ) ;
#2141 = FACE_OUTER_BOUND ( 'NONE', #9317, .T. ) ;
#2142 = EDGE_CURVE ( 'NONE', #3654, #3678, #3733, .T. ) ;
#2143 = CARTESIAN_POINT ( 'NONE',  ( -0.2648265706684226894, 0.8409999996185738569, -2.081939482431800048 ) ) ;
#2144 = EDGE_CURVE ( 'NONE', #11500, #483, #1035, .T. ) ;
#2145 = FILL_AREA_STYLE ('',( #9454 ) ) ;
#2146 = ORIENTED_EDGE ( 'NONE', *, *, #5667, .T. ) ;
#2147 = DIRECTION ( 'NONE',  ( 3.439386710808917165E-15, -0.0000000000000000000, 1.000000000000000000 ) ) ;
#2148 =( NAMED_UNIT ( * ) SI_UNIT ( $, .STERADIAN. ) SOLID_ANGLE_UNIT ( ) );
#2149 = PRESENTATION_STYLE_ASSIGNMENT (( #5298 ) ) ;
#2150 = SURFACE_STYLE_FILL_AREA ( #3036 ) ;
#2151 = CARTESIAN_POINT ( 'NONE',  ( -0.4128744740764438981, 0.8409999996185738569, -2.633543813701546110 ) ) ;
#2152 =( GEOMETRIC_REPRESENTATION_CONTEXT ( 3 ) GLOBAL_UNCERTAINTY_ASSIGNED_CONTEXT ( ( #5606 ) ) GLOBAL_UNIT_ASSIGNED_CONTEXT ( ( #5464, #1749, #10225 ) ) REPRESENTATION_CONTEXT ( 'NONE', 'WORKASPACE' ) );
#2153 = ORIENTED_EDGE ( 'NONE', *, *, #11583, .T. ) ;
#2154 = B_SPLINE_CURVE_WITH_KNOTS ( 'NONE', 3,
 ( #10766, #9848, #6122, #558 ),
 .UNSPECIFIED., .F., .F.,
 ( 4, 4 ),
 ( 28.00000000000000000, 29.00000000000000000 ),
 .UNSPECIFIED. ) ;
#2155 =( NAMED_UNIT ( * ) PLANE_ANGLE_UNIT ( ) SI_UNIT ( $, .RADIAN. ) );
#2156 = PRESENTATION_STYLE_ASSIGNMENT (( #10389 ) ) ;
#2157 = CARTESIAN_POINT ( 'NONE',  ( 0.3491347346354610748, 0.8409999996185738569, -2.264730687865104120 ) ) ;
#2158 = VECTOR ( 'NONE', #4957, 1000.000000000000000 ) ;
#2159 = FILL_AREA_STYLE_COLOUR ( '', #1904 ) ;
#2160 = ORIENTED_EDGE ( 'NONE', *, *, #2072, .F. ) ;
#2161 = FACE_OUTER_BOUND ( 'NONE', #11226, .T. ) ;
#2162 = B_SPLINE_SURFACE_WITH_KNOTS ( 'NONE', 3, 1, ( 
 ( #10428, #9552 ),
 ( #9491, #4042 ),
 ( #11460, #8707 ),
 ( #7810, #3191 ) ),
 .UNSPECIFIED., .F., .F., .F.,
 ( 4, 4 ),
 ( 2, 2 ),
 ( 4.000000000000000000, 5.000000000000000000 ),
 ( 0.0000000000000000000, 1.000000000000000000 ),
 .UNSPECIFIED. ) ;
#2163 = CARTESIAN_POINT ( 'NONE',  ( -0.4244060964850521200, 0.8409999996185738569, -2.634248803718319820 ) ) ;
#2164 = DIRECTION ( 'NONE',  ( -1.000000000000000000, -0.0000000000000000000, 4.093262511381672637E-15 ) ) ;
#2165 = ORIENTED_EDGE ( 'NONE', *, *, #9066, .T. ) ;
#2166 = VECTOR ( 'NONE', #1542, 1000.000000000000000 ) ;
#2167 =( NAMED_UNIT ( * ) PLANE_ANGLE_UNIT ( ) SI_UNIT ( $, .RADIAN. ) );
#2168 = CARTESIAN_POINT ( 'NONE',  ( -0.2374326728945910514, 0.8409999996185738569, -2.497380027709188433 ) ) ;
#2169 = FACE_OUTER_BOUND ( 'NONE', #3789, .T. ) ;
#2170 = DIRECTION ( 'NONE',  ( -0.0000000000000000000, -1.000000000000000000, -0.0000000000000000000 ) ) ;
#2171 = LINE ( 'NONE', #256, #3621 ) ;
#2172 = SURFACE_STYLE_FILL_AREA ( #3720 ) ;
#2173 = CARTESIAN_POINT ( 'NONE',  ( -0.2198582789184624908, 0.8409999996185738569, -2.547232893143493104 ) ) ;
#2174 = PRESENTATION_STYLE_ASSIGNMENT (( #10478 ) ) ;
#2175 = ORIENTED_EDGE ( 'NONE', *, *, #8672, .F. ) ;
#2176 = EDGE_CURVE ( 'NONE', #7140, #5268, #7605, .T. ) ;
#2177 = CARTESIAN_POINT ( 'NONE',  ( -0.3286281671370029911, 0.8409999996185738569, -2.449339993747145172 ) ) ;
#2178 = LINE ( 'NONE', #10542, #4552 ) ;
#2179 = ORIENTED_EDGE ( 'NONE', *, *, #1925, .T. ) ;
#2180 = VERTEX_POINT ( 'NONE', #8515 ) ;
#2181 = SURFACE_STYLE_FILL_AREA ( #6563 ) ;
#2182 = CARTESIAN_POINT ( 'NONE',  ( -0.3437854524861161387, 0.8399999996185738560, -2.166739710098317229 ) ) ;
#2183 = CARTESIAN_POINT ( 'NONE',  ( -0.1936729354588052066, 0.8409999996185738569, -2.571303266554186617 ) ) ;
#2184 = PRESENTATION_STYLE_ASSIGNMENT (( #9494 ) ) ;
#2185 = FACE_OUTER_BOUND ( 'NONE', #8464, .T. ) ;
#2186 = CARTESIAN_POINT ( 'NONE',  ( 0.3925536675024140498, 0.8409999996185738569, -2.483225780245764902 ) ) ;
#2187 = CARTESIAN_POINT ( 'NONE',  ( -0.4142340976789598561, 0.8409999996185738569, -2.166739710098317229 ) ) ;
#2188 = SURFACE_STYLE_USAGE ( .BOTH. , #8419 ) ;
#2189 = VERTEX_POINT ( 'NONE', #8628 ) ;
#2190 = CARTESIAN_POINT ( 'NONE',  ( 0.7315011730168006210, 0.8409999996185738569, -2.661103169853078931 ) ) ;
#2191 = VERTEX_POINT ( 'NONE', #1269 ) ;
#2192 = UNCERTAINTY_MEASURE_WITH_UNIT (LENGTH_MEASURE( 1.000000000000000082E-05 ), #2883, 'distance_accuracy_value', 'NONE');
#2193 = SURFACE_STYLE_FILL_AREA ( #2253 ) ;
#2194 = EDGE_CURVE ( 'NONE', #2398, #6838, #2171, .T. ) ;
#2195 = SURFACE_STYLE_USAGE ( .BOTH. , #11472 ) ;
#2196 = EDGE_CURVE ( 'NONE', #3449, #6651, #10849, .T. ) ;
#2197 =( NAMED_UNIT ( * ) SI_UNIT ( $, .STERADIAN. ) SOLID_ANGLE_UNIT ( ) );
#2198 = CARTESIAN_POINT ( 'NONE',  ( 0.5452200931313473387, 0.8409999996185738569, -2.089654474922372440 ) ) ;
#2199 = ORIENTED_EDGE ( 'NONE', *, *, #1840, .T. ) ;
#2200 = CARTESIAN_POINT ( 'NONE',  ( 0.7315011730168006210, 0.8399999996185738560, -2.661103169853078931 ) ) ;
#2201 = CARTESIAN_POINT ( 'NONE',  ( -0.1929679454427098984, 0.8409999996185738569, -2.503422799278036681 ) ) ;
#2202 = ORIENTED_EDGE ( 'NONE', *, *, #8363, .F. ) ;
#2203 = STYLED_ITEM ( 'NONE', ( #11273 ), #6367 ) ;
#2204 = DIRECTION ( 'NONE',  ( -1.000000000000000000, 0.0000000000000000000, 0.0000000000000000000 ) ) ;
#2205 = CARTESIAN_POINT ( 'NONE',  ( -0.5951647497025869260, 0.8409999996185738569, -2.155157731260029408 ) ) ;
#2206 = ORIENTED_EDGE ( 'NONE', *, *, #2060, .T. ) ;
#2207 = PRESENTATION_STYLE_ASSIGNMENT (( #3768 ) ) ;
#2208 = ADVANCED_FACE ( 'NONE', ( #9418 ), #5209, .T. ) ;
#2209 = FILL_AREA_STYLE ('',( #8501 ) ) ;
#2210 = CARTESIAN_POINT ( 'NONE',  ( 0.6334584937691947193, 0.8409999996185738569, -2.089654474922372884 ) ) ;
#2211 = EDGE_CURVE ( 'NONE', #10696, #1105, #11385, .T. ) ;
#2212 = ADVANCED_FACE ( 'NONE', ( #9533 ), #6746, .F. ) ;
#2213 = VECTOR ( 'NONE', #2022, 1000.000000000000000 ) ;
#2214 = DIRECTION ( 'NONE',  ( -1.000000000000000000, -0.0000000000000000000, -0.0000000000000000000 ) ) ;
#2215 = ORIENTED_EDGE ( 'NONE', *, *, #9433, .F. ) ;
#2216 = ORIENTED_EDGE ( 'NONE', *, *, #3970, .T. ) ;
#2217 =( NAMED_UNIT ( * ) SI_UNIT ( $, .STERADIAN. ) SOLID_ANGLE_UNIT ( ) );
#2218 = CARTESIAN_POINT ( 'NONE',  ( 0.9471950353051988847, 0.8399999996185738560, -2.343164756462825071 ) ) ;
#2219 = COLOUR_RGB ( '',1.000000000000000000, 1.000000000000000000, 1.000000000000000000 ) ;
#2220 = VECTOR ( 'NONE', #11543, 1000.000000000000000 ) ;
#2221 = SURFACE_STYLE_FILL_AREA ( #11444 ) ;
#2222 = EDGE_CURVE ( 'NONE', #1222, #10099, #615, .T. ) ;
#2223 = VECTOR ( 'NONE', #5587, 999.9999999999998863 ) ;
#2224 = EDGE_LOOP ( 'NONE', ( #3624, #5542, #6010, #7340, #11451, #8889, #3758, #8042 ) ) ;
#2225 = PRESENTATION_LAYER_ASSIGNMENT (  '', '', ( #10555 ) ) ;
#2226 = FILL_AREA_STYLE ('',( #8695 ) ) ;
#2227 = B_SPLINE_SURFACE_WITH_KNOTS ( 'NONE', 3, 1, ( 
 ( #10646, #1431 ),
 ( #11611, #11550 ),
 ( #2210, #1375 ),
 ( #5082, #9764 ) ),
 .UNSPECIFIED., .F., .F., .F.,
 ( 4, 4 ),
 ( 2, 2 ),
 ( 20.00000000000000000, 21.00000000000000000 ),
 ( 0.0000000000000000000, 1.000000000000000000 ),
 .UNSPECIFIED. ) ;
#2228 = ORIENTED_EDGE ( 'NONE', *, *, #4421, .T. ) ;
#2229 =( NAMED_UNIT ( * ) SI_UNIT ( $, .STERADIAN. ) SOLID_ANGLE_UNIT ( ) );
#2230 = LINE ( 'NONE', #7748, #5391 ) ;
#2231 = FACE_OUTER_BOUND ( 'NONE', #9527, .T. ) ;
#2232 = AXIS2_PLACEMENT_3D ( 'NONE', #6845, #10581, #654 ) ;
#2233 = VERTEX_POINT ( 'NONE', #11565 ) ;
#2234 = ORIENTED_EDGE ( 'NONE', *, *, #7134, .F. ) ;
#2235 = MECHANICAL_DESIGN_GEOMETRIC_PRESENTATION_REPRESENTATION (  '', ( #529 ), #333 ) ;
#2236 = PRESENTATION_STYLE_ASSIGNMENT (( #10546 ) ) ;
#2237 = CARTESIAN_POINT ( 'NONE',  ( -0.4243053836250365030, 0.8399999996185738560, -2.255467739283380624 ) ) ;
#2238 = EDGE_CURVE ( 'NONE', #1684, #5325, #10659, .T. ) ;
#2239 = CARTESIAN_POINT ( 'NONE',  ( 0.2200000000000000011, 0.3500000000000004774, -3.279999999999999805 ) ) ;
#2240 = COLOUR_RGB ( '',1.000000000000000000, 1.000000000000000000, 1.000000000000000000 ) ;
#2241 = STYLED_ITEM ( 'NONE', ( #2149 ), #7516 ) ;
#2242 = SURFACE_SIDE_STYLE ('',( #4043 ) ) ;
#2243 = CARTESIAN_POINT ( 'NONE',  ( 0.2286823215024055000, 0.8399999996185738560, -2.313752027488907625 ) ) ;
#2244 = CARTESIAN_POINT ( 'NONE',  ( 0.7875255344442593231, 0.8399999996185738560, -2.120467885728703372 ) ) ;
#2245 = STYLED_ITEM ( 'NONE', ( #7597 ), #4837 ) ;
#2246 = DIRECTION ( 'NONE',  ( -0.0000000000000000000, -1.000000000000000000, -0.0000000000000000000 ) ) ;
#2247 = CARTESIAN_POINT ( 'NONE',  ( -0.6219040138886534619, 0.8399999996185738560, -2.184968737660192506 ) ) ;
#2248 = CARTESIAN_POINT ( 'NONE',  ( 2.100000000000000089, -0.02999999999999966929, -3.279999999999999805 ) ) ;
#2249 = CARTESIAN_POINT ( 'NONE',  ( -0.2621073234627079307, 0.8409999996185738569, -2.567979742191718096 ) ) ;
#2250 = ORIENTED_EDGE ( 'NONE', *, *, #1293, .F. ) ;
#2251 = CARTESIAN_POINT ( 'NONE',  ( 1.261220445829635661, -0.8399999999999999689, 0.0000000000000000000 ) ) ;
#2252 = EDGE_LOOP ( 'NONE', ( #9305, #8925, #3161, #10484, #3315, #6677, #2250, #2381 ) ) ;
#2253 = FILL_AREA_STYLE ('',( #10563 ) ) ;
#2254 = CARTESIAN_POINT ( 'NONE',  ( -0.3026946058257109495, 0.8399999996185738560, -2.487510167482475776 ) ) ;
#2255 = CARTESIAN_POINT ( 'NONE',  ( 0.7146938458888766332, 0.8399999996185738560, -2.060241672484219411 ) ) ;
#2256 =( LENGTH_UNIT ( ) NAMED_UNIT ( * ) SI_UNIT ( .MILLI., .METRE. ) );
#2257 = FACE_OUTER_BOUND ( 'NONE', #2355, .T. ) ;
#2258 = PRESENTATION_LAYER_ASSIGNMENT (  '', '', ( #1107 ) ) ;
#2259 = FACE_BOUND ( 'NONE', #8421, .T. ) ;
#2260 = VERTEX_POINT ( 'NONE', #4211 ) ;
#2261 =( NAMED_UNIT ( * ) PLANE_ANGLE_UNIT ( ) SI_UNIT ( $, .RADIAN. ) );
#2262 = STYLED_ITEM ( 'NONE', ( #3651 ), #9895 ) ;
#2263 = VERTEX_POINT ( 'NONE', #7919 ) ;
#2264 = FILL_AREA_STYLE_COLOUR ( '', #8199 ) ;
#2265 = SURFACE_SIDE_STYLE ('',( #1426 ) ) ;
#2266 =( GEOMETRIC_REPRESENTATION_CONTEXT ( 3 ) GLOBAL_UNCERTAINTY_ASSIGNED_CONTEXT ( ( #8833 ) ) GLOBAL_UNIT_ASSIGNED_CONTEXT ( ( #6143, #10227, #11203 ) ) REPRESENTATION_CONTEXT ( 'NONE', 'WORKASPACE' ) );
#2267 = STYLED_ITEM ( 'NONE', ( #3693 ), #3852 ) ;
#2268 = B_SPLINE_CURVE_WITH_KNOTS ( 'NONE', 3,
 ( #6199, #7133, #1650, #11773 ),
 .UNSPECIFIED., .F., .F.,
 ( 4, 4 ),
 ( 19.00000000000000000, 20.00000000000000000 ),
 .UNSPECIFIED. ) ;
#2269 = ORIENTED_EDGE ( 'NONE', *, *, #10419, .F. ) ;
#2270 =( NAMED_UNIT ( * ) SI_UNIT ( $, .STERADIAN. ) SOLID_ANGLE_UNIT ( ) );
#2271 = VECTOR ( 'NONE', #2779, 1000.000000000000000 ) ;
#2272 = FILL_AREA_STYLE_COLOUR ( '', #728 ) ;
#2273 = COLOUR_RGB ( '',1.000000000000000000, 1.000000000000000000, 1.000000000000000000 ) ;
#2274 = LINE ( 'NONE', #11666, #10422 ) ;
#2275 = VERTEX_POINT ( 'NONE', #1328 ) ;
#2276 =( GEOMETRIC_REPRESENTATION_CONTEXT ( 3 ) GLOBAL_UNCERTAINTY_ASSIGNED_CONTEXT ( ( #10788 ) ) GLOBAL_UNIT_ASSIGNED_CONTEXT ( ( #4998, #4877, #9733 ) ) REPRESENTATION_CONTEXT ( 'NONE', 'WORKASPACE' ) );
#2277 = CARTESIAN_POINT ( 'NONE',  ( -0.3905665757056559495, 0.8399999996185738560, -2.529708855597042838 ) ) ;
#2278 = VECTOR ( 'NONE', #5119, 1000.000000000000000 ) ;
#2279 = LINE ( 'NONE', #11374, #689 ) ;
#2280 = ORIENTED_EDGE ( 'NONE', *, *, #7369, .T. ) ;
#2281 = CARTESIAN_POINT ( 'NONE',  ( -0.1920615297072501004, 0.8409999996185738569, -2.444102925054406406 ) ) ;
#2282 = EDGE_CURVE ( 'NONE', #1105, #11060, #465, .T. ) ;
#2283 = EDGE_CURVE ( 'NONE', #3933, #11888, #4140, .T. ) ;
#2284 = VECTOR ( 'NONE', #3862, 1000.000000000000000 ) ;
#2285 = VECTOR ( 'NONE', #4703, 1000.000000000000000 ) ;
#2286 = CARTESIAN_POINT ( 'NONE',  ( -0.3064209816255664132, 0.8409999996185738569, -2.568483306489790952 ) ) ;
#2287 = SURFACE_STYLE_FILL_AREA ( #5158 ) ;
#2288 =( GEOMETRIC_REPRESENTATION_CONTEXT ( 3 ) GLOBAL_UNCERTAINTY_ASSIGNED_CONTEXT ( ( #725 ) ) GLOBAL_UNIT_ASSIGNED_CONTEXT ( ( #8098, #10886, #8204 ) ) REPRESENTATION_CONTEXT ( 'NONE', 'WORKASPACE' ) );
#2289 = FILL_AREA_STYLE_COLOUR ( '', #9924 ) ;
#2290 = SURFACE_STYLE_FILL_AREA ( #10833 ) ;
#2291 = COLOUR_RGB ( '',1.000000000000000000, 1.000000000000000000, 1.000000000000000000 ) ;
#2292 =( NAMED_UNIT ( * ) PLANE_ANGLE_UNIT ( ) SI_UNIT ( $, .RADIAN. ) );
#2293 = COLOUR_RGB ( '',1.000000000000000000, 1.000000000000000000, 1.000000000000000000 ) ;
#2294 = EDGE_LOOP ( 'NONE', ( #6423, #11243, #7303, #11025 ) ) ;
#2295 = CARTESIAN_POINT ( 'NONE',  ( -0.2108948344265481056, 0.8409999996185738569, -2.551059981802691112 ) ) ;
#2296 =( NAMED_UNIT ( * ) PLANE_ANGLE_UNIT ( ) SI_UNIT ( $, .RADIAN. ) );
#2297 = EDGE_LOOP ( 'NONE', ( #1002, #1243, #2969, #2450 ) ) ;
#2298 = PLANE ( 'NONE',  #9377 ) ;
#2299 = ADVANCED_FACE ( 'NONE', ( #5035 ), #8031, .F. ) ;
#2300 = EDGE_CURVE ( 'NONE', #7786, #11235, #2581, .T. ) ;
#2301 = PRESENTATION_LAYER_ASSIGNMENT (  '', '', ( #5359 ) ) ;
#2302 = SURFACE_STYLE_USAGE ( .BOTH. , #10608 ) ;
#2303 = VERTEX_POINT ( 'NONE', #3173 ) ;
#2304 = VERTEX_POINT ( 'NONE', #8931 ) ;
#2305 =( LENGTH_UNIT ( ) NAMED_UNIT ( * ) SI_UNIT ( .MILLI., .METRE. ) );
#2306 = VECTOR ( 'NONE', #8317, 1000.000000000000000 ) ;
#2307 = UNCERTAINTY_MEASURE_WITH_UNIT (LENGTH_MEASURE( 1.000000000000000082E-05 ), #7354, 'distance_accuracy_value', 'NONE');
#2308 =( LENGTH_UNIT ( ) NAMED_UNIT ( * ) SI_UNIT ( .MILLI., .METRE. ) );
#2309 = SURFACE_STYLE_FILL_AREA ( #3309 ) ;
#2310 = SURFACE_STYLE_FILL_AREA ( #8949 ) ;
#2311 = LINE ( 'NONE', #7812, #7961 ) ;
#2312 = PRESENTATION_STYLE_ASSIGNMENT (( #9628 ) ) ;
#2313 = CARTESIAN_POINT ( 'NONE',  ( -0.1735807199963326497, 0.8409999996185738569, -2.249827819153257469 ) ) ;
#2314 = DIRECTION ( 'NONE',  ( -0.0000000000000000000, -1.000000000000000000, -0.0000000000000000000 ) ) ;
#2315 = ORIENTED_EDGE ( 'NONE', *, *, #6874, .T. ) ;
#2316 = VECTOR ( 'NONE', #7075, 1000.000000000000114 ) ;
#2317 = B_SPLINE_CURVE_WITH_KNOTS ( 'NONE', 3,
 ( #8467, #206, #2755, #5718 ),
 .UNSPECIFIED., .F., .F.,
 ( 4, 4 ),
 ( 3.000000000000000000, 4.000000000000000000 ),
 .UNSPECIFIED. ) ;
#2318 = ORIENTED_EDGE ( 'NONE', *, *, #9678, .F. ) ;
#2319 = UNCERTAINTY_MEASURE_WITH_UNIT (LENGTH_MEASURE( 1.000000000000000082E-05 ), #4497, 'distance_accuracy_value', 'NONE');
#2320 = DIRECTION ( 'NONE',  ( 1.000000000000000000, 0.0000000000000000000, -6.155985935729375282E-15 ) ) ;
#2321 = CARTESIAN_POINT ( 'NONE',  ( -0.3073273973610270438, 0.8399999996185738560, -2.493653651909332858 ) ) ;
#2322 =( NAMED_UNIT ( * ) PLANE_ANGLE_UNIT ( ) SI_UNIT ( $, .RADIAN. ) );
#2323 = VERTEX_POINT ( 'NONE', #6860 ) ;
#2324 = CARTESIAN_POINT ( 'NONE',  ( -0.1581212960691744385, 0.8399999996185738560, -2.182753054751883859 ) ) ;
#2325 = ORIENTED_EDGE ( 'NONE', *, *, #2574, .F. ) ;
#2326 = DIRECTION ( 'NONE',  ( 0.0000000000000000000, 0.0000000000000000000, 1.000000000000000000 ) ) ;
#2327 = FILL_AREA_STYLE_COLOUR ( '', #9356 ) ;
#2328 = EDGE_CURVE ( 'NONE', #6329, #8482, #9661, .T. ) ;
#2329 = CARTESIAN_POINT ( 'NONE',  ( -0.7644127100265689645, 0.8409999996185738569, -2.370985389085523032 ) ) ;
#2330 = FILL_AREA_STYLE_COLOUR ( '', #3918 ) ;
#2331 = ORIENTED_EDGE ( 'NONE', *, *, #598, .F. ) ;
#2332 =( NAMED_UNIT ( * ) PLANE_ANGLE_UNIT ( ) SI_UNIT ( $, .RADIAN. ) );
#2333 = SURFACE_SIDE_STYLE ('',( #10645 ) ) ;
#2334 = CARTESIAN_POINT ( 'NONE',  ( -0.3183554554722334839, 0.8399999996185738560, -2.058473386177186448 ) ) ;
#2335 = DIRECTION ( 'NONE',  ( 3.302233253054830551E-15, 0.0000000000000000000, 1.000000000000000000 ) ) ;
#2336 = B_SPLINE_SURFACE_WITH_KNOTS ( 'NONE', 3, 1, ( 
 ( #9318, #10682 ),
 ( #9804, #10797 ),
 ( #9685, #4285 ),
 ( #5847, #8713 ) ),
 .UNSPECIFIED., .F., .F., .F.,
 ( 4, 4 ),
 ( 2, 2 ),
 ( 3.000000000000000000, 4.000000000000000000 ),
 ( 0.0000000000000000000, 1.000000000000000000 ),
 .UNSPECIFIED. ) ;
#2337 = ORIENTED_EDGE ( 'NONE', *, *, #11797, .T. ) ;
#2338 = LINE ( 'NONE', #7150, #11128 ) ;
#2339 = B_SPLINE_CURVE_WITH_KNOTS ( 'NONE', 3,
 ( #466, #4353, #10564, #5979 ),
 .UNSPECIFIED., .F., .F.,
 ( 4, 4 ),
 ( 0.0000000000000000000, 1.000000000000000000 ),
 .UNSPECIFIED. ) ;
#2340 = ORIENTED_EDGE ( 'NONE', *, *, #1337, .F. ) ;
#2341 = CARTESIAN_POINT ( 'NONE',  ( 1.035433489371399451, 0.8399999996185738560, -2.345966039984117124 ) ) ;
#2342 =( NAMED_UNIT ( * ) PLANE_ANGLE_UNIT ( ) SI_UNIT ( $, .RADIAN. ) );
#2343 = VECTOR ( 'NONE', #8698, 1000.000000000000000 ) ;
#2344 = DIRECTION ( 'NONE',  ( -2.394945585112191800E-15, 0.0000000000000000000, -1.000000000000000000 ) ) ;
#2345 = VECTOR ( 'NONE', #6772, 1000.000000000000000 ) ;
#2346 = CARTESIAN_POINT ( 'NONE',  ( -0.7540392855017847840, 0.8400000000000000799, -2.179328817530069351 ) ) ;
#2347 = FACE_OUTER_BOUND ( 'NONE', #4600, .T. ) ;
#2348 = SURFACE_SIDE_STYLE ('',( #2290 ) ) ;
#2349 = ADVANCED_FACE ( 'NONE', ( #4318 ), #9668, .F. ) ;
#2350 = ORIENTED_EDGE ( 'NONE', *, *, #4354, .F. ) ;
#2351 = SURFACE_STYLE_FILL_AREA ( #3294 ) ;
#2352 = MECHANICAL_DESIGN_GEOMETRIC_PRESENTATION_REPRESENTATION (  '', ( #2902 ), #3296 ) ;
#2353 = ORIENTED_EDGE ( 'NONE', *, *, #6626, .T. ) ;
#2354 = ORIENTED_EDGE ( 'NONE', *, *, #598, .T. ) ;
#2355 = EDGE_LOOP ( 'NONE', ( #5079, #5020, #2331, #2036 ) ) ;
#2356 = B_SPLINE_CURVE_WITH_KNOTS ( 'NONE', 3,
 ( #8434, #3093, #10266, #7720 ),
 .UNSPECIFIED., .F., .F.,
 ( 4, 4 ),
 ( 23.00000000000000000, 24.00000000000000000 ),
 .UNSPECIFIED. ) ;
#2357 = LINE ( 'NONE', #6756, #8611 ) ;
#2358 =( NAMED_UNIT ( * ) SI_UNIT ( $, .STERADIAN. ) SOLID_ANGLE_UNIT ( ) );
#2359 = ADVANCED_FACE ( 'NONE', ( #9226 ), #518, .F. ) ;
#2360 = FILL_AREA_STYLE_COLOUR ( '', #7881 ) ;
#2361 = CARTESIAN_POINT ( 'NONE',  ( 0.7763206675015362768, 0.8399999996185738560, -2.121868500774836352 ) ) ;
#2362 = PRESENTATION_STYLE_ASSIGNMENT (( #7621 ) ) ;
#2363 =( NAMED_UNIT ( * ) PLANE_ANGLE_UNIT ( ) SI_UNIT ( $, .RADIAN. ) );
#2364 = CARTESIAN_POINT ( 'NONE',  ( 0.7973298130546910834, 0.8399999996185738560, -2.119067284039825694 ) ) ;
#2365 = CARTESIAN_POINT ( 'NONE',  ( 0.7315011730168006210, 0.8409999996185738569, -2.661103169853078931 ) ) ;
#2366 = CARTESIAN_POINT ( 'NONE',  ( -0.5921937203478339073, 0.8409999996185738569, -2.084558016777495748 ) ) ;
#2367 = VERTEX_POINT ( 'NONE', #9047 ) ;
#2368 = LINE ( 'NONE', #9689, #868 ) ;
#2369 = EDGE_LOOP ( 'NONE', ( #11097, #7509, #32, #11041 ) ) ;
#2370 = FACE_OUTER_BOUND ( 'NONE', #7607, .T. ) ;
#2371 = B_SPLINE_CURVE_WITH_KNOTS ( 'NONE', 3,
 ( #11356, #10449, #2087, #1131 ),
 .UNSPECIFIED., .F., .F.,
 ( 4, 4 ),
 ( 4.000000000000000000, 5.000000000000000000 ),
 .UNSPECIFIED. ) ;
#2372 = ADVANCED_FACE ( 'NONE', ( #8152 ), #11857, .F. ) ;
#2373 =( NAMED_UNIT ( * ) SI_UNIT ( $, .STERADIAN. ) SOLID_ANGLE_UNIT ( ) );
#2374 = ORIENTED_EDGE ( 'NONE', *, *, #10017, .F. ) ;
#2375 = CARTESIAN_POINT ( 'NONE',  ( 0.5914402026622121999, 0.8409999996185738569, -2.598075733194288084 ) ) ;
#2376 = DIRECTION ( 'NONE',  ( 1.000000000000000000, -0.0000000000000000000, -0.0000000000000000000 ) ) ;
#2377 = ORIENTED_EDGE ( 'NONE', *, *, #11673, .T. ) ;
#2378 = FILL_AREA_STYLE ('',( #8791 ) ) ;
#2379 = B_SPLINE_CURVE_WITH_KNOTS ( 'NONE', 3,
 ( #4548, #11108, #9144, #5516 ),
 .UNSPECIFIED., .F., .F.,
 ( 4, 4 ),
 ( 10.00000000000000000, 11.00000000000000000 ),
 .UNSPECIFIED. ) ;
#2380 =( LENGTH_UNIT ( ) NAMED_UNIT ( * ) SI_UNIT ( .MILLI., .METRE. ) );
#2381 = ORIENTED_EDGE ( 'NONE', *, *, #3306, .F. ) ;
#2382 = CARTESIAN_POINT ( 'NONE',  ( -1.050000000000000044, 0.3500000000000004774, -8.279999999999999361 ) ) ;
#2383 = CARTESIAN_POINT ( 'NONE',  ( 1.050000000000000044, -0.02999999999999968317, -8.279999999999999361 ) ) ;
#2384 = CARTESIAN_POINT ( 'NONE',  ( -0.7078624394389969599, 0.8409999996185738569, -2.058473386177184672 ) ) ;
#2385 = AXIS2_PLACEMENT_3D ( 'NONE', #8455, #11252, #126 ) ;
#2386 = ORIENTED_EDGE ( 'NONE', *, *, #11659, .F. ) ;
#2387 = PRESENTATION_LAYER_ASSIGNMENT (  '', '', ( #5842 ) ) ;
#2388 = CARTESIAN_POINT ( 'NONE',  ( 0.6264554185365150962, 0.8399999996185738560, -2.427201338675438969 ) ) ;
#2389 = DIRECTION ( 'NONE',  ( 6.544243407293500468E-15, -0.0000000000000000000, 1.000000000000000000 ) ) ;
#2390 = VERTEX_POINT ( 'NONE', #6732 ) ;
#2391 = PRESENTATION_STYLE_ASSIGNMENT (( #4437 ) ) ;
#2392 =( LENGTH_UNIT ( ) NAMED_UNIT ( * ) SI_UNIT ( .MILLI., .METRE. ) );
#2393 =( GEOMETRIC_REPRESENTATION_CONTEXT ( 3 ) GLOBAL_UNCERTAINTY_ASSIGNED_CONTEXT ( ( #8230 ) ) GLOBAL_UNIT_ASSIGNED_CONTEXT ( ( #540, #369, #10642 ) ) REPRESENTATION_CONTEXT ( 'NONE', 'WORKASPACE' ) );
#2394 = MECHANICAL_DESIGN_GEOMETRIC_PRESENTATION_REPRESENTATION (  '', ( #499 ), #5462 ) ;
#2395 = CARTESIAN_POINT ( 'NONE',  ( -0.2789263709930535629, 0.8399999996185738560, -2.063206890571847474 ) ) ;
#2396 = CARTESIAN_POINT ( 'NONE',  ( 0.7623145971803871879, 0.8409999996185738569, -2.577066694498511001 ) ) ;
#2397 = CARTESIAN_POINT ( 'NONE',  ( -0.8418608989513857166, 0.8400000000000000799, -2.467669734168366436 ) ) ;
#2398 = VERTEX_POINT ( 'NONE', #371 ) ;
#2399 = PRODUCT_DEFINITION_CONTEXT ( 'detailed design', #11948, 'design' ) ;
#2400 = PRESENTATION_STYLE_ASSIGNMENT (( #1575 ) ) ;
#2401 = ORIENTED_EDGE ( 'NONE', *, *, #11237, .T. ) ;
#2402 =( GEOMETRIC_REPRESENTATION_CONTEXT ( 3 ) GLOBAL_UNCERTAINTY_ASSIGNED_CONTEXT ( ( #7296 ) ) GLOBAL_UNIT_ASSIGNED_CONTEXT ( ( #6920, #10828, #711 ) ) REPRESENTATION_CONTEXT ( 'NONE', 'WORKASPACE' ) );
#2403 = CARTESIAN_POINT ( 'NONE',  ( -0.5741157620749829382, 0.8409999996185738569, -2.212463348294041232 ) ) ;
#2404 = ORIENTED_EDGE ( 'NONE', *, *, #168, .F. ) ;
#2405 = ORIENTED_EDGE ( 'NONE', *, *, #2919, .F. ) ;
#2406 = STYLED_ITEM ( 'NONE', ( #5892 ), #8805 ) ;
#2407 = DIRECTION ( 'NONE',  ( -0.0000000000000000000, -1.000000000000000000, -0.0000000000000000000 ) ) ;
#2408 = STYLED_ITEM ( 'NONE', ( #8310 ), #7020 ) ;
#2409 = CARTESIAN_POINT ( 'NONE',  ( -0.5128823435224195704, 0.8409999996185738569, -2.427283877524722744 ) ) ;
#2410 = MECHANICAL_DESIGN_GEOMETRIC_PRESENTATION_REPRESENTATION (  '', ( #3949 ), #10557 ) ;
#2411 = UNCERTAINTY_MEASURE_WITH_UNIT (LENGTH_MEASURE( 1.000000000000000082E-05 ), #1112, 'distance_accuracy_value', 'NONE');
#2412 = PRESENTATION_STYLE_ASSIGNMENT (( #10847 ) ) ;
#2413 = PLANE ( 'NONE',  #11761 ) ;
#2414 = STYLED_ITEM ( 'NONE', ( #8014 ), #9175 ) ;
#2415 = PRESENTATION_LAYER_ASSIGNMENT (  '', '', ( #4731 ) ) ;
#2416 = EDGE_CURVE ( 'NONE', #5777, #6954, #3836, .T. ) ;
#2417 = CARTESIAN_POINT ( 'NONE',  ( -0.01949004502012851442, 0.8409999996185738569, -2.255467739283381956 ) ) ;
#2419 = EDGE_CURVE ( 'NONE', #7789, #81, #7534, .T. ) ;
#2418 = PRESENTATION_LAYER_ASSIGNMENT (  '', '', ( #6077 ) ) ;
#2420 = CARTESIAN_POINT ( 'NONE',  ( -0.1598837711090797808, 0.8409999996185738569, -2.084155165340109583 ) ) ;
#2421 = SURFACE_SIDE_STYLE ('',( #3314 ) ) ;
#2422 = EDGE_CURVE ( 'NONE', #8107, #10705, #8372, .T. ) ;
#2423 = CARTESIAN_POINT ( 'NONE',  ( -0.1581212960691742164, 0.8409999996185738569, -2.134410882210461491 ) ) ;
#2424 = VERTEX_POINT ( 'NONE', #11366 ) ;
#2425 = FILL_AREA_STYLE_COLOUR ( '', #5673 ) ;
#2426 = VECTOR ( 'NONE', #11582, 1000.000000000000000 ) ;
#2427 = VERTEX_POINT ( 'NONE', #5761 ) ;
#2428 = LINE ( 'NONE', #4108, #7449 ) ;
#2429 = CARTESIAN_POINT ( 'NONE',  ( -0.3026946058257109495, 0.8409999996185738569, -2.487510167482475776 ) ) ;
#2430 = CARTESIAN_POINT ( 'NONE',  ( -0.2980114578607256925, 0.8399999996185738560, -2.481366683055620914 ) ) ;
#2431 = VECTOR ( 'NONE', #9567, 1000.000000000000000 ) ;
#2432 = DIRECTION ( 'NONE',  ( 1.000000000000000000, 0.0000000000000000000, -8.003925951628640234E-15 ) ) ;
#2433 = VERTEX_POINT ( 'NONE', #10460 ) ;
#2434 = CARTESIAN_POINT ( 'NONE',  ( -0.4084934646901655642, 0.8409999996185738569, -2.632234546528698260 ) ) ;
#2435 = FILL_AREA_STYLE_COLOUR ( '', #5452 ) ;
#2436 = VERTEX_POINT ( 'NONE', #7657 ) ;
#2437 = ADVANCED_FACE ( 'NONE', ( #1142 ), #2027, .T. ) ;
#2438 = ADVANCED_FACE ( 'NONE', ( #4907 ), #8502, .F. ) ;
#2439 = VECTOR ( 'NONE', #2407, 1000.000000000000000 ) ;
#2440 =( LENGTH_UNIT ( ) NAMED_UNIT ( * ) SI_UNIT ( .MILLI., .METRE. ) );
#2441 = ORIENTED_EDGE ( 'NONE', *, *, #9611, .F. ) ;
#2442 =( LENGTH_UNIT ( ) NAMED_UNIT ( * ) SI_UNIT ( .MILLI., .METRE. ) );
#2443 =( GEOMETRIC_REPRESENTATION_CONTEXT ( 3 ) GLOBAL_UNCERTAINTY_ASSIGNED_CONTEXT ( ( #4094 ) ) GLOBAL_UNIT_ASSIGNED_CONTEXT ( ( #6011, #10836, #5165 ) ) REPRESENTATION_CONTEXT ( 'NONE', 'WORKASPACE' ) );
#2444 = DIRECTION ( 'NONE',  ( -0.0000000000000000000, -0.0000000000000000000, 1.000000000000000000 ) ) ;
#2445 = PRESENTATION_STYLE_ASSIGNMENT (( #10757 ) ) ;
#2446 = STYLED_ITEM ( 'NONE', ( #2861 ), #9852 ) ;
#2447 = ORIENTED_EDGE ( 'NONE', *, *, #8616, .T. ) ;
#2448 = CARTESIAN_POINT ( 'NONE',  ( -0.5401755284348924713, 0.8409999996185738569, -2.081133779555683017 ) ) ;
#2449 = CARTESIAN_POINT ( 'NONE',  ( 0.7315011463022886851, 0.8409999996185738569, -2.379580614097772440 ) ) ;
#2450 = ORIENTED_EDGE ( 'NONE', *, *, #1613, .T. ) ;
#2451 =( GEOMETRIC_REPRESENTATION_CONTEXT ( 3 ) GLOBAL_UNCERTAINTY_ASSIGNED_CONTEXT ( ( #3253 ) ) GLOBAL_UNIT_ASSIGNED_CONTEXT ( ( #7937, #5061, #10733 ) ) REPRESENTATION_CONTEXT ( 'NONE', 'WORKASPACE' ) );
#2452 =( LENGTH_UNIT ( ) NAMED_UNIT ( * ) SI_UNIT ( .MILLI., .METRE. ) );
#2453 = DIRECTION ( 'NONE',  ( -0.0000000000000000000, -1.000000000000000000, -0.0000000000000000000 ) ) ;
#2454 = STYLED_ITEM ( 'NONE', ( #1238 ), #11048 ) ;
#2455 = EDGE_CURVE ( 'NONE', #5288, #11322, #4193, .T. ) ;
#2456 = STYLED_ITEM ( 'NONE', ( #5128 ), #10280 ) ;
#2457 = CARTESIAN_POINT ( 'NONE',  ( -0.1774581650852088688, 0.8399999996185738560, -2.215384021217778443 ) ) ;
#2458 = CARTESIAN_POINT ( 'NONE',  ( 0.3379298676927366407, 0.8409999996185738569, -2.264730687865104120 ) ) ;
#2459 = CARTESIAN_POINT ( 'NONE',  ( -0.3504828576400531581, 0.8399999996185738560, -2.571303266554185729 ) ) ;
#2460 = VECTOR ( 'NONE', #1716, 1000.000000000000000 ) ;
#2461 = PRESENTATION_STYLE_ASSIGNMENT (( #389 ) ) ;
#2462 = PRESENTATION_LAYER_ASSIGNMENT (  '', '', ( #3218 ) ) ;
#2463 = DIRECTION ( 'NONE',  ( -0.0000000000000000000, -1.000000000000000000, -0.0000000000000000000 ) ) ;
#2464 = EDGE_LOOP ( 'NONE', ( #11954, #5135, #7667, #5433 ) ) ;
#2465 = SURFACE_SIDE_STYLE ('',( #6931 ) ) ;
#2466 = AXIS2_PLACEMENT_3D ( 'NONE', #8991, #7921, #6932 ) ;
#2467 = COLOUR_RGB ( '',1.000000000000000000, 1.000000000000000000, 1.000000000000000000 ) ;
#2468 = VERTEX_POINT ( 'NONE', #9708 ) ;
#2469 = DIRECTION ( 'NONE',  ( 1.000000000000000000, -0.0000000000000000000, -5.386006456537786493E-15 ) ) ;
#2470 = COLOUR_RGB ( '',1.000000000000000000, 1.000000000000000000, 1.000000000000000000 ) ;
#2471 = CARTESIAN_POINT ( 'NONE',  ( -0.1153686872275279524, 0.8409999996185738569, -2.456692032487505895 ) ) ;
#2472 = EDGE_CURVE ( 'NONE', #2630, #6384, #6047, .T. ) ;
#2473 = VERTEX_POINT ( 'NONE', #1494 ) ;
#2474 = ORIENTED_EDGE ( 'NONE', *, *, #5967, .T. ) ;
#2475 = PRESENTATION_LAYER_ASSIGNMENT (  '', '', ( #9031 ) ) ;
#2476 = SURFACE_STYLE_USAGE ( .BOTH. , #9914 ) ;
#2477 =( LENGTH_UNIT ( ) NAMED_UNIT ( * ) SI_UNIT ( .MILLI., .METRE. ) );
#2478 = CARTESIAN_POINT ( 'NONE',  ( -0.7242786355312943458, 0.8400000000000000799, -2.097449262788629198 ) ) ;
#2479 = COLOUR_RGB ( '',1.000000000000000000, 1.000000000000000000, 1.000000000000000000 ) ;
#2480 = CARTESIAN_POINT ( 'NONE',  ( -0.1922629554259437656, 0.8409999996185738569, -2.551059981802691556 ) ) ;
#2481 = CARTESIAN_POINT ( 'NONE',  ( 0.7146938458888766332, 0.8409999996185738569, -2.060241672484219411 ) ) ;
#2482 = LINE ( 'NONE', #11589, #3344 ) ;
#2483 = LINE ( 'NONE', #6139, #10855 ) ;
#2484 = CARTESIAN_POINT ( 'NONE',  ( -0.2243903575944334872, 0.8409999996185738569, -2.258791263645847369 ) ) ;
#2485 = ORIENTED_EDGE ( 'NONE', *, *, #30, .F. ) ;
#2486 = CARTESIAN_POINT ( 'NONE',  ( -0.3081331002364727234, 0.8399999996185738560, -2.546628615986069377 ) ) ;
#2487 = EDGE_LOOP ( 'NONE', ( #4562, #4780, #3923, #11477 ) ) ;
#2488 = CARTESIAN_POINT ( 'NONE',  ( -0.8058560516946899899, 0.8409999996185738569, -2.399789266892219608 ) ) ;
#2489 = DIRECTION ( 'NONE',  ( -0.0000000000000000000, -1.000000000000000000, -0.0000000000000000000 ) ) ;
#2490 = LINE ( 'NONE', #4415, #4960 ) ;
#2491 = ADVANCED_FACE ( 'NONE', ( #7906 ), #2227, .F. ) ;
#2492 = EDGE_CURVE ( 'NONE', #7081, #9421, #545, .T. ) ;
#2493 = SURFACE_STYLE_FILL_AREA ( #8960 ) ;
#2494 = VERTEX_POINT ( 'NONE', #2334 ) ;
#2495 = PRESENTATION_STYLE_ASSIGNMENT (( #9126 ) ) ;
#2496 = ORIENTED_EDGE ( 'NONE', *, *, #2492, .T. ) ;
#2497 = VECTOR ( 'NONE', #11236, 1000.000000000000000 ) ;
#2498 = MECHANICAL_DESIGN_GEOMETRIC_PRESENTATION_REPRESENTATION (  '', ( #4611 ), #6934 ) ;
#2499 = FILL_AREA_STYLE_COLOUR ( '', #2470 ) ;
#2500 = FILL_AREA_STYLE ('',( #10818 ) ) ;
#2501 = ORIENTED_EDGE ( 'NONE', *, *, #2176, .T. ) ;
#2502 = SURFACE_STYLE_USAGE ( .BOTH. , #8245 ) ;
#2503 = ORIENTED_EDGE ( 'NONE', *, *, #1336, .T. ) ;
#2504 =( NAMED_UNIT ( * ) SI_UNIT ( $, .STERADIAN. ) SOLID_ANGLE_UNIT ( ) );
#2505 = CARTESIAN_POINT ( 'NONE',  ( -0.1611426818529279881, 0.8399999996185738560, -2.560224852013971653 ) ) ;
#2506 = CARTESIAN_POINT ( 'NONE',  ( -0.1850116295449278081, 0.8409999996185738569, -2.506242759342431015 ) ) ;
#2507 = SURFACE_STYLE_FILL_AREA ( #8141 ) ;
#2508 = EDGE_CURVE ( 'NONE', #5977, #553, #8918, .T. ) ;
#2509 = DIRECTION ( 'NONE',  ( -0.0000000000000000000, -0.0000000000000000000, 1.000000000000000000 ) ) ;
#2510 = ORIENTED_EDGE ( 'NONE', *, *, #9981, .F. ) ;
#2511 = FACE_OUTER_BOUND ( 'NONE', #6014, .T. ) ;
#2512 = LINE ( 'NONE', #7153, #11323 ) ;
#2513 = CARTESIAN_POINT ( 'NONE',  ( -1.008591037790359080, 0.8409999996185738569, -2.514098362380861484 ) ) ;
#2514 = CARTESIAN_POINT ( 'NONE',  ( 0.9696047959044858944, 0.8399999996185738560, -2.186296552481105326 ) ) ;
#2515 = CARTESIAN_POINT ( 'NONE',  ( 0.7875255611587705928, 0.8409999996185738569, -2.553256318852417994 ) ) ;
#2516 = FILL_AREA_STYLE ('',( #7099 ) ) ;
#2517 = DIRECTION ( 'NONE',  ( -0.0000000000000000000, -0.0000000000000000000, 1.000000000000000000 ) ) ;
#2518 = EDGE_CURVE ( 'NONE', #11651, #7642, #11269, .T. ) ;
#2519 = ORIENTED_EDGE ( 'NONE', *, *, #7871, .F. ) ;
#2520 = CARTESIAN_POINT ( 'NONE',  ( -0.3211250591069507720, 0.8399999996185738560, -2.463036942633053616 ) ) ;
#2521 = UNCERTAINTY_MEASURE_WITH_UNIT (LENGTH_MEASURE( 1.000000000000000082E-05 ), #9838, 'distance_accuracy_value', 'NONE');
#2522 = DIRECTION ( 'NONE',  ( 1.000000000000000000, -0.0000000000000000000, -0.0000000000000000000 ) ) ;
#2523 = B_SPLINE_SURFACE_WITH_KNOTS ( 'NONE', 3, 1, ( 
 ( #8064, #5371 ),
 ( #7136, #1827 ),
 ( #11033, #10861 ),
 ( #2713, #5495 ) ),
 .UNSPECIFIED., .F., .F., .F.,
 ( 4, 4 ),
 ( 2, 2 ),
 ( 8.000000000000000000, 9.000000000000000000 ),
 ( 0.0000000000000000000, 1.000000000000000000 ),
 .UNSPECIFIED. ) ;
#2524 = ORIENTED_EDGE ( 'NONE', *, *, #5667, .F. ) ;
#2525 =( NAMED_UNIT ( * ) PLANE_ANGLE_UNIT ( ) SI_UNIT ( $, .RADIAN. ) );
#2526 = FACE_OUTER_BOUND ( 'NONE', #572, .T. ) ;
#2527 = VERTEX_POINT ( 'NONE', #10699 ) ;
#2528 = VERTEX_POINT ( 'NONE', #3332 ) ;
#2529 = VECTOR ( 'NONE', #976, 1000.000000000000000 ) ;
#2530 = CARTESIAN_POINT ( 'NONE',  ( -2.100000000000000089, -0.03000000000000007869, 0.0000000000000000000 ) ) ;
#2531 = COLOUR_RGB ( '',1.000000000000000000, 1.000000000000000000, 1.000000000000000000 ) ;
#2532 = CARTESIAN_POINT ( 'NONE',  ( -0.3286281671370029911, 0.8399999996185738560, -2.449339993747145172 ) ) ;
#2533 =( NAMED_UNIT ( * ) SI_UNIT ( $, .STERADIAN. ) SOLID_ANGLE_UNIT ( ) );
#2534 = LINE ( 'NONE', #9067, #1947 ) ;
#2535 = LINE ( 'NONE', #10454, #3775 ) ;
#2536 = ORIENTED_EDGE ( 'NONE', *, *, #3954, .F. ) ;
#2537 = UNCERTAINTY_MEASURE_WITH_UNIT (LENGTH_MEASURE( 1.000000000000000082E-05 ), #2442, 'distance_accuracy_value', 'NONE');
#2538 = CARTESIAN_POINT ( 'NONE',  ( -0.3852791505839168740, 0.8399999996185738560, -2.552772100412924683 ) ) ;
#2539 = ORIENTED_EDGE ( 'NONE', *, *, #8399, .F. ) ;
#2540 = CARTESIAN_POINT ( 'NONE',  ( -2.100000000000000089, -0.03000000000000007869, -3.279999999999999805 ) ) ;
#2541 = CARTESIAN_POINT ( 'NONE',  ( -0.8388898695979767339, 0.8409999996185738569, -2.397070019685833220 ) ) ;
#2542 = SURFACE_SIDE_STYLE ('',( #5191 ) ) ;
#2543 = CARTESIAN_POINT ( 'NONE',  ( -0.1233753595549827997, 0.8409999996185738569, -2.233008771623576916 ) ) ;
#2544 = ORIENTED_EDGE ( 'NONE', *, *, #3821, .F. ) ;
#2545 = CARTESIAN_POINT ( 'NONE',  ( 1.035433489371399451, 0.8409999996185738569, -2.345966039984117124 ) ) ;
#2546 = DIRECTION ( 'NONE',  ( -0.3385350342956536807, 0.0000000000000000000, 0.9409537876827110958 ) ) ;
#2547 = LINE ( 'NONE', #1721, #9016 ) ;
#2548 = ORIENTED_EDGE ( 'NONE', *, *, #4475, .F. ) ;
#2549 = EDGE_CURVE ( 'NONE', #7610, #1291, #7017, .T. ) ;
#2550 = CARTESIAN_POINT ( 'NONE',  ( 0.1418445091968517091, 0.8399999996185738560, -2.421598931918591546 ) ) ;
#2551 = VERTEX_POINT ( 'NONE', #4307 ) ;
#2552 = DIRECTION ( 'NONE',  ( 0.3559357243698721418, -0.0000000000000000000, -0.9345104387417479952 ) ) ;
#2553 = DIRECTION ( 'NONE',  ( -1.000000000000000000, 0.0000000000000000000, -0.0000000000000000000 ) ) ;
#2554 =( NAMED_UNIT ( * ) PLANE_ANGLE_UNIT ( ) SI_UNIT ( $, .RADIAN. ) );
#2555 = SURFACE_SIDE_STYLE ('',( #2507 ) ) ;
#2556 = PRESENTATION_STYLE_ASSIGNMENT (( #8924 ) ) ;
#2557 = ORIENTED_EDGE ( 'NONE', *, *, #4037, .T. ) ;
#2558 =( LENGTH_UNIT ( ) NAMED_UNIT ( * ) SI_UNIT ( .MILLI., .METRE. ) );
#2559 = CARTESIAN_POINT ( 'NONE',  ( -0.3838188141220479355, 0.8399999996185738560, -2.430305263309154640 ) ) ;
#2560 = SURFACE_SIDE_STYLE ('',( #3405 ) ) ;
#2561 = SURFACE_SIDE_STYLE ('',( #3582 ) ) ;
#2562 = EDGE_CURVE ( 'NONE', #1097, #2010, #2634, .T. ) ;
#2563 = SURFACE_STYLE_USAGE ( .BOTH. , #5390 ) ;
#2564 = EDGE_CURVE ( 'NONE', #9443, #7492, #4652, .T. ) ;
#2565 = DIRECTION ( 'NONE',  ( -0.0000000000000000000, -1.000000000000000000, -0.0000000000000000000 ) ) ;
#2566 = CARTESIAN_POINT ( 'NONE',  ( -0.2956950620930670071, 0.8409999996185738569, -2.473913931455910653 ) ) ;
#2567 = ORIENTED_EDGE ( 'NONE', *, *, #1841, .T. ) ;
#2568 = CARTESIAN_POINT ( 'NONE',  ( -0.2112473294349347386, 0.8409999996185738569, -2.424061066021605093 ) ) ;
#2569 = ORIENTED_EDGE ( 'NONE', *, *, #5009, .F. ) ;
#2570 = STYLED_ITEM ( 'NONE', ( #8388 ), #8074 ) ;
#2571 = UNCERTAINTY_MEASURE_WITH_UNIT (LENGTH_MEASURE( 1.000000000000000082E-05 ), #1486, 'distance_accuracy_value', 'NONE');
#2572 = DIRECTION ( 'NONE',  ( 0.0000000000000000000, 1.000000000000000000, 0.0000000000000000000 ) ) ;
#2573 = CARTESIAN_POINT ( 'NONE',  ( -0.4615187851965718013, 0.8409999996185738569, -2.255467739283380624 ) ) ;
#2574 = EDGE_CURVE ( 'NONE', #6838, #9069, #5875, .T. ) ;
#2575 = ORIENTED_EDGE ( 'NONE', *, *, #8880, .F. ) ;
#2576 = ORIENTED_EDGE ( 'NONE', *, *, #8521, .T. ) ;
#2577 = CARTESIAN_POINT ( 'NONE',  ( -1.050000000000000044, 0.3500000000000004774, -8.279999999999999361 ) ) ;
#2578 =( GEOMETRIC_REPRESENTATION_CONTEXT ( 3 ) GLOBAL_UNCERTAINTY_ASSIGNED_CONTEXT ( ( #7167 ) ) GLOBAL_UNIT_ASSIGNED_CONTEXT ( ( #5116, #4345, #10553 ) ) REPRESENTATION_CONTEXT ( 'NONE', 'WORKASPACE' ) );
#2579 = FILL_AREA_STYLE ('',( #10846 ) ) ;
#2580 = CARTESIAN_POINT ( 'NONE',  ( -0.4421819161798750675, 0.8409999996185738569, -2.606552767365779122 ) ) ;
#2581 = B_SPLINE_CURVE_WITH_KNOTS ( 'NONE', 3,
 ( #10768, #2459, #9849, #1569 ),
 .UNSPECIFIED., .F., .F.,
 ( 4, 4 ),
 ( 18.00000000000000000, 19.00000000000000000 ),
 .UNSPECIFIED. ) ;
#2582 = FACE_OUTER_BOUND ( 'NONE', #7409, .T. ) ;
#2583 = LINE ( 'NONE', #6088, #5602 ) ;
#2584 = DIRECTION ( 'NONE',  ( -4.283268065624126469E-15, 0.0000000000000000000, -1.000000000000000000 ) ) ;
#2585 = CARTESIAN_POINT ( 'NONE',  ( 1.011623123743585762, 0.8409999996185738569, -2.228314830230158972 ) ) ;
#2586 =( GEOMETRIC_REPRESENTATION_CONTEXT ( 3 ) GLOBAL_UNCERTAINTY_ASSIGNED_CONTEXT ( ( #9310 ) ) GLOBAL_UNIT_ASSIGNED_CONTEXT ( ( #7885, #3261, #9922 ) ) REPRESENTATION_CONTEXT ( 'NONE', 'WORKASPACE' ) );
#2587 = ORIENTED_EDGE ( 'NONE', *, *, #4997, .T. ) ;
#2588 = VECTOR ( 'NONE', #10866, 1000.000000000000000 ) ;
#2589 = ORIENTED_EDGE ( 'NONE', *, *, #3973, .T. ) ;
#2590 = CARTESIAN_POINT ( 'NONE',  ( -0.7868716776863777795, 0.8409999996185738569, -2.393645782464019156 ) ) ;
#2591 = CARTESIAN_POINT ( 'NONE',  ( -0.3026946058257109495, 0.8399999996185738560, -2.487510167482475776 ) ) ;
#2592 = COLOUR_RGB ( '',1.000000000000000000, 1.000000000000000000, 1.000000000000000000 ) ;
#2593 = VECTOR ( 'NONE', #8774, 1000.000000000000000 ) ;
#2594 = CARTESIAN_POINT ( 'NONE',  ( -0.2666394021386704338, 0.8409999996185738569, -2.057869109019764053 ) ) ;
#2595 = CARTESIAN_POINT ( 'NONE',  ( -0.5904816017376012249, 0.8409999996185738569, -2.456692032487504562 ) ) ;
#2596 = DIRECTION ( 'NONE',  ( 0.0000000000000000000, 0.0000000000000000000, -1.000000000000000000 ) ) ;
#2597 = VERTEX_POINT ( 'NONE', #10128 ) ;
#2598 = PRESENTATION_STYLE_ASSIGNMENT (( #10918 ) ) ;
#2599 = ORIENTED_EDGE ( 'NONE', *, *, #6434, .T. ) ;
#2600 = CARTESIAN_POINT ( 'NONE',  ( 0.2805048377901227519, 0.8399999996185738560, -2.189097769216112876 ) ) ;
#2601 = COLOUR_RGB ( '',1.000000000000000000, 1.000000000000000000, 1.000000000000000000 ) ;
#2602 = ORIENTED_EDGE ( 'NONE', *, *, #7925, .T. ) ;
#2603 = COLOUR_RGB ( '',1.000000000000000000, 1.000000000000000000, 1.000000000000000000 ) ;
#2604 = LINE ( 'NONE', #10010, #11135 ) ;
#2605 = B_SPLINE_SURFACE_WITH_KNOTS ( 'NONE', 3, 1, ( 
 ( #9511, #5072 ),
 ( #5013, #8909 ),
 ( #5935, #2324 ),
 ( #6839, #3210 ) ),
 .UNSPECIFIED., .F., .F., .F.,
 ( 4, 4 ),
 ( 2, 2 ),
 ( 10.00000000000000000, 11.00000000000000000 ),
 ( 0.0000000000000000000, 1.000000000000000000 ),
 .UNSPECIFIED. ) ;
#2606 = LINE ( 'NONE', #4371, #5556 ) ;
#2607 = CARTESIAN_POINT ( 'NONE',  ( -0.3823081212298362619, 0.8409999996185738569, -2.506444185061117658 ) ) ;
#2608 =( NAMED_UNIT ( * ) PLANE_ANGLE_UNIT ( ) SI_UNIT ( $, .RADIAN. ) );
#2609 = AXIS2_PLACEMENT_3D ( 'NONE', #10178, #11215, #5663 ) ;
#2610 = ORIENTED_EDGE ( 'NONE', *, *, #11170, .F. ) ;
#2611 = PRESENTATION_LAYER_ASSIGNMENT (  '', '', ( #9581 ) ) ;
#2612 = DIRECTION ( 'NONE',  ( 1.000000000000000000, 0.0000000000000000000, -0.0000000000000000000 ) ) ;
#2613 = LINE ( 'NONE', #6282, #3814 ) ;
#2614 = DIRECTION ( 'NONE',  ( -1.232047923278982199E-16, -1.000000000000000000, 0.0000000000000000000 ) ) ;
#2615 = CARTESIAN_POINT ( 'NONE',  ( -0.5741157620749829382, 0.8409999996185738569, -2.212463348294041232 ) ) ;
#2616 = FILL_AREA_STYLE ('',( #4379 ) ) ;
#2617 = DIRECTION ( 'NONE',  ( -0.0000000000000000000, -1.000000000000000000, -0.0000000000000000000 ) ) ;
#2618 = ORIENTED_EDGE ( 'NONE', *, *, #5607, .T. ) ;
#2619 = EDGE_CURVE ( 'NONE', #10125, #9617, #7244, .T. ) ;
#2620 = CARTESIAN_POINT ( 'NONE',  ( -0.1408993971007598822, 0.8409999996185738569, -2.103492034356142515 ) ) ;
#2621 = UNCERTAINTY_MEASURE_WITH_UNIT (LENGTH_MEASURE( 1.000000000000000082E-05 ), #11695, 'distance_accuracy_value', 'NONE');
#2622 = CARTESIAN_POINT ( 'NONE',  ( -0.4310027887796453183, 0.8409999996185738569, -2.427283877524723188 ) ) ;
#2623 = ORIENTED_EDGE ( 'NONE', *, *, #8278, .T. ) ;
#2624 = SURFACE_STYLE_USAGE ( .BOTH. , #8938 ) ;
#2625 = PRESENTATION_LAYER_ASSIGNMENT (  '', '', ( #7868 ) ) ;
#2626 = LINE ( 'NONE', #8160, #1770 ) ;
#2627 =( NAMED_UNIT ( * ) PLANE_ANGLE_UNIT ( ) SI_UNIT ( $, .RADIAN. ) );
#2628 = ORIENTED_EDGE ( 'NONE', *, *, #9001, .F. ) ;
#2629 = STYLED_ITEM ( 'NONE', ( #8710 ), #4685 ) ;
#2630 = VERTEX_POINT ( 'NONE', #4488 ) ;
#2631 = VECTOR ( 'NONE', #9830, 1000.000000000000000 ) ;
#2632 = LINE ( 'NONE', #2577, #6672 ) ;
#2633 = CARTESIAN_POINT ( 'NONE',  ( -0.1314323883114440761, 0.8409999996185738569, -2.190205806352931273 ) ) ;
#2634 = B_SPLINE_CURVE_WITH_KNOTS ( 'NONE', 3,
 ( #9586, #1310, #4970, #8683 ),
 .UNSPECIFIED., .F., .F.,
 ( 4, 4 ),
 ( 3.000000000000000000, 4.000000000000000000 ),
 .UNSPECIFIED. ) ;
#2635 =( GEOMETRIC_REPRESENTATION_CONTEXT ( 3 ) GLOBAL_UNCERTAINTY_ASSIGNED_CONTEXT ( ( #11146 ) ) GLOBAL_UNIT_ASSIGNED_CONTEXT ( ( #9890, #10986, #9766 ) ) REPRESENTATION_CONTEXT ( 'NONE', 'WORKASPACE' ) );
#2636 = ADVANCED_FACE ( 'NONE', ( #8138 ), #3180, .F. ) ;
#2637 = FILL_AREA_STYLE_COLOUR ( '', #11962 ) ;
#2638 = EDGE_CURVE ( 'NONE', #8953, #3443, #2725, .T. ) ;
#2639 = LINE ( 'NONE', #1098, #11324 ) ;
#2640 = SURFACE_SIDE_STYLE ('',( #6082 ) ) ;
#2641 = VECTOR ( 'NONE', #10338, 1000.000000000000000 ) ;
#2642 = AXIS2_PLACEMENT_3D ( 'NONE', #3325, #5016, #11605 ) ;
#2643 = CARTESIAN_POINT ( 'NONE',  ( -0.5167094321802799817, 0.8409999996185738569, -2.081133779555683461 ) ) ;
#2644 = SURFACE_SIDE_STYLE ('',( #1590 ) ) ;
#2645 = CARTESIAN_POINT ( 'NONE',  ( -0.1153686872275279524, 0.8409999996185738569, -2.456692032487505895 ) ) ;
#2646 = MECHANICAL_DESIGN_GEOMETRIC_PRESENTATION_REPRESENTATION (  '', ( #9031 ), #4585 ) ;
#2647 = CARTESIAN_POINT ( 'NONE',  ( -0.1530856530958017714, 0.8409999996185738569, -2.552872813273611818 ) ) ;
#2648 = MECHANICAL_DESIGN_GEOMETRIC_PRESENTATION_REPRESENTATION (  '', ( #10985 ), #8643 ) ;
#2649 = VERTEX_POINT ( 'NONE', #3399 ) ;
#2650 = UNCERTAINTY_MEASURE_WITH_UNIT (LENGTH_MEASURE( 1.000000000000000082E-05 ), #8233, 'distance_accuracy_value', 'NONE');
#2651 = DIRECTION ( 'NONE',  ( -0.0000000000000000000, -0.0000000000000000000, 1.000000000000000000 ) ) ;
#2652 = ORIENTED_EDGE ( 'NONE', *, *, #10419, .T. ) ;
#2653 = PRESENTATION_LAYER_ASSIGNMENT (  '', '', ( #9827 ) ) ;
#2654 = FILL_AREA_STYLE ('',( #9311 ) ) ;
#2655 = STYLED_ITEM ( 'NONE', ( #7741 ), #2212 ) ;
#2656 = DIRECTION ( 'NONE',  ( 8.003925951628640234E-15, -0.0000000000000000000, 1.000000000000000000 ) ) ;
#2657 = AXIS2_PLACEMENT_3D ( 'NONE', #4785, #10198, #8362 ) ;
#2658 = SURFACE_STYLE_USAGE ( .BOTH. , #10059 ) ;
#2659 = DIRECTION ( 'NONE',  ( 1.000000000000000000, 0.0000000000000000000, -5.703459817243184186E-15 ) ) ;
#2660 = EDGE_LOOP ( 'NONE', ( #8162, #7474, #5277, #11803 ) ) ;
#2661 = CARTESIAN_POINT ( 'NONE',  ( -0.5650516047230479399, 0.8409999996185738569, -2.567979742191716763 ) ) ;
#2662 = ORIENTED_EDGE ( 'NONE', *, *, #6832, .T. ) ;
#2663 = CARTESIAN_POINT ( 'NONE',  ( -0.3064209816255664132, 0.8399999996185738560, -2.568483306489790952 ) ) ;
#2664 = B_SPLINE_CURVE_WITH_KNOTS ( 'NONE', 3,
 ( #15, #1975, #11061, #11920 ),
 .UNSPECIFIED., .F., .F.,
 ( 4, 4 ),
 ( 9.000000000000000000, 10.00000000000000000 ),
 .UNSPECIFIED. ) ;
#2665 = ORIENTED_EDGE ( 'NONE', *, *, #7055, .T. ) ;
#2666 = DIRECTION ( 'NONE',  ( 0.0000000000000000000, 0.0000000000000000000, 1.000000000000000000 ) ) ;
#2667 = CARTESIAN_POINT ( 'NONE',  ( -0.8202579905973723662, 0.8399999996185738560, -2.412176948605279314 ) ) ;
#2668 = CARTESIAN_POINT ( 'NONE',  ( -0.1929175890130389592, 0.8399999996185738560, -2.424061066021605093 ) ) ;
#2669 = SURFACE_STYLE_FILL_AREA ( #6163 ) ;
#2670 =( GEOMETRIC_REPRESENTATION_CONTEXT ( 3 ) GLOBAL_UNCERTAINTY_ASSIGNED_CONTEXT ( ( #11418 ) ) GLOBAL_UNIT_ASSIGNED_CONTEXT ( ( #2558, #3704, #9279 ) ) REPRESENTATION_CONTEXT ( 'NONE', 'WORKASPACE' ) );
#2671 = DIRECTION ( 'NONE',  ( -0.0000000000000000000, -1.000000000000000000, -0.0000000000000000000 ) ) ;
#2672 = EDGE_CURVE ( 'NONE', #6646, #3671, #1786, .T. ) ;
#2673 = CARTESIAN_POINT ( 'NONE',  ( -0.7212068933171907892, 0.8409999996185738569, -2.083651601042033175 ) ) ;
#2674 = ORIENTED_EDGE ( 'NONE', *, *, #1925, .F. ) ;
#2676 = CARTESIAN_POINT ( 'NONE',  ( -0.3588923814048951000, 0.8399999996185738560, -2.518731153916178744 ) ) ;
#2675 = CARTESIAN_POINT ( 'NONE',  ( -0.1233753595549827997, 0.8409999996185738569, -2.255467739283381512 ) ) ;
#2677 = CARTESIAN_POINT ( 'NONE',  ( -0.3838188141220479355, 0.8409999996185738569, -2.430305263309154640 ) ) ;
#2678 = FACE_OUTER_BOUND ( 'NONE', #9649, .T. ) ;
#2679 = PLANE ( 'NONE',  #7011 ) ;
#2680 = CARTESIAN_POINT ( 'NONE',  ( -0.2339077228134305297, 0.8409999996185738569, -2.532025251364700580 ) ) ;
#2681 = CARTESIAN_POINT ( 'NONE',  ( -0.3236428805939723374, 0.8409999996185738569, -2.452764230968955239 ) ) ;
#2682 =( GEOMETRIC_REPRESENTATION_CONTEXT ( 3 ) GLOBAL_UNCERTAINTY_ASSIGNED_CONTEXT ( ( #5476 ) ) GLOBAL_UNIT_ASSIGNED_CONTEXT ( ( #11241, #7656, #431 ) ) REPRESENTATION_CONTEXT ( 'NONE', 'WORKASPACE' ) );
#2683 = DIRECTION ( 'NONE',  ( 0.3559357243643048729, -0.0000000000000000000, -0.9345104387438685212 ) ) ;
#2684 = VERTEX_POINT ( 'NONE', #5435 ) ;
#2685 = CARTESIAN_POINT ( 'NONE',  ( -0.4133276819441733529, 0.8409999996185738569, -2.612192687495897836 ) ) ;
#2686 = SURFACE_STYLE_USAGE ( .BOTH. , #2742 ) ;
#2687 = ORIENTED_EDGE ( 'NONE', *, *, #11149, .T. ) ;
#2688 = SURFACE_STYLE_USAGE ( .BOTH. , #1921 ) ;
#2689 = ORIENTED_EDGE ( 'NONE', *, *, #3785, .T. ) ;
#2690 = UNCERTAINTY_MEASURE_WITH_UNIT (LENGTH_MEASURE( 1.000000000000000082E-05 ), #1320, 'distance_accuracy_value', 'NONE');
#2691 = PLANE ( 'NONE',  #4264 ) ;
#2692 = PLANE ( 'NONE',  #10529 ) ;
#2693 = ORIENTED_EDGE ( 'NONE', *, *, #10550, .F. ) ;
#2694 = ADVANCED_FACE ( 'NONE', ( #877 ), #11960, .F. ) ;
#2695 = VERTEX_POINT ( 'NONE', #228 ) ;
#2696 = EDGE_CURVE ( 'NONE', #11787, #8008, #218, .T. ) ;
#2697 = CARTESIAN_POINT ( 'NONE',  ( -0.1567113160363055313, 0.8409999996185738569, -2.231900930169421482 ) ) ;
#2698 = MECHANICAL_DESIGN_GEOMETRIC_PRESENTATION_REPRESENTATION (  '', ( #3472 ), #10268 ) ;
#2699 = CARTESIAN_POINT ( 'NONE',  ( 0.4009573043522013380, 0.8409999996185738569, -2.481825191914147410 ) ) ;
#2700 = ORIENTED_EDGE ( 'NONE', *, *, #6850, .F. ) ;
#2701 = DIRECTION ( 'NONE',  ( -1.000000000000000000, 0.0000000000000000000, -0.0000000000000000000 ) ) ;
#2702 = UNCERTAINTY_MEASURE_WITH_UNIT (LENGTH_MEASURE( 1.000000000000000082E-05 ), #409, 'distance_accuracy_value', 'NONE');
#2703 =( NAMED_UNIT ( * ) SI_UNIT ( $, .STERADIAN. ) SOLID_ANGLE_UNIT ( ) );
#2704 = DIRECTION ( 'NONE',  ( -3.439386710808917165E-15, 0.0000000000000000000, -1.000000000000000000 ) ) ;
#2705 = CARTESIAN_POINT ( 'NONE',  ( 1.035433489371399673, 0.8409999996185738569, -2.285739833418932498 ) ) ;
#2706 = VECTOR ( 'NONE', #11175, 1000.000000000000000 ) ;
#2707 = ORIENTED_EDGE ( 'NONE', *, *, #11208, .F. ) ;
#2708 = MECHANICAL_DESIGN_GEOMETRIC_PRESENTATION_REPRESENTATION (  '', ( #6169 ), #752 ) ;
#2709 = EDGE_CURVE ( 'NONE', #9853, #5837, #7637, .T. ) ;
#2710 = ADVANCED_FACE ( 'NONE', ( #6578 ), #8542, .T. ) ;
#2711 =( NAMED_UNIT ( * ) SI_UNIT ( $, .STERADIAN. ) SOLID_ANGLE_UNIT ( ) );
#2712 = SURFACE_STYLE_FILL_AREA ( #3805 ) ;
#2713 = CARTESIAN_POINT ( 'NONE',  ( 0.8645591082111515613, 0.8409999996185738569, -2.565861720697740989 ) ) ;
#2714 = VECTOR ( 'NONE', #3384, 1000.000000000000000 ) ;
#2715 = CARTESIAN_POINT ( 'NONE',  ( -0.04492004203401987056, 0.8409999996185738569, -2.545520774531909947 ) ) ;
#2716 = ORIENTED_EDGE ( 'NONE', *, *, #10601, .T. ) ;
#2717 =( NAMED_UNIT ( * ) SI_UNIT ( $, .STERADIAN. ) SOLID_ANGLE_UNIT ( ) );
#2718 = DIRECTION ( 'NONE',  ( 4.174611887503105215E-15, -0.0000000000000000000, 1.000000000000000000 ) ) ;
#2719 = B_SPLINE_CURVE_WITH_KNOTS ( 'NONE', 3,
 ( #9957, #8197, #8149, #9221 ),
 .UNSPECIFIED., .F., .F.,
 ( 4, 4 ),
 ( 3.000000000000000000, 4.000000000000000000 ),
 .UNSPECIFIED. ) ;
#2720 = ORIENTED_EDGE ( 'NONE', *, *, #8926, .F. ) ;
#2721 = FILL_AREA_STYLE ('',( #1663 ) ) ;
#2722 = EDGE_CURVE ( 'NONE', #8045, #5109, #4783, .T. ) ;
#2723 = ORIENTED_EDGE ( 'NONE', *, *, #3262, .T. ) ;
#2724 = DIRECTION ( 'NONE',  ( 1.000000000000000000, 0.0000000000000000000, -0.0000000000000000000 ) ) ;
#2725 = LINE ( 'NONE', #9205, #9250 ) ;
#2726 = CARTESIAN_POINT ( 'NONE',  ( -0.1490571387172378581, 0.8399999996185738560, -2.504027076434116594 ) ) ;
#2727 = UNCERTAINTY_MEASURE_WITH_UNIT (LENGTH_MEASURE( 1.000000000000000082E-05 ), #5965, 'distance_accuracy_value', 'NONE');
#2728 = B_SPLINE_CURVE_WITH_KNOTS ( 'NONE', 3,
 ( #373, #4199, #5820, #5944 ),
 .UNSPECIFIED., .F., .F.,
 ( 4, 4 ),
 ( 14.00000000000000000, 15.00000000000000000 ),
 .UNSPECIFIED. ) ;
#2729 = LINE ( 'NONE', #4609, #11447 ) ;
#2730 = CARTESIAN_POINT ( 'NONE',  ( -0.3437854524861165828, 0.8399999996185738560, -2.233008771623576028 ) ) ;
#2731 = VERTEX_POINT ( 'NONE', #7453 ) ;
#2732 = LINE ( 'NONE', #10206, #11890 ) ;
#2733 = CARTESIAN_POINT ( 'NONE',  ( 0.5914402026622121999, 0.8399999996185738560, -2.598075733194288084 ) ) ;
#2734 = CARTESIAN_POINT ( 'NONE',  ( 0.6782780149684397575, 0.8399999996185738560, -2.551855677091777075 ) ) ;
#2735 = EDGE_CURVE ( 'NONE', #6825, #785, #10754, .T. ) ;
#2736 = CARTESIAN_POINT ( 'NONE',  ( 0.1600524246570665388, 0.8399999996185738560, -2.469219683210776672 ) ) ;
#2737 = ADVANCED_FACE ( 'NONE', ( #279 ), #51, .F. ) ;
#2738 = CARTESIAN_POINT ( 'NONE',  ( -0.9700180126176402018, 0.8409999996185738569, -2.407242018491924096 ) ) ;
#2739 = ORIENTED_EDGE ( 'NONE', *, *, #2419, .F. ) ;
#2740 = CARTESIAN_POINT ( 'NONE',  ( -0.4224925521547822083, 0.8409999996185738569, -2.613099103231365294 ) ) ;
#2741 = UNCERTAINTY_MEASURE_WITH_UNIT (LENGTH_MEASURE( 1.000000000000000082E-05 ), #5897, 'distance_accuracy_value', 'NONE');
#2742 = SURFACE_SIDE_STYLE ('',( #8331 ) ) ;
#2743 =( LENGTH_UNIT ( ) NAMED_UNIT ( * ) SI_UNIT ( .MILLI., .METRE. ) );
#2744 = FILL_AREA_STYLE_COLOUR ( '', #4543 ) ;
#2745 = ORIENTED_EDGE ( 'NONE', *, *, #1036, .F. ) ;
#2746 = CARTESIAN_POINT ( 'NONE',  ( 0.6082475030763002666, 0.8409999996185738569, -2.005617892709754102 ) ) ;
#2747 = SURFACE_SIDE_STYLE ('',( #4752 ) ) ;
#2748 = VERTEX_POINT ( 'NONE', #5008 ) ;
#2749 = ORIENTED_EDGE ( 'NONE', *, *, #1556, .T. ) ;
#2750 = SURFACE_SIDE_STYLE ('',( #794 ) ) ;
#2751 = CARTESIAN_POINT ( 'NONE',  ( -0.7942740728564093855, 0.8399999996185738560, -2.370985389085522588 ) ) ;
#2752 = ORIENTED_EDGE ( 'NONE', *, *, #6268, .T. ) ;
#2753 = SURFACE_STYLE_USAGE ( .BOTH. , #5716 ) ;
#2754 = VECTOR ( 'NONE', #790, 1000.000000000000000 ) ;
#2755 = CARTESIAN_POINT ( 'NONE',  ( -0.8586799464824120820, 0.8399999996185738560, -2.414493344372936612 ) ) ;
#2756 =( NAMED_UNIT ( * ) SI_UNIT ( $, .STERADIAN. ) SOLID_ANGLE_UNIT ( ) );
#2757 = LINE ( 'NONE', #9183, #10373 ) ;
#2758 = VERTEX_POINT ( 'NONE', #4888 ) ;
#2759 = UNCERTAINTY_MEASURE_WITH_UNIT (LENGTH_MEASURE( 1.000000000000000082E-05 ), #6399, 'distance_accuracy_value', 'NONE');
#2760 =( GEOMETRIC_REPRESENTATION_CONTEXT ( 3 ) GLOBAL_UNCERTAINTY_ASSIGNED_CONTEXT ( ( #9429 ) ) GLOBAL_UNIT_ASSIGNED_CONTEXT ( ( #7346, #5586, #3038 ) ) REPRESENTATION_CONTEXT ( 'NONE', 'WORKASPACE' ) );
#2761 = VECTOR ( 'NONE', #8168, 1000.000000000000000 ) ;
#2762 = CARTESIAN_POINT ( 'NONE',  ( -0.1922629554259437656, 0.8399999996185738560, -2.551059981802691556 ) ) ;
#2763 = CARTESIAN_POINT ( 'NONE',  ( -0.2955439928040459185, 0.8409999996185738569, -2.563044812078359325 ) ) ;
#2764 = CARTESIAN_POINT ( 'NONE',  ( -0.7242786355312943458, 0.8409999996185738569, -2.097449262788629643 ) ) ;
#2765 = ADVANCED_FACE ( 'NONE', ( #353 ), #7841, .F. ) ;
#2766 = VERTEX_POINT ( 'NONE', #9959 ) ;
#2767 = COLOUR_RGB ( '',1.000000000000000000, 1.000000000000000000, 1.000000000000000000 ) ;
#2768 = SURFACE_SIDE_STYLE ('',( #1424 ) ) ;
#2769 = STYLED_ITEM ( 'NONE', ( #1844 ), #6102 ) ;
#2770 = LINE ( 'NONE', #1661, #5543 ) ;
#2771 = ORIENTED_EDGE ( 'NONE', *, *, #7149, .F. ) ;
#2772 = EDGE_LOOP ( 'NONE', ( #4117, #2202, #8214, #6076 ) ) ;
#2773 = CARTESIAN_POINT ( 'NONE',  ( 0.4261682683305830777, 0.8399999996185738560, -2.567262362459724834 ) ) ;
#2774 = CARTESIAN_POINT ( 'NONE',  ( -0.2280663769646102124, 0.8399999996185738560, -2.236130870267349469 ) ) ;
#2775 = CARTESIAN_POINT ( 'NONE',  ( -0.1254399731736046131, 0.8409999996185738569, -2.545520774531909947 ) ) ;
#2776 =( GEOMETRIC_REPRESENTATION_CONTEXT ( 3 ) GLOBAL_UNCERTAINTY_ASSIGNED_CONTEXT ( ( #265 ) ) GLOBAL_UNIT_ASSIGNED_CONTEXT ( ( #7379, #1326, #4981 ) ) REPRESENTATION_CONTEXT ( 'NONE', 'WORKASPACE' ) );
#2777 = CARTESIAN_POINT ( 'NONE',  ( -1.050000000000000044, -0.02999999999999966929, -8.279999999999999361 ) ) ;
#2778 = AXIS2_PLACEMENT_3D ( 'NONE', #10826, #8872, #658 ) ;
#2779 = DIRECTION ( 'NONE',  ( -1.000000000000000000, 0.0000000000000000000, 0.0000000000000000000 ) ) ;
#2780 = DIRECTION ( 'NONE',  ( 0.0000000000000000000, -0.0000000000000000000, 1.000000000000000000 ) ) ;
#2781 = SURFACE_STYLE_FILL_AREA ( #9091 ) ;
#2782 =( LENGTH_UNIT ( ) NAMED_UNIT ( * ) SI_UNIT ( .MILLI., .METRE. ) );
#2783 = EDGE_CURVE ( 'NONE', #5955, #4106, #516, .T. ) ;
#2784 = ADVANCED_FACE ( 'NONE', ( #7208 ), #8368, .F. ) ;
#2785 = VECTOR ( 'NONE', #7396, 1000.000000000000000 ) ;
#2786 = CARTESIAN_POINT ( 'NONE',  ( -0.3174993961664460129, 0.8409999996185738569, -2.499897849196874855 ) ) ;
#2787 = ORIENTED_EDGE ( 'NONE', *, *, #11016, .T. ) ;
#2788 = PLANE ( 'NONE',  #8877 ) ;
#2790 = CARTESIAN_POINT ( 'NONE',  ( -0.2112473294349347386, 0.8399999996185738560, -2.424061066021605093 ) ) ;
#2789 = PRESENTATION_STYLE_ASSIGNMENT (( #5386 ) ) ;
#2791 = COLOUR_RGB ( '',0.0000000000000000000, 0.01960784313725490169, 0.02745098039215686236 ) ;
#2792 =( GEOMETRIC_REPRESENTATION_CONTEXT ( 3 ) GLOBAL_UNCERTAINTY_ASSIGNED_CONTEXT ( ( #1050 ) ) GLOBAL_UNIT_ASSIGNED_CONTEXT ( ( #5240, #6027, #7000 ) ) REPRESENTATION_CONTEXT ( 'NONE', 'WORKASPACE' ) );
#2793 = CARTESIAN_POINT ( 'NONE',  ( -0.5650516047230479399, 0.8409999996185738569, -2.567979742191716763 ) ) ;
#2794 = CARTESIAN_POINT ( 'NONE',  ( -0.2280663769646102124, 0.8399999996185738560, -2.236130870267349469 ) ) ;
#2795 = CARTESIAN_POINT ( 'NONE',  ( -0.2279153076755961460, 0.8399999996185738560, -2.444102925054405961 ) ) ;
#2796 = CARTESIAN_POINT ( 'NONE',  ( -0.9545585886891390093, 0.8409999996185738569, -2.370985389085522144 ) ) ;
#2797 = FACE_OUTER_BOUND ( 'NONE', #479, .T. ) ;
#2798 = PLANE ( 'NONE',  #3242 ) ;
#2799 = MECHANICAL_DESIGN_GEOMETRIC_PRESENTATION_REPRESENTATION (  '', ( #8606 ), #10574 ) ;
#2800 = ORIENTED_EDGE ( 'NONE', *, *, #5596, .T. ) ;
#2801 = B_SPLINE_SURFACE_WITH_KNOTS ( 'NONE', 3, 1, ( 
 ( #4430, #3455 ),
 ( #8920, #5262 ),
 ( #656, #708 ),
 ( #4308, #9943 ) ),
 .UNSPECIFIED., .F., .F., .F.,
 ( 4, 4 ),
 ( 2, 2 ),
 ( 2.000000000000000000, 3.000000000000000000 ),
 ( 0.0000000000000000000, 1.000000000000000000 ),
 .UNSPECIFIED. ) ;
#2802 = ORIENTED_EDGE ( 'NONE', *, *, #166, .T. ) ;
#2803 = CARTESIAN_POINT ( 'NONE',  ( -0.2280663769646102124, 0.8409999996185738569, -2.236130870267349469 ) ) ;
#2804 = ORIENTED_EDGE ( 'NONE', *, *, #9520, .F. ) ;
#2805 =( LENGTH_UNIT ( ) NAMED_UNIT ( * ) SI_UNIT ( .MILLI., .METRE. ) );
#2806 = EDGE_CURVE ( 'NONE', #1861, #7642, #3759, .T. ) ;
#2807 = FILL_AREA_STYLE ('',( #5406 ) ) ;
#2808 =( NAMED_UNIT ( * ) PLANE_ANGLE_UNIT ( ) SI_UNIT ( $, .RADIAN. ) );
#2809 = EDGE_LOOP ( 'NONE', ( #4050, #11487, #10382, #7385 ) ) ;
#2810 = VECTOR ( 'NONE', #9407, 1000.000000000000000 ) ;
#2811 =( LENGTH_UNIT ( ) NAMED_UNIT ( * ) SI_UNIT ( .MILLI., .METRE. ) );
#2812 = ORIENTED_EDGE ( 'NONE', *, *, #3362, .F. ) ;
#2813 = CARTESIAN_POINT ( 'NONE',  ( -0.7644127100265689645, 0.8409999996185738569, -2.370985389085522588 ) ) ;
#2814 = VECTOR ( 'NONE', #10518, 1000.000000000000000 ) ;
#2815 = VERTEX_POINT ( 'NONE', #4553 ) ;
#2816 = UNCERTAINTY_MEASURE_WITH_UNIT (LENGTH_MEASURE( 1.000000000000000082E-05 ), #11165, 'distance_accuracy_value', 'NONE');
#2817 = EDGE_CURVE ( 'NONE', #566, #233, #5806, .T. ) ;
#2818 = STYLED_ITEM ( 'NONE', ( #848 ), #4150 ) ;
#2819 = CARTESIAN_POINT ( 'NONE',  ( -0.7618948885402176963, 0.8409999996185738569, -2.201586359471180643 ) ) ;
#2820 = LINE ( 'NONE', #4692, #7853 ) ;
#2821 = EDGE_LOOP ( 'NONE', ( #6152, #11207, #10921, #8637, #5187, #3894, #3134, #10643 ) ) ;
#2822 = VECTOR ( 'NONE', #496, 1000.000000000000000 ) ;
#2823 =( GEOMETRIC_REPRESENTATION_CONTEXT ( 3 ) GLOBAL_UNCERTAINTY_ASSIGNED_CONTEXT ( ( #5166 ) ) GLOBAL_UNIT_ASSIGNED_CONTEXT ( ( #8002, #7068, #694 ) ) REPRESENTATION_CONTEXT ( 'NONE', 'WORKASPACE' ) );
#2824 = AXIS2_PLACEMENT_3D ( 'NONE', #1008, #3874, #101 ) ;
#2825 =( NAMED_UNIT ( * ) SI_UNIT ( $, .STERADIAN. ) SOLID_ANGLE_UNIT ( ) );
#2826 = UNCERTAINTY_MEASURE_WITH_UNIT (LENGTH_MEASURE( 1.000000000000000082E-05 ), #5737, 'distance_accuracy_value', 'NONE');
#2827 = PRESENTATION_LAYER_ASSIGNMENT (  '', '', ( #9615 ) ) ;
#2828 = DIRECTION ( 'NONE',  ( 1.000000000000000000, 0.0000000000000000000, -0.0000000000000000000 ) ) ;
#2829 = SURFACE_STYLE_FILL_AREA ( #2001 ) ;
#2830 = COLOUR_RGB ( '',1.000000000000000000, 1.000000000000000000, 1.000000000000000000 ) ;
#2831 = VECTOR ( 'NONE', #8409, 1000.000000000000000 ) ;
#2832 = VECTOR ( 'NONE', #6564, 1000.000000000000000 ) ;
#2833 = CARTESIAN_POINT ( 'NONE',  ( -1.489999999999999991, -0.02999999999999966929, -8.279999999999999361 ) ) ;
#2834 = ORIENTED_EDGE ( 'NONE', *, *, #6861, .T. ) ;
#2835 = ORIENTED_EDGE ( 'NONE', *, *, #4098, .F. ) ;
#2836 =( GEOMETRIC_REPRESENTATION_CONTEXT ( 3 ) GLOBAL_UNCERTAINTY_ASSIGNED_CONTEXT ( ( #11529 ) ) GLOBAL_UNIT_ASSIGNED_CONTEXT ( ( #820, #4597, #5374 ) ) REPRESENTATION_CONTEXT ( 'NONE', 'WORKASPACE' ) );
#2837 = SURFACE_STYLE_USAGE ( .BOTH. , #4659 ) ;
#2838 = ORIENTED_EDGE ( 'NONE', *, *, #8650, .F. ) ;
#2839 =( GEOMETRIC_REPRESENTATION_CONTEXT ( 3 ) GLOBAL_UNCERTAINTY_ASSIGNED_CONTEXT ( ( #9566 ) ) GLOBAL_UNIT_ASSIGNED_CONTEXT ( ( #2873, #10405, #1092 ) ) REPRESENTATION_CONTEXT ( 'NONE', 'WORKASPACE' ) );
#2840 = FILL_AREA_STYLE ('',( #9386 ) ) ;
#2841 = EDGE_CURVE ( 'NONE', #37, #1300, #10899, .T. ) ;
#2842 = CARTESIAN_POINT ( 'NONE',  ( 0.2272816797410916190, 0.8409999996185738569, -2.542051345051647093 ) ) ;
#2843 = CARTESIAN_POINT ( 'NONE',  ( -0.4034074652871189048, 0.8399999996185738560, -2.427283877524723188 ) ) ;
#2844 =( NAMED_UNIT ( * ) PLANE_ANGLE_UNIT ( ) SI_UNIT ( $, .RADIAN. ) );
#2845 = LINE ( 'NONE', #11169, #7128 ) ;
#2846 = DIRECTION ( 'NONE',  ( -2.201488835369906361E-15, -0.0000000000000000000, -1.000000000000000000 ) ) ;
#2847 = CARTESIAN_POINT ( 'NONE',  ( -0.1567113160363055313, 0.8399999996185738560, -2.231900930169421482 ) ) ;
#2848 = CARTESIAN_POINT ( 'NONE',  ( -0.1567113160363055313, 0.8409999996185738569, -2.231900930169421482 ) ) ;
#2849 = COLOUR_RGB ( '',1.000000000000000000, 1.000000000000000000, 1.000000000000000000 ) ;
#2850 = ORIENTED_EDGE ( 'NONE', *, *, #9738, .F. ) ;
#2851 = VECTOR ( 'NONE', #6965, 1000.000000000000000 ) ;
#2852 = FILL_AREA_STYLE_COLOUR ( '', #10831 ) ;
#2853 = CARTESIAN_POINT ( 'NONE',  ( 0.3925536675024140498, 0.8409999996185738569, -2.483225780245764902 ) ) ;
#2854 = FILL_AREA_STYLE_COLOUR ( '', #8816 ) ;
#2855 = CARTESIAN_POINT ( 'NONE',  ( -0.5951647497025871481, 0.8400000000000000799, -2.179731668968797997 ) ) ;
#2856 = CARTESIAN_POINT ( 'NONE',  ( -0.5921937203478343514, 0.8399999996185738560, -2.227872415791527061 ) ) ;
#2857 = DIRECTION ( 'NONE',  ( 0.3315284183503968696, 0.0000000000000000000, -0.9434452330824953936 ) ) ;
#2858 =( LENGTH_UNIT ( ) NAMED_UNIT ( * ) SI_UNIT ( .MILLI., .METRE. ) );
#2859 = SURFACE_STYLE_USAGE ( .BOTH. , #10390 ) ;
#2860 = ADVANCED_FACE ( 'NONE', ( #834 ), #2788, .F. ) ;
#2861 = PRESENTATION_STYLE_ASSIGNMENT (( #11189 ) ) ;
#2862 = AXIS2_PLACEMENT_3D ( 'NONE', #2775, #7392, #6712 ) ;
#2863 = CARTESIAN_POINT ( 'NONE',  ( -0.4224925521547822083, 0.8409999996185738569, -2.613099103231365294 ) ) ;
#2864 = ORIENTED_EDGE ( 'NONE', *, *, #4422, .F. ) ;
#2865 =( NAMED_UNIT ( * ) PLANE_ANGLE_UNIT ( ) SI_UNIT ( $, .RADIAN. ) );
#2866 = SURFACE_STYLE_FILL_AREA ( #5534 ) ;
#2867 = CARTESIAN_POINT ( 'NONE',  ( -0.2789263709930542845, 0.8399999996185738560, -2.247309997666907311 ) ) ;
#2868 = VERTEX_POINT ( 'NONE', #5583 ) ;
#2869 = DIRECTION ( 'NONE',  ( 0.0000000000000000000, 0.0000000000000000000, -1.000000000000000000 ) ) ;
#2870 = MECHANICAL_DESIGN_GEOMETRIC_PRESENTATION_REPRESENTATION (  '', ( #6525 ), #780 ) ;
#2871 = SURFACE_STYLE_FILL_AREA ( #2807 ) ;
#2872 = VECTOR ( 'NONE', #5748, 1000.000000000000000 ) ;
#2873 =( LENGTH_UNIT ( ) NAMED_UNIT ( * ) SI_UNIT ( .MILLI., .METRE. ) );
#2874 = EDGE_CURVE ( 'NONE', #11448, #5814, #2356, .T. ) ;
#2875 = CARTESIAN_POINT ( 'NONE',  ( -0.1628044440334906473, 0.8399999996185738560, -2.437153737751434068 ) ) ;
#2876 = ORIENTED_EDGE ( 'NONE', *, *, #5684, .T. ) ;
#2877 = COLOUR_RGB ( '',1.000000000000000000, 1.000000000000000000, 1.000000000000000000 ) ;
#2878 = CARTESIAN_POINT ( 'NONE',  ( -0.8388898695979767339, 0.8409999996185738569, -2.397070019685833220 ) ) ;
#2879 = ORIENTED_EDGE ( 'NONE', *, *, #7021, .T. ) ;
#2880 = CARTESIAN_POINT ( 'NONE',  ( -0.1957375490774270477, 0.8409999996185738569, -2.484388068838702335 ) ) ;
#2881 = B_SPLINE_CURVE_WITH_KNOTS ( 'NONE', 3,
 ( #4608, #10259, #4664, #7334 ),
 .UNSPECIFIED., .F., .F.,
 ( 4, 4 ),
 ( 16.00000000000000000, 17.00000000000000000 ),
 .UNSPECIFIED. ) ;
#2882 = CARTESIAN_POINT ( 'NONE',  ( -0.7242786355312943458, 0.8409999996185738569, -2.097449262788629643 ) ) ;
#2883 =( LENGTH_UNIT ( ) NAMED_UNIT ( * ) SI_UNIT ( .MILLI., .METRE. ) );
#2884 = SURFACE_SIDE_STYLE ('',( #2933 ) ) ;
#2885 = ORIENTED_EDGE ( 'NONE', *, *, #3158, .F. ) ;
#2886 = UNCERTAINTY_MEASURE_WITH_UNIT (LENGTH_MEASURE( 1.000000000000000082E-05 ), #10392, 'distance_accuracy_value', 'NONE');
#2887 = SURFACE_STYLE_USAGE ( .BOTH. , #3859 ) ;
#2888 = CARTESIAN_POINT ( 'NONE',  ( -0.4198236613794138483, 0.8409999996185738569, -2.081133779555683905 ) ) ;
#2889 = EDGE_CURVE ( 'NONE', #2046, #746, #7559, .T. ) ;
#2890 = B_SPLINE_CURVE_WITH_KNOTS ( 'NONE', 3,
 ( #5745, #9504, #2842, #3816 ),
 .UNSPECIFIED., .F., .F.,
 ( 4, 4 ),
 ( 33.00000000000000000, 34.00000000000000000 ),
 .UNSPECIFIED. ) ;
#2891 = CARTESIAN_POINT ( 'NONE',  ( -0.5879637802499055876, 0.8409999996185738569, -2.112052627410001993 ) ) ;
#2892 = SURFACE_STYLE_FILL_AREA ( #8583 ) ;
#2893 = ORIENTED_EDGE ( 'NONE', *, *, #11059, .T. ) ;
#2894 = FILL_AREA_STYLE ('',( #11223 ) ) ;
#2895 =( NAMED_UNIT ( * ) PLANE_ANGLE_UNIT ( ) SI_UNIT ( $, .RADIAN. ) );
#2896 = ORIENTED_EDGE ( 'NONE', *, *, #6400, .T. ) ;
#2897 = SURFACE_STYLE_FILL_AREA ( #7573 ) ;
#2898 = VERTEX_POINT ( 'NONE', #3511 ) ;
#2899 = CARTESIAN_POINT ( 'NONE',  ( -0.3437854524861165828, 0.8409999996185738569, -2.233008771623576028 ) ) ;
#2900 = CARTESIAN_POINT ( 'NONE',  ( -0.1957375490774270477, 0.8399999996185738560, -2.484388068838702335 ) ) ;
#2901 = B_SPLINE_SURFACE_WITH_KNOTS ( 'NONE', 3, 1, ( 
 ( #9321, #1901 ),
 ( #7448, #5742 ),
 ( #1058, #3870 ),
 ( #942, #11277 ) ),
 .UNSPECIFIED., .F., .F., .F.,
 ( 4, 4 ),
 ( 2, 2 ),
 ( 6.000000000000000000, 7.000000000000000000 ),
 ( 0.0000000000000000000, 1.000000000000000000 ),
 .UNSPECIFIED. ) ;
#2902 = STYLED_ITEM ( 'NONE', ( #4230 ), #1322 ) ;
#2903 = CARTESIAN_POINT ( 'NONE',  ( -0.4034074652871189048, 0.8409999996185738569, -2.427283877524723188 ) ) ;
#2904 = CARTESIAN_POINT ( 'NONE',  ( -0.1314323883114438540, 0.8409999996185738569, -2.160696938530807909 ) ) ;
#2905 = ORIENTED_EDGE ( 'NONE', *, *, #6594, .T. ) ;
#2906 = LINE ( 'NONE', #9456, #4030 ) ;
#2907 = CARTESIAN_POINT ( 'NONE',  ( -0.2956950620930670071, 0.8409999996185738569, -2.465252625541360487 ) ) ;
#2908 =( NAMED_UNIT ( * ) PLANE_ANGLE_UNIT ( ) SI_UNIT ( $, .RADIAN. ) );
#2909 = CARTESIAN_POINT ( 'NONE',  ( -0.5741157620749829382, 0.8400000000000000799, -2.212463348294041232 ) ) ;
#2910 = EDGE_CURVE ( 'NONE', #5325, #2427, #7587, .T. ) ;
#2911 = SURFACE_SIDE_STYLE ('',( #240 ) ) ;
#2912 = CARTESIAN_POINT ( 'NONE',  ( -0.7819871040026904474, 0.8409999996185738569, -2.255467739283379291 ) ) ;
#2913 = FILL_AREA_STYLE_COLOUR ( '', #10628 ) ;
#2914 = ORIENTED_EDGE ( 'NONE', *, *, #3075, .T. ) ;
#2915 = FILL_AREA_STYLE ('',( #6736 ) ) ;
#2916 = FILL_AREA_STYLE_COLOUR ( '', #1265 ) ;
#2917 = ORIENTED_EDGE ( 'NONE', *, *, #3803, .T. ) ;
#2918 = EDGE_CURVE ( 'NONE', #6502, #2191, #932, .T. ) ;
#2919 = EDGE_CURVE ( 'NONE', #2551, #11322, #5688, .T. ) ;
#2920 = CARTESIAN_POINT ( 'NONE',  ( -0.2268578226511144547, 0.8400000000000000799, -2.539578715823747501 ) ) ;
#2921 = EDGE_CURVE ( 'NONE', #4707, #750, #7991, .T. ) ;
#2922 = DIRECTION ( 'NONE',  ( -0.0000000000000000000, -1.000000000000000000, -0.0000000000000000000 ) ) ;
#2923 = DIRECTION ( 'NONE',  ( -5.386006456537785704E-15, 0.0000000000000000000, -1.000000000000000000 ) ) ;
#2924 = CARTESIAN_POINT ( 'NONE',  ( -0.1153686872275281605, 0.8409999996185738569, -2.479251713006657809 ) ) ;
#2925 = CARTESIAN_POINT ( 'NONE',  ( -0.3026946058257109495, 0.8399999996185738560, -2.487510167482475776 ) ) ;
#2926 = FILL_AREA_STYLE ('',( #4686 ) ) ;
#2927 = ORIENTED_EDGE ( 'NONE', *, *, #3922, .T. ) ;
#2928 = FILL_AREA_STYLE ('',( #629 ) ) ;
#2929 = ORIENTED_EDGE ( 'NONE', *, *, #7985, .T. ) ;
#2930 = FACE_OUTER_BOUND ( 'NONE', #399, .T. ) ;
#2931 = EDGE_CURVE ( 'NONE', #5074, #11139, #5755, .T. ) ;
#2932 = SURFACE_STYLE_FILL_AREA ( #5608 ) ;
#2933 = SURFACE_STYLE_FILL_AREA ( #7498 ) ;
#2934 = ORIENTED_EDGE ( 'NONE', *, *, #5292, .T. ) ;
#2935 = CARTESIAN_POINT ( 'NONE',  ( -0.5128823435224195704, 0.8409999996185738569, -2.427283877524722744 ) ) ;
#2936 = CARTESIAN_POINT ( 'NONE',  ( -1.489999999999999991, -0.02999999999999966929, -8.279999999999999361 ) ) ;
#2937 = CARTESIAN_POINT ( 'NONE',  ( 0.5914402026622124220, 0.8409999996185738569, -2.521042199499166081 ) ) ;
#2938 = AXIS2_PLACEMENT_3D ( 'NONE', #997, #9076, #2659 ) ;
#2939 = UNCERTAINTY_MEASURE_WITH_UNIT (LENGTH_MEASURE( 1.000000000000000082E-05 ), #8951, 'distance_accuracy_value', 'NONE');
#2940 = LINE ( 'NONE', #7320, #1533 ) ;
#2941 = EDGE_CURVE ( 'NONE', #302, #5074, #9419, .T. ) ;
#2942 = VECTOR ( 'NONE', #11913, 1000.000000000000000 ) ;
#2943 = CARTESIAN_POINT ( 'NONE',  ( -0.3838188141220478800, 0.8409999996185738569, -2.430305263309154196 ) ) ;
#2944 = ORIENTED_EDGE ( 'NONE', *, *, #11679, .F. ) ;
#2945 = PRESENTATION_LAYER_ASSIGNMENT (  '', '', ( #6413 ) ) ;
#2946 = CARTESIAN_POINT ( 'NONE',  ( 0.2286823215024052780, 0.8399999996185738560, -2.373978234055434733 ) ) ;
#2947 = ORIENTED_EDGE ( 'NONE', *, *, #3726, .F. ) ;
#2948 =( NAMED_UNIT ( * ) SI_UNIT ( $, .STERADIAN. ) SOLID_ANGLE_UNIT ( ) );
#2949 = CARTESIAN_POINT ( 'NONE',  ( -0.5724036434634047765, 0.8409999996185738569, -2.067134692090392356 ) ) ;
#2950 = CARTESIAN_POINT ( 'NONE',  ( -0.4224925521547822083, 0.8399999996185738560, -2.613099103231365294 ) ) ;
#2951 = B_SPLINE_CURVE_WITH_KNOTS ( 'NONE', 3,
 ( #7365, #5598, #1751, #11132 ),
 .UNSPECIFIED., .F., .F.,
 ( 4, 4 ),
 ( 8.000000000000000000, 9.000000000000000000 ),
 .UNSPECIFIED. ) ;
#2952 = FILL_AREA_STYLE_COLOUR ( '', #8831 ) ;
#2953 = CARTESIAN_POINT ( 'NONE',  ( -0.5741157620749829382, 0.8409999996185738569, -2.212463348294041232 ) ) ;
#2954 = PRESENTATION_STYLE_ASSIGNMENT (( #56 ) ) ;
#2955 = AXIS2_PLACEMENT_3D ( 'NONE', #5063, #1232, #4105 ) ;
#2956 = STYLED_ITEM ( 'NONE', ( #3326 ), #6961 ) ;
#2957 = EDGE_LOOP ( 'NONE', ( #936, #8059, #6585, #2337 ) ) ;
#2958 = CARTESIAN_POINT ( 'NONE',  ( -0.1314323883114440761, 0.8409999996185738569, -2.190205806352931273 ) ) ;
#2959 = LINE ( 'NONE', #7643, #5911 ) ;
#2960 = CARTESIAN_POINT ( 'NONE',  ( -0.8208119113251178822, 0.8400000000000000799, -2.524975351202376039 ) ) ;
#2961 = ORIENTED_EDGE ( 'NONE', *, *, #7200, .F. ) ;
#2962 = CARTESIAN_POINT ( 'NONE',  ( -0.5384634098246597889, 0.8399999996185738560, -2.427283877524722744 ) ) ;
#2963 = FACE_OUTER_BOUND ( 'NONE', #8469, .T. ) ;
#2964 = EDGE_CURVE ( 'NONE', #1517, #4909, #5632, .T. ) ;
#2965 = SURFACE_SIDE_STYLE ('',( #6588 ) ) ;
#2966 = LINE ( 'NONE', #8436, #5356 ) ;
#2967 = CARTESIAN_POINT ( 'NONE',  ( -0.4084934646901655642, 0.8409999996185738569, -2.632234546528698260 ) ) ;
#2968 = MECHANICAL_DESIGN_GEOMETRIC_PRESENTATION_REPRESENTATION (  '', ( #2406 ), #2776 ) ;
#2969 = ORIENTED_EDGE ( 'NONE', *, *, #2991, .F. ) ;
#2970 = SURFACE_STYLE_FILL_AREA ( #4906 ) ;
#2971 = FILL_AREA_STYLE_COLOUR ( '', #1347 ) ;
#2972 = COLOUR_RGB ( '',1.000000000000000000, 1.000000000000000000, 1.000000000000000000 ) ;
#2973 = FILL_AREA_STYLE ('',( #9286 ) ) ;
#2974 = ORIENTED_EDGE ( 'NONE', *, *, #4835, .T. ) ;
#2975 = CARTESIAN_POINT ( 'NONE',  ( -0.2268578226511144547, 0.8409999996185738569, -2.539578715823747501 ) ) ;
#2976 = CARTESIAN_POINT ( 'NONE',  ( -0.04492004203401921830, 0.8409999996185738569, -2.393645782464021821 ) ) ;
#2977 = STYLED_ITEM ( 'NONE', ( #1667 ), #9242 ) ;
#2978 = ORIENTED_EDGE ( 'NONE', *, *, #4053, .T. ) ;
#2979 = SURFACE_SIDE_STYLE ('',( #3845 ) ) ;
#2980 = COLOUR_RGB ( '',1.000000000000000000, 1.000000000000000000, 1.000000000000000000 ) ;
#2981 = COLOUR_RGB ( '',1.000000000000000000, 1.000000000000000000, 1.000000000000000000 ) ;
#2982 =( NAMED_UNIT ( * ) SI_UNIT ( $, .STERADIAN. ) SOLID_ANGLE_UNIT ( ) );
#2983 = SURFACE_STYLE_FILL_AREA ( #7672 ) ;
#2984 = CARTESIAN_POINT ( 'NONE',  ( -0.3504828576400527140, 0.8409999996185738569, -2.424061066021604649 ) ) ;
#2985 = CARTESIAN_POINT ( 'NONE',  ( -0.5177165607764262489, 0.8399999996185738560, -2.058473386177185560 ) ) ;
#2986 = STYLED_ITEM ( 'NONE', ( #944 ), #9219 ) ;
#2987 = VECTOR ( 'NONE', #6371, 1000.000000000000000 ) ;
#2988 = EDGE_CURVE ( 'NONE', #10397, #11825, #10383, .T. ) ;
#2989 = DIRECTION ( 'NONE',  ( -0.0000000000000000000, -1.000000000000000000, -0.0000000000000000000 ) ) ;
#2991 = EDGE_CURVE ( 'NONE', #9824, #10176, #2090, .T. ) ;
#2990 = COLOUR_RGB ( '',1.000000000000000000, 1.000000000000000000, 1.000000000000000000 ) ;
#2992 = ORIENTED_EDGE ( 'NONE', *, *, #4574, .F. ) ;
#2993 = B_SPLINE_CURVE_WITH_KNOTS ( 'NONE', 3,
 ( #4800, #7726, #296, #11240 ),
 .UNSPECIFIED., .F., .F.,
 ( 4, 4 ),
 ( 15.00000000000000000, 16.00000000000000000 ),
 .UNSPECIFIED. ) ;
#2994 = ORIENTED_EDGE ( 'NONE', *, *, #170, .T. ) ;
#2995 = MECHANICAL_DESIGN_GEOMETRIC_PRESENTATION_REPRESENTATION (  '', ( #4356 ), #9781 ) ;
#2996 =( GEOMETRIC_REPRESENTATION_CONTEXT ( 3 ) GLOBAL_UNCERTAINTY_ASSIGNED_CONTEXT ( ( #6621 ) ) GLOBAL_UNIT_ASSIGNED_CONTEXT ( ( #6619, #4033, #3978 ) ) REPRESENTATION_CONTEXT ( 'NONE', 'WORKASPACE' ) );
#2997 = CARTESIAN_POINT ( 'NONE',  ( 0.2777036611262096444, 0.8409999996185738569, -2.264730687865103675 ) ) ;
#2998 = B_SPLINE_SURFACE_WITH_KNOTS ( 'NONE', 3, 1, ( 
 ( #6376, #9372 ),
 ( #3732, #40 ),
 ( #7319, #6505 ),
 ( #10112, #7433 ) ),
 .UNSPECIFIED., .F., .F., .F.,
 ( 4, 4 ),
 ( 2, 2 ),
 ( 10.00000000000000000, 11.00000000000000000 ),
 ( 0.0000000000000000000, 1.000000000000000000 ),
 .UNSPECIFIED. ) ;
#2999 = EDGE_LOOP ( 'NONE', ( #9060, #6752, #5963, #6910, #4298, #10353, #6636, #132, #5715, #10296, #202, #11070, #660, #9054, #6949, #5203, #10228, #1881, #9688, #10637, #1234, #867, #588, #8803, #7766, #1428, #10612, #1561, #7326, #4939, #7152, #8737, #8761 ) ) ;
#3000 = UNCERTAINTY_MEASURE_WITH_UNIT (LENGTH_MEASURE( 1.000000000000000082E-05 ), #8076, 'distance_accuracy_value', 'NONE');
#3001 = DIRECTION ( 'NONE',  ( -0.0000000000000000000, -1.000000000000000000, -0.0000000000000000000 ) ) ;
#3002 = EDGE_CURVE ( 'NONE', #8313, #10099, #2906, .T. ) ;
#3003 = FILL_AREA_STYLE_COLOUR ( '', #7086 ) ;
#3004 = COLOUR_RGB ( '',1.000000000000000000, 1.000000000000000000, 1.000000000000000000 ) ;
#3005 = CARTESIAN_POINT ( 'NONE',  ( -0.1762999672013772223, 0.8409999996185738569, -2.514702639536937401 ) ) ;
#3006 = DIRECTION ( 'NONE',  ( -0.0000000000000000000, -0.0000000000000000000, 1.000000000000000000 ) ) ;
#3007 = CARTESIAN_POINT ( 'NONE',  ( -0.2374326728945912734, 0.8399999996185738560, -2.546225764548683657 ) ) ;
#3008 = LINE ( 'NONE', #1735, #7903 ) ;
#3009 = CARTESIAN_POINT ( 'NONE',  ( -0.1740842842937340984, 0.8409999996185738569, -2.535046637147782000 ) ) ;
#3010 = FACE_BOUND ( 'NONE', #9130, .T. ) ;
#3011 = MECHANICAL_DESIGN_GEOMETRIC_PRESENTATION_REPRESENTATION (  '', ( #3994 ), #1313 ) ;
#3012 = FACE_OUTER_BOUND ( 'NONE', #1240, .T. ) ;
#3013 = EDGE_LOOP ( 'NONE', ( #9565, #7586, #8855, #1231 ) ) ;
#3014 = CARTESIAN_POINT ( 'NONE',  ( 0.4247676799982919027, 0.8399999996185738560, -2.481825191914147410 ) ) ;
#3015 = VERTEX_POINT ( 'NONE', #2020 ) ;
#3016 = UNCERTAINTY_MEASURE_WITH_UNIT (LENGTH_MEASURE( 1.000000000000000082E-05 ), #11142, 'distance_accuracy_value', 'NONE');
#3017 = DIRECTION ( 'NONE',  ( 0.3409177962187251443, -0.0000000000000000000, -0.9400931103999048410 ) ) ;
#3018 = VECTOR ( 'NONE', #8477, 1000.000000000000000 ) ;
#3019 = SURFACE_STYLE_FILL_AREA ( #417 ) ;
#3020 = FILL_AREA_STYLE ('',( #11166 ) ) ;
#3021 = VECTOR ( 'NONE', #9647, 1000.000000000000000 ) ;
#3022 = DIRECTION ( 'NONE',  ( -1.000000000000000000, 0.0000000000000000000, -0.0000000000000000000 ) ) ;
#3023 = SURFACE_STYLE_USAGE ( .BOTH. , #8667 ) ;
#3024 = LINE ( 'NONE', #1480, #7480 ) ;
#3025 = VECTOR ( 'NONE', #3071, 1000.000000000000000 ) ;
#3026 = CARTESIAN_POINT ( 'NONE',  ( -0.5650516047230479399, 0.8409999996185738569, -2.567979742191716763 ) ) ;
#3027 = ORIENTED_EDGE ( 'NONE', *, *, #652, .T. ) ;
#3028 = CARTESIAN_POINT ( 'NONE',  ( 0.7973298130546910834, 0.8399999996185738560, -2.119067284039825694 ) ) ;
#3029 = CARTESIAN_POINT ( 'NONE',  ( 0.9079780010063374096, 0.8399999996185738560, -2.554656853755019608 ) ) ;
#3030 = FACE_OUTER_BOUND ( 'NONE', #4469, .T. ) ;
#3031 = ORIENTED_EDGE ( 'NONE', *, *, #1660, .F. ) ;
#3032 = MECHANICAL_DESIGN_GEOMETRIC_PRESENTATION_REPRESENTATION (  '', ( #4008 ), #2836 ) ;
#3033 = DIRECTION ( 'NONE',  ( -0.3315284183576438504, -0.0000000000000000000, 0.9434452330799489861 ) ) ;
#3034 = LINE ( 'NONE', #3882, #4894 ) ;
#3035 = CARTESIAN_POINT ( 'NONE',  ( -0.1233753595549827997, 0.8409999996185738569, -2.255467739283381512 ) ) ;
#3036 = FILL_AREA_STYLE ('',( #4903 ) ) ;
#3037 = COLOUR_RGB ( '',1.000000000000000000, 1.000000000000000000, 1.000000000000000000 ) ;
#3038 =( NAMED_UNIT ( * ) SI_UNIT ( $, .STERADIAN. ) SOLID_ANGLE_UNIT ( ) );
#3039 = VECTOR ( 'NONE', #3043, 1000.000000000000000 ) ;
#3040 = ORIENTED_EDGE ( 'NONE', *, *, #9662, .T. ) ;
#3041 = FILL_AREA_STYLE_COLOUR ( '', #1741 ) ;
#3042 = COLOUR_RGB ( '',1.000000000000000000, 1.000000000000000000, 1.000000000000000000 ) ;
#3043 = DIRECTION ( 'NONE',  ( -3.302233253054837651E-15, -0.0000000000000000000, -1.000000000000000000 ) ) ;
#3044 = ADVANCED_FACE ( 'NONE', ( #1189 ), #4847, .F. ) ;
#3045 = VERTEX_POINT ( 'NONE', #7778 ) ;
#3046 = PRESENTATION_LAYER_ASSIGNMENT (  '', '', ( #6907 ) ) ;
#3047 = COLOUR_RGB ( '',1.000000000000000000, 1.000000000000000000, 1.000000000000000000 ) ;
#3048 = CARTESIAN_POINT ( 'NONE',  ( 0.2272816797410916190, 0.8399999996185738560, -2.542051345051647093 ) ) ;
#3049 = ORIENTED_EDGE ( 'NONE', *, *, #8964, .T. ) ;
#3050 = DIRECTION ( 'NONE',  ( -0.0000000000000000000, -1.000000000000000000, -0.0000000000000000000 ) ) ;
#3051 =( NAMED_UNIT ( * ) PLANE_ANGLE_UNIT ( ) SI_UNIT ( $, .RADIAN. ) );
#3052 = CARTESIAN_POINT ( 'NONE',  ( -0.1788681451180696991, 0.8399999996185738560, -2.064818296322736391 ) ) ;
#3053 = CARTESIAN_POINT ( 'NONE',  ( -0.3216286234043526093, 0.8399999996185738560, -2.551160694662033546 ) ) ;
#3054 = COLOUR_RGB ( '',1.000000000000000000, 1.000000000000000000, 1.000000000000000000 ) ;
#3055 = CARTESIAN_POINT ( 'NONE',  ( -0.7185883589714960884, 0.8399999996185738560, -2.094226451285511104 ) ) ;
#3056 = CARTESIAN_POINT ( 'NONE',  ( -0.8418608989513857166, 0.8409999996185738569, -2.467669734168366436 ) ) ;
#3057 = CARTESIAN_POINT ( 'NONE',  ( 0.3421316861179652946, 0.8399999996185738560, -2.264730687865104120 ) ) ;
#3058 = FILL_AREA_STYLE ('',( #2047 ) ) ;
#3059 = SURFACE_SIDE_STYLE ('',( #201 ) ) ;
#3060 = ORIENTED_EDGE ( 'NONE', *, *, #11764, .F. ) ;
#3061 = SURFACE_STYLE_FILL_AREA ( #1275 ) ;
#3062 = VECTOR ( 'NONE', #363, 1000.000000000000000 ) ;
#3063 = EDGE_CURVE ( 'NONE', #3359, #7183, #11716, .T. ) ;
#3064 = CARTESIAN_POINT ( 'NONE',  ( 0.8631584530925782150, 0.8409999996185738569, -2.472020859874013876 ) ) ;
#3065 = LINE ( 'NONE', #10295, #8234 ) ;
#3066 = ORIENTED_EDGE ( 'NONE', *, *, #1102, .T. ) ;
#3067 = ORIENTED_EDGE ( 'NONE', *, *, #10839, .F. ) ;
#3068 = DIRECTION ( 'NONE',  ( 3.302233253054859739E-15, 0.0000000000000000000, 1.000000000000000000 ) ) ;
#3069 = COLOUR_RGB ( '',1.000000000000000000, 1.000000000000000000, 1.000000000000000000 ) ;
#3070 = B_SPLINE_CURVE_WITH_KNOTS ( 'NONE', 3,
 ( #4745, #1029, #3778, #2867 ),
 .UNSPECIFIED., .F., .F.,
 ( 4, 4 ),
 ( 0.0000000000000000000, 1.000000000000000000 ),
 .UNSPECIFIED. ) ;
#3071 = DIRECTION ( 'NONE',  ( -0.0000000000000000000, -1.000000000000000000, -0.0000000000000000000 ) ) ;
#3072 =( LENGTH_UNIT ( ) NAMED_UNIT ( * ) SI_UNIT ( .MILLI., .METRE. ) );
#3073 = CARTESIAN_POINT ( 'NONE',  ( -0.1567113160363055313, 0.8400000000000000799, -2.231900930169421482 ) ) ;
#3074 = CARTESIAN_POINT ( 'NONE',  ( 0.6334584937691947193, 0.8399999996185738560, -2.089654474922372884 ) ) ;
#3075 = EDGE_CURVE ( 'NONE', #8701, #4565, #11184, .T. ) ;
#3076 = LINE ( 'NONE', #6766, #7836 ) ;
#3077 = EDGE_CURVE ( 'NONE', #10396, #10483, #595, .T. ) ;
#3078 = CARTESIAN_POINT ( 'NONE',  ( -0.4729496947458396994, 0.8399999996185738560, -2.538168735791555886 ) ) ;
#3079 = ORIENTED_EDGE ( 'NONE', *, *, #11894, .T. ) ;
#3080 = CARTESIAN_POINT ( 'NONE',  ( 0.4443761837901294975, 0.8399999996185738560, -2.525244071352073405 ) ) ;
#3081 = ORIENTED_EDGE ( 'NONE', *, *, #11871, .F. ) ;
#3082 = DIRECTION ( 'NONE',  ( -0.0000000000000000000, -1.000000000000000000, -0.0000000000000000000 ) ) ;
#3083 = DIRECTION ( 'NONE',  ( 0.0000000000000000000, -0.0000000000000000000, 1.000000000000000000 ) ) ;
#3084 = SURFACE_SIDE_STYLE ('',( #419 ) ) ;
#3085 = CARTESIAN_POINT ( 'NONE',  ( -0.2493671467405855213, 0.8409999996185738569, -2.078112393772600264 ) ) ;
#3086 = SURFACE_STYLE_USAGE ( .BOTH. , #3929 ) ;
#3087 = PRESENTATION_LAYER_ASSIGNMENT (  '', '', ( #11826 ) ) ;
#3088 = CARTESIAN_POINT ( 'NONE',  ( -0.7540392855017846729, 0.8409999996185738569, -2.179328817530069351 ) ) ;
#3089 = ORIENTED_EDGE ( 'NONE', *, *, #8721, .T. ) ;
#3090 = CARTESIAN_POINT ( 'NONE',  ( 0.7315011730168006210, 0.8409999996185738569, -2.661103169853078931 ) ) ;
#3091 = CARTESIAN_POINT ( 'NONE',  ( -0.8348613552200858656, 0.8400000000000000799, -2.511379115174473764 ) ) ;
#3092 = EDGE_LOOP ( 'NONE', ( #9101, #4233, #734, #10438 ) ) ;
#3093 = CARTESIAN_POINT ( 'NONE',  ( 0.2777036611262096444, 0.8399999996185738560, -2.264730687865103675 ) ) ;
#3094 = ADVANCED_FACE ( 'NONE', ( #648 ), #7900, .F. ) ;
#3095 =( NAMED_UNIT ( * ) SI_UNIT ( $, .STERADIAN. ) SOLID_ANGLE_UNIT ( ) );
#3096 = COLOUR_RGB ( '',1.000000000000000000, 1.000000000000000000, 1.000000000000000000 ) ;
#3097 = ORIENTED_EDGE ( 'NONE', *, *, #5561, .T. ) ;
#3098 = CARTESIAN_POINT ( 'NONE',  ( -0.2029888749591061692, 0.8399999996185738560, -2.055149861814720147 ) ) ;
#3099 = LINE ( 'NONE', #6788, #11414 ) ;
#3100 = FILL_AREA_STYLE_COLOUR ( '', #7310 ) ;
#3101 = COLOUR_RGB ( '',1.000000000000000000, 1.000000000000000000, 1.000000000000000000 ) ;
#3102 =( NAMED_UNIT ( * ) PLANE_ANGLE_UNIT ( ) SI_UNIT ( $, .RADIAN. ) );
#3103 = ORIENTED_EDGE ( 'NONE', *, *, #3192, .T. ) ;
#3104 = DIRECTION ( 'NONE',  ( -0.0000000000000000000, -1.000000000000000000, -0.0000000000000000000 ) ) ;
#3105 = B_SPLINE_SURFACE_WITH_KNOTS ( 'NONE', 3, 1, ( 
 ( #8819, #842 ),
 ( #3656, #1804 ),
 ( #6354, #4628 ),
 ( #11062, #3932 ) ),
 .UNSPECIFIED., .F., .F., .F.,
 ( 4, 4 ),
 ( 2, 2 ),
 ( 0.0000000000000000000, 1.000000000000000000 ),
 ( 0.0000000000000000000, 1.000000000000000000 ),
 .UNSPECIFIED. ) ;
#3106 = CARTESIAN_POINT ( 'NONE',  ( -0.1767531750691069270, 0.8399999996185738560, -2.428391718978884395 ) ) ;
#3107 = VERTEX_POINT ( 'NONE', #10573 ) ;
#3108 = FILL_AREA_STYLE ('',( #7541 ) ) ;
#3109 = PRESENTATION_STYLE_ASSIGNMENT (( #308 ) ) ;
#3110 = PLANE ( 'NONE',  #5689 ) ;
#3111 =( NAMED_UNIT ( * ) SI_UNIT ( $, .STERADIAN. ) SOLID_ANGLE_UNIT ( ) );
#3112 = ADVANCED_FACE ( 'NONE', ( #8734 ), #5253, .F. ) ;
#3113 = CARTESIAN_POINT ( 'NONE',  ( -0.7206026161611113201, 0.8400000000000000799, -2.083651601042033175 ) ) ;
#3114 = CARTESIAN_POINT ( 'NONE',  ( -0.3735461024566137933, 0.8409999996185738569, -2.426075323211226209 ) ) ;
#3115 = ORIENTED_EDGE ( 'NONE', *, *, #4342, .F. ) ;
#3116 = PLANE ( 'NONE',  #2466 ) ;
#3117 = ORIENTED_EDGE ( 'NONE', *, *, #9911, .F. ) ;
#3118 = CARTESIAN_POINT ( 'NONE',  ( 0.3379298676927366407, 0.8409999996185738569, -2.264730687865104120 ) ) ;
#3119 = DIRECTION ( 'NONE',  ( 1.000000000000000000, -0.0000000000000000000, -0.0000000000000000000 ) ) ;
#3120 = ADVANCED_FACE ( 'NONE', ( #8913 ), #473, .F. ) ;
#3121 = ORIENTED_EDGE ( 'NONE', *, *, #6976, .T. ) ;
#3122 = ORIENTED_EDGE ( 'NONE', *, *, #3840, .F. ) ;
#3123 = DIRECTION ( 'NONE',  ( -1.000000000000000000, 0.0000000000000000000, 3.302233253054837256E-15 ) ) ;
#3124 =( NAMED_UNIT ( * ) SI_UNIT ( $, .STERADIAN. ) SOLID_ANGLE_UNIT ( ) );
#3125 = FILL_AREA_STYLE ('',( #335 ) ) ;
#3126 = UNCERTAINTY_MEASURE_WITH_UNIT (LENGTH_MEASURE( 1.000000000000000082E-05 ), #3196, 'distance_accuracy_value', 'NONE');
#3127 = SURFACE_SIDE_STYLE ('',( #5969 ) ) ;
#3128 = CARTESIAN_POINT ( 'NONE',  ( -0.4142340976789598561, 0.8409999996185738569, -2.144180029579165758 ) ) ;
#3129 = LINE ( 'NONE', #2417, #5929 ) ;
#3130 = FILL_AREA_STYLE_COLOUR ( '', #6056 ) ;
#3131 = DIRECTION ( 'NONE',  ( 0.3559357243698752504, -0.0000000000000000000, 0.9345104387417468850 ) ) ;
#3132 = EDGE_LOOP ( 'NONE', ( #5883, #4832, #10079, #765 ) ) ;
#3133 = PLANE ( 'NONE',  #2955 ) ;
#3134 = ORIENTED_EDGE ( 'NONE', *, *, #7161, .F. ) ;
#3135 = UNCERTAINTY_MEASURE_WITH_UNIT (LENGTH_MEASURE( 1.000000000000000082E-05 ), #4853, 'distance_accuracy_value', 'NONE');
#3136 = CARTESIAN_POINT ( 'NONE',  ( -0.8418608989513857166, 0.8400000000000000799, -2.467669734168366436 ) ) ;
#3137 = DIRECTION ( 'NONE',  ( 0.0000000000000000000, 0.0000000000000000000, 1.000000000000000000 ) ) ;
#3138 = CARTESIAN_POINT ( 'NONE',  ( 0.5914402026622125330, 0.8399999996185738560, -2.507036102462834926 ) ) ;
#3139 = DIRECTION ( 'NONE',  ( 1.000000000000000000, -0.0000000000000000000, -0.0000000000000000000 ) ) ;
#3140 = EDGE_CURVE ( 'NONE', #378, #295, #47, .T. ) ;
#3141 = EDGE_CURVE ( 'NONE', #8967, #9010, #8714, .T. ) ;
#3142 = PLANE ( 'NONE',  #556 ) ;
#3143 =( NAMED_UNIT ( * ) SI_UNIT ( $, .STERADIAN. ) SOLID_ANGLE_UNIT ( ) );
#3144 = VERTEX_POINT ( 'NONE', #10865 ) ;
#3145 = ORIENTED_EDGE ( 'NONE', *, *, #5525, .F. ) ;
#3146 = VECTOR ( 'NONE', #6972, 1000.000000000000000 ) ;
#3147 = STYLED_ITEM ( 'NONE', ( #2184 ), #6415 ) ;
#3148 = FILL_AREA_STYLE ('',( #2499 ) ) ;
#3149 = DIRECTION ( 'NONE',  ( -0.3559357243698720863, 0.0000000000000000000, 0.9345104387417479952 ) ) ;
#3150 = LINE ( 'NONE', #3275, #9603 ) ;
#3151 = SURFACE_STYLE_USAGE ( .BOTH. , #7782 ) ;
#3152 = ORIENTED_EDGE ( 'NONE', *, *, #878, .F. ) ;
#3153 = FILL_AREA_STYLE_COLOUR ( '', #8807 ) ;
#3154 = FILL_AREA_STYLE ('',( #3100 ) ) ;
#3155 = LINE ( 'NONE', #481, #2814 ) ;
#3156 = B_SPLINE_CURVE_WITH_KNOTS ( 'NONE', 3,
 ( #11878, #11143, #10051, #7426 ),
 .UNSPECIFIED., .F., .F.,
 ( 4, 4 ),
 ( 13.00000000000000000, 14.00000000000000000 ),
 .UNSPECIFIED. ) ;
#3157 = PRESENTATION_LAYER_ASSIGNMENT (  '', '', ( #5852 ) ) ;
#3158 = EDGE_CURVE ( 'NONE', #11456, #3933, #3691, .T. ) ;
#3159 = LINE ( 'NONE', #6050, #5942 ) ;
#3160 = EDGE_CURVE ( 'NONE', #1059, #8229, #1720, .T. ) ;
#3161 = ORIENTED_EDGE ( 'NONE', *, *, #4791, .F. ) ;
#3162 = LINE ( 'NONE', #11371, #11933 ) ;
#3163 = FILL_AREA_STYLE ('',( #10465 ) ) ;
#3164 = CARTESIAN_POINT ( 'NONE',  ( -0.8190997927148842006, 0.8399999996185738560, -2.558814871981771599 ) ) ;
#3165 = ORIENTED_EDGE ( 'NONE', *, *, #8200, .T. ) ;
#3166 = LINE ( 'NONE', #4216, #4368 ) ;
#3167 = CARTESIAN_POINT ( 'NONE',  ( 0.8631584530925782150, 0.8399999996185738560, -2.472020859874013876 ) ) ;
#3168 = CARTESIAN_POINT ( 'NONE',  ( -0.5650516047230472738, 0.8409999996185738569, -2.370985389085523476 ) ) ;
#3169 = STYLED_ITEM ( 'NONE', ( #6031 ), #8590 ) ;
#3170 =( GEOMETRIC_REPRESENTATION_CONTEXT ( 3 ) GLOBAL_UNCERTAINTY_ASSIGNED_CONTEXT ( ( #7434 ) ) GLOBAL_UNIT_ASSIGNED_CONTEXT ( ( #2380, #11658, #5137 ) ) REPRESENTATION_CONTEXT ( 'NONE', 'WORKASPACE' ) );
#3171 = STYLED_ITEM ( 'NONE', ( #2556 ), #6099 ) ;
#3172 = CARTESIAN_POINT ( 'NONE',  ( 1.035433489371399451, 0.8399999996185738560, -2.345966039984117124 ) ) ;
#3173 = CARTESIAN_POINT ( 'NONE',  ( -0.04492004203401835094, 0.8399999996185738560, -2.058473386177187336 ) ) ;
#3174 = FILL_AREA_STYLE_COLOUR ( '', #2120 ) ;
#3175 = VECTOR ( 'NONE', #4412, 1000.000000000000000 ) ;
#3176 = ORIENTED_EDGE ( 'NONE', *, *, #1413, .F. ) ;
#3177 = AXIS2_PLACEMENT_3D ( 'NONE', #10798, #5059, #11645 ) ;
#3178 = DIRECTION ( 'NONE',  ( 1.000000000000000000, 0.0000000000000000000, -0.0000000000000000000 ) ) ;
#3179 = PRESENTATION_STYLE_ASSIGNMENT (( #4988 ) ) ;
#3180 = B_SPLINE_SURFACE_WITH_KNOTS ( 'NONE', 3, 1, ( 
 ( #10983, #11723 ),
 ( #11043, #2668 ),
 ( #4429, #6334 ),
 ( #7201, #8250 ) ),
 .UNSPECIFIED., .F., .F., .F.,
 ( 4, 4 ),
 ( 2, 2 ),
 ( 0.0000000000000000000, 1.000000000000000000 ),
 ( 0.0000000000000000000, 1.000000000000000000 ),
 .UNSPECIFIED. ) ;
#3181 = VERTEX_POINT ( 'NONE', #8180 ) ;
#3182 = SURFACE_STYLE_FILL_AREA ( #6683 ) ;
#3183 = LINE ( 'NONE', #4091, #5786 ) ;
#3184 = LINE ( 'NONE', #11632, #8050 ) ;
#3185 = STYLED_ITEM ( 'NONE', ( #11483 ), #9156 ) ;
#3186 = ORIENTED_EDGE ( 'NONE', *, *, #402, .T. ) ;
#3187 = AXIS2_PLACEMENT_3D ( 'NONE', #10535, #11314, #3178 ) ;
#3188 = ORIENTED_EDGE ( 'NONE', *, *, #8614, .F. ) ;
#3189 =( GEOMETRIC_REPRESENTATION_CONTEXT ( 3 ) GLOBAL_UNCERTAINTY_ASSIGNED_CONTEXT ( ( #907 ) ) GLOBAL_UNIT_ASSIGNED_CONTEXT ( ( #3527, #2525, #7225 ) ) REPRESENTATION_CONTEXT ( 'NONE', 'WORKASPACE' ) );
#3190 = CARTESIAN_POINT ( 'NONE',  ( -0.5735618413472309829, 0.8399999996185738560, -2.099664945696942286 ) ) ;
#3191 = CARTESIAN_POINT ( 'NONE',  ( -0.6219040138886532398, 0.8399999996185738560, -2.154452741243260583 ) ) ;
#3192 = EDGE_CURVE ( 'NONE', #4687, #1743, #5428, .T. ) ;
#3193 = STYLED_ITEM ( 'NONE', ( #1415 ), #9434 ) ;
#3194 = AXIS2_PLACEMENT_3D ( 'NONE', #7936, #2204, #4902 ) ;
#3195 = CARTESIAN_POINT ( 'NONE',  ( -0.1314323883114438540, 0.8399999996185738560, -2.160696938530807909 ) ) ;
#3196 =( LENGTH_UNIT ( ) NAMED_UNIT ( * ) SI_UNIT ( .MILLI., .METRE. ) );
#3197 = B_SPLINE_CURVE_WITH_KNOTS ( 'NONE', 3,
 ( #2016, #10076, #950, #6526 ),
 .UNSPECIFIED., .F., .F.,
 ( 4, 4 ),
 ( 8.000000000000000000, 9.000000000000000000 ),
 .UNSPECIFIED. ) ;
#3198 =( NAMED_UNIT ( * ) SI_UNIT ( $, .STERADIAN. ) SOLID_ANGLE_UNIT ( ) );
#3199 = COLOUR_RGB ( '',1.000000000000000000, 1.000000000000000000, 1.000000000000000000 ) ;
#3200 = FILL_AREA_STYLE_COLOUR ( '', #10485 ) ;
#3201 = CARTESIAN_POINT ( 'NONE',  ( -0.5921937203478343514, 0.8399999996185738560, -2.227872415791527061 ) ) ;
#3202 = CARTESIAN_POINT ( 'NONE',  ( -0.5724036434634047765, 0.8409999996185738569, -2.067134692090392356 ) ) ;
#3203 = EDGE_LOOP ( 'NONE', ( #2623, #8528, #6718, #4501 ) ) ;
#3204 = EDGE_LOOP ( 'NONE', ( #6443, #11601, #2944, #2019 ) ) ;
#3205 = CARTESIAN_POINT ( 'NONE',  ( -0.3330595329536246707, 0.8409999996185738569, -2.506142046483079699 ) ) ;
#3206 = LINE ( 'NONE', #11535, #2872 ) ;
#3207 = CARTESIAN_POINT ( 'NONE',  ( -0.1936729354588052066, 0.8409999996185738569, -2.571303266554186617 ) ) ;
#3208 = FACE_BOUND ( 'NONE', #8592, .T. ) ;
#3209 = ORIENTED_EDGE ( 'NONE', *, *, #2722, .T. ) ;
#3210 = CARTESIAN_POINT ( 'NONE',  ( -0.1581212960691742164, 0.8399999996185738560, -2.159186245637923829 ) ) ;
#3211 = PRESENTATION_LAYER_ASSIGNMENT (  '', '', ( #549 ) ) ;
#3212 = DIRECTION ( 'NONE',  ( 0.0000000000000000000, 1.000000000000000000, 0.0000000000000000000 ) ) ;
#3213 = VERTEX_POINT ( 'NONE', #2545 ) ;
#3214 = PRESENTATION_STYLE_ASSIGNMENT (( #701 ) ) ;
#3215 = VECTOR ( 'NONE', #8127, 1000.000000000000000 ) ;
#3216 = ADVANCED_FACE ( 'NONE', ( #4361, #7258 ), #9131, .F. ) ;
#3217 = EDGE_CURVE ( 'NONE', #9690, #7015, #5311, .T. ) ;
#3218 = STYLED_ITEM ( 'NONE', ( #5622 ), #3956 ) ;
#3219 = PRESENTATION_STYLE_ASSIGNMENT (( #4013 ) ) ;
#3220 = EDGE_LOOP ( 'NONE', ( #10758, #4395, #11569, #3665 ) ) ;
#3221 =( LENGTH_UNIT ( ) NAMED_UNIT ( * ) SI_UNIT ( .MILLI., .METRE. ) );
#3222 = DIRECTION ( 'NONE',  ( 1.000000000000000000, -1.232047923278982199E-16, 0.0000000000000000000 ) ) ;
#3223 = AXIS2_PLACEMENT_3D ( 'NONE', #6817, #10489, #6759 ) ;
#3224 = FILL_AREA_STYLE_COLOUR ( '', #3004 ) ;
#3225 = VECTOR ( 'NONE', #5067, 1000.000000000000000 ) ;
#3226 = DIRECTION ( 'NONE',  ( 0.0000000000000000000, 0.0000000000000000000, -1.000000000000000000 ) ) ;
#3227 = VERTEX_POINT ( 'NONE', #10369 ) ;
#3228 = PRESENTATION_LAYER_ASSIGNMENT (  '', '', ( #6890 ) ) ;
#3229 = CARTESIAN_POINT ( 'NONE',  ( -0.4585981122721630721, 0.8409999996185738569, -2.567677603613673476 ) ) ;
#3230 = CARTESIAN_POINT ( 'NONE',  ( 0.6894828551959794050, 0.8409999996185738569, -2.379580614097772440 ) ) ;
#3231 = ORIENTED_EDGE ( 'NONE', *, *, #8939, .T. ) ;
#3232 = PRESENTATION_LAYER_ASSIGNMENT (  '', '', ( #9618 ) ) ;
#3233 = FILL_AREA_STYLE ('',( #7737 ) ) ;
#3234 = MECHANICAL_DESIGN_GEOMETRIC_PRESENTATION_REPRESENTATION (  '', ( #1516 ), #4775 ) ;
#3235 = EDGE_CURVE ( 'NONE', #4740, #3470, #11914, .T. ) ;
#3236 = EDGE_CURVE ( 'NONE', #3853, #5268, #220, .T. ) ;
#3237 = CARTESIAN_POINT ( 'NONE',  ( -0.2789263709930535629, 0.8409999996185738569, -2.089795085468891145 ) ) ;
#3238 = FILL_AREA_STYLE ('',( #5336 ) ) ;
#3239 = AXIS2_PLACEMENT_3D ( 'NONE', #5239, #684, #2704 ) ;
#3240 =( GEOMETRIC_REPRESENTATION_CONTEXT ( 3 ) GLOBAL_UNCERTAINTY_ASSIGNED_CONTEXT ( ( #10562 ) ) GLOBAL_UNIT_ASSIGNED_CONTEXT ( ( #6348, #7285, #1855 ) ) REPRESENTATION_CONTEXT ( 'NONE', 'WORKASPACE' ) );
#3241 = SURFACE_SIDE_STYLE ('',( #4214 ) ) ;
#3242 = AXIS2_PLACEMENT_3D ( 'NONE', #2101, #4739, #1145 ) ;
#3243 = ORIENTED_EDGE ( 'NONE', *, *, #10593, .T. ) ;
#3244 = FILL_AREA_STYLE ('',( #11804 ) ) ;
#3245 = UNCERTAINTY_MEASURE_WITH_UNIT (LENGTH_MEASURE( 1.000000000000000082E-05 ), #6066, 'distance_accuracy_value', 'NONE');
#3246 = ORIENTED_EDGE ( 'NONE', *, *, #8868, .F. ) ;
#3247 =( LENGTH_UNIT ( ) NAMED_UNIT ( * ) SI_UNIT ( .MILLI., .METRE. ) );
#3248 = CARTESIAN_POINT ( 'NONE',  ( -0.1936729354588052066, 0.8409999996185738569, -2.571303266554186617 ) ) ;
#3249 = ADVANCED_FACE ( 'NONE', ( #7444 ), #7569, .F. ) ;
#3250 = ORIENTED_EDGE ( 'NONE', *, *, #10230, .T. ) ;
#3251 = VERTEX_POINT ( 'NONE', #5736 ) ;
#3252 = COLOUR_RGB ( '',1.000000000000000000, 1.000000000000000000, 1.000000000000000000 ) ;
#3253 = UNCERTAINTY_MEASURE_WITH_UNIT (LENGTH_MEASURE( 1.000000000000000082E-05 ), #7937, 'distance_accuracy_value', 'NONE');
#3254 =( LENGTH_UNIT ( ) NAMED_UNIT ( * ) SI_UNIT ( .MILLI., .METRE. ) );
#3255 = CARTESIAN_POINT ( 'NONE',  ( -0.1740842842937340984, 0.8409999996185738569, -2.528298875564845449 ) ) ;
#3256 = CARTESIAN_POINT ( 'NONE',  ( -0.6609302469297732019, 0.8409999996185738569, -2.255467739283379736 ) ) ;
#3257 = CARTESIAN_POINT ( 'NONE',  ( -0.3652372915511160612, 0.8399999996185738560, -2.526687469812611386 ) ) ;
#3258 = CARTESIAN_POINT ( 'NONE',  ( -0.9690108840214941566, 0.8409999996185738569, -2.402709939815955931 ) ) ;
#3259 = VERTEX_POINT ( 'NONE', #9437 ) ;
#3260 = STYLED_ITEM ( 'NONE', ( #2156 ), #749 ) ;
#3261 =( NAMED_UNIT ( * ) PLANE_ANGLE_UNIT ( ) SI_UNIT ( $, .RADIAN. ) );
#3262 = EDGE_CURVE ( 'NONE', #6651, #2263, #9128, .T. ) ;
#3263 = ORIENTED_EDGE ( 'NONE', *, *, #4372, .T. ) ;
#3264 = UNCERTAINTY_MEASURE_WITH_UNIT (LENGTH_MEASURE( 1.000000000000000082E-05 ), #6571, 'distance_accuracy_value', 'NONE');
#3265 = CARTESIAN_POINT ( 'NONE',  ( 0.0000000000000000000, 0.8409999996185738569, 0.0000000000000000000 ) ) ;
#3266 = CARTESIAN_POINT ( 'NONE',  ( 0.3295262308429499076, 0.8409999996185738569, -2.483225780245764458 ) ) ;
#3267 = SURFACE_STYLE_FILL_AREA ( #642 ) ;
#3268 = FILL_AREA_STYLE ('',( #10503 ) ) ;
#3269 =( NAMED_UNIT ( * ) PLANE_ANGLE_UNIT ( ) SI_UNIT ( $, .RADIAN. ) );
#3270 = ORIENTED_EDGE ( 'NONE', *, *, #3577, .F. ) ;
#3271 = CARTESIAN_POINT ( 'NONE',  ( -0.6665198106302211434, 0.8399999996185738560, -2.370985389085523476 ) ) ;
#3272 = SURFACE_STYLE_USAGE ( .BOTH. , #8911 ) ;
#3273 = VERTEX_POINT ( 'NONE', #94 ) ;
#3274 = CARTESIAN_POINT ( 'NONE',  ( -0.3652372915511160612, 0.8409999996185738569, -2.532125964224043901 ) ) ;
#3275 = CARTESIAN_POINT ( 'NONE',  ( -0.7350549114934644690, 0.8409999996185738569, -2.058473386177184672 ) ) ;
#3276 = EDGE_CURVE ( 'NONE', #6786, #10395, #10492, .T. ) ;
#3277 = ORIENTED_EDGE ( 'NONE', *, *, #5278, .F. ) ;
#3278 = DIRECTION ( 'NONE',  ( 0.0000000000000000000, 0.0000000000000000000, -1.000000000000000000 ) ) ;
#3279 = CARTESIAN_POINT ( 'NONE',  ( -0.5157023035868132377, 0.8409999996185738569, -2.255467739283380180 ) ) ;
#3280 = LINE ( 'NONE', #2383, #5529 ) ;
#3281 = PRESENTATION_LAYER_ASSIGNMENT (  '', '', ( #6947 ) ) ;
#3282 = ORIENTED_EDGE ( 'NONE', *, *, #668, .F. ) ;
#3283 = CARTESIAN_POINT ( 'NONE',  ( -2.100000000000000089, 0.8400000000000000799, 0.0000000000000000000 ) ) ;
#3284 = CARTESIAN_POINT ( 'NONE',  ( -0.3265131970880389978, 0.8399999996185738560, -2.476129614362882148 ) ) ;
#3285 = ORIENTED_EDGE ( 'NONE', *, *, #681, .F. ) ;
#3286 = DIRECTION ( 'NONE',  ( -0.0000000000000000000, -1.000000000000000000, -0.0000000000000000000 ) ) ;
#3287 =( LENGTH_UNIT ( ) NAMED_UNIT ( * ) SI_UNIT ( .MILLI., .METRE. ) );
#3288 = STYLED_ITEM ( 'NONE', ( #11810 ), #1913 ) ;
#3289 = CARTESIAN_POINT ( 'NONE',  ( -0.9652845082229830620, 0.8409999996185738569, -2.406738454195191057 ) ) ;
#3290 = FACE_OUTER_BOUND ( 'NONE', #6051, .T. ) ;
#3291 = SURFACE_STYLE_USAGE ( .BOTH. , #3241 ) ;
#3292 = ORIENTED_EDGE ( 'NONE', *, *, #7405, .T. ) ;
#3293 = EDGE_CURVE ( 'NONE', #1487, #7015, #1229, .T. ) ;
#3294 = FILL_AREA_STYLE ('',( #11628 ) ) ;
#3295 = EDGE_CURVE ( 'NONE', #11657, #7103, #2129, .T. ) ;
#3296 =( GEOMETRIC_REPRESENTATION_CONTEXT ( 3 ) GLOBAL_UNCERTAINTY_ASSIGNED_CONTEXT ( ( #11936 ) ) GLOBAL_UNIT_ASSIGNED_CONTEXT ( ( #6821, #9558, #11465 ) ) REPRESENTATION_CONTEXT ( 'NONE', 'WORKASPACE' ) );
#3297 = EDGE_CURVE ( 'NONE', #438, #6668, #3916, .T. ) ;
#3298 = VERTEX_POINT ( 'NONE', #153 ) ;
#3299 = PLANE ( 'NONE',  #9967 ) ;
#3300 = B_SPLINE_CURVE_WITH_KNOTS ( 'NONE', 3,
 ( #10111, #6803, #10531, #11383 ),
 .UNSPECIFIED., .F., .F.,
 ( 4, 4 ),
 ( 5.000000000000000000, 6.000000000000000000 ),
 .UNSPECIFIED. ) ;
#3301 = FILL_AREA_STYLE ('',( #8994 ) ) ;
#3302 = DIRECTION ( 'NONE',  ( -0.0000000000000000000, -1.000000000000000000, -0.0000000000000000000 ) ) ;
#3303 = ORIENTED_EDGE ( 'NONE', *, *, #4574, .T. ) ;
#3304 = ORIENTED_EDGE ( 'NONE', *, *, #5595, .F. ) ;
#3305 = CARTESIAN_POINT ( 'NONE',  ( -1.056782141042760026, 0.8409999996185738569, -2.567979742191714987 ) ) ;
#3306 = EDGE_CURVE ( 'NONE', #11604, #9197, #8414, .T. ) ;
#3307 = EDGE_CURVE ( 'NONE', #2731, #2275, #5652, .T. ) ;
#3308 = FACE_OUTER_BOUND ( 'NONE', #10372, .T. ) ;
#3309 = FILL_AREA_STYLE ('',( #9554 ) ) ;
#3310 = PRESENTATION_STYLE_ASSIGNMENT (( #5054 ) ) ;
#3311 = DIRECTION ( 'NONE',  ( 0.0000000000000000000, 0.0000000000000000000, 1.000000000000000000 ) ) ;
#3312 = CARTESIAN_POINT ( 'NONE',  ( -0.1740842842937340984, 0.8409999996185738569, -2.528298875564845449 ) ) ;
#3313 = CARTESIAN_POINT ( 'NONE',  ( -0.1567113160363055313, 0.8409999996185738569, -2.231900930169421482 ) ) ;
#3314 = SURFACE_STYLE_FILL_AREA ( #5183 ) ;
#3315 = ORIENTED_EDGE ( 'NONE', *, *, #8984, .F. ) ;
#3316 = CARTESIAN_POINT ( 'NONE',  ( -0.3747043003404401107, 0.8409999996185738569, -2.560124139154628331 ) ) ;
#3317 = ORIENTED_EDGE ( 'NONE', *, *, #6132, .T. ) ;
#3318 = SURFACE_SIDE_STYLE ('',( #2193 ) ) ;
#3319 = PRESENTATION_STYLE_ASSIGNMENT (( #6950 ) ) ;
#3320 = PLANE ( 'NONE',  #9032 ) ;
#3321 = CARTESIAN_POINT ( 'NONE',  ( 0.8071340649512808163, 0.8399999996185738560, -2.203103786108907780 ) ) ;
#3322 = VERTEX_POINT ( 'NONE', #7704 ) ;
#3323 = ADVANCED_FACE ( 'NONE', ( #9265 ), #2336, .F. ) ;
#3324 = ORIENTED_EDGE ( 'NONE', *, *, #546, .F. ) ;
#3325 = CARTESIAN_POINT ( 'NONE',  ( -0.3437854524861161387, 0.8409999996185738569, -2.144180029579166202 ) ) ;
#3326 = PRESENTATION_STYLE_ASSIGNMENT (( #4186 ) ) ;
#3327 = DIRECTION ( 'NONE',  ( -0.0000000000000000000, -1.000000000000000000, -0.0000000000000000000 ) ) ;
#3328 = FACE_OUTER_BOUND ( 'NONE', #1280, .T. ) ;
#3329 = VERTEX_POINT ( 'NONE', #5182 ) ;
#3330 = PRESENTATION_STYLE_ASSIGNMENT (( #4250 ) ) ;
#3331 = DIRECTION ( 'NONE',  ( 1.000000000000000000, -0.0000000000000000000, -0.0000000000000000000 ) ) ;
#3332 = CARTESIAN_POINT ( 'NONE',  ( -0.6798642645084208569, 0.8409999996185738569, -2.201586359471180643 ) ) ;
#3333 = CARTESIAN_POINT ( 'NONE',  ( -0.3747043003404401107, 0.8409999996185738569, -2.560124139154628331 ) ) ;
#3334 = SURFACE_STYLE_FILL_AREA ( #881 ) ;
#3335 = MECHANICAL_DESIGN_GEOMETRIC_PRESENTATION_REPRESENTATION (  '', ( #2570 ), #4688 ) ;
#3336 = EDGE_LOOP ( 'NONE', ( #1550, #6419, #6410, #1195 ) ) ;
#3337 = COLOUR_RGB ( '',1.000000000000000000, 1.000000000000000000, 1.000000000000000000 ) ;
#3338 = LINE ( 'NONE', #4311, #1273 ) ;
#3339 = FILL_AREA_STYLE ('',( #11616 ) ) ;
#3340 = VERTEX_POINT ( 'NONE', #410 ) ;
#3341 =( LENGTH_UNIT ( ) NAMED_UNIT ( * ) SI_UNIT ( .MILLI., .METRE. ) );
#3342 = CARTESIAN_POINT ( 'NONE',  ( -0.3183554554722341501, 0.8409999996185738569, -2.255467739283381068 ) ) ;
#3343 = VECTOR ( 'NONE', #2453, 1000.000000000000000 ) ;
#3344 = VECTOR ( 'NONE', #6820, 1000.000000000000000 ) ;
#3345 = LINE ( 'NONE', #10709, #4142 ) ;
#3346 = CARTESIAN_POINT ( 'NONE',  ( 0.7020883906145315434, 0.8409999996185738569, -2.577066694498510557 ) ) ;
#3347 = CARTESIAN_POINT ( 'NONE',  ( -0.4034074652871189048, 0.8409999996185738569, -2.427283877524723188 ) ) ;
#3348 = CARTESIAN_POINT ( 'NONE',  ( -0.5921937203478343514, 0.8409999996185738569, -2.227872415791527061 ) ) ;
#3349 = CARTESIAN_POINT ( 'NONE',  ( -0.7173798046579930032, 0.8409999996185738569, -2.097449262788629198 ) ) ;
#3350 = ORIENTED_EDGE ( 'NONE', *, *, #9123, .F. ) ;
#3351 = FILL_AREA_STYLE_COLOUR ( '', #3583 ) ;
#3352 = CARTESIAN_POINT ( 'NONE',  ( -1.489999999999999991, -0.02999999999999966929, -3.279999999999999805 ) ) ;
#3353 = ORIENTED_EDGE ( 'NONE', *, *, #8504, .T. ) ;
#3354 = CARTESIAN_POINT ( 'NONE',  ( -0.5650516047230472738, 0.8399999996185738560, -2.370985389085523476 ) ) ;
#3355 = STYLED_ITEM ( 'NONE', ( #4805 ), #5957 ) ;
#3356 = B_SPLINE_CURVE_WITH_KNOTS ( 'NONE', 3,
 ( #10452, #11293, #10510, #5866 ),
 .UNSPECIFIED., .F., .F.,
 ( 4, 4 ),
 ( 16.00000000000000000, 17.00000000000000000 ),
 .UNSPECIFIED. ) ;
#3357 =( LENGTH_UNIT ( ) NAMED_UNIT ( * ) SI_UNIT ( .MILLI., .METRE. ) );
#3358 = CARTESIAN_POINT ( 'NONE',  ( 0.5452200931313473387, 0.8409999996185738569, -2.089654474922372440 ) ) ;
#3359 = VERTEX_POINT ( 'NONE', #458 ) ;
#3360 = EDGE_CURVE ( 'NONE', #1291, #6430, #6999, .T. ) ;
#3361 = VERTEX_POINT ( 'NONE', #9736 ) ;
#3362 = EDGE_CURVE ( 'NONE', #11604, #566, #1351, .T. ) ;
#3363 = VECTOR ( 'NONE', #7, 1000.000000000000000 ) ;
#3364 = DIRECTION ( 'NONE',  ( -1.000000000000000000, -0.0000000000000000000, -0.0000000000000000000 ) ) ;
#3365 = STYLED_ITEM ( 'NONE', ( #1116 ), #7059 ) ;
#3366 =( NAMED_UNIT ( * ) PLANE_ANGLE_UNIT ( ) SI_UNIT ( $, .RADIAN. ) );
#3367 = STYLED_ITEM ( 'NONE', ( #5810 ), #5442 ) ;
#3368 = UNCERTAINTY_MEASURE_WITH_UNIT (LENGTH_MEASURE( 1.000000000000000082E-05 ), #5705, 'distance_accuracy_value', 'NONE');
#3369 = PRESENTATION_LAYER_ASSIGNMENT (  '', '', ( #4725 ) ) ;
#3370 = DIRECTION ( 'NONE',  ( 0.3559357243643127555, -0.0000000000000000000, 0.9345104387438654125 ) ) ;
#3371 = PRESENTATION_LAYER_ASSIGNMENT (  '', '', ( #11536 ) ) ;
#3372 = DIRECTION ( 'NONE',  ( 1.000000000000000000, 0.0000000000000000000, -4.093262511381672637E-15 ) ) ;
#3373 = DIRECTION ( 'NONE',  ( -1.000000000000000000, -0.0000000000000000000, 5.703459817243184186E-15 ) ) ;
#3374 = COLOUR_RGB ( '',1.000000000000000000, 1.000000000000000000, 1.000000000000000000 ) ;
#3375 =( NAMED_UNIT ( * ) SI_UNIT ( $, .STERADIAN. ) SOLID_ANGLE_UNIT ( ) );
#3376 = B_SPLINE_SURFACE_WITH_KNOTS ( 'NONE', 3, 1, ( 
 ( #5375, #10006 ),
 ( #5501, #9201 ),
 ( #940, #4363 ),
 ( #4423, #4599 ) ),
 .UNSPECIFIED., .F., .F., .F.,
 ( 4, 4 ),
 ( 2, 2 ),
 ( 6.000000000000000000, 7.000000000000000000 ),
 ( 0.0000000000000000000, 1.000000000000000000 ),
 .UNSPECIFIED. ) ;
#3377 = CARTESIAN_POINT ( 'NONE',  ( 0.9471950353051991067, 0.8409999996185738569, -2.266131222767700848 ) ) ;
#3378 = ORIENTED_EDGE ( 'NONE', *, *, #8435, .T. ) ;
#3379 = EDGE_CURVE ( 'NONE', #2527, #9920, #4121, .T. ) ;
#3380 = LINE ( 'NONE', #806, #3175 ) ;
#3381 = EDGE_CURVE ( 'NONE', #438, #2468, #1288, .T. ) ;
#3382 = COLOUR_RGB ( '',0.0000000000000000000, 0.01960784313725490169, 0.02745098039215686236 ) ;
#3383 = ORIENTED_EDGE ( 'NONE', *, *, #697, .T. ) ;
#3384 = DIRECTION ( 'NONE',  ( -0.0000000000000000000, -1.000000000000000000, -0.0000000000000000000 ) ) ;
#3385 = COLOUR_RGB ( '',1.000000000000000000, 1.000000000000000000, 1.000000000000000000 ) ;
#3386 = VECTOR ( 'NONE', #4410, 1000.000000000000000 ) ;
#3387 = MECHANICAL_DESIGN_GEOMETRIC_PRESENTATION_REPRESENTATION (  '', ( #5509 ), #10174 ) ;
#3388 = DIRECTION ( 'NONE',  ( 7.132909029509895711E-17, 1.000000000000000000, 0.0000000000000000000 ) ) ;
#3389 = EDGE_LOOP ( 'NONE', ( #2934, #3395, #4480, #1524 ) ) ;
#3390 = DIRECTION ( 'NONE',  ( 1.000000000000000000, -0.0000000000000000000, -0.0000000000000000000 ) ) ;
#3391 = EDGE_LOOP ( 'NONE', ( #6620, #6418, #7751, #3722 ) ) ;
#3392 = CARTESIAN_POINT ( 'NONE',  ( -0.9545585886891390093, 0.8399999996185738560, -2.370985389085522144 ) ) ;
#3393 = CARTESIAN_POINT ( 'NONE',  ( -0.3823081212298362619, 0.8409999996185738569, -2.506444185061117658 ) ) ;
#3394 = VECTOR ( 'NONE', #263, 1000.000000000000000 ) ;
#3395 = ORIENTED_EDGE ( 'NONE', *, *, #2416, .F. ) ;
#3396 =( NAMED_UNIT ( * ) PLANE_ANGLE_UNIT ( ) SI_UNIT ( $, .RADIAN. ) );
#3397 = PRESENTATION_LAYER_ASSIGNMENT (  '', '', ( #7856 ) ) ;
#3398 = CARTESIAN_POINT ( 'NONE',  ( -0.1936729354588052066, 0.8409999996185738569, -2.571303266554186617 ) ) ;
#3399 = CARTESIAN_POINT ( 'NONE',  ( -0.4707843682672035457, 0.8409999996185738569, -2.544614358797791631 ) ) ;
#3400 = FILL_AREA_STYLE_COLOUR ( '', #2069 ) ;
#3401 = DIRECTION ( 'NONE',  ( -1.000000000000000000, 0.0000000000000000000, 0.0000000000000000000 ) ) ;
#3402 = CARTESIAN_POINT ( 'NONE',  ( -0.4729496947458396994, 0.8409999996185738569, -2.538168735791555886 ) ) ;
#3403 = ORIENTED_EDGE ( 'NONE', *, *, #5258, .F. ) ;
#3404 = CARTESIAN_POINT ( 'NONE',  ( -0.3624676879157273102, 0.8399999996185738560, -2.424061066021604649 ) ) ;
#3405 = SURFACE_STYLE_FILL_AREA ( #3462 ) ;
#3406 = AXIS2_PLACEMENT_3D ( 'NONE', #4928, #11450, #1216 ) ;
#3407 = SURFACE_STYLE_FILL_AREA ( #1505 ) ;
#3408 =( GEOMETRIC_REPRESENTATION_CONTEXT ( 3 ) GLOBAL_UNCERTAINTY_ASSIGNED_CONTEXT ( ( #1803 ) ) GLOBAL_UNIT_ASSIGNED_CONTEXT ( ( #7892, #10443, #1363 ) ) REPRESENTATION_CONTEXT ( 'NONE', 'WORKASPACE' ) );
#3409 = CARTESIAN_POINT ( 'NONE',  ( -0.9663419932461209116, 0.8409999996185738569, -2.402105662659876462 ) ) ;
#3410 = PLANE ( 'NONE',  #4842 ) ;
#3411 = CARTESIAN_POINT ( 'NONE',  ( -0.2956950620930670071, 0.8409999996185738569, -2.465252625541360487 ) ) ;
#3412 = EDGE_CURVE ( 'NONE', #11828, #3449, #8187, .T. ) ;
#3413 = STYLED_ITEM ( 'NONE', ( #4595 ), #4640 ) ;
#3414 = LINE ( 'NONE', #7101, #4431 ) ;
#3415 = EDGE_LOOP ( 'NONE', ( #10723, #11134, #8697, #1718, #8353, #5349, #3270, #8808 ) ) ;
#3416 =( NAMED_UNIT ( * ) SI_UNIT ( $, .STERADIAN. ) SOLID_ANGLE_UNIT ( ) );
#3417 = CARTESIAN_POINT ( 'NONE',  ( -1.000735434753270203, 0.8409999996185738569, -2.491840820439746196 ) ) ;
#3418 = PRESENTATION_LAYER_ASSIGNMENT (  '', '', ( #563 ) ) ;
#3419 = VECTOR ( 'NONE', #3860, 1000.000000000000000 ) ;
#3420 = ORIENTED_EDGE ( 'NONE', *, *, #5665, .F. ) ;
#3421 = UNCERTAINTY_MEASURE_WITH_UNIT (LENGTH_MEASURE( 1.000000000000000082E-05 ), #4899, 'distance_accuracy_value', 'NONE');
#3422 =( NAMED_UNIT ( * ) SI_UNIT ( $, .STERADIAN. ) SOLID_ANGLE_UNIT ( ) );
#3423 = PRESENTATION_LAYER_ASSIGNMENT (  '', '', ( #4582 ) ) ;
#3424 = ORIENTED_EDGE ( 'NONE', *, *, #8556, .T. ) ;
#3425 = ORIENTED_EDGE ( 'NONE', *, *, #830, .F. ) ;
#3426 =( GEOMETRIC_REPRESENTATION_CONTEXT ( 3 ) GLOBAL_UNCERTAINTY_ASSIGNED_CONTEXT ( ( #1683 ) ) GLOBAL_UNIT_ASSIGNED_CONTEXT ( ( #9033, #11104, #6644 ) ) REPRESENTATION_CONTEXT ( 'NONE', 'WORKASPACE' ) );
#3427 = CARTESIAN_POINT ( 'NONE',  ( -0.3401094331159405515, 0.8409999996185738569, -2.444102925054405517 ) ) ;
#3428 = CARTESIAN_POINT ( 'NONE',  ( -0.1859684017100659836, 0.8409999996185738569, -2.548945011753727119 ) ) ;
#3429 = CARTESIAN_POINT ( 'NONE',  ( -0.3211250591069505500, 0.8399999996185738560, -2.457397022504271611 ) ) ;
#3430 = CARTESIAN_POINT ( 'NONE',  ( -0.2956950620930670071, 0.8409999996185738569, -2.465252625541360487 ) ) ;
#3431 = VERTEX_POINT ( 'NONE', #5057 ) ;
#3432 = LINE ( 'NONE', #9812, #9354 ) ;
#3433 = ORIENTED_EDGE ( 'NONE', *, *, #476, .T. ) ;
#3434 = CARTESIAN_POINT ( 'NONE',  ( 0.5914402026622124220, 0.8409999996185738569, -2.521042199499166081 ) ) ;
#3435 = DIRECTION ( 'NONE',  ( -0.0000000000000000000, -1.000000000000000000, -0.0000000000000000000 ) ) ;
#3436 = CARTESIAN_POINT ( 'NONE',  ( -0.7336449314612687456, 0.8400000000000000799, -2.393645782464019600 ) ) ;
#3437 = CARTESIAN_POINT ( 'NONE',  ( -0.8202579905973723662, 0.8399999996185738560, -2.412176948605279314 ) ) ;
#3438 = CARTESIAN_POINT ( 'NONE',  ( -0.4585981122721630721, 0.8409999996185738569, -2.567677603613673476 ) ) ;
#3439 = FACE_OUTER_BOUND ( 'NONE', #11492, .T. ) ;
#3440 = EDGE_CURVE ( 'NONE', #8775, #2898, #3129, .T. ) ;
#3441 = EDGE_CURVE ( 'NONE', #9720, #1622, #5915, .T. ) ;
#3442 = SURFACE_SIDE_STYLE ('',( #8067 ) ) ;
#3443 = VERTEX_POINT ( 'NONE', #4167 ) ;
#3444 = PRESENTATION_LAYER_ASSIGNMENT (  '', '', ( #22 ) ) ;
#3445 = DIRECTION ( 'NONE',  ( 0.0000000000000000000, 0.0000000000000000000, -1.000000000000000000 ) ) ;
#3446 = B_SPLINE_CURVE_WITH_KNOTS ( 'NONE', 3,
 ( #7229, #10719, #8888, #6233 ),
 .UNSPECIFIED., .F., .F.,
 ( 4, 4 ),
 ( 11.00000000000000000, 12.00000000000000000 ),
 .UNSPECIFIED. ) ;
#3447 = SURFACE_SIDE_STYLE ('',( #7901 ) ) ;
#3448 = SURFACE_SIDE_STYLE ('',( #9081 ) ) ;
#3449 = VERTEX_POINT ( 'NONE', #6881 ) ;
#3450 = PLANE ( 'NONE',  #1644 ) ;
#3451 = ORIENTED_EDGE ( 'NONE', *, *, #770, .T. ) ;
#3452 = CARTESIAN_POINT ( 'NONE',  ( 2.100000000000000089, 0.8400000000000000799, -3.279999999999999805 ) ) ;
#3453 = FACE_OUTER_BOUND ( 'NONE', #10909, .T. ) ;
#3454 =( LENGTH_UNIT ( ) NAMED_UNIT ( * ) SI_UNIT ( .MILLI., .METRE. ) );
#3455 = CARTESIAN_POINT ( 'NONE',  ( -0.5155512342977919271, 0.8400000000000000799, -2.233008771623575139 ) ) ;
#3456 = SURFACE_STYLE_USAGE ( .BOTH. , #10824 ) ;
#3457 = CARTESIAN_POINT ( 'NONE',  ( -0.4084934646901655642, 0.8399999996185738560, -2.632234546528698260 ) ) ;
#3458 = EDGE_CURVE ( 'NONE', #3602, #9563, #515, .T. ) ;
#3459 = CARTESIAN_POINT ( 'NONE',  ( -0.3211250591069507720, 0.8399999996185738560, -2.463036942633053616 ) ) ;
#3460 = EDGE_LOOP ( 'NONE', ( #7539, #5384, #1681, #3664 ) ) ;
#3461 = FILL_AREA_STYLE ('',( #11795 ) ) ;
#3462 = FILL_AREA_STYLE ('',( #8091 ) ) ;
#3463 = FILL_AREA_STYLE_COLOUR ( '', #11692 ) ;
#3464 = DIRECTION ( 'NONE',  ( -1.000000000000000000, 0.0000000000000000000, -0.0000000000000000000 ) ) ;
#3465 = CARTESIAN_POINT ( 'NONE',  ( 0.2721012009410058163, 0.8399999996185738560, -2.479023961820537192 ) ) ;
#3466 = CARTESIAN_POINT ( 'NONE',  ( -0.7622473835479334214, 0.8400000000000000799, -2.545520774531907282 ) ) ;
#3467 = ORIENTED_EDGE ( 'NONE', *, *, #5923, .F. ) ;
#3468 = UNCERTAINTY_MEASURE_WITH_UNIT (LENGTH_MEASURE( 1.000000000000000082E-05 ), #9767, 'distance_accuracy_value', 'NONE');
#3469 = B_SPLINE_SURFACE_WITH_KNOTS ( 'NONE', 3, 1, ( 
 ( #4158, #9980 ),
 ( #2633, #5290 ),
 ( #10046, #5412 ),
 ( #2697, #3478 ) ),
 .UNSPECIFIED., .F., .F., .F.,
 ( 4, 4 ),
 ( 2, 2 ),
 ( 2.000000000000000000, 3.000000000000000000 ),
 ( 0.0000000000000000000, 1.000000000000000000 ),
 .UNSPECIFIED. ) ;
#3470 = VERTEX_POINT ( 'NONE', #2365 ) ;
#3471 = FILL_AREA_STYLE ('',( #5228 ) ) ;
#3472 = STYLED_ITEM ( 'NONE', ( #9307 ), #1499 ) ;
#3473 = EDGE_CURVE ( 'NONE', #2140, #3797, #8895, .T. ) ;
#3474 = SURFACE_STYLE_USAGE ( .BOTH. , #9108 ) ;
#3475 = ORIENTED_EDGE ( 'NONE', *, *, #4164, .T. ) ;
#3476 = ORIENTED_EDGE ( 'NONE', *, *, #8478, .T. ) ;
#3477 = SURFACE_STYLE_FILL_AREA ( #793 ) ;
#3478 = CARTESIAN_POINT ( 'NONE',  ( -0.1567113160363055313, 0.8399999996185738560, -2.231900930169421482 ) ) ;
#3479 =( GEOMETRIC_REPRESENTATION_CONTEXT ( 3 ) GLOBAL_UNCERTAINTY_ASSIGNED_CONTEXT ( ( #5361 ) ) GLOBAL_UNIT_ASSIGNED_CONTEXT ( ( #11484, #10822, #8077 ) ) REPRESENTATION_CONTEXT ( 'NONE', 'WORKASPACE' ) );
#3480 = PLANE ( 'NONE',  #7281 ) ;
#3481 =( NAMED_UNIT ( * ) PLANE_ANGLE_UNIT ( ) SI_UNIT ( $, .RADIAN. ) );
#3482 = CARTESIAN_POINT ( 'NONE',  ( -0.1859684017100659836, 0.8400000000000000799, -2.548945011753727119 ) ) ;
#3483 = DIRECTION ( 'NONE',  ( -1.000000000000000000, 0.0000000000000000000, -0.0000000000000000000 ) ) ;
#3484 = FILL_AREA_STYLE_COLOUR ( '', #9283 ) ;
#3485 = FILL_AREA_STYLE ('',( #8117 ) ) ;
#3486 = CARTESIAN_POINT ( 'NONE',  ( -0.4677629824827798655, 0.8399999996185738560, -2.533032379959503810 ) ) ;
#3487 = ORIENTED_EDGE ( 'NONE', *, *, #6308, .F. ) ;
#3488 = UNCERTAINTY_MEASURE_WITH_UNIT (LENGTH_MEASURE( 1.000000000000000082E-05 ), #676, 'distance_accuracy_value', 'NONE');
#3489 = CARTESIAN_POINT ( 'NONE',  ( -0.3905665757056559495, 0.8399999996185738560, -2.529708855597042838 ) ) ;
#3490 = EDGE_LOOP ( 'NONE', ( #7835, #1034, #1294, #7141 ) ) ;
#3491 = PRESENTATION_STYLE_ASSIGNMENT (( #11829 ) ) ;
#3492 = PLANE ( 'NONE',  #9795 ) ;
#3493 = DIRECTION ( 'NONE',  ( -0.3658589216693606816, -0.0000000000000000000, -0.9306703226357508907 ) ) ;
#3494 = SURFACE_SIDE_STYLE ('',( #11835 ) ) ;
#3495 = LINE ( 'NONE', #92, #10911 ) ;
#3496 = ORIENTED_EDGE ( 'NONE', *, *, #2127, .F. ) ;
#3497 = SURFACE_SIDE_STYLE ('',( #11892 ) ) ;
#3498 = CARTESIAN_POINT ( 'NONE',  ( -0.2789263709930535629, 0.8409999996185738569, -2.089795085468891145 ) ) ;
#3499 = EDGE_LOOP ( 'NONE', ( #11014, #6147, #5454, #9949 ) ) ;
#3500 =( LENGTH_UNIT ( ) NAMED_UNIT ( * ) SI_UNIT ( .MILLI., .METRE. ) );
#3501 = ORIENTED_EDGE ( 'NONE', *, *, #4873, .T. ) ;
#3502 = EDGE_CURVE ( 'NONE', #3227, #7746, #11538, .T. ) ;
#3503 = PLANE ( 'NONE',  #1387 ) ;
#3504 =( NAMED_UNIT ( * ) SI_UNIT ( $, .STERADIAN. ) SOLID_ANGLE_UNIT ( ) );
#3505 = EDGE_CURVE ( 'NONE', #122, #8874, #8841, .T. ) ;
#3506 = CARTESIAN_POINT ( 'NONE',  ( -0.1490571387172380802, 0.8399999996185738560, -2.530313132753124528 ) ) ;
#3507 = CARTESIAN_POINT ( 'NONE',  ( 0.8687608999211974270, 0.8399999996185738560, -2.119067284039826138 ) ) ;
#3508 = B_SPLINE_CURVE_WITH_KNOTS ( 'NONE', 3,
 ( #2904, #2958, #5629, #5752 ),
 .UNSPECIFIED., .F., .F.,
 ( 4, 4 ),
 ( 2.000000000000000000, 3.000000000000000000 ),
 .UNSPECIFIED. ) ;
#3509 =( LENGTH_UNIT ( ) NAMED_UNIT ( * ) SI_UNIT ( .MILLI., .METRE. ) );
#3510 = ORIENTED_EDGE ( 'NONE', *, *, #10674, .F. ) ;
#3511 = CARTESIAN_POINT ( 'NONE',  ( -0.01949004502012872952, 0.8400000000000000799, -2.255467739283381956 ) ) ;
#3513 = CARTESIAN_POINT ( 'NONE',  ( -0.7540392855017846729, 0.8409999996185738569, -2.179328817530069351 ) ) ;
#3512 = CARTESIAN_POINT ( 'NONE',  ( -0.6609302469297738680, 0.8409999996185738569, -2.456692032487504562 ) ) ;
#3514 = PRESENTATION_STYLE_ASSIGNMENT (( #9148 ) ) ;
#3515 = DIRECTION ( 'NONE',  ( -1.000000000000000000, 0.0000000000000000000, 3.302233253054837256E-15 ) ) ;
#3516 = DIRECTION ( 'NONE',  ( -0.0000000000000000000, -1.000000000000000000, -0.0000000000000000000 ) ) ;
#3517 = CARTESIAN_POINT ( 'NONE',  ( -0.2200000000000000011, 0.3500000000000004774, -3.279999999999999805 ) ) ;
#3518 = EDGE_CURVE ( 'NONE', #1626, #6870, #4408, .T. ) ;
#3519 = FILL_AREA_STYLE_COLOUR ( '', #3847 ) ;
#3520 = EDGE_CURVE ( 'NONE', #5825, #239, #7180, .T. ) ;
#3521 = VECTOR ( 'NONE', #10720, 1000.000000000000000 ) ;
#3522 =( GEOMETRIC_REPRESENTATION_CONTEXT ( 3 ) GLOBAL_UNCERTAINTY_ASSIGNED_CONTEXT ( ( #1630 ) ) GLOBAL_UNIT_ASSIGNED_CONTEXT ( ( #4479, #935, #8130 ) ) REPRESENTATION_CONTEXT ( 'NONE', 'WORKASPACE' ) );
#3523 = CARTESIAN_POINT ( 'NONE',  ( -0.9679030425686760974, 0.8400000000000000799, -2.396163603951712684 ) ) ;
#3524 = EDGE_LOOP ( 'NONE', ( #5244, #2739, #9913, #7817 ) ) ;
#3525 = PRESENTATION_STYLE_ASSIGNMENT (( #1744 ) ) ;
#3526 = ORIENTED_EDGE ( 'NONE', *, *, #6017, .F. ) ;
#3527 =( LENGTH_UNIT ( ) NAMED_UNIT ( * ) SI_UNIT ( .MILLI., .METRE. ) );
#3528 = PRESENTATION_LAYER_ASSIGNMENT (  '', '', ( #1244 ) ) ;
#3529 = UNCERTAINTY_MEASURE_WITH_UNIT (LENGTH_MEASURE( 1.000000000000000082E-05 ), #10607, 'distance_accuracy_value', 'NONE');
#3530 = LINE ( 'NONE', #8941, #7348 ) ;
#3531 = ORIENTED_EDGE ( 'NONE', *, *, #8521, .F. ) ;
#3532 = ORIENTED_EDGE ( 'NONE', *, *, #9896, .F. ) ;
#3533 = DIRECTION ( 'NONE',  ( 1.000000000000000000, -0.0000000000000000000, -0.0000000000000000000 ) ) ;
#3534 = ADVANCED_FACE ( 'NONE', ( #800 ), #5416, .F. ) ;
#3535 = PRESENTATION_LAYER_ASSIGNMENT (  '', '', ( #6043 ) ) ;
#3536 =( GEOMETRIC_REPRESENTATION_CONTEXT ( 3 ) GLOBAL_UNCERTAINTY_ASSIGNED_CONTEXT ( ( #4769 ) ) GLOBAL_UNIT_ASSIGNED_CONTEXT ( ( #887, #10139, #8324 ) ) REPRESENTATION_CONTEXT ( 'NONE', 'WORKASPACE' ) );
#3537 = CARTESIAN_POINT ( 'NONE',  ( -0.7942740728564093855, 0.8409999996185738569, -2.370985389085522588 ) ) ;
#3538 = LINE ( 'NONE', #9985, #4722 ) ;
#3539 = SURFACE_STYLE_USAGE ( .BOTH. , #2640 ) ;
#3540 = UNCERTAINTY_MEASURE_WITH_UNIT (LENGTH_MEASURE( 1.000000000000000082E-05 ), #313, 'distance_accuracy_value', 'NONE');
#3541 = DIRECTION ( 'NONE',  ( -0.0000000000000000000, -1.000000000000000000, -0.0000000000000000000 ) ) ;
#3542 = CARTESIAN_POINT ( 'NONE',  ( -0.1645669190740734755, 0.8409999996185738569, -2.201485646611835545 ) ) ;
#3543 = LINE ( 'NONE', #5609, #11546 ) ;
#3544 = VECTOR ( 'NONE', #4539, 1000.000000000000000 ) ;
#3545 = ORIENTED_EDGE ( 'NONE', *, *, #11912, .T. ) ;
#3546 = VECTOR ( 'NONE', #9526, 1000.000000000000000 ) ;
#3547 = LINE ( 'NONE', #7247, #11908 ) ;
#3548 = ORIENTED_EDGE ( 'NONE', *, *, #2211, .F. ) ;
#3549 = ADVANCED_FACE ( 'NONE', ( #4584 ), #1701, .F. ) ;
#3550 = PLANE ( 'NONE',  #7893 ) ;
#3551 =( GEOMETRIC_REPRESENTATION_CONTEXT ( 3 ) GLOBAL_UNCERTAINTY_ASSIGNED_CONTEXT ( ( #1106 ) ) GLOBAL_UNIT_ASSIGNED_CONTEXT ( ( #6592, #2155, #3947 ) ) REPRESENTATION_CONTEXT ( 'NONE', 'WORKASPACE' ) );
#3552 = PRESENTATION_LAYER_ASSIGNMENT (  '', '', ( #3365 ) ) ;
#3553 = FILL_AREA_STYLE_COLOUR ( '', #8257 ) ;
#3554 =( GEOMETRIC_REPRESENTATION_CONTEXT ( 3 ) GLOBAL_UNCERTAINTY_ASSIGNED_CONTEXT ( ( #8159 ) ) GLOBAL_UNIT_ASSIGNED_CONTEXT ( ( #6190, #3481, #4281 ) ) REPRESENTATION_CONTEXT ( 'NONE', 'WORKASPACE' ) );
#3555 =( NAMED_UNIT ( * ) SI_UNIT ( $, .STERADIAN. ) SOLID_ANGLE_UNIT ( ) );
#3556 = ORIENTED_EDGE ( 'NONE', *, *, #5078, .T. ) ;
#3557 = CARTESIAN_POINT ( 'NONE',  ( 0.2805048377901227519, 0.8399999996185738560, -2.189097769216112876 ) ) ;
#3558 =( NAMED_UNIT ( * ) SI_UNIT ( $, .STERADIAN. ) SOLID_ANGLE_UNIT ( ) );
#3559 = CARTESIAN_POINT ( 'NONE',  ( -0.3823081212298362619, 0.8399999996185738560, -2.506444185061117658 ) ) ;
#3560 = ORIENTED_EDGE ( 'NONE', *, *, #1825, .T. ) ;
#3561 = SURFACE_STYLE_FILL_AREA ( #4484 ) ;
#3562 = EDGE_LOOP ( 'NONE', ( #2503, #4567, #5985, #3378 ) ) ;
#3563 = MECHANICAL_DESIGN_GEOMETRIC_PRESENTATION_REPRESENTATION (  '', ( #1467 ), #11919 ) ;
#3564 = FILL_AREA_STYLE_COLOUR ( '', #2601 ) ;
#3565 = CARTESIAN_POINT ( 'NONE',  ( -0.1581212960691742164, 0.8409999996185738569, -2.134410882210461491 ) ) ;
#3566 = PRESENTATION_LAYER_ASSIGNMENT (  '', '', ( #6248 ) ) ;
#3567 =( NAMED_UNIT ( * ) SI_UNIT ( $, .STERADIAN. ) SOLID_ANGLE_UNIT ( ) );
#3568 = B_SPLINE_SURFACE_WITH_KNOTS ( 'NONE', 3, 1, ( 
 ( #7110, #6071 ),
 ( #10893, #10780 ),
 ( #6182, #1631 ),
 ( #9789, #11683 ) ),
 .UNSPECIFIED., .F., .F., .F.,
 ( 4, 4 ),
 ( 2, 2 ),
 ( 19.00000000000000000, 20.00000000000000000 ),
 ( 0.0000000000000000000, 1.000000000000000000 ),
 .UNSPECIFIED. ) ;
#3569 = UNCERTAINTY_MEASURE_WITH_UNIT (LENGTH_MEASURE( 1.000000000000000082E-05 ), #7665, 'distance_accuracy_value', 'NONE');
#3570 = DIRECTION ( 'NONE',  ( -0.0000000000000000000, -1.000000000000000000, -0.0000000000000000000 ) ) ;
#3571 = CARTESIAN_POINT ( 'NONE',  ( -0.2956950620930670071, 0.8409999996185738569, -2.465252625541360487 ) ) ;
#3572 = SURFACE_SIDE_STYLE ('',( #2781 ) ) ;
#3573 = CARTESIAN_POINT ( 'NONE',  ( -0.7223147347713514410, 0.8400000000000000799, -2.090197936907618903 ) ) ;
#3574 = AXIS2_PLACEMENT_3D ( 'NONE', #3265, #4955, #10738 ) ;
#3575 = ORIENTED_EDGE ( 'NONE', *, *, #11832, .T. ) ;
#3576 = STYLED_ITEM ( 'NONE', ( #10325 ), #7367 ) ;
#3577 = EDGE_CURVE ( 'NONE', #10190, #6430, #4467, .T. ) ;
#3578 = CARTESIAN_POINT ( 'NONE',  ( 0.3253243589893667354, 0.8409999996185738569, -2.568662950791342769 ) ) ;
#3580 = CARTESIAN_POINT ( 'NONE',  ( 0.8085346799974141296, 0.8409999996185738569, -2.119067284039825694 ) ) ;
#3579 = CARTESIAN_POINT ( 'NONE',  ( -0.3009824872148056940, 0.8399999996185738560, -2.442793657881559888 ) ) ;
#3581 = CARTESIAN_POINT ( 'NONE',  ( -0.7634055814317587396, 0.8400000000000000799, -2.393645782464019156 ) ) ;
#3582 = SURFACE_STYLE_FILL_AREA ( #5446 ) ;
#3583 = COLOUR_RGB ( '',1.000000000000000000, 1.000000000000000000, 1.000000000000000000 ) ;
#3584 = LINE ( 'NONE', #1678, #10340 ) ;
#3585 = CARTESIAN_POINT ( 'NONE',  ( -0.3211250591069507720, 0.8399999996185738560, -2.463036942633053616 ) ) ;
#3586 = MECHANICAL_DESIGN_GEOMETRIC_PRESENTATION_REPRESENTATION (  '', ( #8209 ), #9404 ) ;
#3587 = EDGE_LOOP ( 'NONE', ( #2876, #6185, #4435, #6269 ) ) ;
#3588 = VECTOR ( 'NONE', #8671, 1000.000000000000000 ) ;
#3589 = CARTESIAN_POINT ( 'NONE',  ( -0.1314323883114438540, 0.8409999996185738569, -2.128972387800373678 ) ) ;
#3590 = UNCERTAINTY_MEASURE_WITH_UNIT (LENGTH_MEASURE( 1.000000000000000082E-05 ), #5276, 'distance_accuracy_value', 'NONE');
#3591 = PRESENTATION_STYLE_ASSIGNMENT (( #2686 ) ) ;
#3592 = ORIENTED_EDGE ( 'NONE', *, *, #4854, .F. ) ;
#3593 = CARTESIAN_POINT ( 'NONE',  ( -0.2645244320897070511, 0.8399999996185738560, -2.231699504450727289 ) ) ;
#3594 = DIRECTION ( 'NONE',  ( 0.0000000000000000000, -1.000000000000000000, 0.0000000000000000000 ) ) ;
#3595 = ADVANCED_FACE ( 'NONE', ( #8225 ), #11939, .T. ) ;
#3596 = AXIS2_PLACEMENT_3D ( 'NONE', #949, #282, #11349 ) ;
#3597 = ADVANCED_FACE ( 'NONE', ( #6427 ), #6469, .F. ) ;
#3598 = MECHANICAL_DESIGN_GEOMETRIC_PRESENTATION_REPRESENTATION (  '', ( #2456 ), #9209 ) ;
#3599 = CARTESIAN_POINT ( 'NONE',  ( -0.4615187851965711352, 0.8399999996185738560, -2.058473386177185560 ) ) ;
#3600 = DIRECTION ( 'NONE',  ( -0.0000000000000000000, -1.000000000000000000, -0.0000000000000000000 ) ) ;
#3601 = ORIENTED_EDGE ( 'NONE', *, *, #6250, .T. ) ;
#3602 = VERTEX_POINT ( 'NONE', #779 ) ;
#3603 = MECHANICAL_DESIGN_GEOMETRIC_PRESENTATION_REPRESENTATION (  '', ( #7275 ), #5140 ) ;
#3604 =( GEOMETRIC_REPRESENTATION_CONTEXT ( 3 ) GLOBAL_UNCERTAINTY_ASSIGNED_CONTEXT ( ( #3245 ) ) GLOBAL_UNIT_ASSIGNED_CONTEXT ( ( #6066, #11805, #4217 ) ) REPRESENTATION_CONTEXT ( 'NONE', 'WORKASPACE' ) );
#3605 = PRESENTATION_LAYER_ASSIGNMENT (  '', '', ( #5724 ) ) ;
#3606 = PRESENTATION_LAYER_ASSIGNMENT (  '', '', ( #8853 ) ) ;
#3607 = FACE_OUTER_BOUND ( 'NONE', #10514, .T. ) ;
#3608 = EDGE_LOOP ( 'NONE', ( #5418, #6867, #4360, #2752 ) ) ;
#3609 = EDGE_CURVE ( 'NONE', #7922, #6668, #6284, .T. ) ;
#3610 = CARTESIAN_POINT ( 'NONE',  ( -0.6879212932655470736, 0.8409999996185738569, -2.179328817530069351 ) ) ;
#3611 = COLOUR_RGB ( '',0.9725490196078431238, 0.9686274509803921573, 1.000000000000000000 ) ;
#3612 = CARTESIAN_POINT ( 'NONE',  ( -0.6328313591411887096, 0.8409999996185738569, -2.255467739283379736 ) ) ;
#3613 = MECHANICAL_DESIGN_GEOMETRIC_PRESENTATION_REPRESENTATION (  '', ( #10408 ), #9821 ) ;
#3614 = VECTOR ( 'NONE', #11946, 1000.000000000000000 ) ;
#3615 = ORIENTED_EDGE ( 'NONE', *, *, #344, .T. ) ;
#3616 = UNCERTAINTY_MEASURE_WITH_UNIT (LENGTH_MEASURE( 1.000000000000000082E-05 ), #10695, 'distance_accuracy_value', 'NONE');
#3617 = PRESENTATION_STYLE_ASSIGNMENT (( #8901 ) ) ;
#3618 = PLANE ( 'NONE',  #4550 ) ;
#3619 = VECTOR ( 'NONE', #9117, 1000.000000000000000 ) ;
#3620 = LINE ( 'NONE', #10241, #11580 ) ;
#3621 = VECTOR ( 'NONE', #3901, 1000.000000000000000 ) ;
#3622 = FACE_OUTER_BOUND ( 'NONE', #11778, .T. ) ;
#3623 = CARTESIAN_POINT ( 'NONE',  ( -0.2621073234627079307, 0.8409999996185738569, -2.567979742191718096 ) ) ;
#3624 = ORIENTED_EDGE ( 'NONE', *, *, #4715, .T. ) ;
#3625 =( NAMED_UNIT ( * ) PLANE_ANGLE_UNIT ( ) SI_UNIT ( $, .RADIAN. ) );
#3626 = LINE ( 'NONE', #5429, #8026 ) ;
#3627 = EDGE_CURVE ( 'NONE', #905, #1059, #11815, .T. ) ;
#3628 = EDGE_LOOP ( 'NONE', ( #11295, #7428, #7938, #9077 ) ) ;
#3629 = VECTOR ( 'NONE', #2444, 1000.000000000000000 ) ;
#3630 = ORIENTED_EDGE ( 'NONE', *, *, #2060, .F. ) ;
#3631 = SURFACE_STYLE_FILL_AREA ( #6208 ) ;
#3632 = CARTESIAN_POINT ( 'NONE',  ( -0.1929679454427098984, 0.8409999996185738569, -2.503422799278036681 ) ) ;
#3633 = SURFACE_STYLE_FILL_AREA ( #11963 ) ;
#3634 = CARTESIAN_POINT ( 'NONE',  ( 1.050000000000000044, -0.02999999999999968317, -8.279999999999999361 ) ) ;
#3635 = VECTOR ( 'NONE', #3940, 1000.000000000000000 ) ;
#3636 = CARTESIAN_POINT ( 'NONE',  ( -0.6710015328765218667, 0.8409999996185738569, -2.567979742191716763 ) ) ;
#3637 = CARTESIAN_POINT ( 'NONE',  ( -0.5157023035868132377, 0.8409999996185738569, -2.255467739283379736 ) ) ;
#3638 = MECHANICAL_DESIGN_GEOMETRIC_PRESENTATION_REPRESENTATION (  '', ( #8111 ), #6528 ) ;
#3639 = SURFACE_SIDE_STYLE ('',( #11902 ) ) ;
#3640 = ORIENTED_EDGE ( 'NONE', *, *, #4191, .F. ) ;
#3641 = SURFACE_STYLE_FILL_AREA ( #4671 ) ;
#3643 = CARTESIAN_POINT ( 'NONE',  ( -0.2621073234627074866, 0.8409999996185738569, -2.441786529286748664 ) ) ;
#3642 = CARTESIAN_POINT ( 'NONE',  ( 0.5452200931313473387, 0.8399999996185738560, -2.089654474922372440 ) ) ;
#3644 = FACE_OUTER_BOUND ( 'NONE', #6372, .T. ) ;
#3645 = SURFACE_STYLE_USAGE ( .BOTH. , #11909 ) ;
#3646 = PRESENTATION_STYLE_ASSIGNMENT (( #962 ) ) ;
#3647 = CARTESIAN_POINT ( 'NONE',  ( -0.3504828576400529361, 0.8409999996185738569, -2.488215157499243269 ) ) ;
#3648 = FACE_OUTER_BOUND ( 'NONE', #7162, .T. ) ;
#3649 = AXIS2_PLACEMENT_3D ( 'NONE', #8693, #11674, #11446 ) ;
#3650 = CARTESIAN_POINT ( 'NONE',  ( 0.2286823215024050837, 0.8399999996185738560, -2.431403237244207372 ) ) ;
#3651 = PRESENTATION_STYLE_ASSIGNMENT (( #5590 ) ) ;
#3652 = ADVANCED_FACE ( 'NONE', ( #1737 ), #1796, .F. ) ;
#3653 = DIRECTION ( 'NONE',  ( -0.0000000000000000000, -1.000000000000000000, -0.0000000000000000000 ) ) ;
#3654 = VERTEX_POINT ( 'NONE', #5389 ) ;
#3655 = SURFACE_STYLE_FILL_AREA ( #5641 ) ;
#3656 = CARTESIAN_POINT ( 'NONE',  ( -0.2462450480974832101, 0.8409999996185738569, -2.258791263645847369 ) ) ;
#3657 = CARTESIAN_POINT ( 'NONE',  ( 0.6782780149684399795, 0.8399999996185738560, -2.491629470525244638 ) ) ;
#3658 = CARTESIAN_POINT ( 'NONE',  ( 0.2286823215024052780, 0.8399999996185738560, -2.373978234055434733 ) ) ;
#3659 = ORIENTED_EDGE ( 'NONE', *, *, #9066, .F. ) ;
#3660 = CARTESIAN_POINT ( 'NONE',  ( 0.1418445091968519312, 0.8409999996185738569, -2.372577592294788484 ) ) ;
#3661 = CARTESIAN_POINT ( 'NONE',  ( -0.5951647497025869260, 0.8399999996185738560, -2.155157731260029408 ) ) ;
#3662 = PRESENTATION_STYLE_ASSIGNMENT (( #23 ) ) ;
#3663 =( NAMED_UNIT ( * ) PLANE_ANGLE_UNIT ( ) SI_UNIT ( $, .RADIAN. ) );
#3664 = ORIENTED_EDGE ( 'NONE', *, *, #6610, .T. ) ;
#3665 = ORIENTED_EDGE ( 'NONE', *, *, #2222, .T. ) ;
#3666 = ADVANCED_FACE ( 'NONE', ( #10997 ), #111, .F. ) ;
#3667 = FACE_OUTER_BOUND ( 'NONE', #172, .T. ) ;
#3668 = ADVANCED_FACE ( 'NONE', ( #2678 ), #9869, .T. ) ;
#3669 = COLOUR_RGB ( '',0.0000000000000000000, 0.01960784313725490169, 0.02745098039215686236 ) ;
#3670 = COLOUR_RGB ( '',1.000000000000000000, 1.000000000000000000, 1.000000000000000000 ) ;
#3671 = VERTEX_POINT ( 'NONE', #6589 ) ;
#3672 = DIRECTION ( 'NONE',  ( -3.302233253054837651E-15, -0.0000000000000000000, -1.000000000000000000 ) ) ;
#3673 = UNCERTAINTY_MEASURE_WITH_UNIT (LENGTH_MEASURE( 1.000000000000000082E-05 ), #8814, 'distance_accuracy_value', 'NONE');
#3674 = LINE ( 'NONE', #3855, #10671 ) ;
#3675 =( NAMED_UNIT ( * ) PLANE_ANGLE_UNIT ( ) SI_UNIT ( $, .RADIAN. ) );
#3676 = DIRECTION ( 'NONE',  ( -3.302233253054837651E-15, -0.0000000000000000000, -1.000000000000000000 ) ) ;
#3677 = B_SPLINE_SURFACE_WITH_KNOTS ( 'NONE', 3, 1, ( 
 ( #11428, #10507 ),
 ( #2201, #9643 ),
 ( #171, #7137 ),
 ( #11603, #5073 ) ),
 .UNSPECIFIED., .F., .F., .F.,
 ( 4, 4 ),
 ( 2, 2 ),
 ( 0.0000000000000000000, 1.000000000000000000 ),
 ( 0.0000000000000000000, 1.000000000000000000 ),
 .UNSPECIFIED. ) ;
#3678 = VERTEX_POINT ( 'NONE', #6656 ) ;
#3679 = MECHANICAL_DESIGN_GEOMETRIC_PRESENTATION_REPRESENTATION (  '', ( #4828 ), #7360 ) ;
#3680 = DIRECTION ( 'NONE',  ( 0.0000000000000000000, -0.0000000000000000000, -1.000000000000000000 ) ) ;
#3681 = EDGE_CURVE ( 'NONE', #4670, #2263, #2966, .T. ) ;
#3682 = EDGE_CURVE ( 'NONE', #8551, #2140, #6534, .T. ) ;
#3683 = LINE ( 'NONE', #6322, #3614 ) ;
#3684 = UNCERTAINTY_MEASURE_WITH_UNIT (LENGTH_MEASURE( 1.000000000000000082E-05 ), #3287, 'distance_accuracy_value', 'NONE');
#3685 = DIRECTION ( 'NONE',  ( -0.0000000000000000000, -1.000000000000000000, -0.0000000000000000000 ) ) ;
#3686 = PRESENTATION_STYLE_ASSIGNMENT (( #7383 ) ) ;
#3687 = CARTESIAN_POINT ( 'NONE',  ( 0.1418445091968519312, 0.8409999996185738569, -2.372577592294788484 ) ) ;
#3688 = AXIS2_PLACEMENT_3D ( 'NONE', #3128, #6944, #11519 ) ;
#3689 = CARTESIAN_POINT ( 'NONE',  ( 0.9696047959044858944, 0.8399999996185738560, -2.186296552481105326 ) ) ;
#3690 = ORIENTED_EDGE ( 'NONE', *, *, #7925, .F. ) ;
#3691 = LINE ( 'NONE', #6444, #6892 ) ;
#3692 = LINE ( 'NONE', #4535, #11312 ) ;
#3693 = PRESENTATION_STYLE_ASSIGNMENT (( #9937 ) ) ;
#3694 = VERTEX_POINT ( 'NONE', #6727 ) ;
#3695 = CARTESIAN_POINT ( 'NONE',  ( 0.2721012009410058163, 0.8399999996185738560, -2.479023961820537192 ) ) ;
#3696 = ORIENTED_EDGE ( 'NONE', *, *, #652, .F. ) ;
#3697 = CARTESIAN_POINT ( 'NONE',  ( -0.7336449314612693007, 0.8409999996185738569, -2.545520774531907726 ) ) ;
#3698 = FILL_AREA_STYLE_COLOUR ( '', #11211 ) ;
#3699 = PLANE ( 'NONE',  #7072 ) ;
#3700 = LINE ( 'NONE', #7394, #6743 ) ;
#3701 = DIRECTION ( 'NONE',  ( 0.0000000000000000000, 0.0000000000000000000, 1.000000000000000000 ) ) ;
#3702 = DIRECTION ( 'NONE',  ( -0.0000000000000000000, -1.000000000000000000, -0.0000000000000000000 ) ) ;
#3703 = EDGE_LOOP ( 'NONE', ( #11649, #85, #6970, #5005, #8570, #5259, #2802, #3905, #413, #7477, #9501, #5753, #1946, #10497, #8075 ) ) ;
#3704 =( NAMED_UNIT ( * ) PLANE_ANGLE_UNIT ( ) SI_UNIT ( $, .RADIAN. ) );
#3705 =( LENGTH_UNIT ( ) NAMED_UNIT ( * ) SI_UNIT ( .MILLI., .METRE. ) );
#3706 = CARTESIAN_POINT ( 'NONE',  ( -0.9690108840214941566, 0.8399999996185738560, -2.402709939815955931 ) ) ;
#3707 = SURFACE_STYLE_USAGE ( .BOTH. , #4675 ) ;
#3708 = DIRECTION ( 'NONE',  ( 0.0000000000000000000, 0.0000000000000000000, -1.000000000000000000 ) ) ;
#3709 = CARTESIAN_POINT ( 'NONE',  ( -0.4084934646901654531, 0.8409999996185738569, -2.610279143165627147 ) ) ;
#3710 = SURFACE_STYLE_USAGE ( .BOTH. , #1858 ) ;
#3711 = EDGE_CURVE ( 'NONE', #3298, #1985, #2093, .T. ) ;
#3712 = EDGE_LOOP ( 'NONE', ( #10321, #8123, #1452, #2165 ) ) ;
#3713 = SURFACE_SIDE_STYLE ('',( #4627 ) ) ;
#3714 = FILL_AREA_STYLE ('',( #249 ) ) ;
#3715 =( NAMED_UNIT ( * ) PLANE_ANGLE_UNIT ( ) SI_UNIT ( $, .RADIAN. ) );
#3716 = ORIENTED_EDGE ( 'NONE', *, *, #6117, .T. ) ;
#3717 = SURFACE_SIDE_STYLE ('',( #2871 ) ) ;
#3718 = SURFACE_STYLE_FILL_AREA ( #5407 ) ;
#3719 = ORIENTED_EDGE ( 'NONE', *, *, #9304, .T. ) ;
#3720 = FILL_AREA_STYLE ('',( #10473 ) ) ;
#3721 = FILL_AREA_STYLE_COLOUR ( '', #6112 ) ;
#3722 = ORIENTED_EDGE ( 'NONE', *, *, #10115, .T. ) ;
#3723 = VECTOR ( 'NONE', #9316, 1000.000000000000000 ) ;
#3724 = LINE ( 'NONE', #4815, #5010 ) ;
#3725 = LINE ( 'NONE', #2848, #368 ) ;
#3726 = EDGE_CURVE ( 'NONE', #6560, #1845, #11388, .T. ) ;
#3727 = ORIENTED_EDGE ( 'NONE', *, *, #11708, .F. ) ;
#3728 = UNCERTAINTY_MEASURE_WITH_UNIT (LENGTH_MEASURE( 1.000000000000000082E-05 ), #5904, 'distance_accuracy_value', 'NONE');
#3729 = COLOUR_RGB ( '',1.000000000000000000, 1.000000000000000000, 1.000000000000000000 ) ;
#3730 = LINE ( 'NONE', #11147, #10954 ) ;
#3731 =( GEOMETRIC_REPRESENTATION_CONTEXT ( 3 ) GLOBAL_UNCERTAINTY_ASSIGNED_CONTEXT ( ( #10242 ) ) GLOBAL_UNIT_ASSIGNED_CONTEXT ( ( #8511, #2167, #2982 ) ) REPRESENTATION_CONTEXT ( 'NONE', 'WORKASPACE' ) );
#3732 = CARTESIAN_POINT ( 'NONE',  ( -0.3614102028919178866, 0.8409999996185738569, -2.444102925054405517 ) ) ;
#3733 = B_SPLINE_CURVE_WITH_KNOTS ( 'NONE', 3,
 ( #3787, #3114, #2042, #2110 ),
 .UNSPECIFIED., .F., .F.,
 ( 4, 4 ),
 ( 8.000000000000000000, 9.000000000000000000 ),
 .UNSPECIFIED. ) ;
#3734 = CARTESIAN_POINT ( 'NONE',  ( -0.5384634098246597889, 0.8409999996185738569, -2.427283877524722744 ) ) ;
#3735 = FACE_OUTER_BOUND ( 'NONE', #6704, .T. ) ;
#3736 = CARTESIAN_POINT ( 'NONE',  ( 0.9457944736880895542, 0.8409999996185738569, -2.532247119870911778 ) ) ;
#3737 = LINE ( 'NONE', #4653, #673 ) ;
#3738 = ORIENTED_EDGE ( 'NONE', *, *, #6383, .F. ) ;
#3739 = COLOUR_RGB ( '',1.000000000000000000, 1.000000000000000000, 1.000000000000000000 ) ;
#3740 = ADVANCED_FACE ( 'NONE', ( #1249 ), #4349, .F. ) ;
#3741 = CARTESIAN_POINT ( 'NONE',  ( -0.1774581650852088688, 0.8409999996185738569, -2.215384021217778443 ) ) ;
#3742 = EDGE_CURVE ( 'NONE', #7783, #7963, #8914, .T. ) ;
#3743 = CARTESIAN_POINT ( 'NONE',  ( -0.3823081212298362619, 0.8399999996185738560, -2.506444185061117658 ) ) ;
#3744 = ORIENTED_EDGE ( 'NONE', *, *, #4191, .T. ) ;
#3745 = CARTESIAN_POINT ( 'NONE',  ( -0.7618948885402176963, 0.8409999996185738569, -2.201586359471180643 ) ) ;
#3746 = ORIENTED_EDGE ( 'NONE', *, *, #7578, .T. ) ;
#3747 = CARTESIAN_POINT ( 'NONE',  ( -0.8418608989513857166, 0.8409999996185738569, -2.443095796459593849 ) ) ;
#3748 = CARTESIAN_POINT ( 'NONE',  ( -0.7868716776863777795, 0.8399999996185738560, -2.393645782464019156 ) ) ;
#3749 = DIRECTION ( 'NONE',  ( 1.000000000000000000, 1.289467883355211566E-16, -0.0000000000000000000 ) ) ;
#3750 = CARTESIAN_POINT ( 'NONE',  ( -0.2105423394188307429, 0.8399999996185738560, -2.078112393772600264 ) ) ;
#3751 = PRESENTATION_LAYER_ASSIGNMENT (  '', '', ( #8025 ) ) ;
#3752 = CARTESIAN_POINT ( 'NONE',  ( -0.1740842842937340984, 0.8400000000000000799, -2.528298875564845449 ) ) ;
#3753 = MECHANICAL_DESIGN_GEOMETRIC_PRESENTATION_REPRESENTATION (  '', ( #10555 ), #8405 ) ;
#3754 = VECTOR ( 'NONE', #7732, 1000.000000000000000 ) ;
#3755 = FILL_AREA_STYLE_COLOUR ( '', #5134 ) ;
#3756 = CARTESIAN_POINT ( 'NONE',  ( -0.1490571387172380802, 0.8409999996185738569, -2.530313132753124528 ) ) ;
#3757 = SURFACE_SIDE_STYLE ('',( #8431 ) ) ;
#3758 = ORIENTED_EDGE ( 'NONE', *, *, #5582, .T. ) ;
#3759 = LINE ( 'NONE', #9146, #8684 ) ;
#3760 = FACE_OUTER_BOUND ( 'NONE', #3524, .T. ) ;
#3761 = EDGE_CURVE ( 'NONE', #5109, #8560, #7078, .T. ) ;
#3762 = CARTESIAN_POINT ( 'NONE',  ( -0.4615187851965711352, 0.8409999996185738569, -2.058473386177185560 ) ) ;
#3763 = COLOUR_RGB ( '',1.000000000000000000, 1.000000000000000000, 1.000000000000000000 ) ;
#3764 = CARTESIAN_POINT ( 'NONE',  ( -0.5904816017376011139, 0.8409999996185738569, -2.393645782464020044 ) ) ;
#3765 = MECHANICAL_DESIGN_GEOMETRIC_PRESENTATION_REPRESENTATION (  '', ( #9964 ), #9375 ) ;
#3766 = MECHANICAL_DESIGN_GEOMETRIC_PRESENTATION_REPRESENTATION (  '', ( #6248 ), #8810 ) ;
#3767 = EDGE_CURVE ( 'NONE', #7377, #3340, #1371, .T. ) ;
#3768 = SURFACE_STYLE_USAGE ( .BOTH. , #2911 ) ;
#3769 = FILL_AREA_STYLE_COLOUR ( '', #4420 ) ;
#3770 =( NAMED_UNIT ( * ) SI_UNIT ( $, .STERADIAN. ) SOLID_ANGLE_UNIT ( ) );
#3771 = LINE ( 'NONE', #3709, #10971 ) ;
#3772 = SURFACE_STYLE_USAGE ( .BOTH. , #3839 ) ;
#3773 = AXIS2_PLACEMENT_3D ( 'NONE', #1358, #5855, #2320 ) ;
#3774 = VERTEX_POINT ( 'NONE', #539 ) ;
#3775 = VECTOR ( 'NONE', #7001, 1000.000000000000000 ) ;
#3776 = B_SPLINE_SURFACE_WITH_KNOTS ( 'NONE', 3, 1, ( 
 ( #11854, #112 ),
 ( #7469, #1023 ),
 ( #11183, #4798 ),
 ( #9282, #2856 ) ),
 .UNSPECIFIED., .F., .F., .F.,
 ( 4, 4 ),
 ( 2, 2 ),
 ( 5.000000000000000000, 6.000000000000000000 ),
 ( 0.0000000000000000000, 1.000000000000000000 ),
 .UNSPECIFIED. ) ;
#3777 = LINE ( 'NONE', #10151, #11823 ) ;
#3778 = CARTESIAN_POINT ( 'NONE',  ( -0.2644237192303643402, 0.8399999996185738560, -2.254964174986648029 ) ) ;
#3779 = ORIENTED_EDGE ( 'NONE', *, *, #9483, .F. ) ;
#3780 = CARTESIAN_POINT ( 'NONE',  ( -0.9817510607449506654, 0.8409999996185738569, -2.370985389085522144 ) ) ;
#3781 = PRESENTATION_LAYER_ASSIGNMENT (  '', '', ( #8052 ) ) ;
#3782 = SURFACE_STYLE_USAGE ( .BOTH. , #6313 ) ;
#3783 = FACE_OUTER_BOUND ( 'NONE', #7308, .T. ) ;
#3784 = FACE_OUTER_BOUND ( 'NONE', #1725, .T. ) ;
#3785 = EDGE_CURVE ( 'NONE', #10070, #3015, #3150, .T. ) ;
#3786 = ADVANCED_FACE ( 'NONE', ( #9760 ), #7781, .T. ) ;
#3787 = CARTESIAN_POINT ( 'NONE',  ( -0.3838188141220479355, 0.8409999996185738569, -2.430305263309154640 ) ) ;
#3788 = VECTOR ( 'NONE', #10342, 1000.000000000000000 ) ;
#3789 = EDGE_LOOP ( 'NONE', ( #5993, #7189, #7540, #628 ) ) ;
#3790 = FACE_OUTER_BOUND ( 'NONE', #11558, .T. ) ;
#3791 = AXIS2_PLACEMENT_3D ( 'NONE', #246, #10147, #3889 ) ;
#3792 = VERTEX_POINT ( 'NONE', #2329 ) ;
#3793 = LINE ( 'NONE', #8343, #7440 ) ;
#3794 = VECTOR ( 'NONE', #10743, 1000.000000000000227 ) ;
#3795 = FACE_OUTER_BOUND ( 'NONE', #10957, .T. ) ;
#3796 = FILL_AREA_STYLE ('',( #5660 ) ) ;
#3797 = VERTEX_POINT ( 'NONE', #6842 ) ;
#3798 = VECTOR ( 'NONE', #10947, 1000.000000000000000 ) ;
#3799 = PRESENTATION_LAYER_ASSIGNMENT (  '', '', ( #11758 ) ) ;
#3800 = CARTESIAN_POINT ( 'NONE',  ( -0.1859684017100659836, 0.8399999996185738560, -2.548945011753727119 ) ) ;
#3801 =( GEOMETRIC_REPRESENTATION_CONTEXT ( 3 ) GLOBAL_UNCERTAINTY_ASSIGNED_CONTEXT ( ( #4225 ) ) GLOBAL_UNIT_ASSIGNED_CONTEXT ( ( #8005, #11887, #7187 ) ) REPRESENTATION_CONTEXT ( 'NONE', 'WORKASPACE' ) );
#3802 = UNCERTAINTY_MEASURE_WITH_UNIT (LENGTH_MEASURE( 1.000000000000000082E-05 ), #610, 'distance_accuracy_value', 'NONE');
#3803 = EDGE_CURVE ( 'NONE', #4366, #6363, #597, .T. ) ;
#3804 = SURFACE_SIDE_STYLE ('',( #5491 ) ) ;
#3805 = FILL_AREA_STYLE ('',( #8350 ) ) ;
#3806 = LINE ( 'NONE', #3687, #3018 ) ;
#3807 = STYLED_ITEM ( 'NONE', ( #2123 ), #11279 ) ;
#3808 = ORIENTED_EDGE ( 'NONE', *, *, #2921, .F. ) ;
#3809 = DIRECTION ( 'NONE',  ( -0.0000000000000000000, -1.000000000000000000, -0.0000000000000000000 ) ) ;
#3810 = SURFACE_STYLE_USAGE ( .BOTH. , #3917 ) ;
#3811 = EDGE_LOOP ( 'NONE', ( #8730, #503, #8718, #6494 ) ) ;
#3812 =( GEOMETRIC_REPRESENTATION_CONTEXT ( 3 ) GLOBAL_UNCERTAINTY_ASSIGNED_CONTEXT ( ( #2192 ) ) GLOBAL_UNIT_ASSIGNED_CONTEXT ( ( #2883, #5553, #9308 ) ) REPRESENTATION_CONTEXT ( 'NONE', 'WORKASPACE' ) );
#3813 = VERTEX_POINT ( 'NONE', #1604 ) ;
#3814 = VECTOR ( 'NONE', #10023, 1000.000000000000000 ) ;
#3815 = CARTESIAN_POINT ( 'NONE',  ( -0.2955439928040459185, 0.8409999996185738569, -2.563044812078359325 ) ) ;
#3816 = CARTESIAN_POINT ( 'NONE',  ( 0.1936670789142624916, 0.8409999996185738569, -2.505635514131208108 ) ) ;
#3817 =( NAMED_UNIT ( * ) SI_UNIT ( $, .STERADIAN. ) SOLID_ANGLE_UNIT ( ) );
#3818 = CARTESIAN_POINT ( 'NONE',  ( -0.2374326728945909681, 0.8409999996185738569, -2.478546722989882767 ) ) ;
#3819 =( LENGTH_UNIT ( ) NAMED_UNIT ( * ) SI_UNIT ( .MILLI., .METRE. ) );
#3820 = EDGE_CURVE ( 'NONE', #7183, #8778, #7902, .T. ) ;
#3821 = EDGE_CURVE ( 'NONE', #2695, #4106, #4247, .T. ) ;
#3822 = EDGE_CURVE ( 'NONE', #677, #11918, #477, .T. ) ;
#3823 = FACE_OUTER_BOUND ( 'NONE', #5242, .T. ) ;
#3824 = CARTESIAN_POINT ( 'NONE',  ( 0.9766078844937484682, 0.8409999996185738569, -2.498632465613715770 ) ) ;
#3825 = DIRECTION ( 'NONE',  ( 1.000000000000000000, 0.0000000000000000000, 0.0000000000000000000 ) ) ;
#3826 = VECTOR ( 'NONE', #9399, 1000.000000000000000 ) ;
#3827 =( LENGTH_UNIT ( ) NAMED_UNIT ( * ) SI_UNIT ( .MILLI., .METRE. ) );
#3828 = VERTEX_POINT ( 'NONE', #5199 ) ;
#3829 = STYLED_ITEM ( 'NONE', ( #9100 ), #2372 ) ;
#3830 = CARTESIAN_POINT ( 'NONE',  ( -1.050000000000000044, 0.3500000000000004774, -3.279999999999999805 ) ) ;
#3831 = B_SPLINE_CURVE_WITH_KNOTS ( 'NONE', 3,
 ( #2764, #1051, #8412, #5564 ),
 .UNSPECIFIED., .F., .F.,
 ( 4, 4 ),
 ( 1.000000000000000000, 2.000000000000000000 ),
 .UNSPECIFIED. ) ;
#3832 = CARTESIAN_POINT ( 'NONE',  ( 0.7623145971803876320, 0.8399999996185738560, -2.467819094879160957 ) ) ;
#3833 = FILL_AREA_STYLE ('',( #4066 ) ) ;
#3834 = CARTESIAN_POINT ( 'NONE',  ( -0.1961404005154839814, 0.8399999996185738560, -2.258791263645847369 ) ) ;
#3835 = DIRECTION ( 'NONE',  ( -1.000000000000000000, -0.0000000000000000000, 4.093262511407667181E-15 ) ) ;
#3836 = LINE ( 'NONE', #2796, #1723 ) ;
#3837 = FACE_OUTER_BOUND ( 'NONE', #4817, .T. ) ;
#3838 = MECHANICAL_DESIGN_GEOMETRIC_PRESENTATION_REPRESENTATION (  '', ( #1729 ), #5762 ) ;
#3839 = SURFACE_SIDE_STYLE ('',( #2028 ) ) ;
#3840 = EDGE_CURVE ( 'NONE', #5109, #804, #650, .T. ) ;
#3841 = ORIENTED_EDGE ( 'NONE', *, *, #4051, .T. ) ;
#3842 = CARTESIAN_POINT ( 'NONE',  ( -0.5921937203478343514, 0.8409999996185738569, -2.227872415791527061 ) ) ;
#3843 =( NAMED_UNIT ( * ) SI_UNIT ( $, .STERADIAN. ) SOLID_ANGLE_UNIT ( ) );
#3844 = ORIENTED_EDGE ( 'NONE', *, *, #6030, .F. ) ;
#3845 = SURFACE_STYLE_FILL_AREA ( #3108 ) ;
#3846 = CARTESIAN_POINT ( 'NONE',  ( -0.3211250591069507720, 0.8399999996185738560, -2.463036942633053616 ) ) ;
#3847 = COLOUR_RGB ( '',1.000000000000000000, 1.000000000000000000, 1.000000000000000000 ) ;
#3848 = SURFACE_STYLE_USAGE ( .BOTH. , #4751 ) ;
#3849 = DIRECTION ( 'NONE',  ( -0.0000000000000000000, -1.000000000000000000, -0.0000000000000000000 ) ) ;
#3850 = ORIENTED_EDGE ( 'NONE', *, *, #564, .F. ) ;
#3851 = SURFACE_STYLE_USAGE ( .BOTH. , #9480 ) ;
#3852 = ADVANCED_FACE ( 'NONE', ( #8012 ), #5973, .F. ) ;
#3853 = VERTEX_POINT ( 'NONE', #7387 ) ;
#3854 = DIRECTION ( 'NONE',  ( 3.439386710808775170E-15, -0.0000000000000000000, 1.000000000000000000 ) ) ;
#3855 = CARTESIAN_POINT ( 'NONE',  ( 0.3295262308429499076, 0.8409999996185738569, -2.483225780245764902 ) ) ;
#3856 = CARTESIAN_POINT ( 'NONE',  ( -0.8388898695979771780, 0.8409999996185738569, -2.540384418699861868 ) ) ;
#3857 = ORIENTED_EDGE ( 'NONE', *, *, #1693, .F. ) ;
#3858 = UNCERTAINTY_MEASURE_WITH_UNIT (LENGTH_MEASURE( 1.000000000000000082E-05 ), #450, 'distance_accuracy_value', 'NONE');
#3859 = SURFACE_SIDE_STYLE ('',( #8407 ) ) ;
#3860 = DIRECTION ( 'NONE',  ( -1.000000000000000000, 9.240359424592367111E-17, -0.0000000000000000000 ) ) ;
#3861 = LINE ( 'NONE', #9124, #2831 ) ;
#3862 = DIRECTION ( 'NONE',  ( -0.0000000000000000000, -1.000000000000000000, -0.0000000000000000000 ) ) ;
#3863 = CARTESIAN_POINT ( 'NONE',  ( 1.489999999999999991, -0.02999999999999972133, -8.279999999999999361 ) ) ;
#3864 = CARTESIAN_POINT ( 'NONE',  ( -0.6609302469297732019, 0.8399999996185738560, -2.255467739283379736 ) ) ;
#3865 = VECTOR ( 'NONE', #4935, 1000.000000000000000 ) ;
#3866 = CARTESIAN_POINT ( 'NONE',  ( -0.3652372915511160612, 0.8399999996185738560, -2.544815784516484936 ) ) ;
#3867 = PRESENTATION_LAYER_ASSIGNMENT (  '', '', ( #446 ) ) ;
#3868 = DIRECTION ( 'NONE',  ( 1.000000000000000000, -0.0000000000000000000, -0.0000000000000000000 ) ) ;
#3869 = ORIENTED_EDGE ( 'NONE', *, *, #5219, .F. ) ;
#3870 = CARTESIAN_POINT ( 'NONE',  ( -0.2270592483704722830, 0.8399999996185738560, -2.562944099219015115 ) ) ;
#3871 = VERTEX_POINT ( 'NONE', #11093 ) ;
#3872 = LINE ( 'NONE', #6521, #2043 ) ;
#3873 = CARTESIAN_POINT ( 'NONE',  ( -0.2279153076755961460, 0.8399999996185738560, -2.444102925054405961 ) ) ;
#3874 = DIRECTION ( 'NONE',  ( 0.0000000000000000000, 1.000000000000000000, 0.0000000000000000000 ) ) ;
#3875 = B_SPLINE_SURFACE_WITH_KNOTS ( 'NONE', 3, 1, ( 
 ( #5214, #11669 ),
 ( #9892, #5324 ),
 ( #1437, #8873 ),
 ( #9036, #5267 ) ),
 .UNSPECIFIED., .F., .F., .F.,
 ( 4, 4 ),
 ( 2, 2 ),
 ( 4.000000000000000000, 5.000000000000000000 ),
 ( 0.0000000000000000000, 1.000000000000000000 ),
 .UNSPECIFIED. ) ;
#3876 = VECTOR ( 'NONE', #11771, 1000.000000000000000 ) ;
#3877 = CARTESIAN_POINT ( 'NONE',  ( -0.1853830082143578528, 0.8409999996185738569, -2.427321644846813786 ) ) ;
#3878 = VERTEX_POINT ( 'NONE', #10066 ) ;
#3879 =( NAMED_UNIT ( * ) PLANE_ANGLE_UNIT ( ) SI_UNIT ( $, .RADIAN. ) );
#3880 = VERTEX_POINT ( 'NONE', #7325 ) ;
#3881 = CARTESIAN_POINT ( 'NONE',  ( -0.2493671467405855213, 0.8399999996185738560, -2.078112393772600264 ) ) ;
#3882 = CARTESIAN_POINT ( 'NONE',  ( -0.6798642645084208569, 0.8409999996185738569, -2.201586359471180643 ) ) ;
#3883 = CARTESIAN_POINT ( 'NONE',  ( 0.7623145971803871879, 0.8399999996185738560, -2.577066694498511001 ) ) ;
#3884 =( NAMED_UNIT ( * ) SI_UNIT ( $, .STERADIAN. ) SOLID_ANGLE_UNIT ( ) );
#3885 = EDGE_CURVE ( 'NONE', #10906, #8701, #2770, .T. ) ;
#3886 = CARTESIAN_POINT ( 'NONE',  ( 0.4387737236049271128, 0.8409999996185738569, -2.329158659427834621 ) ) ;
#3887 = VERTEX_POINT ( 'NONE', #10121 ) ;
#3888 = SURFACE_STYLE_FILL_AREA ( #1025 ) ;
#3889 = DIRECTION ( 'NONE',  ( 0.0000000000000000000, 0.0000000000000000000, -1.000000000000000000 ) ) ;
#3890 = ORIENTED_EDGE ( 'NONE', *, *, #4406, .T. ) ;
#3891 = PRESENTATION_STYLE_ASSIGNMENT (( #10464 ) ) ;
#3892 = CARTESIAN_POINT ( 'NONE',  ( 0.7329017880636051752, 0.8409999996185738569, -2.577066694498511001 ) ) ;
#3893 = CARTESIAN_POINT ( 'NONE',  ( -0.1628044440334906473, 0.8399999996185738560, -2.437153737751434068 ) ) ;
#3894 = ORIENTED_EDGE ( 'NONE', *, *, #1778, .F. ) ;
#3895 = SURFACE_STYLE_USAGE ( .BOTH. , #252 ) ;
#3896 = EDGE_CURVE ( 'NONE', #9977, #323, #2547, .T. ) ;
#3897 = FILL_AREA_STYLE_COLOUR ( '', #6125 ) ;
#3898 = SURFACE_SIDE_STYLE ('',( #5772 ) ) ;
#3899 = ADVANCED_FACE ( 'NONE', ( #6445 ), #3376, .F. ) ;
#3900 = PRESENTATION_STYLE_ASSIGNMENT (( #7740 ) ) ;
#3901 = DIRECTION ( 'NONE',  ( -1.000000000000000000, 0.0000000000000000000, 0.0000000000000000000 ) ) ;
#3902 = CARTESIAN_POINT ( 'NONE',  ( 0.8645591082111515613, 0.8409999996185738569, -2.565861720697740989 ) ) ;
#3903 = VERTEX_POINT ( 'NONE', #8312 ) ;
#3904 = CARTESIAN_POINT ( 'NONE',  ( -0.4460090048390730755, 0.8409999996185738569, -2.634248803718319820 ) ) ;
#3905 = ORIENTED_EDGE ( 'NONE', *, *, #11728, .T. ) ;
#3906 =( NAMED_UNIT ( * ) SI_UNIT ( $, .STERADIAN. ) SOLID_ANGLE_UNIT ( ) );
#3907 = CARTESIAN_POINT ( 'NONE',  ( -0.5650516047230472738, 0.8409999996185738569, -2.370985389085523476 ) ) ;
#3908 = CARTESIAN_POINT ( 'NONE',  ( 1.014424343818915775, 0.8399999996185738560, -2.456614227936432471 ) ) ;
#3909 = ORIENTED_EDGE ( 'NONE', *, *, #10951, .T. ) ;
#3910 = FILL_AREA_STYLE ('',( #6758 ) ) ;
#3911 = MECHANICAL_DESIGN_GEOMETRIC_PRESENTATION_REPRESENTATION (  '', ( #6605 ), #11682 ) ;
#3912 = STYLED_ITEM ( 'NONE', ( #8007 ), #6244 ) ;
#3913 = COLOUR_RGB ( '',1.000000000000000000, 1.000000000000000000, 1.000000000000000000 ) ;
#3914 = LINE ( 'NONE', #3989, #10322 ) ;
#3915 = CARTESIAN_POINT ( 'NONE',  ( -0.3631223215028233642, 0.8409999996185738569, -2.522256103997332577 ) ) ;
#3916 = LINE ( 'NONE', #6514, #4202 ) ;
#3917 = SURFACE_SIDE_STYLE ('',( #343 ) ) ;
#3918 = COLOUR_RGB ( '',0.7921568627450980005, 0.8196078431372548767, 0.9333333333333333481 ) ;
#3919 = VERTEX_POINT ( 'NONE', #3498 ) ;
#3920 = MECHANICAL_DESIGN_GEOMETRIC_PRESENTATION_REPRESENTATION (  '', ( #865 ), #3731 ) ;
#3921 = CARTESIAN_POINT ( 'NONE',  ( 0.4009573043522013380, 0.8399999996185738560, -2.481825191914147410 ) ) ;
#3922 = EDGE_CURVE ( 'NONE', #2303, #6872, #7192, .T. ) ;
#3923 = ORIENTED_EDGE ( 'NONE', *, *, #3767, .T. ) ;
#3924 = CARTESIAN_POINT ( 'NONE',  ( -0.2112473294349347386, 0.8409999996185738569, -2.424061066021605093 ) ) ;
#3925 = FILL_AREA_STYLE_COLOUR ( '', #10862 ) ;
#3926 = PRESENTATION_STYLE_ASSIGNMENT (( #160 ) ) ;
#3927 =( NAMED_UNIT ( * ) SI_UNIT ( $, .STERADIAN. ) SOLID_ANGLE_UNIT ( ) );
#3928 = CARTESIAN_POINT ( 'NONE',  ( -0.4707843682672035457, 0.8399999996185738560, -2.544614358797791631 ) ) ;
#3929 = SURFACE_SIDE_STYLE ('',( #9640 ) ) ;
#3930 = VECTOR ( 'NONE', #7632, 1000.000000000000000 ) ;
#3931 = PRESENTATION_LAYER_ASSIGNMENT (  '', '', ( #7420 ) ) ;
#3932 = CARTESIAN_POINT ( 'NONE',  ( -0.2789263709930542290, 0.8399999996185738560, -2.247309997666907311 ) ) ;
#3933 = VERTEX_POINT ( 'NONE', #11159 ) ;
#3934 = CARTESIAN_POINT ( 'NONE',  ( 0.7581127520413187826, 0.8409999996185738569, -2.098058138486000868 ) ) ;
#3935 =( NAMED_UNIT ( * ) PLANE_ANGLE_UNIT ( ) SI_UNIT ( $, .RADIAN. ) );
#3936 = STYLED_ITEM ( 'NONE', ( #4668 ), #6173 ) ;
#3937 =( NAMED_UNIT ( * ) SI_UNIT ( $, .STERADIAN. ) SOLID_ANGLE_UNIT ( ) );
#3938 = ORIENTED_EDGE ( 'NONE', *, *, #7463, .T. ) ;
#3939 = B_SPLINE_CURVE_WITH_KNOTS ( 'NONE', 3,
 ( #2559, #5089, #3404, #8147 ),
 .UNSPECIFIED., .F., .F.,
 ( 4, 4 ),
 ( 8.000000000000000000, 9.000000000000000000 ),
 .UNSPECIFIED. ) ;
#3940 = DIRECTION ( 'NONE',  ( -3.302233253054830946E-15, -0.0000000000000000000, -1.000000000000000000 ) ) ;
#3941 = DIRECTION ( 'NONE',  ( -1.000000000000000000, -0.0000000000000000000, 4.174611887503105215E-15 ) ) ;
#3942 = PRESENTATION_STYLE_ASSIGNMENT (( #7723 ) ) ;
#3943 = CARTESIAN_POINT ( 'NONE',  ( -0.8686001631401385481, 0.8399999996185738560, -2.466964744152936095 ) ) ;
#3944 = VECTOR ( 'NONE', #5034, 1000.000000000000000 ) ;
#3945 = VERTEX_POINT ( 'NONE', #3743 ) ;
#3946 =( GEOMETRIC_REPRESENTATION_CONTEXT ( 3 ) GLOBAL_UNCERTAINTY_ASSIGNED_CONTEXT ( ( #2826 ) ) GLOBAL_UNIT_ASSIGNED_CONTEXT ( ( #5737, #11224, #6823 ) ) REPRESENTATION_CONTEXT ( 'NONE', 'WORKASPACE' ) );
#3947 =( NAMED_UNIT ( * ) SI_UNIT ( $, .STERADIAN. ) SOLID_ANGLE_UNIT ( ) );
#3948 = DIRECTION ( 'NONE',  ( -0.3559357243698752504, 0.0000000000000000000, -0.9345104387417468850 ) ) ;
#3949 = STYLED_ITEM ( 'NONE', ( #3891 ), #5060 ) ;
#3950 = CARTESIAN_POINT ( 'NONE',  ( -0.2367780393081682366, 0.8409999996185738569, -2.546225764548683212 ) ) ;
#3951 = SURFACE_SIDE_STYLE ('',( #301 ) ) ;
#3952 = B_SPLINE_CURVE_WITH_KNOTS ( 'NONE', 3,
 ( #951, #4610, #9035, #2607 ),
 .UNSPECIFIED., .F., .F.,
 ( 4, 4 ),
 ( 16.00000000000000000, 17.00000000000000000 ),
 .UNSPECIFIED. ) ;
#3953 = ORIENTED_EDGE ( 'NONE', *, *, #5956, .F. ) ;
#3954 = EDGE_CURVE ( 'NONE', #7746, #2766, #7454, .T. ) ;
#3955 = DIRECTION ( 'NONE',  ( -0.0000000000000000000, -1.000000000000000000, -0.0000000000000000000 ) ) ;
#3956 = ADVANCED_FACE ( 'NONE', ( #10435 ), #1576, .F. ) ;
#3957 = PRESENTATION_STYLE_ASSIGNMENT (( #8618 ) ) ;
#3958 = SURFACE_STYLE_FILL_AREA ( #8619 ) ;
#3959 = COLOUR_RGB ( '',0.0000000000000000000, 0.01960784313725490169, 0.02745098039215686236 ) ;
#3960 = ORIENTED_EDGE ( 'NONE', *, *, #2300, .F. ) ;
#3961 = VECTOR ( 'NONE', #7554, 1000.000000000000000 ) ;
#3962 = SURFACE_SIDE_STYLE ('',( #10400 ) ) ;
#3963 = CARTESIAN_POINT ( 'NONE',  ( -0.2044995678506548731, 0.8409999996185738569, -2.501811393525809724 ) ) ;
#3964 = AXIS2_PLACEMENT_3D ( 'NONE', #11073, #913, #7305 ) ;
#3965 = CARTESIAN_POINT ( 'NONE',  ( -0.1762999672013772223, 0.8400000000000000799, -2.514702639536937401 ) ) ;
#3966 =( GEOMETRIC_REPRESENTATION_CONTEXT ( 3 ) GLOBAL_UNCERTAINTY_ASSIGNED_CONTEXT ( ( #6373 ) ) GLOBAL_UNIT_ASSIGNED_CONTEXT ( ( #464, #4055, #6889 ) ) REPRESENTATION_CONTEXT ( 'NONE', 'WORKASPACE' ) );
#3967 = PRESENTATION_STYLE_ASSIGNMENT (( #317 ) ) ;
#3968 =( GEOMETRIC_REPRESENTATION_CONTEXT ( 3 ) GLOBAL_UNCERTAINTY_ASSIGNED_CONTEXT ( ( #10095 ) ) GLOBAL_UNIT_ASSIGNED_CONTEXT ( ( #11246, #3715, #844 ) ) REPRESENTATION_CONTEXT ( 'NONE', 'WORKASPACE' ) );
#3969 = ORIENTED_EDGE ( 'NONE', *, *, #4320, .F. ) ;
#3970 = EDGE_CURVE ( 'NONE', #8171, #5409, #345, .T. ) ;
#3971 = FILL_AREA_STYLE ('',( #11391 ) ) ;
#3972 = DIRECTION ( 'NONE',  ( -0.0000000000000000000, -0.0000000000000000000, -1.000000000000000000 ) ) ;
#3973 = EDGE_CURVE ( 'NONE', #11787, #11235, #7446, .T. ) ;
#3974 = EDGE_LOOP ( 'NONE', ( #5713, #10505, #873, #4397 ) ) ;
#3975 = FILL_AREA_STYLE_COLOUR ( '', #5885 ) ;
#3976 = STYLED_ITEM ( 'NONE', ( #2118 ), #7764 ) ;
#3977 = CARTESIAN_POINT ( 'NONE',  ( -1.050000000000000044, -0.02999999999999966929, -3.279999999999999805 ) ) ;
#3978 =( NAMED_UNIT ( * ) SI_UNIT ( $, .STERADIAN. ) SOLID_ANGLE_UNIT ( ) );
#3979 = B_SPLINE_CURVE_WITH_KNOTS ( 'NONE', 3,
 ( #1894, #3736, #7439, #996 ),
 .UNSPECIFIED., .F., .F.,
 ( 4, 4 ),
 ( 8.000000000000000000, 9.000000000000000000 ),
 .UNSPECIFIED. ) ;
#3980 = B_SPLINE_SURFACE_WITH_KNOTS ( 'NONE', 3, 1, ( 
 ( #5579, #9093 ),
 ( #10263, #832 ),
 ( #1964, #3573 ),
 ( #2673, #7272 ) ),
 .UNSPECIFIED., .F., .F., .F.,
 ( 4, 4 ),
 ( 2, 2 ),
 ( 1.000000000000000000, 2.000000000000000000 ),
 ( 0.0000000000000000000, 1.000000000000000000 ),
 .UNSPECIFIED. ) ;
#3981 = EDGE_LOOP ( 'NONE', ( #4713, #7273, #991, #8286, #2401, #1572, #3433, #3424, #1665, #3097, #8415, #7245 ) ) ;
#3982 = ORIENTED_EDGE ( 'NONE', *, *, #10169, .F. ) ;
#3983 = DIRECTION ( 'NONE',  ( -0.0000000000000000000, -1.000000000000000000, -0.0000000000000000000 ) ) ;
#3984 = MECHANICAL_DESIGN_GEOMETRIC_PRESENTATION_REPRESENTATION (  '', ( #549 ), #8242 ) ;
#3985 = DIRECTION ( 'NONE',  ( -0.0000000000000000000, -1.000000000000000000, -0.0000000000000000000 ) ) ;
#3986 = ADVANCED_FACE ( 'NONE', ( #3012 ), #11726, .F. ) ;
#3987 = DIRECTION ( 'NONE',  ( 0.0000000000000000000, -0.0000000000000000000, 1.000000000000000000 ) ) ;
#3988 = B_SPLINE_CURVE_WITH_KNOTS ( 'NONE', 3,
 ( #11709, #8124, #2430, #2591 ),
 .UNSPECIFIED., .F., .F.,
 ( 4, 4 ),
 ( 5.000000000000000000, 6.000000000000000000 ),
 .UNSPECIFIED. ) ;
#3989 = CARTESIAN_POINT ( 'NONE',  ( -0.4310027887796453183, 0.8409999996185738569, -2.427283877524723188 ) ) ;
#3990 = FILL_AREA_STYLE_COLOUR ( '', #4638 ) ;
#3991 = CARTESIAN_POINT ( 'NONE',  ( -0.3480657490130525944, 0.8399999996185738560, -2.444102925054405517 ) ) ;
#3992 = FACE_OUTER_BOUND ( 'NONE', #8976, .T. ) ;
#3993 = STYLED_ITEM ( 'NONE', ( #6896 ), #10934 ) ;
#3994 = STYLED_ITEM ( 'NONE', ( #10014 ), #10045 ) ;
#3995 = ORIENTED_EDGE ( 'NONE', *, *, #4194, .T. ) ;
#3996 = SURFACE_SIDE_STYLE ('',( #7941 ) ) ;
#3997 = ORIENTED_EDGE ( 'NONE', *, *, #2455, .T. ) ;
#3998 = UNCERTAINTY_MEASURE_WITH_UNIT (LENGTH_MEASURE( 1.000000000000000082E-05 ), #4445, 'distance_accuracy_value', 'NONE');
#3999 = SURFACE_SIDE_STYLE ('',( #3019 ) ) ;
#4000 =( NAMED_UNIT ( * ) SI_UNIT ( $, .STERADIAN. ) SOLID_ANGLE_UNIT ( ) );
#4001 = PRESENTATION_STYLE_ASSIGNMENT (( #10442 ) ) ;
#4002 = LINE ( 'NONE', #9749, #7268 ) ;
#4003 =( LENGTH_UNIT ( ) NAMED_UNIT ( * ) SI_UNIT ( .MILLI., .METRE. ) );
#4004 = VERTEX_POINT ( 'NONE', #6945 ) ;
#4005 = PLANE ( 'NONE',  #11164 ) ;
#4006 = EDGE_CURVE ( 'NONE', #8239, #9940, #5184, .T. ) ;
#4007 = ORIENTED_EDGE ( 'NONE', *, *, #7986, .F. ) ;
#4008 = STYLED_ITEM ( 'NONE', ( #8132 ), #3120 ) ;
#4009 = CARTESIAN_POINT ( 'NONE',  ( -0.2324977427812310593, 0.8399999996185738560, -2.078112393772600264 ) ) ;
#4010 =( LENGTH_UNIT ( ) NAMED_UNIT ( * ) SI_UNIT ( .MILLI., .METRE. ) );
#4011 = CARTESIAN_POINT ( 'NONE',  ( -0.5921937203478339073, 0.8409999996185738569, -2.084558016777495748 ) ) ;
#4012 = SURFACE_SIDE_STYLE ('',( #1137 ) ) ;
#4013 = SURFACE_STYLE_USAGE ( .BOTH. , #10750 ) ;
#4014 = VERTEX_POINT ( 'NONE', #11593 ) ;
#4015 = CARTESIAN_POINT ( 'NONE',  ( -0.1598837711090797808, 0.8409999996185738569, -2.084155165340109583 ) ) ;
#4016 = DIRECTION ( 'NONE',  ( -1.000000000000000000, 0.0000000000000000000, 4.283268065624016817E-15 ) ) ;
#4017 = EDGE_LOOP ( 'NONE', ( #1919, #7768, #10982, #10005, #1435, #9773, #5045, #8794, #1722, #4278, #8054, #8818 ) ) ;
#4018 = CARTESIAN_POINT ( 'NONE',  ( -0.3905665757056559495, 0.8409999996185738569, -2.520443272526411871 ) ) ;
#4019 = EDGE_CURVE ( 'NONE', #941, #9466, #7814, .T. ) ;
#4020 =( NAMED_UNIT ( * ) SI_UNIT ( $, .STERADIAN. ) SOLID_ANGLE_UNIT ( ) );
#4021 = CARTESIAN_POINT ( 'NONE',  ( -0.3838188141220479355, 0.8399999996185738560, -2.430305263309154640 ) ) ;
#4022 = EDGE_LOOP ( 'NONE', ( #2961, #3285, #6224, #10560 ) ) ;
#4023 = CARTESIAN_POINT ( 'NONE',  ( -0.1628044440334908693, 0.8399999996185738560, -2.461123398304127630 ) ) ;
#4024 = LINE ( 'NONE', #1266, #855 ) ;
#4025 = CARTESIAN_POINT ( 'NONE',  ( -0.7935690828409782682, 0.8409999996185738569, -2.567979742191715875 ) ) ;
#4026 = CARTESIAN_POINT ( 'NONE',  ( -0.1740842842937340984, 0.8400000000000000799, -2.520644698245106952 ) ) ;
#4027 = ORIENTED_EDGE ( 'NONE', *, *, #11030, .T. ) ;
#4028 =( LENGTH_UNIT ( ) NAMED_UNIT ( * ) SI_UNIT ( .MILLI., .METRE. ) );
#4029 = ORIENTED_EDGE ( 'NONE', *, *, #783, .T. ) ;
#4030 = VECTOR ( 'NONE', #2147, 1000.000000000000000 ) ;
#4031 = CARTESIAN_POINT ( 'NONE',  ( -0.8100859917926170883, 0.8409999996185738569, -2.255467739283379291 ) ) ;
#4032 = APPLICATION_CONTEXT ( 'automotive_design' ) ;
#4033 =( NAMED_UNIT ( * ) PLANE_ANGLE_UNIT ( ) SI_UNIT ( $, .RADIAN. ) );
#4034 = EDGE_LOOP ( 'NONE', ( #8499, #10689, #4155, #1523, #5378, #5822 ) ) ;
#4035 = EDGE_CURVE ( 'NONE', #2390, #6042, #10220, .T. ) ;
#4036 = ORIENTED_EDGE ( 'NONE', *, *, #6117, .F. ) ;
#4037 = EDGE_CURVE ( 'NONE', #11594, #5571, #6261, .T. ) ;
#4038 = DIRECTION ( 'NONE',  ( 0.3897582650654505820, -0.0000000000000000000, -0.9209172030172798618 ) ) ;
#4039 = MECHANICAL_DESIGN_GEOMETRIC_PRESENTATION_REPRESENTATION (  '', ( #9264 ), #4620 ) ;
#4040 = FACE_OUTER_BOUND ( 'NONE', #10537, .T. ) ;
#4041 = CARTESIAN_POINT ( 'NONE',  ( -0.4243053836250365030, 0.8409999996185738569, -2.233008771623576028 ) ) ;
#4042 = CARTESIAN_POINT ( 'NONE',  ( -0.6119837972322711428, 0.8399999996185738560, -2.209441962509615109 ) ) ;
#4043 = SURFACE_STYLE_FILL_AREA ( #406 ) ;
#4044 = CARTESIAN_POINT ( 'NONE',  ( -0.4677629824827798655, 0.8409999996185738569, -2.533032379959503810 ) ) ;
#4045 = SURFACE_SIDE_STYLE ('',( #11155 ) ) ;
#4046 = CARTESIAN_POINT ( 'NONE',  ( -0.2000682020347047674, 0.8409999996185738569, -2.551059981802691556 ) ) ;
#4047 = CARTESIAN_POINT ( 'NONE',  ( -0.6609302469297732019, 0.8409999996185738569, -2.255467739283379736 ) ) ;
#4048 = B_SPLINE_SURFACE_WITH_KNOTS ( 'NONE', 3, 1, ( 
 ( #1940, #3190 ),
 ( #5235, #1401 ),
 ( #10786, #4222 ),
 ( #11637, #679 ) ),
 .UNSPECIFIED., .F., .F., .F.,
 ( 4, 4 ),
 ( 2, 2 ),
 ( 5.000000000000000000, 6.000000000000000000 ),
 ( 0.0000000000000000000, 1.000000000000000000 ),
 .UNSPECIFIED. ) ;
#4049 = CARTESIAN_POINT ( 'NONE',  ( -0.1650201269418044014, 0.8399999996185738560, -2.114671161757042839 ) ) ;
#4050 = ORIENTED_EDGE ( 'NONE', *, *, #1038, .F. ) ;
#4051 = EDGE_CURVE ( 'NONE', #2010, #5678, #1405, .T. ) ;
#4052 = CARTESIAN_POINT ( 'NONE',  ( -0.1611426818529279881, 0.8409999996185738569, -2.560224852013971653 ) ) ;
#4053 = EDGE_CURVE ( 'NONE', #10224, #10070, #5121, .T. ) ;
#4054 = ORIENTED_EDGE ( 'NONE', *, *, #8702, .T. ) ;
#4055 =( NAMED_UNIT ( * ) PLANE_ANGLE_UNIT ( ) SI_UNIT ( $, .RADIAN. ) );
#4056 = DIRECTION ( 'NONE',  ( -0.0000000000000000000, -1.000000000000000000, -0.0000000000000000000 ) ) ;
#4057 = CARTESIAN_POINT ( 'NONE',  ( -0.2955439928040459185, 0.8409999996185738569, -2.563044812078359325 ) ) ;
#4058 = DIRECTION ( 'NONE',  ( -0.8840949502478792077, 0.0000000000000000000, 0.4673073067545595594 ) ) ;
#4059 =( NAMED_UNIT ( * ) PLANE_ANGLE_UNIT ( ) SI_UNIT ( $, .RADIAN. ) );
#4060 = AXIS2_PLACEMENT_3D ( 'NONE', #7989, #5363, #3372 ) ;
#4061 =( NAMED_UNIT ( * ) SI_UNIT ( $, .STERADIAN. ) SOLID_ANGLE_UNIT ( ) );
#4062 = ORIENTED_EDGE ( 'NONE', *, *, #3458, .T. ) ;
#4063 = CARTESIAN_POINT ( 'NONE',  ( 1.050000000000000044, 0.3500000000000003664, -3.279999999999999805 ) ) ;
#4064 = CARTESIAN_POINT ( 'NONE',  ( -0.8418608989513857166, 0.8409999996185738569, -2.467669734168366436 ) ) ;
#4065 = ORIENTED_EDGE ( 'NONE', *, *, #3767, .F. ) ;
#4066 = FILL_AREA_STYLE_COLOUR ( '', #6915 ) ;
#4067 = PRESENTATION_LAYER_ASSIGNMENT (  '', '', ( #6169 ) ) ;
#4068 = ORIENTED_EDGE ( 'NONE', *, *, #9313, .F. ) ;
#4069 = SURFACE_STYLE_FILL_AREA ( #3154 ) ;
#4070 = VECTOR ( 'NONE', #4056, 1000.000000000000000 ) ;
#4071 = EDGE_CURVE ( 'NONE', #5959, #5467, #6028, .T. ) ;
#4072 = FILL_AREA_STYLE ('',( #3224 ) ) ;
#4073 = FILL_AREA_STYLE_COLOUR ( '', #10809 ) ;
#4074 = ORIENTED_EDGE ( 'NONE', *, *, #1226, .F. ) ;
#4075 =( NAMED_UNIT ( * ) PLANE_ANGLE_UNIT ( ) SI_UNIT ( $, .RADIAN. ) );
#4076 = B_SPLINE_SURFACE_WITH_KNOTS ( 'NONE', 3, 1, ( 
 ( #6223, #8985 ),
 ( #2738, #1800 ),
 ( #8032, #8153 ),
 ( #11858, #3523 ) ),
 .UNSPECIFIED., .F., .F., .F.,
 ( 4, 4 ),
 ( 2, 2 ),
 ( 1.000000000000000000, 2.000000000000000000 ),
 ( 0.0000000000000000000, 1.000000000000000000 ),
 .UNSPECIFIED. ) ;
#4077 = CARTESIAN_POINT ( 'NONE',  ( -0.6665198106302211434, 0.8399999996185738560, -2.370985389085523476 ) ) ;
#4078 = EDGE_LOOP ( 'NONE', ( #2030, #522, #1173, #2917 ) ) ;
#4079 = PRESENTATION_STYLE_ASSIGNMENT (( #4747 ) ) ;
#4080 = CARTESIAN_POINT ( 'NONE',  ( -0.9076263961799158064, 0.8399999996185738560, -2.567979742191715875 ) ) ;
#4081 = SURFACE_STYLE_USAGE ( .BOTH. , #7967 ) ;
#4082 = FILL_AREA_STYLE_COLOUR ( '', #9530 ) ;
#4083 = CARTESIAN_POINT ( 'NONE',  ( -0.1581212960691744385, 0.8399999996185738560, -2.182753054751883859 ) ) ;
#4084 = CARTESIAN_POINT ( 'NONE',  ( -0.4615187851965711352, 0.8409999996185738569, -2.058473386177185560 ) ) ;
#4085 = ADVANCED_FACE ( 'NONE', ( #8898 ), #8038, .F. ) ;
#4086 = PRESENTATION_STYLE_ASSIGNMENT (( #3291 ) ) ;
#4087 = VERTEX_POINT ( 'NONE', #1537 ) ;
#4088 = CARTESIAN_POINT ( 'NONE',  ( -0.2198582789184624908, 0.8400000000000000799, -2.547232893143493104 ) ) ;
#4089 = UNCERTAINTY_MEASURE_WITH_UNIT (LENGTH_MEASURE( 1.000000000000000082E-05 ), #5933, 'distance_accuracy_value', 'NONE');
#4090 = ORIENTED_EDGE ( 'NONE', *, *, #1181, .T. ) ;
#4091 = CARTESIAN_POINT ( 'NONE',  ( -0.4243053836250365030, 0.8399999996185738560, -2.255467739283380624 ) ) ;
#4092 = EDGE_LOOP ( 'NONE', ( #4323, #8298, #4993, #10067 ) ) ;
#4093 = ORIENTED_EDGE ( 'NONE', *, *, #5009, .T. ) ;
#4094 = UNCERTAINTY_MEASURE_WITH_UNIT (LENGTH_MEASURE( 1.000000000000000082E-05 ), #6011, 'distance_accuracy_value', 'NONE');
#4095 =( LENGTH_UNIT ( ) NAMED_UNIT ( * ) SI_UNIT ( .MILLI., .METRE. ) );
#4096 = EDGE_CURVE ( 'NONE', #4259, #10906, #11467, .T. ) ;
#4097 = DIRECTION ( 'NONE',  ( 1.000000000000000000, 0.0000000000000000000, -0.0000000000000000000 ) ) ;
#4098 = EDGE_CURVE ( 'NONE', #8944, #8539, #9631, .T. ) ;
#4099 = CARTESIAN_POINT ( 'NONE',  ( 0.7931280213446459948, 0.8399999996185738560, -2.661103169853078931 ) ) ;
#4100 = SURFACE_SIDE_STYLE ('',( #7759 ) ) ;
#4101 = SURFACE_STYLE_FILL_AREA ( #2894 ) ;
#4102 = FILL_AREA_STYLE_COLOUR ( '', #320 ) ;
#4103 = DIRECTION ( 'NONE',  ( 0.3416038306815532555, 0.0000000000000000000, 0.9398440417769794442 ) ) ;
#4104 = ORIENTED_EDGE ( 'NONE', *, *, #5803, .T. ) ;
#4105 = DIRECTION ( 'NONE',  ( -1.000000000000000000, 0.0000000000000000000, -0.0000000000000000000 ) ) ;
#4106 = VERTEX_POINT ( 'NONE', #10624 ) ;
#4107 = UNCERTAINTY_MEASURE_WITH_UNIT (LENGTH_MEASURE( 1.000000000000000082E-05 ), #4245, 'distance_accuracy_value', 'NONE');
#4108 = CARTESIAN_POINT ( 'NONE',  ( -0.7623984528382984349, 0.8409999996185738569, -2.567979742191715875 ) ) ;
#4109 = CARTESIAN_POINT ( 'NONE',  ( -0.4707843682672035457, 0.8409999996185738569, -2.544614358797791631 ) ) ;
#4110 = CARTESIAN_POINT ( 'NONE',  ( 0.3953548441663260471, 0.8409999996185738569, -2.403390989743863226 ) ) ;
#4111 = CARTESIAN_POINT ( 'NONE',  ( -0.3652372915511160612, 0.8409999996185738569, -2.532125964224043901 ) ) ;
#4112 = FACE_BOUND ( 'NONE', #8284, .T. ) ;
#4113 = ORIENTED_EDGE ( 'NONE', *, *, #6308, .T. ) ;
#4114 = CARTESIAN_POINT ( 'NONE',  ( -0.1567113160363055313, 0.8409999996185738569, -2.231900930169421482 ) ) ;
#4115 = EDGE_CURVE ( 'NONE', #7912, #5837, #909, .T. ) ;
#4116 = DIRECTION ( 'NONE',  ( -1.000000000000000000, 0.0000000000000000000, 4.274056736461056058E-15 ) ) ;
#4117 = ORIENTED_EDGE ( 'NONE', *, *, #205, .F. ) ;
#4118 = DIRECTION ( 'NONE',  ( -1.000000000000000000, 0.0000000000000000000, -0.0000000000000000000 ) ) ;
#4119 = CARTESIAN_POINT ( 'NONE',  ( 0.5452200931313473387, 0.8409999996185738569, -2.089654474922372440 ) ) ;
#4120 = FILL_AREA_STYLE ('',( #2330 ) ) ;
#4121 = B_SPLINE_CURVE_WITH_KNOTS ( 'NONE', 3,
 ( #3201, #6822, #2247, #7990 ),
 .UNSPECIFIED., .F., .F.,
 ( 4, 4 ),
 ( 4.000000000000000000, 5.000000000000000000 ),
 .UNSPECIFIED. ) ;
#4122 = EDGE_LOOP ( 'NONE', ( #3560, #6593, #107, #792 ) ) ;
#4123 = LINE ( 'NONE', #9706, #7639 ) ;
#4124 = CARTESIAN_POINT ( 'NONE',  ( -0.2126573094671251329, 0.8399999996185738560, -2.571303266554186617 ) ) ;
#4125 = SURFACE_STYLE_USAGE ( .BOTH. , #8797 ) ;
#4126 = FACE_OUTER_BOUND ( 'NONE', #5834, .T. ) ;
#4127 = COLOUR_RGB ( '',1.000000000000000000, 1.000000000000000000, 1.000000000000000000 ) ;
#4128 = CARTESIAN_POINT ( 'NONE',  ( -0.3652372915511160612, 0.8409999996185738569, -2.532125964224043901 ) ) ;
#4129 = ORIENTED_EDGE ( 'NONE', *, *, #6613, .T. ) ;
#4130 = LINE ( 'NONE', #3229, #10744 ) ;
#4131 = ADVANCED_FACE ( 'NONE', ( #11012 ), #10665, .T. ) ;
#4132 = LINE ( 'NONE', #250, #1646 ) ;
#4133 = ORIENTED_EDGE ( 'NONE', *, *, #2144, .F. ) ;
#4134 = EDGE_CURVE ( 'NONE', #7492, #4963, #2951, .T. ) ;
#4135 = SURFACE_SIDE_STYLE ('',( #2287 ) ) ;
#4136 = VECTOR ( 'NONE', #5420, 1000.000000000000000 ) ;
#4137 = STYLED_ITEM ( 'NONE', ( #5813 ), #6216 ) ;
#4138 = DIRECTION ( 'NONE',  ( -0.0000000000000000000, -1.000000000000000000, -0.0000000000000000000 ) ) ;
#4139 = DIRECTION ( 'NONE',  ( -0.0000000000000000000, -1.000000000000000000, -0.0000000000000000000 ) ) ;
#4140 = LINE ( 'NONE', #6059, #11193 ) ;
#4141 = STYLED_ITEM ( 'NONE', ( #6991 ), #306 ) ;
#4142 = VECTOR ( 'NONE', #4208, 1000.000000000000000 ) ;
#4143 = ORIENTED_EDGE ( 'NONE', *, *, #60, .T. ) ;
#4144 = MECHANICAL_DESIGN_GEOMETRIC_PRESENTATION_REPRESENTATION (  '', ( #3365 ), #10349 ) ;
#4145 = CARTESIAN_POINT ( 'NONE',  ( 0.8463511793936773220, 0.8399999996185738560, -2.621886108840380203 ) ) ;
#4146 = SURFACE_STYLE_USAGE ( .BOTH. , #5167 ) ;
#4147 = PRESENTATION_LAYER_ASSIGNMENT (  '', '', ( #9367 ) ) ;
#4148 = ORIENTED_EDGE ( 'NONE', *, *, #10417, .T. ) ;
#4149 = DIRECTION ( 'NONE',  ( -1.000000000000000000, 0.0000000000000000000, -0.0000000000000000000 ) ) ;
#4150 = ADVANCED_FACE ( 'NONE', ( #6416 ), #8212, .F. ) ;
#4151 =( LENGTH_UNIT ( ) NAMED_UNIT ( * ) SI_UNIT ( .MILLI., .METRE. ) );
#4152 = FACE_OUTER_BOUND ( 'NONE', #7165, .T. ) ;
#4153 = MECHANICAL_DESIGN_GEOMETRIC_PRESENTATION_REPRESENTATION (  '', ( #10565 ), #7241 ) ;
#4154 = VERTEX_POINT ( 'NONE', #5466 ) ;
#4155 = ORIENTED_EDGE ( 'NONE', *, *, #5528, .T. ) ;
#4156 = PRESENTATION_LAYER_ASSIGNMENT (  '', '', ( #10948 ) ) ;
#4157 = CARTESIAN_POINT ( 'NONE',  ( -0.9640759539081356078, 0.8399999996185738560, -2.409961265696968447 ) ) ;
#4158 = CARTESIAN_POINT ( 'NONE',  ( -0.1314323883114438540, 0.8409999996185738569, -2.160696938530807909 ) ) ;
#4159 = VECTOR ( 'NONE', #5559, 1000.000000000000000 ) ;
#4160 = FILL_AREA_STYLE ('',( #4787 ) ) ;
#4161 = MECHANICAL_DESIGN_GEOMETRIC_PRESENTATION_REPRESENTATION (  '', ( #11331 ), #6075 ) ;
#4162 = DIRECTION ( 'NONE',  ( -1.000000000000000000, 0.0000000000000000000, 0.0000000000000000000 ) ) ;
#4163 = CARTESIAN_POINT ( 'NONE',  ( 0.3379298676927366407, 0.8409999996185738569, -2.264730687865104120 ) ) ;
#4164 = EDGE_CURVE ( 'NONE', #1592, #10396, #8456, .T. ) ;
#4165 = CARTESIAN_POINT ( 'NONE',  ( 0.5466206814636389577, 0.8399999996185738560, -2.005617892709753658 ) ) ;
#4166 = LINE ( 'NONE', #5914, #1210 ) ;
#4167 = CARTESIAN_POINT ( 'NONE',  ( -0.6609302469297738680, 0.8399999996185738560, -2.456692032487504562 ) ) ;
#4168 = FACE_OUTER_BOUND ( 'NONE', #5854, .T. ) ;
#4169 = CARTESIAN_POINT ( 'NONE',  ( -0.7336449314612693007, 0.8399999996185738560, -2.545520774531907726 ) ) ;
#4170 = ORIENTED_EDGE ( 'NONE', *, *, #2125, .T. ) ;
#4171 = B_SPLINE_CURVE_WITH_KNOTS ( 'NONE', 3,
 ( #990, #2585, #2705, #1818 ),
 .UNSPECIFIED., .F., .F.,
 ( 4, 4 ),
 ( 6.000000000000000000, 7.000000000000000000 ),
 .UNSPECIFIED. ) ;
#4172 = EDGE_LOOP ( 'NONE', ( #6115, #7422, #1754, #2716 ) ) ;
#4173 = PRESENTATION_STYLE_ASSIGNMENT (( #11419 ) ) ;
#4174 = LINE ( 'NONE', #9873, #8910 ) ;
#4175 = FACE_OUTER_BOUND ( 'NONE', #7909, .T. ) ;
#4176 = MECHANICAL_DESIGN_GEOMETRIC_PRESENTATION_REPRESENTATION (  '', ( #6096 ), #1502 ) ;
#4177 = EDGE_CURVE ( 'NONE', #9382, #7610, #7545, .T. ) ;
#4178 = CARTESIAN_POINT ( 'NONE',  ( -0.3588923814048951000, 0.8409999996185738569, -2.518731153916178744 ) ) ;
#4179 = PRESENTATION_STYLE_ASSIGNMENT (( #5984 ) ) ;
#4180 = EDGE_LOOP ( 'NONE', ( #5504, #3548, #7500, #4989 ) ) ;
#4181 = CARTESIAN_POINT ( 'NONE',  ( -0.6609302469297738680, 0.8409999996185738569, -2.479251713006655589 ) ) ;
#4182 = PRESENTATION_LAYER_ASSIGNMENT (  '', '', ( #5333 ) ) ;
#4183 = MECHANICAL_DESIGN_GEOMETRIC_PRESENTATION_REPRESENTATION (  '', ( #7868 ), #2635 ) ;
#4184 = CARTESIAN_POINT ( 'NONE',  ( -0.5904816017376012249, 0.8399999996185738560, -2.456692032487504562 ) ) ;
#4185 = ORIENTED_EDGE ( 'NONE', *, *, #817, .F. ) ;
#4186 = SURFACE_STYLE_USAGE ( .BOTH. , #3447 ) ;
#4187 = COLOUR_RGB ( '',1.000000000000000000, 1.000000000000000000, 1.000000000000000000 ) ;
#4188 = PRESENTATION_STYLE_ASSIGNMENT (( #7833 ) ) ;
#4189 = ORIENTED_EDGE ( 'NONE', *, *, #8232, .T. ) ;
#4190 = CARTESIAN_POINT ( 'NONE',  ( -0.6710015328765218667, 0.8399999996185738560, -2.545520774531907726 ) ) ;
#4191 = EDGE_CURVE ( 'NONE', #5402, #3259, #6604, .T. ) ;
#4192 = PRESENTATION_STYLE_ASSIGNMENT (( #9707 ) ) ;
#4193 = LINE ( 'NONE', #2382, #3629 ) ;
#4194 = EDGE_CURVE ( 'NONE', #760, #9249, #2041, .T. ) ;
#4195 = PRESENTATION_LAYER_ASSIGNMENT (  '', '', ( #1127 ) ) ;
#4196 = STYLED_ITEM ( 'NONE', ( #9983 ), #11329 ) ;
#4197 = EDGE_CURVE ( 'NONE', #4313, #2473, #3725, .T. ) ;
#4198 = VECTOR ( 'NONE', #4058, 1000.000000000000000 ) ;
#4199 = CARTESIAN_POINT ( 'NONE',  ( -0.3380951759263270406, 0.8409999996185738569, -2.483380940245234036 ) ) ;
#4200 = VERTEX_POINT ( 'NONE', #10448 ) ;
#4201 = CARTESIAN_POINT ( 'NONE',  ( -0.3480657490130525944, 0.8409999996185738569, -2.444102925054405517 ) ) ;
#4202 = VECTOR ( 'NONE', #7627, 1000.000000000000000 ) ;
#4203 = ORIENTED_EDGE ( 'NONE', *, *, #6846, .F. ) ;
#4204 = VECTOR ( 'NONE', #7186, 1000.000000000000000 ) ;
#4205 = DIRECTION ( 'NONE',  ( 0.0000000000000000000, 0.0000000000000000000, -1.000000000000000000 ) ) ;
#4206 = STYLED_ITEM ( 'NONE', ( #11459 ), #10502 ) ;
#4207 = SURFACE_SIDE_STYLE ('',( #555 ) ) ;
#4208 = DIRECTION ( 'NONE',  ( -1.000000000000000000, -0.0000000000000000000, -0.0000000000000000000 ) ) ;
#4209 = CARTESIAN_POINT ( 'NONE',  ( -0.1490571387172380802, 0.8399999996185738560, -2.530313132753124528 ) ) ;
#4210 = EDGE_CURVE ( 'NONE', #8289, #3878, #232, .T. ) ;
#4211 = CARTESIAN_POINT ( 'NONE',  ( -0.04492004203401987056, 0.8399999996185738560, -2.545520774531909947 ) ) ;
#4212 = ADVANCED_FACE ( 'NONE', ( #1907 ), #4005, .T. ) ;
#4213 =( GEOMETRIC_REPRESENTATION_CONTEXT ( 3 ) GLOBAL_UNCERTAINTY_ASSIGNED_CONTEXT ( ( #416 ) ) GLOBAL_UNIT_ASSIGNED_CONTEXT ( ( #127, #443, #7852 ) ) REPRESENTATION_CONTEXT ( 'NONE', 'WORKASPACE' ) );
#4214 = SURFACE_STYLE_FILL_AREA ( #444 ) ;
#4215 = VERTEX_POINT ( 'NONE', #6529 ) ;
#4216 = CARTESIAN_POINT ( 'NONE',  ( -0.2789263709930536184, 0.8399999996185738560, -2.063206890571847918 ) ) ;
#4217 =( NAMED_UNIT ( * ) SI_UNIT ( $, .STERADIAN. ) SOLID_ANGLE_UNIT ( ) );
#4218 = ORIENTED_EDGE ( 'NONE', *, *, #4115, .T. ) ;
#4219 = CARTESIAN_POINT ( 'NONE',  ( 0.5914402026622124220, 0.8399999996185738560, -2.521042199499166081 ) ) ;
#4220 = ORIENTED_EDGE ( 'NONE', *, *, #4053, .F. ) ;
#4221 = EDGE_LOOP ( 'NONE', ( #4533, #5759, #2885, #7035 ) ) ;
#4222 = CARTESIAN_POINT ( 'NONE',  ( -0.5401755284348924713, 0.8399999996185738560, -2.081133779555683017 ) ) ;
#4223 = PRESENTATION_LAYER_ASSIGNMENT (  '', '', ( #1729 ) ) ;
#4224 = SURFACE_SIDE_STYLE ('',( #8832 ) ) ;
#4225 = UNCERTAINTY_MEASURE_WITH_UNIT (LENGTH_MEASURE( 1.000000000000000082E-05 ), #8005, 'distance_accuracy_value', 'NONE');
#4226 = CARTESIAN_POINT ( 'NONE',  ( 0.8085346799974141296, 0.8399999996185738560, -2.119067284039825694 ) ) ;
#4227 = LINE ( 'NONE', #7122, #5162 ) ;
#4228 = LINE ( 'NONE', #339, #9406 ) ;
#4229 = DIRECTION ( 'NONE',  ( 0.7193398003386523021, 0.6946583704589960329, -0.0000000000000000000 ) ) ;
#4230 = PRESENTATION_STYLE_ASSIGNMENT (( #5118 ) ) ;
#4231 = CARTESIAN_POINT ( 'NONE',  ( -0.8388898695979771780, 0.8409999996185738569, -2.540384418699861868 ) ) ;
#4232 = FILL_AREA_STYLE_COLOUR ( '', #9997 ) ;
#4233 = ORIENTED_EDGE ( 'NONE', *, *, #7677, .F. ) ;
#4234 = AXIS2_PLACEMENT_3D ( 'NONE', #2013, #8487, #4784 ) ;
#4235 = DIRECTION ( 'NONE',  ( -0.0000000000000000000, -1.000000000000000000, -0.0000000000000000000 ) ) ;
#4236 = ORIENTED_EDGE ( 'NONE', *, *, #4338, .T. ) ;
#4237 =( LENGTH_UNIT ( ) NAMED_UNIT ( * ) SI_UNIT ( .MILLI., .METRE. ) );
#4238 = EDGE_CURVE ( 'NONE', #7353, #10278, #7525, .T. ) ;
#4239 = FACE_OUTER_BOUND ( 'NONE', #4334, .T. ) ;
#4240 = FACE_BOUND ( 'NONE', #11806, .T. ) ;
#4241 = ORIENTED_EDGE ( 'NONE', *, *, #5095, .T. ) ;
#4242 = CARTESIAN_POINT ( 'NONE',  ( 0.6544676393223475275, 0.8409999996185738569, -2.661103169853078487 ) ) ;
#4243 =( LENGTH_UNIT ( ) NAMED_UNIT ( * ) SI_UNIT ( .MILLI., .METRE. ) );
#4244 = VERTEX_POINT ( 'NONE', #11288 ) ;
#4245 =( LENGTH_UNIT ( ) NAMED_UNIT ( * ) SI_UNIT ( .MILLI., .METRE. ) );
#4246 = PRESENTATION_STYLE_ASSIGNMENT (( #5254 ) ) ;
#4247 = LINE ( 'NONE', #8735, #3021 ) ;
#4248 = CARTESIAN_POINT ( 'NONE',  ( -0.3652372915511160612, 0.8409999996185738569, -2.532125964224043901 ) ) ;
#4249 = ORIENTED_EDGE ( 'NONE', *, *, #257, .F. ) ;
#4250 = SURFACE_STYLE_USAGE ( .BOTH. , #4968 ) ;
#4251 = LINE ( 'NONE', #7837, #6767 ) ;
#4252 =( GEOMETRIC_REPRESENTATION_CONTEXT ( 3 ) GLOBAL_UNCERTAINTY_ASSIGNED_CONTEXT ( ( #6336 ) ) GLOBAL_UNIT_ASSIGNED_CONTEXT ( ( #2743, #192, #3843 ) ) REPRESENTATION_CONTEXT ( 'NONE', 'WORKASPACE' ) );
#4253 = SURFACE_STYLE_FILL_AREA ( #11665 ) ;
#4254 = B_SPLINE_SURFACE_WITH_KNOTS ( 'NONE', 3, 1, ( 
 ( #6289, #5637 ),
 ( #5526, #2795 ),
 ( #1915, #8201 ),
 ( #1798, #9338 ) ),
 .UNSPECIFIED., .F., .F., .F.,
 ( 4, 4 ),
 ( 2, 2 ),
 ( 11.00000000000000000, 12.00000000000000000 ),
 ( 0.0000000000000000000, 1.000000000000000000 ),
 .UNSPECIFIED. ) ;
#4255 = VECTOR ( 'NONE', #6498, 1000.000000000000000 ) ;
#4256 = VERTEX_POINT ( 'NONE', #167 ) ;
#4257 = B_SPLINE_CURVE_WITH_KNOTS ( 'NONE', 3,
 ( #5790, #8307, #2891, #6568 ),
 .UNSPECIFIED., .F., .F.,
 ( 4, 4 ),
 ( 4.000000000000000000, 5.000000000000000000 ),
 .UNSPECIFIED. ) ;
#4258 = PLANE ( 'NONE',  #5285 ) ;
#4259 = VERTEX_POINT ( 'NONE', #7716 ) ;
#4260 = EDGE_CURVE ( 'NONE', #11358, #6946, #2959, .T. ) ;
#4261 = EDGE_CURVE ( 'NONE', #4963, #3919, #4825, .T. ) ;
#4262 = CARTESIAN_POINT ( 'NONE',  ( -0.6879212932655468515, 0.8400000000000000799, -2.179328817530069351 ) ) ;
#4263 = FILL_AREA_STYLE_COLOUR ( '', #1850 ) ;
#4264 = AXIS2_PLACEMENT_3D ( 'NONE', #195, #11010, #6360 ) ;
#4265 = PRESENTATION_STYLE_ASSIGNMENT (( #6005 ) ) ;
#4266 = PRESENTATION_LAYER_ASSIGNMENT (  '', '', ( #11242 ) ) ;
#4267 = DIRECTION ( 'NONE',  ( 1.000000000000000000, -0.0000000000000000000, -6.155985935612616769E-15 ) ) ;
#4268 = PRESENTATION_STYLE_ASSIGNMENT (( #6007 ) ) ;
#4269 = DIRECTION ( 'NONE',  ( 0.0000000000000000000, 0.0000000000000000000, -1.000000000000000000 ) ) ;
#4270 = EDGE_LOOP ( 'NONE', ( #1951, #9119, #7859, #5171 ) ) ;
#4271 = CARTESIAN_POINT ( 'NONE',  ( -0.3211250591069507720, 0.8399999996185738560, -2.468676862763179880 ) ) ;
#4272 =( LENGTH_UNIT ( ) NAMED_UNIT ( * ) SI_UNIT ( .MILLI., .METRE. ) );
#4273 = EDGE_LOOP ( 'NONE', ( #985, #9886, #447, #3746 ) ) ;
#4274 = EDGE_CURVE ( 'NONE', #9249, #6341, #9747, .T. ) ;
#4275 = ADVANCED_FACE ( 'NONE', ( #8549 ), #2605, .F. ) ;
#4276 = CARTESIAN_POINT ( 'NONE',  ( -0.8418608989513860497, 0.8399999996185738560, -2.492243671877132805 ) ) ;
#4277 = ORIENTED_EDGE ( 'NONE', *, *, #11689, .F. ) ;
#4278 = ORIENTED_EDGE ( 'NONE', *, *, #4915, .F. ) ;
#4279 = CARTESIAN_POINT ( 'NONE',  ( -0.6710015328765218667, 0.8409999996185738569, -2.567979742191716763 ) ) ;
#4280 = SURFACE_SIDE_STYLE ('',( #630 ) ) ;
#4281 =( NAMED_UNIT ( * ) SI_UNIT ( $, .STERADIAN. ) SOLID_ANGLE_UNIT ( ) );
#4282 = CARTESIAN_POINT ( 'NONE',  ( 0.2006701274317579109, 0.8409999996185738569, -2.214308733195166745 ) ) ;
#4283 = CARTESIAN_POINT ( 'NONE',  ( 2.100000000000000089, -0.02999999999999966929, 0.0000000000000000000 ) ) ;
#4284 = DIRECTION ( 'NONE',  ( -0.0000000000000000000, -1.000000000000000000, -0.0000000000000000000 ) ) ;
#4285 = CARTESIAN_POINT ( 'NONE',  ( -0.3546624413076379656, 0.8399999996185738560, -2.515206203835017806 ) ) ;
#4286 = ADVANCED_FACE ( 'NONE', ( #7825 ), #8800, .F. ) ;
#4287 = B_SPLINE_CURVE_WITH_KNOTS ( 'NONE', 3,
 ( #5787, #6694, #10425, #7431 ),
 .UNSPECIFIED., .F., .F.,
 ( 4, 4 ),
 ( 11.00000000000000000, 12.00000000000000000 ),
 .UNSPECIFIED. ) ;
#4288 = CARTESIAN_POINT ( 'NONE',  ( -0.1581212960691742164, 0.8399999996185738560, -2.159186245637923829 ) ) ;
#4289 = ORIENTED_EDGE ( 'NONE', *, *, #11416, .F. ) ;
#4290 = CARTESIAN_POINT ( 'NONE',  ( -0.2955439928040459185, 0.8399999996185738560, -2.537564458635476417 ) ) ;
#4291 = EDGE_LOOP ( 'NONE', ( #9546, #7996, #48, #11094 ) ) ;
#4292 = LINE ( 'NONE', #8780, #5226 ) ;
#4293 = SURFACE_STYLE_USAGE ( .BOTH. , #2542 ) ;
#4294 =( NAMED_UNIT ( * ) PLANE_ANGLE_UNIT ( ) SI_UNIT ( $, .RADIAN. ) );
#4295 = EDGE_LOOP ( 'NONE', ( #6987, #9840, #786, #9574 ) ) ;
#4296 = CARTESIAN_POINT ( 'NONE',  ( -0.7082149344480574982, 0.8409999996185738569, -2.370985389085523032 ) ) ;
#4297 = FILL_AREA_STYLE_COLOUR ( '', #4310 ) ;
#4298 = ORIENTED_EDGE ( 'NONE', *, *, #10850, .F. ) ;
#4299 = SURFACE_SIDE_STYLE ('',( #9646 ) ) ;
#4300 = CARTESIAN_POINT ( 'NONE',  ( 0.4009573043522013380, 0.8399999996185738560, -2.481825191914147410 ) ) ;
#4301 = EDGE_CURVE ( 'NONE', #11456, #1517, #10635, .T. ) ;
#4302 = DIRECTION ( 'NONE',  ( 0.7193398003386523021, 0.6946583704589960329, -0.0000000000000000000 ) ) ;
#4303 = PRESENTATION_STYLE_ASSIGNMENT (( #2502 ) ) ;
#4304 = EDGE_LOOP ( 'NONE', ( #4364, #8700, #7706, #2994 ) ) ;
#4305 = FILL_AREA_STYLE ('',( #600 ) ) ;
#4306 = FILL_AREA_STYLE_COLOUR ( '', #1013 ) ;
#4307 = CARTESIAN_POINT ( 'NONE',  ( -1.489999999999999991, 0.3500000000000004774, -3.279999999999999805 ) ) ;
#4308 = CARTESIAN_POINT ( 'NONE',  ( -0.5741157620749829382, 0.8409999996185738569, -2.212463348294041232 ) ) ;
#4309 = MECHANICAL_DESIGN_GEOMETRIC_PRESENTATION_REPRESENTATION (  '', ( #5264 ), #2005 ) ;
#4310 = COLOUR_RGB ( '',1.000000000000000000, 1.000000000000000000, 1.000000000000000000 ) ;
#4311 = CARTESIAN_POINT ( 'NONE',  ( -0.4744603876373801876, 0.8409999996185738569, -2.533233805678196671 ) ) ;
#4312 = CARTESIAN_POINT ( 'NONE',  ( -0.2000682020347047674, 0.8409999996185738569, -2.551059981802691556 ) ) ;
#4313 = VERTEX_POINT ( 'NONE', #4114 ) ;
#4314 = LINE ( 'NONE', #10995, #7848 ) ;
#4315 = VECTOR ( 'NONE', #5362, 1000.000000000000114 ) ;
#4316 = CARTESIAN_POINT ( 'NONE',  ( -0.3504828576400529361, 0.8399999996185738560, -2.488215157499243269 ) ) ;
#4317 = LINE ( 'NONE', #2458, #10085 ) ;
#4318 = FACE_OUTER_BOUND ( 'NONE', #1414, .T. ) ;
#4319 = B_SPLINE_CURVE_WITH_KNOTS ( 'NONE', 3,
 ( #3580, #9436, #11053, #6467 ),
 .UNSPECIFIED., .F., .F.,
 ( 4, 4 ),
 ( 5.000000000000000000, 6.000000000000000000 ),
 .UNSPECIFIED. ) ;
#4320 = EDGE_CURVE ( 'NONE', #7789, #3181, #4404, .T. ) ;
#4321 = DIRECTION ( 'NONE',  ( 0.0000000000000000000, 0.0000000000000000000, 1.000000000000000000 ) ) ;
#4322 = PRESENTATION_STYLE_ASSIGNMENT (( #11742 ) ) ;
#4323 = ORIENTED_EDGE ( 'NONE', *, *, #6434, .F. ) ;
#4324 = CARTESIAN_POINT ( 'NONE',  ( -0.3265131970880389978, 0.8399999996185738560, -2.476129614362882148 ) ) ;
#4325 = UNCERTAINTY_MEASURE_WITH_UNIT (LENGTH_MEASURE( 1.000000000000000082E-05 ), #7239, 'distance_accuracy_value', 'NONE');
#4326 = LINE ( 'NONE', #3417, #2822 ) ;
#4327 = VERTEX_POINT ( 'NONE', #3271 ) ;
#4328 = FACE_OUTER_BOUND ( 'NONE', #7980, .T. ) ;
#4329 = PRESENTATION_LAYER_ASSIGNMENT (  '', '', ( #1073 ) ) ;
#4330 =( GEOMETRIC_REPRESENTATION_CONTEXT ( 3 ) GLOBAL_UNCERTAINTY_ASSIGNED_CONTEXT ( ( #10840 ) ) GLOBAL_UNIT_ASSIGNED_CONTEXT ( ( #3827, #8550, #3937 ) ) REPRESENTATION_CONTEXT ( 'NONE', 'WORKASPACE' ) );
#4331 = SURFACE_STYLE_USAGE ( .BOTH. , #5286 ) ;
#4332 = SURFACE_SIDE_STYLE ('',( #11506 ) ) ;
#4333 = ORIENTED_EDGE ( 'NONE', *, *, #7564, .F. ) ;
#4334 = EDGE_LOOP ( 'NONE', ( #8215, #10044, #10561, #2800, #9082, #9722, #9487, #6278, #5902, #2567, #2199, #10669, #118, #1973, #4631, #11768, #7972, #6386, #7061, #11851, #5502 ) ) ;
#4335 = VECTOR ( 'NONE', #7404, 1000.000000000000000 ) ;
#4336 = CARTESIAN_POINT ( 'NONE',  ( -0.9679030425686759864, 0.8409999996185738569, -2.396163603951713128 ) ) ;
#4337 = VECTOR ( 'NONE', #8241, 1000.000000000000000 ) ;
#4338 = EDGE_CURVE ( 'NONE', #2868, #5172, #6900, .T. ) ;
#4339 = SURFACE_STYLE_USAGE ( .BOTH. , #10673 ) ;
#4341 = EDGE_CURVE ( 'NONE', #4244, #8102, #11937, .T. ) ;
#4340 = PRESENTATION_LAYER_ASSIGNMENT (  '', '', ( #3949 ) ) ;
#4342 = EDGE_CURVE ( 'NONE', #7610, #10190, #10690, .T. ) ;
#4343 = CARTESIAN_POINT ( 'NONE',  ( -1.050000000000000044, 0.3500000000000004774, -3.279999999999999805 ) ) ;
#4344 = DIRECTION ( 'NONE',  ( 0.0000000000000000000, 0.0000000000000000000, 1.000000000000000000 ) ) ;
#4345 =( NAMED_UNIT ( * ) PLANE_ANGLE_UNIT ( ) SI_UNIT ( $, .RADIAN. ) );
#4346 = CARTESIAN_POINT ( 'NONE',  ( 0.7329017880636055082, 0.8409999996185738569, -2.467819094879160957 ) ) ;
#4347 = VECTOR ( 'NONE', #8398, 1000.000000000000227 ) ;
#4348 = LINE ( 'NONE', #8053, #4741 ) ;
#4349 = B_SPLINE_SURFACE_WITH_KNOTS ( 'NONE', 3, 1, ( 
 ( #4849, #8555 ),
 ( #9580, #429 ),
 ( #11718, #8966 ),
 ( #1553, #10749 ) ),
 .UNSPECIFIED., .F., .F., .F.,
 ( 4, 4 ),
 ( 2, 2 ),
 ( 0.0000000000000000000, 1.000000000000000000 ),
 ( 0.0000000000000000000, 1.000000000000000000 ),
 .UNSPECIFIED. ) ;
#4350 = VERTEX_POINT ( 'NONE', #8856 ) ;
#4351 = LINE ( 'NONE', #4471, #7234 ) ;
#4352 = ORIENTED_EDGE ( 'NONE', *, *, #3077, .T. ) ;
#4353 = CARTESIAN_POINT ( 'NONE',  ( 0.2959115231574019900, 0.8409999996185738569, -2.147079478111145523 ) ) ;
#4354 = EDGE_CURVE ( 'NONE', #1985, #6777, #5862, .T. ) ;
#4355 = CARTESIAN_POINT ( 'NONE',  ( -0.3151200548616964192, 0.8409999996185738569, -2.547761635655227064 ) ) ;
#4356 = STYLED_ITEM ( 'NONE', ( #8471 ), #9505 ) ;
#4357 =( GEOMETRIC_REPRESENTATION_CONTEXT ( 3 ) GLOBAL_UNCERTAINTY_ASSIGNED_CONTEXT ( ( #11083 ) ) GLOBAL_UNIT_ASSIGNED_CONTEXT ( ( #7278, #1676, #1736 ) ) REPRESENTATION_CONTEXT ( 'NONE', 'WORKASPACE' ) );
#4358 = PRESENTATION_STYLE_ASSIGNMENT (( #2658 ) ) ;
#4359 = CARTESIAN_POINT ( 'NONE',  ( -0.4707843682672035457, 0.8399999996185738560, -2.544614358797791631 ) ) ;
#4360 = ORIENTED_EDGE ( 'NONE', *, *, #11402, .F. ) ;
#4361 = FACE_OUTER_BOUND ( 'NONE', #2224, .T. ) ;
#4362 =( NAMED_UNIT ( * ) PLANE_ANGLE_UNIT ( ) SI_UNIT ( $, .RADIAN. ) );
#4363 = CARTESIAN_POINT ( 'NONE',  ( 1.035433489371399673, 0.8399999996185738560, -2.285739833418932498 ) ) ;
#4364 = ORIENTED_EDGE ( 'NONE', *, *, #10850, .T. ) ;
#4365 = CARTESIAN_POINT ( 'NONE',  ( -0.3588923814048951000, 0.8409999996185738569, -2.518731153916178744 ) ) ;
#4366 = VERTEX_POINT ( 'NONE', #2434 ) ;
#4367 =( NAMED_UNIT ( * ) SI_UNIT ( $, .STERADIAN. ) SOLID_ANGLE_UNIT ( ) );
#4368 = VECTOR ( 'NONE', #8036, 1000.000000000000000 ) ;
#4369 = CARTESIAN_POINT ( 'NONE',  ( -1.050000000000000044, -0.02999999999999966929, -8.279999999999999361 ) ) ;
#4370 = SURFACE_STYLE_FILL_AREA ( #11790 ) ;
#4371 = CARTESIAN_POINT ( 'NONE',  ( -0.9817510607449506654, 0.8409999996185738569, -2.370985389085522144 ) ) ;
#4372 = EDGE_CURVE ( 'NONE', #1979, #8883, #11427, .T. ) ;
#4373 = AXIS2_PLACEMENT_3D ( 'NONE', #5023, #9651, #2335 ) ;
#4374 = CARTESIAN_POINT ( 'NONE',  ( 0.4443761837901294975, 0.8409999996185738569, -2.525244071352073405 ) ) ;
#4375 = ORIENTED_EDGE ( 'NONE', *, *, #10100, .T. ) ;
#4376 = COLOUR_RGB ( '',1.000000000000000000, 1.000000000000000000, 1.000000000000000000 ) ;
#4377 = VECTOR ( 'NONE', #4302, 1000.000000000000114 ) ;
#4378 = AXIS2_PLACEMENT_3D ( 'NONE', #1364, #1481, #5860 ) ;
#4379 = FILL_AREA_STYLE_COLOUR ( '', #9730 ) ;
#4380 = MECHANICAL_DESIGN_GEOMETRIC_PRESENTATION_REPRESENTATION (  '', ( #2454 ), #8634 ) ;
#4381 = CARTESIAN_POINT ( 'NONE',  ( 0.8631584530925782150, 0.8409999996185738569, -2.472020859874013876 ) ) ;
#4382 =( NAMED_UNIT ( * ) PLANE_ANGLE_UNIT ( ) SI_UNIT ( $, .RADIAN. ) );
#4383 = CARTESIAN_POINT ( 'NONE',  ( -0.3026946058257109495, 0.8399999996185738560, -2.487510167482475776 ) ) ;
#4384 = STYLED_ITEM ( 'NONE', ( #2495 ), #4409 ) ;
#4385 = MECHANICAL_DESIGN_GEOMETRIC_PRESENTATION_REPRESENTATION (  '', ( #9615 ), #10598 ) ;
#4386 = CARTESIAN_POINT ( 'NONE',  ( -0.6328313591411887096, 0.8399999996185738560, -2.255467739283379736 ) ) ;
#4387 = ORIENTED_EDGE ( 'NONE', *, *, #11894, .F. ) ;
#4388 = DIRECTION ( 'NONE',  ( 0.3315284183576437949, 0.0000000000000000000, -0.9434452330799489861 ) ) ;
#4389 =( GEOMETRIC_REPRESENTATION_CONTEXT ( 3 ) GLOBAL_UNCERTAINTY_ASSIGNED_CONTEXT ( ( #4089 ) ) GLOBAL_UNIT_ASSIGNED_CONTEXT ( ( #5933, #3269, #4061 ) ) REPRESENTATION_CONTEXT ( 'NONE', 'WORKASPACE' ) );
#4390 = PRESENTATION_LAYER_ASSIGNMENT (  '', '', ( #9619 ) ) ;
#4391 = ORIENTED_EDGE ( 'NONE', *, *, #3293, .T. ) ;
#4392 = UNCERTAINTY_MEASURE_WITH_UNIT (LENGTH_MEASURE( 1.000000000000000082E-05 ), #6629, 'distance_accuracy_value', 'NONE');
#4393 = SURFACE_STYLE_USAGE ( .BOTH. , #729 ) ;
#4394 =( NAMED_UNIT ( * ) SI_UNIT ( $, .STERADIAN. ) SOLID_ANGLE_UNIT ( ) );
#4395 = ORIENTED_EDGE ( 'NONE', *, *, #10434, .F. ) ;
#4396 = PRESENTATION_LAYER_ASSIGNMENT (  '', '', ( #9245 ) ) ;
#4397 = ORIENTED_EDGE ( 'NONE', *, *, #11300, .T. ) ;
#4398 = STYLED_ITEM ( 'NONE', ( #7148 ), #10871 ) ;
#4399 = SURFACE_STYLE_USAGE ( .BOTH. , #2750 ) ;
#4400 = MECHANICAL_DESIGN_GEOMETRIC_PRESENTATION_REPRESENTATION (  '', ( #1709 ), #4790 ) ;
#4401 = CARTESIAN_POINT ( 'NONE',  ( 0.9121797927163823871, 0.8399999996185738560, -2.449611099275401660 ) ) ;
#4402 = CARTESIAN_POINT ( 'NONE',  ( -0.1903494110963444563, 0.8399999996185738560, -2.229181682964377131 ) ) ;
#4403 = VECTOR ( 'NONE', #6110, 1000.000000000000000 ) ;
#4404 = B_SPLINE_CURVE_WITH_KNOTS ( 'NONE', 3,
 ( #7950, #5986, #11655, #8788 ),
 .UNSPECIFIED., .F., .F.,
 ( 4, 4 ),
 ( 22.00000000000000000, 23.00000000000000000 ),
 .UNSPECIFIED. ) ;
#4405 = CARTESIAN_POINT ( 'NONE',  ( -0.4707843682672035457, 0.8409999996185738569, -2.544614358797791631 ) ) ;
#4406 = EDGE_CURVE ( 'NONE', #9450, #7994, #10000, .T. ) ;
#4407 = DIRECTION ( 'NONE',  ( -1.000000000000000000, 0.0000000000000000000, 0.0000000000000000000 ) ) ;
#4408 = LINE ( 'NONE', #10904, #8466 ) ;
#4409 = ADVANCED_FACE ( 'NONE', ( #5307 ), #10813, .F. ) ;
#4410 = DIRECTION ( 'NONE',  ( -0.0000000000000000000, -1.000000000000000000, -0.0000000000000000000 ) ) ;
#4411 = ORIENTED_EDGE ( 'NONE', *, *, #3440, .T. ) ;
#4412 = DIRECTION ( 'NONE',  ( -1.000000000000000000, -0.0000000000000000000, -0.0000000000000000000 ) ) ;
#4413 = ORIENTED_EDGE ( 'NONE', *, *, #9595, .T. ) ;
#4414 = CARTESIAN_POINT ( 'NONE',  ( -0.1314323883114438540, 0.8409999996185738569, -2.128972387800373678 ) ) ;
#4415 = CARTESIAN_POINT ( 'NONE',  ( -0.04492004203401835094, 0.8409999996185738569, -2.058473386177187336 ) ) ;
#4416 = SURFACE_STYLE_USAGE ( .BOTH. , #11774 ) ;
#4417 = SURFACE_SIDE_STYLE ('',( #2493 ) ) ;
#4418 = ORIENTED_EDGE ( 'NONE', *, *, #2455, .F. ) ;
#4419 = STYLED_ITEM ( 'NONE', ( #10639 ), #3094 ) ;
#4420 = COLOUR_RGB ( '',1.000000000000000000, 1.000000000000000000, 1.000000000000000000 ) ;
#4421 = EDGE_CURVE ( 'NONE', #9421, #8883, #9877, .T. ) ;
#4422 = EDGE_CURVE ( 'NONE', #8953, #11299, #6378, .T. ) ;
#4423 = CARTESIAN_POINT ( 'NONE',  ( 1.035433489371399451, 0.8409999996185738569, -2.345966039984117124 ) ) ;
#4424 = ORIENTED_EDGE ( 'NONE', *, *, #87, .F. ) ;
#4425 = SURFACE_SIDE_STYLE ('',( #5315 ) ) ;
#4426 = VERTEX_POINT ( 'NONE', #9931 ) ;
#4427 = CARTESIAN_POINT ( 'NONE',  ( 0.4443761837901294975, 0.8409999996185738569, -2.525244071352073405 ) ) ;
#4428 =( NAMED_UNIT ( * ) PLANE_ANGLE_UNIT ( ) SI_UNIT ( $, .RADIAN. ) );
#4429 = CARTESIAN_POINT ( 'NONE',  ( -0.1767531750691069270, 0.8409999996185738569, -2.428391718978884395 ) ) ;
#4430 = CARTESIAN_POINT ( 'NONE',  ( -0.5155512342977919271, 0.8409999996185738569, -2.233008771623575139 ) ) ;
#4431 = VECTOR ( 'NONE', #2517, 1000.000000000000000 ) ;
#4432 = LINE ( 'NONE', #9946, #7904 ) ;
#4433 = DIRECTION ( 'NONE',  ( -0.0000000000000000000, -1.000000000000000000, -0.0000000000000000000 ) ) ;
#4434 = CARTESIAN_POINT ( 'NONE',  ( -0.1957375490774270477, 0.8399999996185738560, -2.484388068838702335 ) ) ;
#4435 = ORIENTED_EDGE ( 'NONE', *, *, #7598, .F. ) ;
#4436 = DIRECTION ( 'NONE',  ( 0.0000000000000000000, -0.0000000000000000000, 1.000000000000000000 ) ) ;
#4438 = CARTESIAN_POINT ( 'NONE',  ( -0.2268578226511144547, 0.8409999996185738569, -2.539578715823747501 ) ) ;
#4437 = SURFACE_STYLE_USAGE ( .BOTH. , #10706 ) ;
#4439 = PLANE ( 'NONE',  #1094 ) ;
#4440 = DIRECTION ( 'NONE',  ( 1.000000000000000000, 0.0000000000000000000, -3.439386710808799230E-15 ) ) ;
#4441 = LINE ( 'NONE', #6219, #2942 ) ;
#4442 = B_SPLINE_CURVE_WITH_KNOTS ( 'NONE', 3,
 ( #7655, #9284, #3834, #11296 ),
 .UNSPECIFIED., .F., .F.,
 ( 4, 4 ),
 ( 1.000000000000000000, 2.000000000000000000 ),
 .UNSPECIFIED. ) ;
#4443 = CARTESIAN_POINT ( 'NONE',  ( 0.7034889789461533649, 0.8399999996185738560, -2.467819094879160513 ) ) ;
#4444 =( NAMED_UNIT ( * ) PLANE_ANGLE_UNIT ( ) SI_UNIT ( $, .RADIAN. ) );
#4445 =( LENGTH_UNIT ( ) NAMED_UNIT ( * ) SI_UNIT ( .MILLI., .METRE. ) );
#4446 = CARTESIAN_POINT ( 'NONE',  ( -0.7173798046579932253, 0.8409999996185736348, -2.097449262788629198 ) ) ;
#4447 = VERTEX_POINT ( 'NONE', #6263 ) ;
#4448 = CARTESIAN_POINT ( 'NONE',  ( -0.1598837711090797808, 0.8409999996185738569, -2.084155165340109583 ) ) ;
#4449 = UNCERTAINTY_MEASURE_WITH_UNIT (LENGTH_MEASURE( 1.000000000000000082E-05 ), #2308, 'distance_accuracy_value', 'NONE');
#4450 =( NAMED_UNIT ( * ) PLANE_ANGLE_UNIT ( ) SI_UNIT ( $, .RADIAN. ) );
#4451 = ORIENTED_EDGE ( 'NONE', *, *, #404, .F. ) ;
#4452 = CARTESIAN_POINT ( 'NONE',  ( 0.8435499225855567218, 0.8409999996185738569, -2.418797675110472056 ) ) ;
#4453 = VECTOR ( 'NONE', #7312, 1000.000000000000000 ) ;
#4454 =( GEOMETRIC_REPRESENTATION_CONTEXT ( 3 ) GLOBAL_UNCERTAINTY_ASSIGNED_CONTEXT ( ( #6425 ) ) GLOBAL_UNIT_ASSIGNED_CONTEXT ( ( #9204, #945, #11042 ) ) REPRESENTATION_CONTEXT ( 'NONE', 'WORKASPACE' ) );
#4455 = CARTESIAN_POINT ( 'NONE',  ( -0.3286281671370029911, 0.8409999996185738569, -2.449339993747145172 ) ) ;
#4456 = LINE ( 'NONE', #10096, #8181 ) ;
#4457 = EDGE_CURVE ( 'NONE', #6446, #3015, #9195, .T. ) ;
#4458 = ORIENTED_EDGE ( 'NONE', *, *, #4697, .F. ) ;
#4459 = ORIENTED_EDGE ( 'NONE', *, *, #8144, .F. ) ;
#4460 = CARTESIAN_POINT ( 'NONE',  ( -0.8686001631401385481, 0.8399999996185738560, -2.466964744152936095 ) ) ;
#4461 =( LENGTH_UNIT ( ) NAMED_UNIT ( * ) SI_UNIT ( .MILLI., .METRE. ) );
#4462 = STYLED_ITEM ( 'NONE', ( #782 ), #1267 ) ;
#4463 = DIRECTION ( 'NONE',  ( 0.0000000000000000000, -0.0000000000000000000, -1.000000000000000000 ) ) ;
#4464 = B_SPLINE_CURVE_WITH_KNOTS ( 'NONE', 3,
 ( #1292, #6769, #7707, #7003 ),
 .UNSPECIFIED., .F., .F.,
 ( 4, 4 ),
 ( 19.00000000000000000, 20.00000000000000000 ),
 .UNSPECIFIED. ) ;
#4465 = CARTESIAN_POINT ( 'NONE',  ( -0.7212068933171909002, 0.8400000000000000799, -2.083651601042033619 ) ) ;
#4466 = CARTESIAN_POINT ( 'NONE',  ( -0.3504828576400527140, 0.8409999996185738569, -2.424061066021604649 ) ) ;
#4467 = LINE ( 'NONE', #1764, #3619 ) ;
#4468 = DIRECTION ( 'NONE',  ( -0.0000000000000000000, -1.000000000000000000, -0.0000000000000000000 ) ) ;
#4469 = EDGE_LOOP ( 'NONE', ( #7399, #8315, #7886, #10666 ) ) ;
#4470 = UNCERTAINTY_MEASURE_WITH_UNIT (LENGTH_MEASURE( 1.000000000000000082E-05 ), #5510, 'distance_accuracy_value', 'NONE');
#4471 = CARTESIAN_POINT ( 'NONE',  ( -0.6609302469297738680, 0.8399999996185738560, -2.479251713006655589 ) ) ;
#4472 = ORIENTED_EDGE ( 'NONE', *, *, #5377, .F. ) ;
#4473 = CARTESIAN_POINT ( 'NONE',  ( -0.2956950620930670071, 0.8409999996185738569, -2.465252625541360487 ) ) ;
#4474 = ADVANCED_FACE ( 'NONE', ( #3439 ), #2523, .F. ) ;
#4475 = EDGE_CURVE ( 'NONE', #6098, #415, #9262, .T. ) ;
#4476 = DIRECTION ( 'NONE',  ( -0.0000000000000000000, -1.000000000000000000, -0.0000000000000000000 ) ) ;
#4477 = CARTESIAN_POINT ( 'NONE',  ( -0.2322459606321946035, 0.8409999996185738569, -2.055149861814719703 ) ) ;
#4478 =( LENGTH_UNIT ( ) NAMED_UNIT ( * ) SI_UNIT ( .MILLI., .METRE. ) );
#4479 =( LENGTH_UNIT ( ) NAMED_UNIT ( * ) SI_UNIT ( .MILLI., .METRE. ) );
#4480 = ORIENTED_EDGE ( 'NONE', *, *, #5206, .F. ) ;
#4481 = DIRECTION ( 'NONE',  ( -1.000000000000000000, 0.0000000000000000000, 0.0000000000000000000 ) ) ;
#4482 =( LENGTH_UNIT ( ) NAMED_UNIT ( * ) SI_UNIT ( .MILLI., .METRE. ) );
#4483 = VERTEX_POINT ( 'NONE', #91 ) ;
#4484 = FILL_AREA_STYLE ('',( #11843 ) ) ;
#4485 = ORIENTED_EDGE ( 'NONE', *, *, #8880, .T. ) ;
#4486 = SURFACE_SIDE_STYLE ('',( #5506 ) ) ;
#4487 =( NAMED_UNIT ( * ) PLANE_ANGLE_UNIT ( ) SI_UNIT ( $, .RADIAN. ) );
#4488 = CARTESIAN_POINT ( 'NONE',  ( -0.2374326728945912734, 0.8409999996185738569, -2.546225764548683657 ) ) ;
#4489 = SURFACE_STYLE_USAGE ( .BOTH. , #828 ) ;
#4490 = EDGE_CURVE ( 'NONE', #8482, #2551, #43, .T. ) ;
#4491 = CARTESIAN_POINT ( 'NONE',  ( -0.3115069810286119067, 0.8409999996185738569, -2.435240193422506749 ) ) ;
#4492 = ORIENTED_EDGE ( 'NONE', *, *, #7532, .F. ) ;
#4493 =( NAMED_UNIT ( * ) PLANE_ANGLE_UNIT ( ) SI_UNIT ( $, .RADIAN. ) );
#4494 = LINE ( 'NONE', #3513, #7302 ) ;
#4495 = FILL_AREA_STYLE ('',( #10142 ) ) ;
#4496 = SURFACE_STYLE_FILL_AREA ( #2616 ) ;
#4497 =( LENGTH_UNIT ( ) NAMED_UNIT ( * ) SI_UNIT ( .MILLI., .METRE. ) );
#4498 = AXIS2_PLACEMENT_3D ( 'NONE', #5106, #5044, #11575 ) ;
#4499 = PRESENTATION_LAYER_ASSIGNMENT (  '', '', ( #2203 ) ) ;
#4500 = EDGE_CURVE ( 'NONE', #10070, #9382, #2126, .T. ) ;
#4501 = ORIENTED_EDGE ( 'NONE', *, *, #1614, .T. ) ;
#4502 = FACE_OUTER_BOUND ( 'NONE', #9410, .T. ) ;
#4503 = ORIENTED_EDGE ( 'NONE', *, *, #6160, .F. ) ;
#4504 = FILL_AREA_STYLE_COLOUR ( '', #9026 ) ;
#4505 = PRESENTATION_LAYER_ASSIGNMENT (  '', '', ( #1256 ) ) ;
#4506 = VECTOR ( 'NONE', #7123, 1000.000000000000000 ) ;
#4507 = UNCERTAINTY_MEASURE_WITH_UNIT (LENGTH_MEASURE( 1.000000000000000082E-05 ), #5103, 'distance_accuracy_value', 'NONE');
#4508 = LINE ( 'NONE', #3599, #9296 ) ;
#4509 = ORIENTED_EDGE ( 'NONE', *, *, #2783, .T. ) ;
#4510 = ORIENTED_EDGE ( 'NONE', *, *, #9984, .T. ) ;
#4511 = VECTOR ( 'NONE', #10804, 1000.000000000000114 ) ;
#4512 =( GEOMETRIC_REPRESENTATION_CONTEXT ( 3 ) GLOBAL_UNCERTAINTY_ASSIGNED_CONTEXT ( ( #9373 ) ) GLOBAL_UNIT_ASSIGNED_CONTEXT ( ( #2452, #10764, #1615 ) ) REPRESENTATION_CONTEXT ( 'NONE', 'WORKASPACE' ) );
#4513 = VECTOR ( 'NONE', #4859, 1000.000000000000000 ) ;
#4514 = ORIENTED_EDGE ( 'NONE', *, *, #5585, .T. ) ;
#4515 = DIRECTION ( 'NONE',  ( 0.9903286039881277203, -0.0000000000000000000, -0.1387416884823237384 ) ) ;
#4516 = UNCERTAINTY_MEASURE_WITH_UNIT (LENGTH_MEASURE( 1.000000000000000082E-05 ), #11099, 'distance_accuracy_value', 'NONE');
#4517 = B_SPLINE_CURVE_WITH_KNOTS ( 'NONE', 3,
 ( #5077, #6960, #763, #9703 ),
 .UNSPECIFIED., .F., .F.,
 ( 4, 4 ),
 ( 3.000000000000000000, 4.000000000000000000 ),
 .UNSPECIFIED. ) ;
#4518 = PRESENTATION_STYLE_ASSIGNMENT (( #859 ) ) ;
#4519 = COLOUR_RGB ( '',1.000000000000000000, 1.000000000000000000, 1.000000000000000000 ) ;
#4520 =( GEOMETRIC_REPRESENTATION_CONTEXT ( 3 ) GLOBAL_UNCERTAINTY_ASSIGNED_CONTEXT ( ( #8347 ) ) GLOBAL_UNIT_ASSIGNED_CONTEXT ( ( #6195, #863, #5186 ) ) REPRESENTATION_CONTEXT ( 'NONE', 'WORKASPACE' ) );
#4521 = ORIENTED_EDGE ( 'NONE', *, *, #4457, .T. ) ;
#4522 = PRESENTATION_LAYER_ASSIGNMENT (  '', '', ( #1087 ) ) ;
#4523 = PRESENTATION_LAYER_ASSIGNMENT (  '', '', ( #6422 ) ) ;
#4524 = FACE_OUTER_BOUND ( 'NONE', #1605, .T. ) ;
#4525 =( NAMED_UNIT ( * ) PLANE_ANGLE_UNIT ( ) SI_UNIT ( $, .RADIAN. ) );
#4526 = B_SPLINE_CURVE_WITH_KNOTS ( 'NONE', 3,
 ( #165, #6647, #6941, #3824 ),
 .UNSPECIFIED., .F., .F.,
 ( 4, 4 ),
 ( 7.000000000000000000, 8.000000000000000000 ),
 .UNSPECIFIED. ) ;
#4527 =( GEOMETRIC_REPRESENTATION_CONTEXT ( 3 ) GLOBAL_UNCERTAINTY_ASSIGNED_CONTEXT ( ( #9139 ) ) GLOBAL_UNIT_ASSIGNED_CONTEXT ( ( #2305, #9858, #2358 ) ) REPRESENTATION_CONTEXT ( 'NONE', 'WORKASPACE' ) );
#4528 = CARTESIAN_POINT ( 'NONE',  ( -0.7618948885402176963, 0.8399999996185738560, -2.201586359471180643 ) ) ;
#4529 = CARTESIAN_POINT ( 'NONE',  ( -0.4677629824827798655, 0.8409999996185738569, -2.533032379959503810 ) ) ;
#4530 = EDGE_CURVE ( 'NONE', #3251, #9833, #3831, .T. ) ;
#4531 = VECTOR ( 'NONE', #3017, 1000.000000000000114 ) ;
#4532 = VECTOR ( 'NONE', #9798, 1000.000000000000000 ) ;
#4533 = ORIENTED_EDGE ( 'NONE', *, *, #2964, .T. ) ;
#4534 = FILL_AREA_STYLE ('',( #8069 ) ) ;
#4535 = CARTESIAN_POINT ( 'NONE',  ( -0.3437854524861161387, 0.8409999996185738569, -2.144180029579166202 ) ) ;
#4536 = STYLED_ITEM ( 'NONE', ( #1692 ), #326 ) ;
#4537 = PRESENTATION_STYLE_ASSIGNMENT (( #10189 ) ) ;
#4538 = ORIENTED_EDGE ( 'NONE', *, *, #5107, .F. ) ;
#4539 = DIRECTION ( 'NONE',  ( -0.0000000000000000000, -1.000000000000000000, -0.0000000000000000000 ) ) ;
#4540 = VERTEX_POINT ( 'NONE', #3863 ) ;
#4541 = MECHANICAL_DESIGN_GEOMETRIC_PRESENTATION_REPRESENTATION (  '', ( #9581 ), #5305 ) ;
#4542 =( NAMED_UNIT ( * ) PLANE_ANGLE_UNIT ( ) SI_UNIT ( $, .RADIAN. ) );
#4543 = COLOUR_RGB ( '',1.000000000000000000, 1.000000000000000000, 1.000000000000000000 ) ;
#4544 = FILL_AREA_STYLE ('',( #947 ) ) ;
#4545 = B_SPLINE_SURFACE_WITH_KNOTS ( 'NONE', 3, 1, ( 
 ( #8090, #9280 ),
 ( #9334, #3579 ),
 ( #10081, #11905 ),
 ( #2907, #6466 ) ),
 .UNSPECIFIED., .F., .F., .F.,
 ( 4, 4 ),
 ( 2, 2 ),
 ( 6.000000000000000000, 7.000000000000000000 ),
 ( 0.0000000000000000000, 1.000000000000000000 ),
 .UNSPECIFIED. ) ;
#4546 = UNCERTAINTY_MEASURE_WITH_UNIT (LENGTH_MEASURE( 1.000000000000000082E-05 ), #130, 'distance_accuracy_value', 'NONE');
#4547 =( NAMED_UNIT ( * ) SI_UNIT ( $, .STERADIAN. ) SOLID_ANGLE_UNIT ( ) );
#4548 = CARTESIAN_POINT ( 'NONE',  ( -0.3480657490130525944, 0.8399999996185738560, -2.444102925054405517 ) ) ;
#4549 = CARTESIAN_POINT ( 'NONE',  ( -0.3026946058257109495, 0.8409999996185738569, -2.487510167482475776 ) ) ;
#4550 = AXIS2_PLACEMENT_3D ( 'NONE', #3434, #5368, #10857 ) ;
#4551 = VERTEX_POINT ( 'NONE', #10430 ) ;
#4552 = VECTOR ( 'NONE', #1277, 1000.000000000000000 ) ;
#4553 = CARTESIAN_POINT ( 'NONE',  ( -0.6798642645084208569, 0.8399999996185738560, -2.201586359471180643 ) ) ;
#4554 = CARTESIAN_POINT ( 'NONE',  ( -0.2112473294349347386, 0.8409999996185738569, -2.424061066021605093 ) ) ;
#4555 = DIRECTION ( 'NONE',  ( 1.000000000000000000, -0.0000000000000000000, 0.0000000000000000000 ) ) ;
#4556 = VECTOR ( 'NONE', #68, 1000.000000000000000 ) ;
#4557 = EDGE_CURVE ( 'NONE', #5268, #7963, #4975, .T. ) ;
#4558 = EDGE_CURVE ( 'NONE', #3322, #8967, #3806, .T. ) ;
#4559 = FACE_OUTER_BOUND ( 'NONE', #5376, .T. ) ;
#4560 = DIRECTION ( 'NONE',  ( -0.0000000000000000000, -1.000000000000000000, -0.0000000000000000000 ) ) ;
#4561 = CARTESIAN_POINT ( 'NONE',  ( -0.8068128238598295532, 0.8409999996185738569, -2.538672300089628298 ) ) ;
#4562 = ORIENTED_EDGE ( 'NONE', *, *, #3820, .F. ) ;
#4563 = UNCERTAINTY_MEASURE_WITH_UNIT (LENGTH_MEASURE( 1.000000000000000082E-05 ), #4272, 'distance_accuracy_value', 'NONE');
#4564 = B_SPLINE_CURVE_WITH_KNOTS ( 'NONE', 3,
 ( #2541, #10913, #11599, #10807 ),
 .UNSPECIFIED., .F., .F.,
 ( 4, 4 ),
 ( 2.000000000000000000, 3.000000000000000000 ),
 .UNSPECIFIED. ) ;
#4565 = VERTEX_POINT ( 'NONE', #10367 ) ;
#4566 = CARTESIAN_POINT ( 'NONE',  ( -0.2475543152703384153, 0.8409999996185738569, -2.236130870267349469 ) ) ;
#4567 = ORIENTED_EDGE ( 'NONE', *, *, #6976, .F. ) ;
#4568 = CARTESIAN_POINT ( 'NONE',  ( -0.2322459606321946035, 0.8399999996185738560, -2.055149861814719703 ) ) ;
#4569 = VECTOR ( 'NONE', #9820, 1000.000000000000000 ) ;
#4570 = PRESENTATION_LAYER_ASSIGNMENT (  '', '', ( #5918 ) ) ;
#4571 = FILL_AREA_STYLE_COLOUR ( '', #3096 ) ;
#4572 = EDGE_CURVE ( 'NONE', #9197, #233, #7384, .T. ) ;
#4573 = DIRECTION ( 'NONE',  ( -1.000000000000000000, -0.0000000000000000000, -0.0000000000000000000 ) ) ;
#4574 = EDGE_CURVE ( 'NONE', #8356, #6134, #217, .T. ) ;
#4575 = ORIENTED_EDGE ( 'NONE', *, *, #4035, .F. ) ;
#4576 = PRESENTATION_LAYER_ASSIGNMENT (  '', '', ( #4384 ) ) ;
#4577 = ORIENTED_EDGE ( 'NONE', *, *, #4261, .T. ) ;
#4578 = STYLED_ITEM ( 'NONE', ( #4537 ), #3899 ) ;
#4579 = VECTOR ( 'NONE', #11285, 1000.000000000000000 ) ;
#4580 =( LENGTH_UNIT ( ) NAMED_UNIT ( * ) SI_UNIT ( .MILLI., .METRE. ) );
#4581 = ORIENTED_EDGE ( 'NONE', *, *, #4115, .F. ) ;
#4582 = STYLED_ITEM ( 'NONE', ( #2312 ), #3323 ) ;
#4583 = DIRECTION ( 'NONE',  ( 1.000000000000000000, 0.0000000000000000000, 0.0000000000000000000 ) ) ;
#4584 = FACE_OUTER_BOUND ( 'NONE', #541, .T. ) ;
#4585 =( GEOMETRIC_REPRESENTATION_CONTEXT ( 3 ) GLOBAL_UNCERTAINTY_ASSIGNED_CONTEXT ( ( #7222 ) ) GLOBAL_UNIT_ASSIGNED_CONTEXT ( ( #9125, #4294, #1653 ) ) REPRESENTATION_CONTEXT ( 'NONE', 'WORKASPACE' ) );
#4586 = ORIENTED_EDGE ( 'NONE', *, *, #5958, .T. ) ;
#4587 = UNCERTAINTY_MEASURE_WITH_UNIT (LENGTH_MEASURE( 1.000000000000000082E-05 ), #8081, 'distance_accuracy_value', 'NONE');
#4588 = EDGE_CURVE ( 'NONE', #6668, #9592, #1166, .T. ) ;
#4589 = FILL_AREA_STYLE ('',( #11325 ) ) ;
#4590 = MECHANICAL_DESIGN_GEOMETRIC_PRESENTATION_REPRESENTATION (  '', ( #11201 ), #396 ) ;
#4591 = FILL_AREA_STYLE_COLOUR ( '', #181 ) ;
#4592 = CARTESIAN_POINT ( 'NONE',  ( 1.489999999999999991, -0.02999999999999972133, -8.279999999999999361 ) ) ;
#4593 = PRESENTATION_LAYER_ASSIGNMENT (  '', '', ( #924 ) ) ;
#4594 = FILL_AREA_STYLE_COLOUR ( '', #3037 ) ;
#4595 = PRESENTATION_STYLE_ASSIGNMENT (( #4705 ) ) ;
#4596 = EDGE_LOOP ( 'NONE', ( #4277, #6130, #6166, #5015, #4575, #519 ) ) ;
#4597 =( NAMED_UNIT ( * ) PLANE_ANGLE_UNIT ( ) SI_UNIT ( $, .RADIAN. ) );
#4598 = FILL_AREA_STYLE_COLOUR ( '', #7028 ) ;
#4599 = CARTESIAN_POINT ( 'NONE',  ( 1.035433489371399451, 0.8399999996185738560, -2.345966039984117124 ) ) ;
#4600 = EDGE_LOOP ( 'NONE', ( #5345, #4900, #7634, #487 ) ) ;
#4601 = CARTESIAN_POINT ( 'NONE',  ( 0.3295262308429499076, 0.8399999996185738560, -2.483225780245764458 ) ) ;
#4602 = EDGE_LOOP ( 'NONE', ( #11547, #1365, #5653, #8495, #11370, #393, #6828, #10887, #1593, #1811, #5252, #2576, #10685, #9134, #4806, #3716, #8145, #2315, #11576, #2557, #3250, #4681, #7388, #8522, #1475, #704, #11879, #2662, #7494, #8912, #4062, #7257, #346 ) ) ;
#4603 = SURFACE_STYLE_USAGE ( .BOTH. , #9941 ) ;
#4604 = CARTESIAN_POINT ( 'NONE',  ( -0.5921937203478339073, 0.8409999996185738569, -2.084558016777495748 ) ) ;
#4605 = CARTESIAN_POINT ( 'NONE',  ( -0.3905665757056559495, 0.8409999996185738569, -2.542600101608178065 ) ) ;
#4606 = SURFACE_SIDE_STYLE ('',( #4719 ) ) ;
#4607 = DIRECTION ( 'NONE',  ( 0.0000000000000000000, 1.000000000000000000, 0.0000000000000000000 ) ) ;
#4608 = CARTESIAN_POINT ( 'NONE',  ( 0.7315011463022886851, 0.8399999996185738560, -2.379580614097772440 ) ) ;
#4609 = CARTESIAN_POINT ( 'NONE',  ( 0.1936670789142624916, 0.8409999996185738569, -2.505635514131208108 ) ) ;
#4610 = CARTESIAN_POINT ( 'NONE',  ( -0.3905665757056559495, 0.8409999996185738569, -2.520443272526411871 ) ) ;
#4611 = STYLED_ITEM ( 'NONE', ( #5588 ), #748 ) ;
#4612 = CARTESIAN_POINT ( 'NONE',  ( -0.2955439928040459185, 0.8409999996185738569, -2.537564458635476417 ) ) ;
#4613 = VERTEX_POINT ( 'NONE', #5618 ) ;
#4615 =( NAMED_UNIT ( * ) SI_UNIT ( $, .STERADIAN. ) SOLID_ANGLE_UNIT ( ) );
#4614 = PRESENTATION_STYLE_ASSIGNMENT (( #1794 ) ) ;
#4616 =( NAMED_UNIT ( * ) SI_UNIT ( $, .STERADIAN. ) SOLID_ANGLE_UNIT ( ) );
#4617 =( NAMED_UNIT ( * ) SI_UNIT ( $, .STERADIAN. ) SOLID_ANGLE_UNIT ( ) );
#4618 = LINE ( 'NONE', #10027, #8190 ) ;
#4619 = CARTESIAN_POINT ( 'NONE',  ( -0.3361312751670491594, 0.8409999996185738569, -2.551160694662033546 ) ) ;
#4620 =( GEOMETRIC_REPRESENTATION_CONTEXT ( 3 ) GLOBAL_UNCERTAINTY_ASSIGNED_CONTEXT ( ( #7423 ) ) GLOBAL_UNIT_ASSIGNED_CONTEXT ( ( #5097, #6864, #11567 ) ) REPRESENTATION_CONTEXT ( 'NONE', 'WORKASPACE' ) );
#4621 = PRESENTATION_STYLE_ASSIGNMENT (( #7159 ) ) ;
#4622 = LINE ( 'NONE', #7593, #5320 ) ;
#4623 = B_SPLINE_CURVE_WITH_KNOTS ( 'NONE', 3,
 ( #8235, #10301, #1998, #11270 ),
 .UNSPECIFIED., .F., .F.,
 ( 4, 4 ),
 ( 7.000000000000000000, 8.000000000000000000 ),
 .UNSPECIFIED. ) ;
#4624 = FILL_AREA_STYLE_COLOUR ( '', #7293 ) ;
#4625 = ORIENTED_EDGE ( 'NONE', *, *, #7842, .F. ) ;
#4626 = EDGE_CURVE ( 'NONE', #1801, #5232, #4257, .T. ) ;
#4627 = SURFACE_STYLE_FILL_AREA ( #6479 ) ;
#4628 = CARTESIAN_POINT ( 'NONE',  ( -0.2644237192303643402, 0.8399999996185738560, -2.254964174986648029 ) ) ;
#4629 = EDGE_CURVE ( 'NONE', #760, #4740, #3979, .T. ) ;
#4630 = CARTESIAN_POINT ( 'NONE',  ( 0.3491347346354610748, 0.8409999996185738569, -2.264730687865104120 ) ) ;
#4631 = ORIENTED_EDGE ( 'NONE', *, *, #5366, .T. ) ;
#4632 = CARTESIAN_POINT ( 'NONE',  ( 0.5466206814636389577, 0.8409999996185738569, -2.005617892709753658 ) ) ;
#4633 = CARTESIAN_POINT ( 'NONE',  ( -0.04492004203401921830, 0.8399999996185738560, -2.393645782464021821 ) ) ;
#4634 = CARTESIAN_POINT ( 'NONE',  ( -0.3905665757056559495, 0.8409999996185738569, -2.529708855597042838 ) ) ;
#4635 = CARTESIAN_POINT ( 'NONE',  ( -0.1740842842937340984, 0.8409999996185738569, -2.528298875564845449 ) ) ;
#4636 = ORIENTED_EDGE ( 'NONE', *, *, #973, .T. ) ;
#4637 = PRESENTATION_LAYER_ASSIGNMENT (  '', '', ( #9675 ) ) ;
#4638 = COLOUR_RGB ( '',0.9725490196078431238, 0.9686274509803921573, 1.000000000000000000 ) ;
#4639 = SURFACE_SIDE_STYLE ('',( #10289 ) ) ;
#4640 = ADVANCED_FACE ( 'NONE', ( #11272 ), #271, .T. ) ;
#4641 = ORIENTED_EDGE ( 'NONE', *, *, #3681, .T. ) ;
#4642 = CARTESIAN_POINT ( 'NONE',  ( -0.3504828576400531581, 0.8409999996185738569, -2.571303266554185729 ) ) ;
#4643 = UNCERTAINTY_MEASURE_WITH_UNIT (LENGTH_MEASURE( 1.000000000000000082E-05 ), #11697, 'distance_accuracy_value', 'NONE');
#4644 = FILL_AREA_STYLE_COLOUR ( '', #8704 ) ;
#4645 = CARTESIAN_POINT ( 'NONE',  ( 0.9471950353051987737, 0.8409999996185738569, -2.400589759651599486 ) ) ;
#4646 = B_SPLINE_SURFACE_WITH_KNOTS ( 'NONE', 3, 1, ( 
 ( #7770, #691 ),
 ( #1823, #1594 ),
 ( #4414, #11945 ),
 ( #11028, #7997 ) ),
 .UNSPECIFIED., .F., .F., .F.,
 ( 4, 4 ),
 ( 2, 2 ),
 ( 3.000000000000000000, 4.000000000000000000 ),
 ( 0.0000000000000000000, 1.000000000000000000 ),
 .UNSPECIFIED. ) ;
#4647 = ORIENTED_EDGE ( 'NONE', *, *, #3682, .T. ) ;
#4648 = UNCERTAINTY_MEASURE_WITH_UNIT (LENGTH_MEASURE( 1.000000000000000082E-05 ), #9472, 'distance_accuracy_value', 'NONE');
#4649 = CARTESIAN_POINT ( 'NONE',  ( -0.2108948344265481056, 0.8399999996185738560, -2.551059981802691112 ) ) ;
#4650 = EDGE_CURVE ( 'NONE', #7294, #9969, #10923, .T. ) ;
#4651 = CARTESIAN_POINT ( 'NONE',  ( -0.5904816017376014470, 0.8399999996185738560, -2.479251713006656033 ) ) ;
#4652 = B_SPLINE_CURVE_WITH_KNOTS ( 'NONE', 3,
 ( #9030, #3565, #10823, #10926 ),
 .UNSPECIFIED., .F., .F.,
 ( 4, 4 ),
 ( 9.000000000000000000, 10.00000000000000000 ),
 .UNSPECIFIED. ) ;
#4653 = CARTESIAN_POINT ( 'NONE',  ( -1.261220445829635439, -0.8400000000000003020, -3.279999999999999805 ) ) ;
#4654 = ORIENTED_EDGE ( 'NONE', *, *, #10434, .T. ) ;
#4655 =( NAMED_UNIT ( * ) PLANE_ANGLE_UNIT ( ) SI_UNIT ( $, .RADIAN. ) );
#4656 = DIRECTION ( 'NONE',  ( -0.0000000000000000000, -1.000000000000000000, -0.0000000000000000000 ) ) ;
#4657 = CARTESIAN_POINT ( 'NONE',  ( -0.4719425661496922664, 0.8409999996185738569, -2.541995824450754338 ) ) ;
#4658 = ORIENTED_EDGE ( 'NONE', *, *, #10017, .T. ) ;
#4659 = SURFACE_SIDE_STYLE ('',( #2897 ) ) ;
#4660 = ORIENTED_EDGE ( 'NONE', *, *, #6370, .T. ) ;
#4661 = CARTESIAN_POINT ( 'NONE',  ( -0.8346599295000483032, 0.8409999996185738569, -2.424564630319675729 ) ) ;
#4662 = SURFACE_STYLE_USAGE ( .BOTH. , #9085 ) ;
#4663 = CARTESIAN_POINT ( 'NONE',  ( -0.9652845082229830620, 0.8399999996185738560, -2.406738454195191057 ) ) ;
#4664 = CARTESIAN_POINT ( 'NONE',  ( 0.8435499225855567218, 0.8399999996185738560, -2.418797675110472056 ) ) ;
#4665 = CARTESIAN_POINT ( 'NONE',  ( -0.3504828576400527140, 0.8409999996185738569, -2.424061066021604649 ) ) ;
#4666 = CARTESIAN_POINT ( 'NONE',  ( -0.2789263709930535629, 0.8409999996185738569, -2.089795085468891145 ) ) ;
#4667 = ADVANCED_FACE ( 'NONE', ( #5845 ), #2413, .F. ) ;
#4668 = PRESENTATION_STYLE_ASSIGNMENT (( #7339 ) ) ;
#4669 = EDGE_CURVE ( 'NONE', #7642, #11918, #11072, .T. ) ;
#4670 = VERTEX_POINT ( 'NONE', #11641 ) ;
#4671 = FILL_AREA_STYLE ('',( #6217 ) ) ;
#4672 = PLANE ( 'NONE',  #10145 ) ;
#4673 = CARTESIAN_POINT ( 'NONE',  ( 0.7875255611587709259, 0.8409999996185738569, -2.491629470525245083 ) ) ;
#4674 = DIRECTION ( 'NONE',  ( 0.0000000000000000000, 0.0000000000000000000, -1.000000000000000000 ) ) ;
#4675 = SURFACE_SIDE_STYLE ('',( #6728 ) ) ;
#4676 = SURFACE_STYLE_FILL_AREA ( #6660 ) ;
#4677 = CARTESIAN_POINT ( 'NONE',  ( 0.5452200931313473387, 0.8399999996185738560, -2.089654474922372440 ) ) ;
#4678 = FILL_AREA_STYLE_COLOUR ( '', #10221 ) ;
#4679 = ORIENTED_EDGE ( 'NONE', *, *, #10722, .T. ) ;
#4680 = ORIENTED_EDGE ( 'NONE', *, *, #2194, .F. ) ;
#4681 = ORIENTED_EDGE ( 'NONE', *, *, #7973, .T. ) ;
#4682 =( NAMED_UNIT ( * ) PLANE_ANGLE_UNIT ( ) SI_UNIT ( $, .RADIAN. ) );
#4683 = LINE ( 'NONE', #11249, #490 ) ;
#4684 = VERTEX_POINT ( 'NONE', #4044 ) ;
#4685 = ADVANCED_FACE ( 'NONE', ( #6084 ), #803, .F. ) ;
#4686 = FILL_AREA_STYLE_COLOUR ( '', #1329 ) ;
#4687 = VERTEX_POINT ( 'NONE', #580 ) ;
#4688 =( GEOMETRIC_REPRESENTATION_CONTEXT ( 3 ) GLOBAL_UNCERTAINTY_ASSIGNED_CONTEXT ( ( #10053 ) ) GLOBAL_UNIT_ASSIGNED_CONTEXT ( ( #7544, #5708, #8564 ) ) REPRESENTATION_CONTEXT ( 'NONE', 'WORKASPACE' ) );
#4689 = MECHANICAL_DESIGN_GEOMETRIC_PRESENTATION_REPRESENTATION (  '', ( #3147 ), #1057 ) ;
#4690 = DIRECTION ( 'NONE',  ( 1.000000000000000000, -0.0000000000000000000, -6.155985935612616769E-15 ) ) ;
#4691 =( NAMED_UNIT ( * ) PLANE_ANGLE_UNIT ( ) SI_UNIT ( $, .RADIAN. ) );
#4692 = CARTESIAN_POINT ( 'NONE',  ( -0.2367780393081682366, 0.8409999996185738569, -2.546225764548683212 ) ) ;
#4693 = ORIENTED_EDGE ( 'NONE', *, *, #11413, .T. ) ;
#4694 = UNCERTAINTY_MEASURE_WITH_UNIT (LENGTH_MEASURE( 1.000000000000000082E-05 ), #2392, 'distance_accuracy_value', 'NONE');
#4695 = EDGE_CURVE ( 'NONE', #5232, #6651, #4228, .T. ) ;
#4696 = ADVANCED_FACE ( 'NONE', ( #10793, #5594 ), #7361, .F. ) ;
#4697 = EDGE_CURVE ( 'NONE', #2180, #5825, #6127, .T. ) ;
#4698 = MECHANICAL_DESIGN_GEOMETRIC_PRESENTATION_REPRESENTATION (  '', ( #6220 ), #504 ) ;
#4699 = CARTESIAN_POINT ( 'NONE',  ( -0.6665198106302211434, 0.8399999996185738560, -2.393645782464019600 ) ) ;
#4700 = PRESENTATION_LAYER_ASSIGNMENT (  '', '', ( #1066 ) ) ;
#4701 = FILL_AREA_STYLE ('',( #5614 ) ) ;
#4702 = CARTESIAN_POINT ( 'NONE',  ( -0.1233753595549827997, 0.8409999996185738569, -2.233008771623576916 ) ) ;
#4703 = DIRECTION ( 'NONE',  ( -0.0000000000000000000, -1.000000000000000000, -0.0000000000000000000 ) ) ;
#4704 = CARTESIAN_POINT ( 'NONE',  ( 0.3561377831529547455, 0.8409999996185738569, -2.078449601301691985 ) ) ;
#4705 = SURFACE_STYLE_USAGE ( .BOTH. , #10245 ) ;
#4706 = CARTESIAN_POINT ( 'NONE',  ( 0.8687608999211974270, 0.8409999996185738569, -2.119067284039826138 ) ) ;
#4707 = VERTEX_POINT ( 'NONE', #9800 ) ;
#4708 = AXIS2_PLACEMENT_3D ( 'NONE', #10747, #11782, #2546 ) ;
#4709 = CARTESIAN_POINT ( 'NONE',  ( -0.1740842842937340984, 0.8409999996185738569, -2.528298875564845449 ) ) ;
#4710 = COLOUR_RGB ( '',1.000000000000000000, 1.000000000000000000, 1.000000000000000000 ) ;
#4711 = FACE_OUTER_BOUND ( 'NONE', #4092, .T. ) ;
#4712 = FILL_AREA_STYLE ('',( #2131 ) ) ;
#4713 = ORIENTED_EDGE ( 'NONE', *, *, #9278, .T. ) ;
#4714 =( NAMED_UNIT ( * ) SI_UNIT ( $, .STERADIAN. ) SOLID_ANGLE_UNIT ( ) );
#4715 = EDGE_CURVE ( 'NONE', #9720, #8753, #9163, .T. ) ;
#4716 = ORIENTED_EDGE ( 'NONE', *, *, #11708, .T. ) ;
#4717 = CARTESIAN_POINT ( 'NONE',  ( -0.9709747847814359512, 0.8409999996185738569, -2.409961265696968447 ) ) ;
#4718 = CARTESIAN_POINT ( 'NONE',  ( -0.2374326728945907738, 0.8399999996185738560, -2.455584191033351349 ) ) ;
#4719 = SURFACE_STYLE_FILL_AREA ( #4544 ) ;
#4720 = AXIS2_PLACEMENT_3D ( 'NONE', #1679, #3708, #3464 ) ;
#4721 = STYLED_ITEM ( 'NONE', ( #11699 ), #7176 ) ;
#4722 = VECTOR ( 'NONE', #796, 1000.000000000000000 ) ;
#4723 =( NAMED_UNIT ( * ) PLANE_ANGLE_UNIT ( ) SI_UNIT ( $, .RADIAN. ) );
#4724 = PRESENTATION_STYLE_ASSIGNMENT (( #6648 ) ) ;
#4725 = STYLED_ITEM ( 'NONE', ( #2121 ), #267 ) ;
#4726 = ORIENTED_EDGE ( 'NONE', *, *, #7598, .T. ) ;
#4727 = DIRECTION ( 'NONE',  ( 0.0000000000000000000, -1.000000000000000000, 0.0000000000000000000 ) ) ;
#4728 = CARTESIAN_POINT ( 'NONE',  ( -0.4477714798796501028, 0.8399999996185738560, -2.593258669917257286 ) ) ;
#4729 = FILL_AREA_STYLE_COLOUR ( '', #900 ) ;
#4730 = STYLED_ITEM ( 'NONE', ( #3330 ), #9218 ) ;
#4731 = STYLED_ITEM ( 'NONE', ( #5778 ), #7195 ) ;
#4732 = PRESENTATION_LAYER_ASSIGNMENT (  '', '', ( #529 ) ) ;
#4733 = CARTESIAN_POINT ( 'NONE',  ( -0.8388898695979767339, 0.8399999996185738560, -2.397070019685833220 ) ) ;
#4734 = CARTESIAN_POINT ( 'NONE',  ( -0.1598837711090797808, 0.8399999996185738560, -2.084155165340109583 ) ) ;
#4735 = PLANE ( 'NONE',  #9452 ) ;
#4736 = EDGE_CURVE ( 'NONE', #7015, #6946, #1543, .T. ) ;
#4737 = SURFACE_SIDE_STYLE ('',( #9403 ) ) ;
#4738 = B_SPLINE_CURVE_WITH_KNOTS ( 'NONE', 3,
 ( #8231, #8056, #2486, #4290 ),
 .UNSPECIFIED., .F., .F.,
 ( 4, 4 ),
 ( 0.0000000000000000000, 1.000000000000000000 ),
 .UNSPECIFIED. ) ;
#4739 = DIRECTION ( 'NONE',  ( -0.9209172030172799728, 0.0000000000000000000, -0.3897582650654505820 ) ) ;
#4740 = VERTEX_POINT ( 'NONE', #632 ) ;
#4741 = VECTOR ( 'NONE', #7125, 1000.000000000000000 ) ;
#4742 =( NAMED_UNIT ( * ) SI_UNIT ( $, .STERADIAN. ) SOLID_ANGLE_UNIT ( ) );
#4743 = B_SPLINE_SURFACE_WITH_KNOTS ( 'NONE', 3, 1, ( 
 ( #6802, #6744 ),
 ( #11382, #3053 ),
 ( #1926, #254 ),
 ( #10470, #5829 ) ),
 .UNSPECIFIED., .F., .F., .F.,
 ( 4, 4 ),
 ( 2, 2 ),
 ( 0.0000000000000000000, 1.000000000000000000 ),
 ( 0.0000000000000000000, 1.000000000000000000 ),
 .UNSPECIFIED. ) ;
#4744 = CARTESIAN_POINT ( 'NONE',  ( 0.5452200931313473387, 0.8409999996185738569, -2.089654474922372440 ) ) ;
#4745 = CARTESIAN_POINT ( 'NONE',  ( -0.2243903575944334872, 0.8399999996185738560, -2.258791263645847369 ) ) ;
#4746 = ORIENTED_EDGE ( 'NONE', *, *, #5948, .F. ) ;
#4747 = SURFACE_STYLE_USAGE ( .BOTH. , #2979 ) ;
#4748 = PRESENTATION_LAYER_ASSIGNMENT (  '', '', ( #9979 ) ) ;
#4749 = CARTESIAN_POINT ( 'NONE',  ( -0.4310027887796453183, 0.8399999996185738560, -2.427283877524723188 ) ) ;
#4750 =( LENGTH_UNIT ( ) NAMED_UNIT ( * ) SI_UNIT ( .MILLI., .METRE. ) );
#4751 = SURFACE_SIDE_STYLE ('',( #2983 ) ) ;
#4752 = SURFACE_STYLE_FILL_AREA ( #11069 ) ;
#4753 = EDGE_CURVE ( 'NONE', #3322, #10784, #1111, .T. ) ;
#4754 = PRESENTATION_LAYER_ASSIGNMENT (  '', '', ( #8437 ) ) ;
#4755 = LINE ( 'NONE', #11257, #1624 ) ;
#4756 = EDGE_LOOP ( 'NONE', ( #251, #7708, #10670, #11088 ) ) ;
#4757 = STYLED_ITEM ( 'NONE', ( #7144 ), #10002 ) ;
#4758 = ORIENTED_EDGE ( 'NONE', *, *, #3681, .F. ) ;
#4759 = FILL_AREA_STYLE_COLOUR ( '', #8600 ) ;
#4760 = CARTESIAN_POINT ( 'NONE',  ( -0.01949004502012938178, 0.8409999996185738569, -2.567979742191718984 ) ) ;
#4761 = STYLED_ITEM ( 'NONE', ( #6885 ), #4085 ) ;
#4762 = LINE ( 'NONE', #3856, #4924 ) ;
#4763 = VERTEX_POINT ( 'NONE', #4568 ) ;
#4764 = MECHANICAL_DESIGN_GEOMETRIC_PRESENTATION_REPRESENTATION (  '', ( #1895 ), #4946 ) ;
#4765 = AXIS2_PLACEMENT_3D ( 'NONE', #4529, #1774, #7566 ) ;
#4766 = FACE_OUTER_BOUND ( 'NONE', #11474, .T. ) ;
#4767 = SURFACE_STYLE_USAGE ( .BOTH. , #6757 ) ;
#4768 = VECTOR ( 'NONE', #11009, 1000.000000000000114 ) ;
#4769 = UNCERTAINTY_MEASURE_WITH_UNIT (LENGTH_MEASURE( 1.000000000000000082E-05 ), #887, 'distance_accuracy_value', 'NONE');
#4770 = MECHANICAL_DESIGN_GEOMETRIC_PRESENTATION_REPRESENTATION (  '', ( #8459 ), #9417 ) ;
#4771 = PLANE ( 'NONE',  #4765 ) ;
#4772 = SURFACE_STYLE_FILL_AREA ( #7321 ) ;
#4773 = EDGE_CURVE ( 'NONE', #1622, #6303, #11696, .T. ) ;
#4774 = EDGE_CURVE ( 'NONE', #2191, #4004, #8323, .T. ) ;
#4775 =( GEOMETRIC_REPRESENTATION_CONTEXT ( 3 ) GLOBAL_UNCERTAINTY_ASSIGNED_CONTEXT ( ( #3590 ) ) GLOBAL_UNIT_ASSIGNED_CONTEXT ( ( #5276, #7102, #5453 ) ) REPRESENTATION_CONTEXT ( 'NONE', 'WORKASPACE' ) );
#4776 = CARTESIAN_POINT ( 'NONE',  ( -0.7082149344480581643, 0.8409999996185738569, -2.567979742191716319 ) ) ;
#4777 = CARTESIAN_POINT ( 'NONE',  ( -0.3504828576400527140, 0.8399999996185738560, -2.424061066021604649 ) ) ;
#4778 = ORIENTED_EDGE ( 'NONE', *, *, #11015, .F. ) ;
#4779 = AXIS2_PLACEMENT_3D ( 'NONE', #2645, #9865, #6315 ) ;
#4780 = ORIENTED_EDGE ( 'NONE', *, *, #6610, .F. ) ;
#4781 = MECHANICAL_DESIGN_GEOMETRIC_PRESENTATION_REPRESENTATION (  '', ( #2655 ), #4213 ) ;
#4782 = CARTESIAN_POINT ( 'NONE',  ( -0.2089309336672774686, 0.8399999996185738560, -2.444102925054406406 ) ) ;
#4783 = LINE ( 'NONE', #11345, #8483 ) ;
#4784 = DIRECTION ( 'NONE',  ( 0.0000000000000000000, -0.0000000000000000000, 1.000000000000000000 ) ) ;
#4785 = CARTESIAN_POINT ( 'NONE',  ( -0.2374326728945910514, 0.8409999996185738569, -2.510875550877739393 ) ) ;
#4786 = ORIENTED_EDGE ( 'NONE', *, *, #601, .T. ) ;
#4787 = FILL_AREA_STYLE_COLOUR ( '', #2038 ) ;
#4788 = ADVANCED_FACE ( 'NONE', ( #6483 ), #10949, .F. ) ;
#4789 = SURFACE_SIDE_STYLE ('',( #5578 ) ) ;
#4790 =( GEOMETRIC_REPRESENTATION_CONTEXT ( 3 ) GLOBAL_UNCERTAINTY_ASSIGNED_CONTEXT ( ( #510 ) ) GLOBAL_UNIT_ASSIGNED_CONTEXT ( ( #9335, #367, #8607 ) ) REPRESENTATION_CONTEXT ( 'NONE', 'WORKASPACE' ) );
#4791 = EDGE_CURVE ( 'NONE', #9385, #10125, #8621, .T. ) ;
#4792 = CARTESIAN_POINT ( 'NONE',  ( -0.8418608989513860497, 0.8409999996185738569, -2.492243671877132805 ) ) ;
#4793 = EDGE_LOOP ( 'NONE', ( #11222, #5372, #1344, #9253 ) ) ;
#4794 = SURFACE_SIDE_STYLE ('',( #1134 ) ) ;
#4795 = LINE ( 'NONE', #1603, #8394 ) ;
#4796 = CARTESIAN_POINT ( 'NONE',  ( 0.7875255611587705928, 0.8409999996185738569, -2.553256318852417994 ) ) ;
#4797 = CARTESIAN_POINT ( 'NONE',  ( -0.7173798046579930032, 0.8409999996185738569, -2.097449262788629198 ) ) ;
#4798 = CARTESIAN_POINT ( 'NONE',  ( -0.5724036434634053316, 0.8399999996185738560, -2.246302869072096975 ) ) ;
#4799 = EDGE_LOOP ( 'NONE', ( #8578, #3031, #8508, #8686 ) ) ;
#4800 = CARTESIAN_POINT ( 'NONE',  ( -0.3823081212298362619, 0.8409999996185738569, -2.506444185061117658 ) ) ;
#4801 = PRESENTATION_LAYER_ASSIGNMENT (  '', '', ( #20 ) ) ;
#4802 = FACE_OUTER_BOUND ( 'NONE', #11528, .T. ) ;
#4803 = EDGE_LOOP ( 'NONE', ( #11258, #2804, #621, #5141 ) ) ;
#4804 = PRESENTATION_STYLE_ASSIGNMENT (( #1316 ) ) ;
#4805 = PRESENTATION_STYLE_ASSIGNMENT (( #9656 ) ) ;
#4806 = ORIENTED_EDGE ( 'NONE', *, *, #9239, .T. ) ;
#4807 = CARTESIAN_POINT ( 'NONE',  ( 0.3561377831529547455, 0.8409999996185738569, -2.078449601301691985 ) ) ;
#4808 = MECHANICAL_DESIGN_GEOMETRIC_PRESENTATION_REPRESENTATION (  '', ( #11216 ), #9063 ) ;
#4809 = CARTESIAN_POINT ( 'NONE',  ( -0.8586799464824125261, 0.8399999996185738560, -2.521953965417950805 ) ) ;
#4810 = FILL_AREA_STYLE ('',( #8514 ) ) ;
#4811 =( LENGTH_UNIT ( ) NAMED_UNIT ( * ) SI_UNIT ( .MILLI., .METRE. ) );
#4812 = ORIENTED_EDGE ( 'NONE', *, *, #7291, .F. ) ;
#4813 = FACE_OUTER_BOUND ( 'NONE', #3391, .T. ) ;
#4814 = ADVANCED_FACE ( 'NONE', ( #10398 ), #2108, .T. ) ;
#4815 = CARTESIAN_POINT ( 'NONE',  ( -0.04492004203401943341, 0.8409999996185738569, -2.456692032487506339 ) ) ;
#4816 = DIRECTION ( 'NONE',  ( -0.0000000000000000000, -1.000000000000000000, -0.0000000000000000000 ) ) ;
#4817 = EDGE_LOOP ( 'NONE', ( #1271, #4987, #10815, #4413 ) ) ;
#4818 = UNCERTAINTY_MEASURE_WITH_UNIT (LENGTH_MEASURE( 1.000000000000000082E-05 ), #3500, 'distance_accuracy_value', 'NONE');
#4819 = STYLED_ITEM ( 'NONE', ( #3957 ), #77 ) ;
#4820 = MECHANICAL_DESIGN_GEOMETRIC_PRESENTATION_REPRESENTATION (  '', ( #6947 ), #7939 ) ;
#4821 = CARTESIAN_POINT ( 'NONE',  ( -0.2322459606321946035, 0.8409999996185738569, -2.055149861814719703 ) ) ;
#4822 = CARTESIAN_POINT ( 'NONE',  ( -0.8346599295000483032, 0.8409999996185738569, -2.424564630319675729 ) ) ;
#4823 = CARTESIAN_POINT ( 'NONE',  ( 0.5914402026622125330, 0.8409999996185738569, -2.507036102462834481 ) ) ;
#4824 = PRESENTATION_STYLE_ASSIGNMENT (( #1165 ) ) ;
#4825 = B_SPLINE_CURVE_WITH_KNOTS ( 'NONE', 3,
 ( #4845, #105, #2143, #4666 ),
 .UNSPECIFIED., .F., .F.,
 ( 4, 4 ),
 ( 7.000000000000000000, 8.000000000000000000 ),
 .UNSPECIFIED. ) ;
#4826 = CARTESIAN_POINT ( 'NONE',  ( -0.1611426818529279881, 0.8399999996185738560, -2.560224852013971653 ) ) ;
#4827 = AXIS2_PLACEMENT_3D ( 'NONE', #3636, #3701, #1129 ) ;
#4828 = STYLED_ITEM ( 'NONE', ( #8824 ), #1893 ) ;
#4829 =( NAMED_UNIT ( * ) PLANE_ANGLE_UNIT ( ) SI_UNIT ( $, .RADIAN. ) );
#4830 = PRESENTATION_STYLE_ASSIGNMENT (( #9496 ) ) ;
#4831 =( GEOMETRIC_REPRESENTATION_CONTEXT ( 3 ) GLOBAL_UNCERTAINTY_ASSIGNED_CONTEXT ( ( #1882 ) ) GLOBAL_UNIT_ASSIGNED_CONTEXT ( ( #9888, #655, #8015 ) ) REPRESENTATION_CONTEXT ( 'NONE', 'WORKASPACE' ) );
#4832 = ORIENTED_EDGE ( 'NONE', *, *, #4164, .F. ) ;
#4833 = ORIENTED_EDGE ( 'NONE', *, *, #7055, .F. ) ;
#4834 = CARTESIAN_POINT ( 'NONE',  ( -0.2112473294349347386, 0.8409999996185738569, -2.424061066021605093 ) ) ;
#4835 = EDGE_CURVE ( 'NONE', #11299, #7922, #8563, .T. ) ;
#4836 = SURFACE_STYLE_USAGE ( .BOTH. , #3999 ) ;
#4837 = ADVANCED_FACE ( 'NONE', ( #9471 ), #9088, .F. ) ;
#4838 = FILL_AREA_STYLE ('',( #2952 ) ) ;
#4839 = B_SPLINE_SURFACE_WITH_KNOTS ( 'NONE', 3, 1, ( 
 ( #3316, #11942 ),
 ( #1647, #2538 ),
 ( #1771, #10908 ),
 ( #9011, #3489 ) ),
 .UNSPECIFIED., .F., .F., .F.,
 ( 4, 4 ),
 ( 2, 2 ),
 ( 17.00000000000000000, 18.00000000000000000 ),
 ( 0.0000000000000000000, 1.000000000000000000 ),
 .UNSPECIFIED. ) ;
#4840 = CARTESIAN_POINT ( 'NONE',  ( 1.050000000000000044, 0.3500000000000003664, -8.279999999999999361 ) ) ;
#4841 = FILL_AREA_STYLE_COLOUR ( '', #3047 ) ;
#4842 = AXIS2_PLACEMENT_3D ( 'NONE', #10832, #1567, #9779 ) ;
#4843 = CARTESIAN_POINT ( 'NONE',  ( -0.5128823435224195704, 0.8399999996185738560, -2.427283877524722744 ) ) ;
#4844 = ORIENTED_EDGE ( 'NONE', *, *, #5888, .F. ) ;
#4845 = CARTESIAN_POINT ( 'NONE',  ( -0.2324977427812310593, 0.8409999996185738569, -2.078112393772600264 ) ) ;
#4846 = ORIENTED_EDGE ( 'NONE', *, *, #2422, .T. ) ;
#4847 = PLANE ( 'NONE',  #9062 ) ;
#4848 = CARTESIAN_POINT ( 'NONE',  ( -0.04492004203401921830, 0.8409999996185738569, -2.393645782464021821 ) ) ;
#4849 = CARTESIAN_POINT ( 'NONE',  ( 0.2805048377901227519, 0.8409999996185738569, -2.189097769216112876 ) ) ;
#4850 = LINE ( 'NONE', #8438, #2213 ) ;
#4851 = ORIENTED_EDGE ( 'NONE', *, *, #5596, .F. ) ;
#4852 = DIRECTION ( 'NONE',  ( -1.000000000000000000, -0.0000000000000000000, 5.286816650646201722E-15 ) ) ;
#4853 =( LENGTH_UNIT ( ) NAMED_UNIT ( * ) SI_UNIT ( .MILLI., .METRE. ) );
#4854 = EDGE_CURVE ( 'NONE', #750, #8179, #3166, .T. ) ;
#4855 = FILL_AREA_STYLE ('',( #2272 ) ) ;
#4856 = FILL_AREA_STYLE_COLOUR ( '', #2293 ) ;
#4857 = EDGE_LOOP ( 'NONE', ( #5340, #3304, #1372, #7828 ) ) ;
#4858 = CARTESIAN_POINT ( 'NONE',  ( 0.6782780149684399795, 0.8399999996185738560, -2.522442894688838866 ) ) ;
#4859 = DIRECTION ( 'NONE',  ( -0.0000000000000000000, -1.000000000000000000, -0.0000000000000000000 ) ) ;
#4860 = ORIENTED_EDGE ( 'NONE', *, *, #10664, .F. ) ;
#4861 = CARTESIAN_POINT ( 'NONE',  ( -0.04492004203401878809, 0.8409999996185738569, -2.233008771623577360 ) ) ;
#4862 = CARTESIAN_POINT ( 'NONE',  ( -0.01949004502012851442, 0.8409999996185738569, -2.255467739283381956 ) ) ;
#4863 = DIRECTION ( 'NONE',  ( 0.8863488427958607918, 0.0000000000000000000, -0.4630180653866957097 ) ) ;
#4864 = ADVANCED_FACE ( 'NONE', ( #10713 ), #11144, .F. ) ;
#4865 = LINE ( 'NONE', #7548, #7805 ) ;
#4866 = VERTEX_POINT ( 'NONE', #8934 ) ;
#4867 = CARTESIAN_POINT ( 'NONE',  ( -0.2374326728945912734, 0.8399999996185738560, -2.567979742191718096 ) ) ;
#4868 = VERTEX_POINT ( 'NONE', #8884 ) ;
#4869 = CARTESIAN_POINT ( 'NONE',  ( -0.1926658068640013377, 0.8409999996185738569, -2.085363719653612335 ) ) ;
#4870 = LINE ( 'NONE', #6558, #7662 ) ;
#4871 = VERTEX_POINT ( 'NONE', #2568 ) ;
#4872 = SURFACE_STYLE_FILL_AREA ( #9431 ) ;
#4873 = EDGE_CURVE ( 'NONE', #6341, #5769, #108, .T. ) ;
#4874 = SURFACE_STYLE_FILL_AREA ( #7971 ) ;
#4875 = PRESENTATION_LAYER_ASSIGNMENT (  '', '', ( #6605 ) ) ;
#4876 = CARTESIAN_POINT ( 'NONE',  ( -0.1398419120762781631, 0.8399999996185738560, -2.213974041185583275 ) ) ;
#4877 =( NAMED_UNIT ( * ) PLANE_ANGLE_UNIT ( ) SI_UNIT ( $, .RADIAN. ) );
#4878 = SURFACE_STYLE_USAGE ( .BOTH. , #9495 ) ;
#4879 = FILL_AREA_STYLE ('',( #11336 ) ) ;
#4880 = FACE_BOUND ( 'NONE', #10625, .T. ) ;
#4881 = VECTOR ( 'NONE', #8028, 1000.000000000000000 ) ;
#4882 = SURFACE_STYLE_FILL_AREA ( #4712 ) ;
#4883 = EDGE_LOOP ( 'NONE', ( #1932, #6722, #5540, #4391 ) ) ;
#4884 = MECHANICAL_DESIGN_GEOMETRIC_PRESENTATION_REPRESENTATION (  '', ( #5852 ), #300 ) ;
#4885 = CARTESIAN_POINT ( 'NONE',  ( -0.2789263709930542845, 0.8409999996185738569, -2.247309997666907311 ) ) ;
#4886 = EDGE_LOOP ( 'NONE', ( #2501, #6156, #4036, #833 ) ) ;
#4887 = CARTESIAN_POINT ( 'NONE',  ( -0.4729496947458396994, 0.8399999996185738560, -2.538168735791555886 ) ) ;
#4888 = CARTESIAN_POINT ( 'NONE',  ( -0.04492004203401987056, 0.8409999996185738569, -2.545520774531909947 ) ) ;
#4889 = ADVANCED_FACE ( 'NONE', ( #6065 ), #9904, .F. ) ;
#4890 = CARTESIAN_POINT ( 'NONE',  ( -0.3838188141220478800, 0.8399999996185738560, -2.454274923860495505 ) ) ;
#4891 = CARTESIAN_POINT ( 'NONE',  ( -0.2648265706684226894, 0.8409999996185738569, -2.081939482431800048 ) ) ;
#4892 = CARTESIAN_POINT ( 'NONE',  ( -0.3823081212298362619, 0.8409999996185738569, -2.506444185061117658 ) ) ;
#4893 =( GEOMETRIC_REPRESENTATION_CONTEXT ( 3 ) GLOBAL_UNCERTAINTY_ASSIGNED_CONTEXT ( ( #1938 ) ) GLOBAL_UNIT_ASSIGNED_CONTEXT ( ( #5257, #1724, #1834 ) ) REPRESENTATION_CONTEXT ( 'NONE', 'WORKASPACE' ) );
#4894 = VECTOR ( 'NONE', #427, 1000.000000000000227 ) ;
#4895 = SURFACE_STYLE_FILL_AREA ( #7290 ) ;
#4896 = ORIENTED_EDGE ( 'NONE', *, *, #1659, .T. ) ;
#4897 = FILL_AREA_STYLE ('',( #1016 ) ) ;
#4898 = VECTOR ( 'NONE', #9843, 1000.000000000000114 ) ;
#4899 =( LENGTH_UNIT ( ) NAMED_UNIT ( * ) SI_UNIT ( .MILLI., .METRE. ) );
#4900 = ORIENTED_EDGE ( 'NONE', *, *, #11797, .F. ) ;
#4901 = PRESENTATION_STYLE_ASSIGNMENT (( #7779 ) ) ;
#4902 = DIRECTION ( 'NONE',  ( 0.0000000000000000000, 0.0000000000000000000, 1.000000000000000000 ) ) ;
#4903 = FILL_AREA_STYLE_COLOUR ( '', #2849 ) ;
#4904 = EDGE_LOOP ( 'NONE', ( #8205, #6570, #261, #8890 ) ) ;
#4905 = MECHANICAL_DESIGN_GEOMETRIC_PRESENTATION_REPRESENTATION (  '', ( #5873 ), #3946 ) ;
#4906 = FILL_AREA_STYLE ('',( #3041 ) ) ;
#4907 = FACE_OUTER_BOUND ( 'NONE', #7966, .T. ) ;
#4908 = SURFACE_STYLE_FILL_AREA ( #10462 ) ;
#4909 = VERTEX_POINT ( 'NONE', #9966 ) ;
#4910 =( LENGTH_UNIT ( ) NAMED_UNIT ( * ) SI_UNIT ( .MILLI., .METRE. ) );
#4911 = CARTESIAN_POINT ( 'NONE',  ( -0.1929175890130389592, 0.8399999996185738560, -2.424061066021605093 ) ) ;
#4912 = MECHANICAL_DESIGN_GEOMETRIC_PRESENTATION_REPRESENTATION (  '', ( #3185 ), #8410 ) ;
#4913 = VERTEX_POINT ( 'NONE', #1682 ) ;
#4914 = ADVANCED_FACE ( 'NONE', ( #5341 ), #11570, .F. ) ;
#4915 = EDGE_CURVE ( 'NONE', #3813, #3443, #9231, .T. ) ;
#4916 = EDGE_CURVE ( 'NONE', #9664, #9500, #2664, .T. ) ;
#4917 = FACE_OUTER_BOUND ( 'NONE', #1875, .T. ) ;
#4918 = CARTESIAN_POINT ( 'NONE',  ( -0.2621073234627077087, 0.8409999996185738569, -2.477438881537072479 ) ) ;
#4919 = FILL_AREA_STYLE_COLOUR ( '', #9340 ) ;
#4920 = MECHANICAL_DESIGN_GEOMETRIC_PRESENTATION_REPRESENTATION (  '', ( #5104 ), #7238 ) ;
#4921 = CARTESIAN_POINT ( 'NONE',  ( -0.8190997927148842006, 0.8409999996185738569, -2.558814871981771599 ) ) ;
#4922 = SURFACE_STYLE_USAGE ( .BOTH. , #11445 ) ;
#4923 = COLOUR_RGB ( '',1.000000000000000000, 1.000000000000000000, 1.000000000000000000 ) ;
#4924 = VECTOR ( 'NONE', #4816, 1000.000000000000000 ) ;
#4925 = CARTESIAN_POINT ( 'NONE',  ( 0.3491347346354610748, 0.8399999996185738560, -2.264730687865104120 ) ) ;
#4926 = EDGE_LOOP ( 'NONE', ( #1633, #5444, #533, #8943, #3841, #3292, #6658 ) ) ;
#4927 = SURFACE_SIDE_STYLE ('',( #11449 ) ) ;
#4928 = CARTESIAN_POINT ( 'NONE',  ( -0.2789263709930536184, 0.8409999996185738569, -2.063206890571847918 ) ) ;
#4929 = ORIENTED_EDGE ( 'NONE', *, *, #530, .F. ) ;
#4930 = SURFACE_STYLE_USAGE ( .BOTH. , #11452 ) ;
#4931 = EDGE_CURVE ( 'NONE', #11667, #2695, #8582, .T. ) ;
#4932 = EDGE_CURVE ( 'NONE', #10691, #886, #10499, .T. ) ;
#4933 = AXIS2_PLACEMENT_3D ( 'NONE', #4336, #7982, #10785 ) ;
#4934 = COLOUR_RGB ( '',1.000000000000000000, 1.000000000000000000, 1.000000000000000000 ) ;
#4935 = DIRECTION ( 'NONE',  ( -0.0000000000000000000, -1.000000000000000000, -0.0000000000000000000 ) ) ;
#4936 = LINE ( 'NONE', #8640, #10181 ) ;
#4937 = B_SPLINE_SURFACE_WITH_KNOTS ( 'NONE', 3, 1, ( 
 ( #9009, #10968 ),
 ( #8227, #9068 ),
 ( #2647, #8170 ),
 ( #11940, #10905 ) ),
 .UNSPECIFIED., .F., .F., .F.,
 ( 4, 4 ),
 ( 2, 2 ),
 ( 8.000000000000000000, 9.000000000000000000 ),
 ( 0.0000000000000000000, 1.000000000000000000 ),
 .UNSPECIFIED. ) ;
#4938 = EDGE_LOOP ( 'NONE', ( #11311, #4459, #1069, #3121 ) ) ;
#4939 = ORIENTED_EDGE ( 'NONE', *, *, #6417, .F. ) ;
#4940 =( NAMED_UNIT ( * ) PLANE_ANGLE_UNIT ( ) SI_UNIT ( $, .RADIAN. ) );
#4941 = SURFACE_SIDE_STYLE ('',( #4874 ) ) ;
#4942 = FACE_OUTER_BOUND ( 'NONE', #4756, .T. ) ;
#4943 = FACE_OUTER_BOUND ( 'NONE', #9185, .T. ) ;
#4944 = DIRECTION ( 'NONE',  ( -1.000000000000000000, -0.0000000000000000000, -0.0000000000000000000 ) ) ;
#4945 = CARTESIAN_POINT ( 'NONE',  ( -0.5951647497025869260, 0.8400000000000000799, -2.155157731260029408 ) ) ;
#4946 =( GEOMETRIC_REPRESENTATION_CONTEXT ( 3 ) GLOBAL_UNCERTAINTY_ASSIGNED_CONTEXT ( ( #10661 ) ) GLOBAL_UNIT_ASSIGNED_CONTEXT ( ( #4003, #6038, #3143 ) ) REPRESENTATION_CONTEXT ( 'NONE', 'WORKASPACE' ) );
#4947 = DIRECTION ( 'NONE',  ( -0.0000000000000000000, -1.000000000000000000, -0.0000000000000000000 ) ) ;
#4948 = VECTOR ( 'NONE', #4476, 1000.000000000000000 ) ;
#4949 = PRESENTATION_LAYER_ASSIGNMENT (  '', '', ( #9021 ) ) ;
#4950 = CARTESIAN_POINT ( 'NONE',  ( -0.3437854524861161387, 0.8409999996185738569, -2.166739710098317229 ) ) ;
#4951 = ORIENTED_EDGE ( 'NONE', *, *, #3627, .T. ) ;
#4952 = CARTESIAN_POINT ( 'NONE',  ( -1.008591037790359080, 0.8409999996185738569, -2.514098362380861484 ) ) ;
#4953 = ORIENTED_EDGE ( 'NONE', *, *, #2222, .F. ) ;
#4954 = UNCERTAINTY_MEASURE_WITH_UNIT (LENGTH_MEASURE( 1.000000000000000082E-05 ), #9780, 'distance_accuracy_value', 'NONE');
#4955 = DIRECTION ( 'NONE',  ( 0.0000000000000000000, -1.000000000000000000, 0.0000000000000000000 ) ) ;
#4956 = VECTOR ( 'NONE', #7567, 1000.000000000000000 ) ;
#4957 = DIRECTION ( 'NONE',  ( 0.7193398003386525241, -0.6946583704589959218, -0.0000000000000000000 ) ) ;
#4958 = VECTOR ( 'NONE', #5739, 1000.000000000000000 ) ;
#4959 =( LENGTH_UNIT ( ) NAMED_UNIT ( * ) SI_UNIT ( .MILLI., .METRE. ) );
#4960 = VECTOR ( 'NONE', #6149, 1000.000000000000000 ) ;
#4961 = EDGE_LOOP ( 'NONE', ( #5224, #8039, #5038, #8346 ) ) ;
#4962 = SURFACE_SIDE_STYLE ('',( #5936 ) ) ;
#4963 = VERTEX_POINT ( 'NONE', #11005 ) ;
#4964 = AXIS2_PLACEMENT_3D ( 'NONE', #5197, #2326, #5991 ) ;
#4965 = MECHANICAL_DESIGN_GEOMETRIC_PRESENTATION_REPRESENTATION (  '', ( #8285 ), #5350 ) ;
#4966 = FILL_AREA_STYLE ('',( #7724 ) ) ;
#4967 = ORIENTED_EDGE ( 'NONE', *, *, #9837, .T. ) ;
#4968 = SURFACE_SIDE_STYLE ('',( #9763 ) ) ;
#4969 = CARTESIAN_POINT ( 'NONE',  ( -0.4243053836250365030, 0.8409999996185738569, -2.255467739283380624 ) ) ;
#4970 = CARTESIAN_POINT ( 'NONE',  ( -0.6119837972322706987, 0.8409999996185738569, -2.101981341464599584 ) ) ;
#4971 =( GEOMETRIC_REPRESENTATION_CONTEXT ( 3 ) GLOBAL_UNCERTAINTY_ASSIGNED_CONTEXT ( ( #9680 ) ) GLOBAL_UNIT_ASSIGNED_CONTEXT ( ( #5331, #1849, #4617 ) ) REPRESENTATION_CONTEXT ( 'NONE', 'WORKASPACE' ) );
#4972 = ORIENTED_EDGE ( 'NONE', *, *, #8751, .T. ) ;
#4973 = MECHANICAL_DESIGN_GEOMETRIC_PRESENTATION_REPRESENTATION (  '', ( #6907 ), #6710 ) ;
#4974 = LINE ( 'NONE', #5701, #6470 ) ;
#4975 = B_SPLINE_CURVE_WITH_KNOTS ( 'NONE', 3,
 ( #11153, #11221, #11086, #8351 ),
 .UNSPECIFIED., .F., .F.,
 ( 4, 4 ),
 ( 15.00000000000000000, 16.00000000000000000 ),
 .UNSPECIFIED. ) ;
#4976 = ORIENTED_EDGE ( 'NONE', *, *, #8939, .F. ) ;
#4977 = FILL_AREA_STYLE ('',( #6859 ) ) ;
#4978 = PRESENTATION_STYLE_ASSIGNMENT (( #1504 ) ) ;
#4979 = CARTESIAN_POINT ( 'NONE',  ( -0.3361312751670491594, 0.8409999996185738569, -2.551160694662033546 ) ) ;
#4980 = MECHANICAL_DESIGN_GEOMETRIC_PRESENTATION_REPRESENTATION (  '', ( #5359 ), #8474 ) ;
#4981 =( NAMED_UNIT ( * ) SI_UNIT ( $, .STERADIAN. ) SOLID_ANGLE_UNIT ( ) );
#4982 = DIRECTION ( 'NONE',  ( -1.000000000000000000, -0.0000000000000000000, -0.0000000000000000000 ) ) ;
#4983 = EDGE_CURVE ( 'NONE', #1743, #2494, #8379, .T. ) ;
#4984 = FILL_AREA_STYLE ('',( #3174 ) ) ;
#4985 = ADVANCED_FACE ( 'NONE', ( #10090 ), #53, .F. ) ;
#4986 = B_SPLINE_CURVE_WITH_KNOTS ( 'NONE', 3,
 ( #10958, #9794, #1527, #5173 ),
 .UNSPECIFIED., .F., .F.,
 ( 4, 4 ),
 ( 4.000000000000000000, 5.000000000000000000 ),
 .UNSPECIFIED. ) ;
#4987 = ORIENTED_EDGE ( 'NONE', *, *, #4997, .F. ) ;
#4988 = SURFACE_STYLE_USAGE ( .BOTH. , #7609 ) ;
#4989 = ORIENTED_EDGE ( 'NONE', *, *, #8020, .T. ) ;
#4990 = VECTOR ( 'NONE', #11179, 1000.000000000000227 ) ;
#4991 = CARTESIAN_POINT ( 'NONE',  ( -0.2621073234627079307, 0.8399999996185738560, -2.567979742191718096 ) ) ;
#4992 = DIRECTION ( 'NONE',  ( -0.0000000000000000000, -0.0000000000000000000, -1.000000000000000000 ) ) ;
#4993 = ORIENTED_EDGE ( 'NONE', *, *, #3840, .T. ) ;
#4994 = ORIENTED_EDGE ( 'NONE', *, *, #5684, .F. ) ;
#4995 = CARTESIAN_POINT ( 'NONE',  ( -0.1209582509273106204, 0.8409999996185738569, -2.393645782464021821 ) ) ;
#4996 = STYLED_ITEM ( 'NONE', ( #7457 ), #577 ) ;
#4997 = EDGE_CURVE ( 'NONE', #1819, #4327, #3162, .T. ) ;
#4998 =( LENGTH_UNIT ( ) NAMED_UNIT ( * ) SI_UNIT ( .MILLI., .METRE. ) );
#4999 = FILL_AREA_STYLE ('',( #9626 ) ) ;
#5000 = CARTESIAN_POINT ( 'NONE',  ( 0.6264554185365150962, 0.8399999996185738560, -2.427201338675438969 ) ) ;
#5001 = CARTESIAN_POINT ( 'NONE',  ( -0.5881652059699430390, 0.8399999996185738560, -2.198867112266137180 ) ) ;
#5002 = FACE_BOUND ( 'NONE', #6575, .T. ) ;
#5003 = B_SPLINE_SURFACE_WITH_KNOTS ( 'NONE', 3, 1, ( 
 ( #2429, #2254 ),
 ( #692, #2321 ),
 ( #9815, #590 ),
 ( #3205, #5246 ) ),
 .UNSPECIFIED., .F., .F., .F.,
 ( 4, 4 ),
 ( 2, 2 ),
 ( 4.000000000000000000, 5.000000000000000000 ),
 ( 0.0000000000000000000, 1.000000000000000000 ),
 .UNSPECIFIED. ) ;
#5004 = CARTESIAN_POINT ( 'NONE',  ( -0.1650201269418044014, 0.8409999996185738569, -2.114671161757042839 ) ) ;
#5005 = ORIENTED_EDGE ( 'NONE', *, *, #1200, .T. ) ;
#5006 = ORIENTED_EDGE ( 'NONE', *, *, #2672, .F. ) ;
#5007 = CARTESIAN_POINT ( 'NONE',  ( -0.04492004203401987056, 0.8399999996185738560, -2.545520774531909947 ) ) ;
#5008 = CARTESIAN_POINT ( 'NONE',  ( -0.2374326728945910514, 0.8400000000000000799, -2.510875550877739393 ) ) ;
#5009 = EDGE_CURVE ( 'NONE', #3919, #156, #4974, .T. ) ;
#5010 = VECTOR ( 'NONE', #4690, 1000.000000000000000 ) ;
#5011 = DIRECTION ( 'NONE',  ( 0.0000000000000000000, 1.000000000000000000, 0.0000000000000000000 ) ) ;
#5012 = ORIENTED_EDGE ( 'NONE', *, *, #1293, .T. ) ;
#5013 = CARTESIAN_POINT ( 'NONE',  ( -0.1645669190740734755, 0.8409999996185738569, -2.201485646611835545 ) ) ;
#5014 = SURFACE_SIDE_STYLE ('',( #11777 ) ) ;
#5015 = ORIENTED_EDGE ( 'NONE', *, *, #857, .F. ) ;
#5016 = DIRECTION ( 'NONE',  ( -6.155985935670711641E-15, 0.0000000000000000000, -1.000000000000000000 ) ) ;
#5017 =( NAMED_UNIT ( * ) PLANE_ANGLE_UNIT ( ) SI_UNIT ( $, .RADIAN. ) );
#5018 = CARTESIAN_POINT ( 'NONE',  ( -0.4084934646901655642, 0.8409999996185738569, -2.632234546528698260 ) ) ;
#5019 = SURFACE_STYLE_FILL_AREA ( #4120 ) ;
#5020 = ORIENTED_EDGE ( 'NONE', *, *, #626, .F. ) ;
#5021 = DIRECTION ( 'NONE',  ( 9.240359424592368344E-17, 1.000000000000000000, 0.0000000000000000000 ) ) ;
#5022 = FILL_AREA_STYLE_COLOUR ( '', #3101 ) ;
#5023 = CARTESIAN_POINT ( 'NONE',  ( -0.4615187851965718013, 0.8409999996185738569, -2.255467739283380624 ) ) ;
#5024 = B_SPLINE_CURVE_WITH_KNOTS ( 'NONE', 3,
 ( #5971, #8712, #8655, #4046 ),
 .UNSPECIFIED., .F., .F.,
 ( 4, 4 ),
 ( 3.000000000000000000, 4.000000000000000000 ),
 .UNSPECIFIED. ) ;
#5025 = CARTESIAN_POINT ( 'NONE',  ( 0.7329017880636051752, 0.8409999996185738569, -2.577066694498511001 ) ) ;
#5026 = EDGE_CURVE ( 'NONE', #3470, #5769, #303, .T. ) ;
#5027 = EDGE_CURVE ( 'NONE', #10784, #9010, #10586, .T. ) ;
#5028 = EDGE_LOOP ( 'NONE', ( #6325, #5568, #2536, #4660 ) ) ;
#5029 = LINE ( 'NONE', #1562, #880 ) ;
#5030 = CARTESIAN_POINT ( 'NONE',  ( -0.1598837711090797808, 0.8399999996185738560, -2.084155165340109583 ) ) ;
#5031 = ORIENTED_EDGE ( 'NONE', *, *, #3518, .T. ) ;
#5032 =( NAMED_UNIT ( * ) PLANE_ANGLE_UNIT ( ) SI_UNIT ( $, .RADIAN. ) );
#5033 = CARTESIAN_POINT ( 'NONE',  ( 0.3211225405641394137, 0.8409999996185738569, -2.568662950791342769 ) ) ;
#5034 = DIRECTION ( 'NONE',  ( 1.000000000000000000, 0.0000000000000000000, 0.0000000000000000000 ) ) ;
#5035 = FACE_OUTER_BOUND ( 'NONE', #11752, .T. ) ;
#5036 = B_SPLINE_CURVE_WITH_KNOTS ( 'NONE', 3,
 ( #11800, #9045, #9718, #2515, #2396, #6172 ),
 .UNSPECIFIED., .F., .F.,
 ( 4, 2, 4 ),
 ( 2.000000000000000000, 3.000000000000000000, 4.000000000000000000 ),
 .UNSPECIFIED. ) ;
#5037 = CARTESIAN_POINT ( 'NONE',  ( -0.1740842842937340984, 0.8400000000000000799, -2.528298875564845449 ) ) ;
#5038 = ORIENTED_EDGE ( 'NONE', *, *, #1398, .T. ) ;
#5039 = UNCERTAINTY_MEASURE_WITH_UNIT (LENGTH_MEASURE( 1.000000000000000082E-05 ), #10233, 'distance_accuracy_value', 'NONE');
#5040 =( NAMED_UNIT ( * ) SI_UNIT ( $, .STERADIAN. ) SOLID_ANGLE_UNIT ( ) );
#5041 = ORIENTED_EDGE ( 'NONE', *, *, #7532, .T. ) ;
#5042 =( NAMED_UNIT ( * ) PLANE_ANGLE_UNIT ( ) SI_UNIT ( $, .RADIAN. ) );
#5043 = CARTESIAN_POINT ( 'NONE',  ( -0.2789263709930540625, 0.8409999996185738569, -2.222937485676831582 ) ) ;
#5044 = DIRECTION ( 'NONE',  ( 1.000000000000000000, 0.0000000000000000000, -2.484773319089557227E-15 ) ) ;
#5045 = ORIENTED_EDGE ( 'NONE', *, *, #4588, .F. ) ;
#5046 = ORIENTED_EDGE ( 'NONE', *, *, #10361, .T. ) ;
#5047 = ADVANCED_FACE ( 'NONE', ( #2161 ), #903, .F. ) ;
#5048 = CARTESIAN_POINT ( 'NONE',  ( -0.3026946058257109495, 0.8409999996185738569, -2.487510167482475776 ) ) ;
#5049 = SURFACE_STYLE_USAGE ( .BOTH. , #10619 ) ;
#5050 = UNCERTAINTY_MEASURE_WITH_UNIT (LENGTH_MEASURE( 1.000000000000000082E-05 ), #1119, 'distance_accuracy_value', 'NONE');
#5051 = SURFACE_STYLE_FILL_AREA ( #5113 ) ;
#5052 = CARTESIAN_POINT ( 'NONE',  ( -0.3588923814048951000, 0.8409999996185738569, -2.518731153916178744 ) ) ;
#5053 = SURFACE_SIDE_STYLE ('',( #2309 ) ) ;
#5054 = SURFACE_STYLE_USAGE ( .BOTH. , #1466 ) ;
#5055 = EDGE_CURVE ( 'NONE', #2119, #11895, #8561, .T. ) ;
#5056 = CARTESIAN_POINT ( 'NONE',  ( -0.8795275083899873891, 0.8409999996185738569, -2.567979742191715875 ) ) ;
#5057 = CARTESIAN_POINT ( 'NONE',  ( -0.01949004502012786216, 0.8409999996185738569, -2.058473386177187336 ) ) ;
#5058 = EDGE_CURVE ( 'NONE', #462, #2527, #7663, .T. ) ;
#5059 = DIRECTION ( 'NONE',  ( 1.000000000000000000, -0.0000000000000000000, 0.0000000000000000000 ) ) ;
#5060 = ADVANCED_FACE ( 'NONE', ( #9588 ), #2031, .F. ) ;
#5061 =( NAMED_UNIT ( * ) PLANE_ANGLE_UNIT ( ) SI_UNIT ( $, .RADIAN. ) );
#5062 = ORIENTED_EDGE ( 'NONE', *, *, #2874, .T. ) ;
#5063 = CARTESIAN_POINT ( 'NONE',  ( -0.5904816017376012249, 0.8409999996185738569, -2.456692032487504562 ) ) ;
#5064 = COLOUR_RGB ( '',0.9725490196078431238, 0.9686274509803921573, 1.000000000000000000 ) ;
#5065 = ORIENTED_EDGE ( 'NONE', *, *, #626, .T. ) ;
#5066 = UNCERTAINTY_MEASURE_WITH_UNIT (LENGTH_MEASURE( 1.000000000000000082E-05 ), #5519, 'distance_accuracy_value', 'NONE');
#5067 = DIRECTION ( 'NONE',  ( -0.0000000000000000000, -1.000000000000000000, -0.0000000000000000000 ) ) ;
#5068 = CARTESIAN_POINT ( 'NONE',  ( -0.5951647497025869260, 0.8409999996185738569, -2.155157731260029408 ) ) ;
#5069 = LINE ( 'NONE', #6037, #6680 ) ;
#5070 = FACE_BOUND ( 'NONE', #8134, .T. ) ;
#5071 = VERTEX_POINT ( 'NONE', #8743 ) ;
#5072 = CARTESIAN_POINT ( 'NONE',  ( -0.1774581650852088688, 0.8399999996185738560, -2.215384021217778443 ) ) ;
#5073 = CARTESIAN_POINT ( 'NONE',  ( -0.1806306201586561910, 0.8400000000000000799, -2.510472699440351896 ) ) ;
#5074 = VERTEX_POINT ( 'NONE', #8085 ) ;
#5075 = VECTOR ( 'NONE', #4138, 1000.000000000000000 ) ;
#5076 = VECTOR ( 'NONE', #4229, 1000.000000000000114 ) ;
#5077 = CARTESIAN_POINT ( 'NONE',  ( -0.3330595329536246707, 0.8399999996185738560, -2.506142046483079699 ) ) ;
#5078 = EDGE_CURVE ( 'NONE', #3340, #1867, #8303, .T. ) ;
#5079 = ORIENTED_EDGE ( 'NONE', *, *, #10884, .T. ) ;
#5080 =( LENGTH_UNIT ( ) NAMED_UNIT ( * ) SI_UNIT ( .MILLI., .METRE. ) );
#5081 = CARTESIAN_POINT ( 'NONE',  ( -0.6710015328765218667, 0.8409999996185738569, -2.545520774531907726 ) ) ;
#5082 = CARTESIAN_POINT ( 'NONE',  ( 0.5452200931313473387, 0.8409999996185738569, -2.089654474922372440 ) ) ;
#5083 = CARTESIAN_POINT ( 'NONE',  ( 0.3211225405641394137, 0.8399999996185738560, -2.568662950791342769 ) ) ;
#5084 = MECHANICAL_DESIGN_GEOMETRIC_PRESENTATION_REPRESENTATION (  '', ( #6043 ), #6412 ) ;
#5085 = MECHANICAL_DESIGN_GEOMETRIC_PRESENTATION_REPRESENTATION (  '', ( #5284 ), #4512 ) ;
#5086 = EDGE_LOOP ( 'NONE', ( #10737, #3982, #2340, #8826 ) ) ;
#5087 = LINE ( 'NONE', #7846, #9165 ) ;
#5088 = EDGE_LOOP ( 'NONE', ( #7022, #6000, #1174, #8870 ) ) ;
#5089 = CARTESIAN_POINT ( 'NONE',  ( -0.3735461024566137933, 0.8399999996185738560, -2.426075323211226209 ) ) ;
#5090 = PRESENTATION_STYLE_ASSIGNMENT (( #4081 ) ) ;
#5091 = STYLED_ITEM ( 'NONE', ( #6447 ), #8457 ) ;
#5092 = VECTOR ( 'NONE', #2004, 1000.000000000000000 ) ;
#5093 = VECTOR ( 'NONE', #1731, 1000.000000000000000 ) ;
#5094 = FACE_OUTER_BOUND ( 'NONE', #1315, .T. ) ;
#5095 = EDGE_CURVE ( 'NONE', #4963, #4707, #5087, .T. ) ;
#5096 = CARTESIAN_POINT ( 'NONE',  ( -0.8190997927148842006, 0.8409999996185738569, -2.558814871981771599 ) ) ;
#5097 =( LENGTH_UNIT ( ) NAMED_UNIT ( * ) SI_UNIT ( .MILLI., .METRE. ) );
#5098 = ORIENTED_EDGE ( 'NONE', *, *, #4134, .F. ) ;
#5099 =( LENGTH_UNIT ( ) NAMED_UNIT ( * ) SI_UNIT ( .MILLI., .METRE. ) );
#5100 =( NAMED_UNIT ( * ) PLANE_ANGLE_UNIT ( ) SI_UNIT ( $, .RADIAN. ) );
#5101 = VECTOR ( 'NONE', #774, 1000.000000000000000 ) ;
#5102 = EDGE_LOOP ( 'NONE', ( #4113, #2610, #7046, #7126 ) ) ;
#5103 =( LENGTH_UNIT ( ) NAMED_UNIT ( * ) SI_UNIT ( .MILLI., .METRE. ) );
#5104 = STYLED_ITEM ( 'NONE', ( #851 ), #388 ) ;
#5105 = CARTESIAN_POINT ( 'NONE',  ( -0.2089309336672774686, 0.8409999996185738569, -2.444102925054406406 ) ) ;
#5106 = CARTESIAN_POINT ( 'NONE',  ( -0.04492004203401835094, 0.8409999996185738569, -2.058473386177187336 ) ) ;
#5107 = EDGE_CURVE ( 'NONE', #8778, #11828, #1233, .T. ) ;
#5108 = EDGE_LOOP ( 'NONE', ( #10089, #2524, #1390, #7616 ) ) ;
#5109 = VERTEX_POINT ( 'NONE', #7023 ) ;
#5110 = CARTESIAN_POINT ( 'NONE',  ( -0.2200000000000000011, 0.3500000000000004774, -8.279999999999999361 ) ) ;
#5111 = DIRECTION ( 'NONE',  ( 1.000000000000000000, -0.0000000000000000000, -0.0000000000000000000 ) ) ;
#5112 = CARTESIAN_POINT ( 'NONE',  ( 0.9471950353051988847, 0.8399999996185738560, -2.343164756462825071 ) ) ;
#5113 = FILL_AREA_STYLE ('',( #9732 ) ) ;
#5114 =( NAMED_UNIT ( * ) PLANE_ANGLE_UNIT ( ) SI_UNIT ( $, .RADIAN. ) );
#5115 = CARTESIAN_POINT ( 'NONE',  ( 0.2286823215024052780, 0.8399999996185738560, -2.373978234055434733 ) ) ;
#5116 =( LENGTH_UNIT ( ) NAMED_UNIT ( * ) SI_UNIT ( .MILLI., .METRE. ) );
#5117 = MECHANICAL_DESIGN_GEOMETRIC_PRESENTATION_REPRESENTATION (  '', ( #1107 ), #358 ) ;
#5118 = SURFACE_STYLE_USAGE ( .BOTH. , #4100 ) ;
#5119 = DIRECTION ( 'NONE',  ( -0.0000000000000000000, -1.000000000000000000, -0.0000000000000000000 ) ) ;
#5120 = PLANE ( 'NONE',  #3177 ) ;
#5121 = LINE ( 'NONE', #1409, #6879 ) ;
#5122 = VERTEX_POINT ( 'NONE', #3283 ) ;
#5123 = LINE ( 'NONE', #4952, #9944 ) ;
#5124 = PRESENTATION_LAYER_ASSIGNMENT (  '', '', ( #2446 ) ) ;
#5125 = ORIENTED_EDGE ( 'NONE', *, *, #11462, .T. ) ;
#5126 = SURFACE_SIDE_STYLE ('',( #1476 ) ) ;
#5127 = DIRECTION ( 'NONE',  ( 1.000000000000000000, -0.0000000000000000000, -5.527743468482147539E-15 ) ) ;
#5128 = PRESENTATION_STYLE_ASSIGNMENT (( #6036 ) ) ;
#5129 = EDGE_CURVE ( 'NONE', #11438, #7905, #4130, .T. ) ;
#5130 = FILL_AREA_STYLE ('',( #9874 ) ) ;
#5131 = FACE_BOUND ( 'NONE', #1343, .T. ) ;
#5132 = ORIENTED_EDGE ( 'NONE', *, *, #9612, .T. ) ;
#5133 = DIRECTION ( 'NONE',  ( -0.0000000000000000000, -1.000000000000000000, -0.0000000000000000000 ) ) ;
#5134 = COLOUR_RGB ( '',1.000000000000000000, 1.000000000000000000, 1.000000000000000000 ) ;
#5135 = ORIENTED_EDGE ( 'NONE', *, *, #1080, .F. ) ;
#5136 = DIRECTION ( 'NONE',  ( -4.283268065624016817E-15, 0.0000000000000000000, -1.000000000000000000 ) ) ;
#5137 =( NAMED_UNIT ( * ) SI_UNIT ( $, .STERADIAN. ) SOLID_ANGLE_UNIT ( ) );
#5138 = CARTESIAN_POINT ( 'NONE',  ( -2.100000000000000089, 0.8400000000000000799, -3.279999999999999805 ) ) ;
#5139 = PRESENTATION_LAYER_ASSIGNMENT (  '', '', ( #7487 ) ) ;
#5140 =( GEOMETRIC_REPRESENTATION_CONTEXT ( 3 ) GLOBAL_UNCERTAINTY_ASSIGNED_CONTEXT ( ( #11639 ) ) GLOBAL_UNIT_ASSIGNED_CONTEXT ( ( #9883, #10575, #5992 ) ) REPRESENTATION_CONTEXT ( 'NONE', 'WORKASPACE' ) );
#5141 = ORIENTED_EDGE ( 'NONE', *, *, #11191, .T. ) ;
#5142 = CARTESIAN_POINT ( 'NONE',  ( -0.3905665757056559495, 0.8399999996185738560, -2.520443272526411871 ) ) ;
#5143 = CARTESIAN_POINT ( 'NONE',  ( 1.050000000000000044, 0.3500000000000003664, -8.279999999999999361 ) ) ;
#5144 = MECHANICAL_DESIGN_GEOMETRIC_PRESENTATION_REPRESENTATION (  '', ( #8842 ), #3604 ) ;
#5145 = VECTOR ( 'NONE', #8306, 1000.000000000000000 ) ;
#5146 = SURFACE_STYLE_USAGE ( .BOTH. , #7085 ) ;
#5147 = EDGE_CURVE ( 'NONE', #4684, #4613, #10651, .T. ) ;
#5148 =( NAMED_UNIT ( * ) PLANE_ANGLE_UNIT ( ) SI_UNIT ( $, .RADIAN. ) );
#5149 = EDGE_CURVE ( 'NONE', #1648, #2303, #5029, .T. ) ;
#5150 = ORIENTED_EDGE ( 'NONE', *, *, #8020, .F. ) ;
#5151 = LINE ( 'NONE', #883, #5876 ) ;
#5152 = VECTOR ( 'NONE', #3809, 1000.000000000000000 ) ;
#5153 = CARTESIAN_POINT ( 'NONE',  ( -0.4477714798796501028, 0.8409999996185738569, -2.593258669917257286 ) ) ;
#5154 = ORIENTED_EDGE ( 'NONE', *, *, #4835, .F. ) ;
#5155 = MECHANICAL_DESIGN_GEOMETRIC_PRESENTATION_REPRESENTATION (  '', ( #11578 ), #10984 ) ;
#5156 = AXIS2_PLACEMENT_3D ( 'NONE', #133, #5548, #5603 ) ;
#5157 = LINE ( 'NONE', #7209, #9935 ) ;
#5158 = FILL_AREA_STYLE ('',( #4263 ) ) ;
#5159 = CARTESIAN_POINT ( 'NONE',  ( 0.2721012009410054833, 0.8399999996185738560, -2.564461132366114615 ) ) ;
#5160 =( NAMED_UNIT ( * ) SI_UNIT ( $, .STERADIAN. ) SOLID_ANGLE_UNIT ( ) );
#5161 = PRESENTATION_LAYER_ASSIGNMENT (  '', '', ( #9633 ) ) ;
#5162 = VECTOR ( 'NONE', #5360, 1000.000000000000000 ) ;
#5163 = STYLED_ITEM ( 'NONE', ( #10148 ), #10703 ) ;
#5164 = ORIENTED_EDGE ( 'NONE', *, *, #1336, .F. ) ;
#5165 =( NAMED_UNIT ( * ) SI_UNIT ( $, .STERADIAN. ) SOLID_ANGLE_UNIT ( ) );
#5166 = UNCERTAINTY_MEASURE_WITH_UNIT (LENGTH_MEASURE( 1.000000000000000082E-05 ), #8002, 'distance_accuracy_value', 'NONE');
#5167 = SURFACE_SIDE_STYLE ('',( #2351 ) ) ;
#5168 = VERTEX_POINT ( 'NONE', #9842 ) ;
#5169 = PRESENTATION_LAYER_ASSIGNMENT (  '', '', ( #6506 ) ) ;
#5170 = CARTESIAN_POINT ( 'NONE',  ( -0.4585981122721630721, 0.8409999996185738569, -2.567677603613673476 ) ) ;
#5171 = ORIENTED_EDGE ( 'NONE', *, *, #6536, .T. ) ;
#5172 = VERTEX_POINT ( 'NONE', #606 ) ;
#5173 = CARTESIAN_POINT ( 'NONE',  ( -0.4084934646901654531, 0.8399999996185738560, -2.610279143165627147 ) ) ;
#5174 = CARTESIAN_POINT ( 'NONE',  ( -0.7212068933171909002, 0.8400000000000000799, -2.083651601042033619 ) ) ;
#5175 =( GEOMETRIC_REPRESENTATION_CONTEXT ( 3 ) GLOBAL_UNCERTAINTY_ASSIGNED_CONTEXT ( ( #1357 ) ) GLOBAL_UNIT_ASSIGNED_CONTEXT ( ( #5799, #1007, #3817 ) ) REPRESENTATION_CONTEXT ( 'NONE', 'WORKASPACE' ) );
#5176 = STYLED_ITEM ( 'NONE', ( #6894 ), #638 ) ;
#5177 = EDGE_CURVE ( 'NONE', #295, #8313, #9770, .T. ) ;
#5178 = UNCERTAINTY_MEASURE_WITH_UNIT (LENGTH_MEASURE( 1.000000000000000082E-05 ), #7651, 'distance_accuracy_value', 'NONE');
#5179 = CARTESIAN_POINT ( 'NONE',  ( -0.2280663769646102124, 0.8399999996185738560, -2.236130870267349469 ) ) ;
#5180 = CARTESIAN_POINT ( 'NONE',  ( 0.3981561276882883971, 0.8399999996185738560, -2.481825191914147410 ) ) ;
#5181 = CARTESIAN_POINT ( 'NONE',  ( 0.7315011730168006210, 0.8409999996185738569, -2.661103169853078931 ) ) ;
#5182 = CARTESIAN_POINT ( 'NONE',  ( -0.1233753595549827997, 0.8399999996185738560, -2.255467739283381512 ) ) ;
#5183 = FILL_AREA_STYLE ('',( #5867 ) ) ;
#5184 = LINE ( 'NONE', #4169, #5327 ) ;
#5185 = ORIENTED_EDGE ( 'NONE', *, *, #1614, .F. ) ;
#5186 =( NAMED_UNIT ( * ) SI_UNIT ( $, .STERADIAN. ) SOLID_ANGLE_UNIT ( ) );
#5187 = ORIENTED_EDGE ( 'NONE', *, *, #3970, .F. ) ;
#5188 = PLANE ( 'NONE',  #3773 ) ;
#5189 = LINE ( 'NONE', #6891, #7371 ) ;
#5190 = CARTESIAN_POINT ( 'NONE',  ( -0.8100859917926170883, 0.8409999996185738569, -2.255467739283379291 ) ) ;
#5191 = SURFACE_STYLE_FILL_AREA ( #5130 ) ;
#5192 = CARTESIAN_POINT ( 'NONE',  ( 0.2200000000000000011, -0.02999999999999966929, -3.279999999999999805 ) ) ;
#5193 = ORIENTED_EDGE ( 'NONE', *, *, #5200, .F. ) ;
#5194 = SURFACE_STYLE_USAGE ( .BOTH. , #6100 ) ;
#5195 = SURFACE_STYLE_FILL_AREA ( #7827 ) ;
#5196 = ORIENTED_EDGE ( 'NONE', *, *, #2910, .F. ) ;
#5197 = CARTESIAN_POINT ( 'NONE',  ( -0.4198236613794138483, 0.8409999996185738569, -2.081133779555683905 ) ) ;
#5198 = CARTESIAN_POINT ( 'NONE',  ( -0.1233753595549827997, 0.8409999996185738569, -2.255467739283381512 ) ) ;
#5199 = CARTESIAN_POINT ( 'NONE',  ( -0.9346174425170258315, 0.8400000000000000799, -2.491840820439746640 ) ) ;
#5200 = EDGE_CURVE ( 'NONE', #6363, #302, #7563, .T. ) ;
#5201 = EDGE_CURVE ( 'NONE', #11071, #11507, #3338, .T. ) ;
#5202 = CARTESIAN_POINT ( 'NONE',  ( 0.8841675986457352421, 0.8409999996185738569, -2.203103786108907780 ) ) ;
#5203 = ORIENTED_EDGE ( 'NONE', *, *, #961, .F. ) ;
#5204 = SURFACE_STYLE_USAGE ( .BOTH. , #1555 ) ;
#5205 = CARTESIAN_POINT ( 'NONE',  ( -0.1800263430019039823, 0.8409999996185738569, -2.571303266554186617 ) ) ;
#5206 = EDGE_CURVE ( 'NONE', #8753, #5777, #2338, .T. ) ;
#5207 =( NAMED_UNIT ( * ) PLANE_ANGLE_UNIT ( ) SI_UNIT ( $, .RADIAN. ) );
#5208 = SURFACE_SIDE_STYLE ('',( #4370 ) ) ;
#5209 = B_SPLINE_SURFACE_WITH_KNOTS ( 'NONE', 3, 1, ( 
 ( #11256, #6552 ),
 ( #387, #3965 ),
 ( #6608, #4026 ),
 ( #5831, #6674 ) ),
 .UNSPECIFIED., .F., .F., .F.,
 ( 4, 4 ),
 ( 2, 2 ),
 ( 1.000000000000000000, 2.000000000000000000 ),
 ( 0.0000000000000000000, 1.000000000000000000 ),
 .UNSPECIFIED. ) ;
#5210 = VECTOR ( 'NONE', #8116, 1000.000000000000000 ) ;
#5211 =( NAMED_UNIT ( * ) SI_UNIT ( $, .STERADIAN. ) SOLID_ANGLE_UNIT ( ) );
#5212 = ORIENTED_EDGE ( 'NONE', *, *, #2508, .F. ) ;
#5213 = CARTESIAN_POINT ( 'NONE',  ( -0.4744603876373802431, 0.8409999996185738569, -2.533233805678196671 ) ) ;
#5214 = CARTESIAN_POINT ( 'NONE',  ( -0.4224925521547822083, 0.8409999996185738569, -2.613099103231365294 ) ) ;
#5215 = ORIENTED_EDGE ( 'NONE', *, *, #1136, .F. ) ;
#5216 = DIRECTION ( 'NONE',  ( 1.000000000000000000, 0.0000000000000000000, -0.0000000000000000000 ) ) ;
#5217 = CARTESIAN_POINT ( 'NONE',  ( -0.8208119113251178822, 0.8409999996185738569, -2.524975351202376039 ) ) ;
#5218 = EDGE_CURVE ( 'NONE', #13, #2367, #8974, .T. ) ;
#5219 = EDGE_CURVE ( 'NONE', #5232, #4670, #9442, .T. ) ;
#5220 = CARTESIAN_POINT ( 'NONE',  ( -0.2510792653514919981, 0.8399999996185738560, -2.055149861814719703 ) ) ;
#5221 = CARTESIAN_POINT ( 'NONE',  ( 0.6082475030763002666, 0.8399999996185738560, -2.005617892709754102 ) ) ;
#5222 = LINE ( 'NONE', #2777, #6540 ) ;
#5223 = SURFACE_SIDE_STYLE ('',( #10488 ) ) ;
#5224 = ORIENTED_EDGE ( 'NONE', *, *, #710, .F. ) ;
#5225 = DIRECTION ( 'NONE',  ( -1.000000000000000000, 0.0000000000000000000, 0.0000000000000000000 ) ) ;
#5226 = VECTOR ( 'NONE', #2489, 1000.000000000000000 ) ;
#5227 = ORIENTED_EDGE ( 'NONE', *, *, #7942, .T. ) ;
#5228 = FILL_AREA_STYLE_COLOUR ( '', #2990 ) ;
#5229 = SURFACE_STYLE_FILL_AREA ( #11866 ) ;
#5230 =( NAMED_UNIT ( * ) PLANE_ANGLE_UNIT ( ) SI_UNIT ( $, .RADIAN. ) );
#5231 = EDGE_CURVE ( 'NONE', #11507, #5680, #9601, .T. ) ;
#5232 = VERTEX_POINT ( 'NONE', #1379 ) ;
#5233 = VERTEX_POINT ( 'NONE', #8804 ) ;
#5234 = CARTESIAN_POINT ( 'NONE',  ( -0.8686001631401385481, 0.8409999996185738569, -2.466964744152936095 ) ) ;
#5235 = CARTESIAN_POINT ( 'NONE',  ( -0.5591599024432111209, 0.8409999996185738569, -2.087277263982539655 ) ) ;
#5236 = SURFACE_SIDE_STYLE ('',( #1638 ) ) ;
#5237 = LINE ( 'NONE', #4283, #5076 ) ;
#5238 = DIRECTION ( 'NONE',  ( -0.0000000000000000000, -1.000000000000000000, -0.0000000000000000000 ) ) ;
#5239 = CARTESIAN_POINT ( 'NONE',  ( -0.3437854524861159722, 0.8409999996185738569, -2.081133779555683905 ) ) ;
#5240 =( LENGTH_UNIT ( ) NAMED_UNIT ( * ) SI_UNIT ( .MILLI., .METRE. ) );
#5241 = CARTESIAN_POINT ( 'NONE',  ( -0.1788177886883991763, 0.8409999996185738569, -2.099967084274983353 ) ) ;
#5242 = EDGE_LOOP ( 'NONE', ( #11247, #6555, #10450, #3303 ) ) ;
#5243 = FILL_AREA_STYLE ('',( #2425 ) ) ;
#5244 = ORIENTED_EDGE ( 'NONE', *, *, #9860, .T. ) ;
#5245 = FACE_OUTER_BOUND ( 'NONE', #10238, .T. ) ;
#5246 = CARTESIAN_POINT ( 'NONE',  ( -0.3330595329536246707, 0.8399999996185738560, -2.506142046483079699 ) ) ;
#5247 = LINE ( 'NONE', #8906, #5725 ) ;
#5248 = CARTESIAN_POINT ( 'NONE',  ( 0.4093609412019875715, 0.8399999996185738560, -2.032229476742737351 ) ) ;
#5249 = DIRECTION ( 'NONE',  ( -0.0000000000000000000, -1.000000000000000000, -0.0000000000000000000 ) ) ;
#5250 = SURFACE_STYLE_FILL_AREA ( #1654 ) ;
#5251 =( NAMED_UNIT ( * ) PLANE_ANGLE_UNIT ( ) SI_UNIT ( $, .RADIAN. ) );
#5252 = ORIENTED_EDGE ( 'NONE', *, *, #3235, .T. ) ;
#5253 = PLANE ( 'NONE',  #4964 ) ;
#5254 = SURFACE_STYLE_USAGE ( .BOTH. , #1425 ) ;
#5255 = FILL_AREA_STYLE_COLOUR ( '', #9215 ) ;
#5256 = ORIENTED_EDGE ( 'NONE', *, *, #4490, .T. ) ;
#5257 =( LENGTH_UNIT ( ) NAMED_UNIT ( * ) SI_UNIT ( .MILLI., .METRE. ) );
#5258 = EDGE_CURVE ( 'NONE', #2433, #8722, #10040, .T. ) ;
#5259 = ORIENTED_EDGE ( 'NONE', *, *, #6383, .T. ) ;
#5260 = SURFACE_STYLE_FILL_AREA ( #10872 ) ;
#5261 = SURFACE_SIDE_STYLE ('',( #1608 ) ) ;
#5262 = CARTESIAN_POINT ( 'NONE',  ( -0.5405783798736232271, 0.8400000000000000799, -2.233008771623575139 ) ) ;
#5263 = FACE_OUTER_BOUND ( 'NONE', #2660, .T. ) ;
#5264 = STYLED_ITEM ( 'NONE', ( #4265 ), #8113 ) ;
#5265 = VECTOR ( 'NONE', #1287, 1000.000000000000000 ) ;
#5266 = DIRECTION ( 'NONE',  ( -0.0000000000000000000, -1.000000000000000000, -0.0000000000000000000 ) ) ;
#5267 = CARTESIAN_POINT ( 'NONE',  ( -0.4084934646901653421, 0.8399999996185738560, -2.610279143165626703 ) ) ;
#5268 = VERTEX_POINT ( 'NONE', #2388 ) ;
#5269 = DIRECTION ( 'NONE',  ( 1.000000000000000000, -0.0000000000000000000, 0.0000000000000000000 ) ) ;
#5270 = CARTESIAN_POINT ( 'NONE',  ( -0.9265604137585559119, 0.8399999996185738560, -2.514098362380861484 ) ) ;
#5271 = PRESENTATION_LAYER_ASSIGNMENT (  '', '', ( #499 ) ) ;
#5272 =( NAMED_UNIT ( * ) PLANE_ANGLE_UNIT ( ) SI_UNIT ( $, .RADIAN. ) );
#5273 = CARTESIAN_POINT ( 'NONE',  ( 0.5466206814636389577, 0.8399999996185738560, -2.005617892709753658 ) ) ;
#5274 = CARTESIAN_POINT ( 'NONE',  ( -0.2980114578607256925, 0.8409999996185738569, -2.481366683055620914 ) ) ;
#5275 = CARTESIAN_POINT ( 'NONE',  ( -0.2324977427812310593, 0.8409999996185738569, -2.078112393772600264 ) ) ;
#5276 =( LENGTH_UNIT ( ) NAMED_UNIT ( * ) SI_UNIT ( .MILLI., .METRE. ) );
#5277 = ORIENTED_EDGE ( 'NONE', *, *, #6549, .F. ) ;
#5278 = EDGE_CURVE ( 'NONE', #553, #462, #6684, .T. ) ;
#5279 = CARTESIAN_POINT ( 'NONE',  ( 0.7315011730168006210, 0.8399999996185738560, -2.661103169853078931 ) ) ;
#5280 = UNCERTAINTY_MEASURE_WITH_UNIT (LENGTH_MEASURE( 1.000000000000000082E-05 ), #7620, 'distance_accuracy_value', 'NONE');
#5281 = EDGE_CURVE ( 'NONE', #3015, #2304, #5151, .T. ) ;
#5282 = VERTEX_POINT ( 'NONE', #10016 ) ;
#5283 = VECTOR ( 'NONE', #5976, 1000.000000000000000 ) ;
#5284 = STYLED_ITEM ( 'NONE', ( #8977 ), #6778 ) ;
#5285 = AXIS2_PLACEMENT_3D ( 'NONE', #9331, #10018, #1908 ) ;
#5286 = SURFACE_SIDE_STYLE ('',( #5229 ) ) ;
#5287 = ORIENTED_EDGE ( 'NONE', *, *, #1080, .T. ) ;
#5288 = VERTEX_POINT ( 'NONE', #6393 ) ;
#5289 =( LENGTH_UNIT ( ) NAMED_UNIT ( * ) SI_UNIT ( .MILLI., .METRE. ) );
#5290 = CARTESIAN_POINT ( 'NONE',  ( -0.1314323883114440761, 0.8399999996185738560, -2.190205806352931273 ) ) ;
#5291 = VECTOR ( 'NONE', #3702, 1000.000000000000000 ) ;
#5292 = EDGE_CURVE ( 'NONE', #6303, #6954, #6213, .T. ) ;
#5293 = EDGE_CURVE ( 'NONE', #11358, #1929, #1658, .T. ) ;
#5294 = CARTESIAN_POINT ( 'NONE',  ( -0.01949004502012894463, 0.8409999996185738569, -2.370985389085525252 ) ) ;
#5295 = MECHANICAL_DESIGN_GEOMETRIC_PRESENTATION_REPRESENTATION (  '', ( #6439 ), #5493 ) ;
#5296 =( NAMED_UNIT ( * ) PLANE_ANGLE_UNIT ( ) SI_UNIT ( $, .RADIAN. ) );
#5297 = MECHANICAL_DESIGN_GEOMETRIC_PRESENTATION_REPRESENTATION (  '', ( #11137 ), #707 ) ;
#5298 = SURFACE_STYLE_USAGE ( .BOTH. , #2421 ) ;
#5299 = B_SPLINE_SURFACE_WITH_KNOTS ( 'NONE', 3, 1, ( 
 ( #7959, #2505 ),
 ( #1374, #1557 ),
 ( #5205, #8969 ),
 ( #3398, #11610 ) ),
 .UNSPECIFIED., .F., .F., .F.,
 ( 4, 4 ),
 ( 2, 2 ),
 ( 7.000000000000000000, 8.000000000000000000 ),
 ( 0.0000000000000000000, 1.000000000000000000 ),
 .UNSPECIFIED. ) ;
#5300 = ORIENTED_EDGE ( 'NONE', *, *, #3276, .F. ) ;
#5301 = UNCERTAINTY_MEASURE_WITH_UNIT (LENGTH_MEASURE( 1.000000000000000082E-05 ), #9013, 'distance_accuracy_value', 'NONE');
#5302 = ORIENTED_EDGE ( 'NONE', *, *, #421, .F. ) ;
#5303 =( LENGTH_UNIT ( ) NAMED_UNIT ( * ) SI_UNIT ( .MILLI., .METRE. ) );
#5304 = COLOUR_RGB ( '',1.000000000000000000, 1.000000000000000000, 1.000000000000000000 ) ;
#5305 =( GEOMETRIC_REPRESENTATION_CONTEXT ( 3 ) GLOBAL_UNCERTAINTY_ASSIGNED_CONTEXT ( ( #2939 ) ) GLOBAL_UNIT_ASSIGNED_CONTEXT ( ( #8951, #7058, #366 ) ) REPRESENTATION_CONTEXT ( 'NONE', 'WORKASPACE' ) );
#5306 = CARTESIAN_POINT ( 'NONE',  ( 0.4765901962866804231, 0.8399999996185738560, -2.005617892709753658 ) ) ;
#5307 = FACE_OUTER_BOUND ( 'NONE', #6119, .T. ) ;
#5308 = EDGE_CURVE ( 'NONE', #9940, #6177, #7271, .T. ) ;
#5309 = LINE ( 'NONE', #5426, #1996 ) ;
#5310 = ORIENTED_EDGE ( 'NONE', *, *, #7648, .F. ) ;
#5311 = LINE ( 'NONE', #11090, #10404 ) ;
#5312 =( NAMED_UNIT ( * ) SI_UNIT ( $, .STERADIAN. ) SOLID_ANGLE_UNIT ( ) );
#5313 =( NAMED_UNIT ( * ) PLANE_ANGLE_UNIT ( ) SI_UNIT ( $, .RADIAN. ) );
#5314 = VERTEX_POINT ( 'NONE', #2730 ) ;
#5315 = SURFACE_STYLE_FILL_AREA ( #2721 ) ;
#5316 = ORIENTED_EDGE ( 'NONE', *, *, #8881, .F. ) ;
#5317 = VECTOR ( 'NONE', #7071, 1000.000000000000000 ) ;
#5318 =( NAMED_UNIT ( * ) PLANE_ANGLE_UNIT ( ) SI_UNIT ( $, .RADIAN. ) );
#5319 = CARTESIAN_POINT ( 'NONE',  ( -0.1646172755044176816, 0.8409999996185738569, -2.488718721795973199 ) ) ;
#5320 = VECTOR ( 'NONE', #4560, 1000.000000000000000 ) ;
#5321 = CARTESIAN_POINT ( 'NONE',  ( -0.5724036434634053316, 0.8409999996185738569, -2.246302869072096975 ) ) ;
#5322 = B_SPLINE_CURVE_WITH_KNOTS ( 'NONE', 3,
 ( #7945, #11598, #6830, #3266 ),
 .UNSPECIFIED., .F., .F.,
 ( 4, 4 ),
 ( 24.00000000000000000, 25.00000000000000000 ),
 .UNSPECIFIED. ) ;
#5323 = EDGE_CURVE ( 'NONE', #2275, #10167, #2379, .T. ) ;
#5324 = CARTESIAN_POINT ( 'NONE',  ( -0.4179604734794880594, 0.8399999996185738560, -2.613099103231365294 ) ) ;
#5325 = VERTEX_POINT ( 'NONE', #6276 ) ;
#5326 = STYLED_ITEM ( 'NONE', ( #8211 ), #4696 ) ;
#5327 = VECTOR ( 'NONE', #1471, 1000.000000000000000 ) ;
#5328 = FILL_AREA_STYLE ('',( #10080 ) ) ;
#5329 = CARTESIAN_POINT ( 'NONE',  ( -0.3652372915511160612, 0.8399999996185738560, -2.532125964224043901 ) ) ;
#5330 = FACE_OUTER_BOUND ( 'NONE', #3499, .T. ) ;
#5331 =( LENGTH_UNIT ( ) NAMED_UNIT ( * ) SI_UNIT ( .MILLI., .METRE. ) );
#5332 =( GEOMETRIC_REPRESENTATION_CONTEXT ( 3 ) GLOBAL_UNCERTAINTY_ASSIGNED_CONTEXT ( ( #8207 ) ) GLOBAL_UNIT_ASSIGNED_CONTEXT ( ( #9906, #5100, #1625 ) ) REPRESENTATION_CONTEXT ( 'NONE', 'WORKASPACE' ) );
#5333 = STYLED_ITEM ( 'NONE', ( #11833 ), #11078 ) ;
#5334 =( GEOMETRIC_REPRESENTATION_CONTEXT ( 3 ) GLOBAL_UNCERTAINTY_ASSIGNED_CONTEXT ( ( #11880 ) ) GLOBAL_UNIT_ASSIGNED_CONTEXT ( ( #7820, #2322, #2197 ) ) REPRESENTATION_CONTEXT ( 'NONE', 'WORKASPACE' ) );
#5335 = CARTESIAN_POINT ( 'NONE',  ( -0.2789263709930540625, 0.8399999996185738560, -2.222937485676831582 ) ) ;
#5336 = FILL_AREA_STYLE_COLOUR ( '', #7560 ) ;
#5337 = CARTESIAN_POINT ( 'NONE',  ( 0.3295262308429499076, 0.8399999996185738560, -2.483225780245764458 ) ) ;
#5338 = MECHANICAL_DESIGN_GEOMETRIC_PRESENTATION_REPRESENTATION (  '', ( #2629 ), #2276 ) ;
#5339 = CARTESIAN_POINT ( 'NONE',  ( -0.8208119113251178822, 0.8400000000000000799, -2.524975351202376039 ) ) ;
#5340 = ORIENTED_EDGE ( 'NONE', *, *, #2196, .F. ) ;
#5341 = FACE_OUTER_BOUND ( 'NONE', #10715, .T. ) ;
#5342 = CARTESIAN_POINT ( 'NONE',  ( 0.9471950353051988847, 0.8409999996185738569, -2.343164756462825071 ) ) ;
#5343 = COLOUR_RGB ( '',1.000000000000000000, 1.000000000000000000, 1.000000000000000000 ) ;
#5344 = COLOUR_RGB ( '',1.000000000000000000, 1.000000000000000000, 1.000000000000000000 ) ;
#5345 = ORIENTED_EDGE ( 'NONE', *, *, #3140, .T. ) ;
#5346 = UNCERTAINTY_MEASURE_WITH_UNIT (LENGTH_MEASURE( 1.000000000000000082E-05 ), #6748, 'distance_accuracy_value', 'NONE');
#5347 = CARTESIAN_POINT ( 'NONE',  ( 0.7329017613490935723, 0.8409999996185738569, -2.224112931662733050 ) ) ;
#5348 = CARTESIAN_POINT ( 'NONE',  ( -0.8202579905973723662, 0.8409999996185738569, -2.412176948605279314 ) ) ;
#5349 = ORIENTED_EDGE ( 'NONE', *, *, #7390, .F. ) ;
#5350 =( GEOMETRIC_REPRESENTATION_CONTEXT ( 3 ) GLOBAL_UNCERTAINTY_ASSIGNED_CONTEXT ( ( #4954 ) ) GLOBAL_UNIT_ASSIGNED_CONTEXT ( ( #9780, #11498, #5954 ) ) REPRESENTATION_CONTEXT ( 'NONE', 'WORKASPACE' ) );
#5351 = EDGE_CURVE ( 'NONE', #5172, #3813, #9211, .T. ) ;
#5352 = ORIENTED_EDGE ( 'NONE', *, *, #9896, .T. ) ;
#5353 = MECHANICAL_DESIGN_GEOMETRIC_PRESENTATION_REPRESENTATION (  '', ( #8274 ), #9822 ) ;
#5354 = CARTESIAN_POINT ( 'NONE',  ( -0.4585981122721630721, 0.8399999996185738560, -2.567677603613673476 ) ) ;
#5355 = CARTESIAN_POINT ( 'NONE',  ( -0.8068128238598295532, 0.8409999996185738569, -2.538672300089628298 ) ) ;
#5356 = VECTOR ( 'NONE', #8679, 1000.000000000000000 ) ;
#5357 = CARTESIAN_POINT ( 'NONE',  ( -0.3336134536800268169, 0.8399999996185738560, -2.445815043665983346 ) ) ;
#5358 = LINE ( 'NONE', #10962, #6643 ) ;
#5359 = STYLED_ITEM ( 'NONE', ( #6174 ), #2359 ) ;
#5360 = DIRECTION ( 'NONE',  ( -1.000000000000000000, -0.0000000000000000000, -0.0000000000000000000 ) ) ;
#5361 = UNCERTAINTY_MEASURE_WITH_UNIT (LENGTH_MEASURE( 1.000000000000000082E-05 ), #11484, 'distance_accuracy_value', 'NONE');
#5362 = DIRECTION ( 'NONE',  ( 0.3283461648125144405, -0.0000000000000000000, 0.9445574604294399990 ) ) ;
#5363 = DIRECTION ( 'NONE',  ( 4.093262511381672637E-15, -0.0000000000000000000, 1.000000000000000000 ) ) ;
#5364 = EDGE_LOOP ( 'NONE', ( #10580, #10007, #10218, #1456 ) ) ;
#5365 = LINE ( 'NONE', #10055, #4511 ) ;
#5366 = EDGE_CURVE ( 'NONE', #3678, #5427, #7870, .T. ) ;
#5367 = ORIENTED_EDGE ( 'NONE', *, *, #9127, .F. ) ;
#5368 = DIRECTION ( 'NONE',  ( 1.000000000000000000, 0.0000000000000000000, -7.740930036919607162E-15 ) ) ;
#5369 = DIRECTION ( 'NONE',  ( -0.0000000000000000000, -1.000000000000000000, -0.0000000000000000000 ) ) ;
#5370 = LINE ( 'NONE', #8003, #5732 ) ;
#5371 = CARTESIAN_POINT ( 'NONE',  ( 0.9766078844937484682, 0.8399999996185738560, -2.498632465613715770 ) ) ;
#5372 = ORIENTED_EDGE ( 'NONE', *, *, #8990, .F. ) ;
#5373 = AXIS2_PLACEMENT_3D ( 'NONE', #2912, #5760, #1076 ) ;
#5374 =( NAMED_UNIT ( * ) SI_UNIT ( $, .STERADIAN. ) SOLID_ANGLE_UNIT ( ) );
#5375 = CARTESIAN_POINT ( 'NONE',  ( 0.9696047959044858944, 0.8409999996185738569, -2.186296552481105326 ) ) ;
#5376 = EDGE_LOOP ( 'NONE', ( #5619, #7537, #5661, #11425 ) ) ;
#5377 = EDGE_CURVE ( 'NONE', #8008, #9177, #3952, .T. ) ;
#5378 = ORIENTED_EDGE ( 'NONE', *, *, #8787, .T. ) ;
#5379 = PLANE ( 'NONE',  #11321 ) ;
#5380 = SURFACE_STYLE_FILL_AREA ( #6209 ) ;
#5381 =( LENGTH_UNIT ( ) NAMED_UNIT ( * ) SI_UNIT ( .MILLI., .METRE. ) );
#5382 = FILL_AREA_STYLE_COLOUR ( '', #9993 ) ;
#5383 = CARTESIAN_POINT ( 'NONE',  ( -0.4224925521547822083, 0.8409999996185738569, -2.613099103231365294 ) ) ;
#5384 = ORIENTED_EDGE ( 'NONE', *, *, #8114, .F. ) ;
#5385 = CARTESIAN_POINT ( 'NONE',  ( -0.1408993971007598822, 0.8399999996185738560, -2.103492034356142515 ) ) ;
#5387 = SURFACE_SIDE_STYLE ('',( #888 ) ) ;
#5386 = SURFACE_STYLE_USAGE ( .BOTH. , #7276 ) ;
#5388 = FACE_OUTER_BOUND ( 'NONE', #5743, .T. ) ;
#5389 = CARTESIAN_POINT ( 'NONE',  ( -0.3838188141220479355, 0.8409999996185738569, -2.430305263309154640 ) ) ;
#5390 = SURFACE_SIDE_STYLE ('',( #10941 ) ) ;
#5391 = VECTOR ( 'NONE', #449, 1000.000000000000000 ) ;
#5392 = FACE_OUTER_BOUND ( 'NONE', #11686, .T. ) ;
#5393 = SURFACE_SIDE_STYLE ('',( #9152 ) ) ;
#5394 = CARTESIAN_POINT ( 'NONE',  ( -0.2956950620930670071, 0.8399999996185738560, -2.465252625541360487 ) ) ;
#5395 = EDGE_CURVE ( 'NONE', #9443, #9664, #8364, .T. ) ;
#5396 = SURFACE_SIDE_STYLE ('',( #9961 ) ) ;
#5397 = ORIENTED_EDGE ( 'NONE', *, *, #1953, .T. ) ;
#5398 = DIRECTION ( 'NONE',  ( 1.000000000000000000, -0.0000000000000000000, 0.0000000000000000000 ) ) ;
#5399 = UNCERTAINTY_MEASURE_WITH_UNIT (LENGTH_MEASURE( 1.000000000000000082E-05 ), #8921, 'distance_accuracy_value', 'NONE');
#5400 = CARTESIAN_POINT ( 'NONE',  ( -0.7942740728564093855, 0.8399999996185738560, -2.370985389085522588 ) ) ;
#5401 = B_SPLINE_SURFACE_WITH_KNOTS ( 'NONE', 3, 1, ( 
 ( #10288, #1389 ),
 ( #11499, #8752 ),
 ( #1512, #6061 ),
 ( #10772, #11625 ) ),
 .UNSPECIFIED., .F., .F., .F.,
 ( 4, 4 ),
 ( 2, 2 ),
 ( 26.00000000000000000, 27.00000000000000000 ),
 ( 0.0000000000000000000, 1.000000000000000000 ),
 .UNSPECIFIED. ) ;
#5402 = VERTEX_POINT ( 'NONE', #1 ) ;
#5403 = FACE_OUTER_BOUND ( 'NONE', #8449, .T. ) ;
#5404 = VECTOR ( 'NONE', #7686, 1000.000000000000000 ) ;
#5405 =( NAMED_UNIT ( * ) PLANE_ANGLE_UNIT ( ) SI_UNIT ( $, .RADIAN. ) );
#5406 = FILL_AREA_STYLE_COLOUR ( '', #10476 ) ;
#5407 = FILL_AREA_STYLE ('',( #7299 ) ) ;
#5408 = SURFACE_STYLE_USAGE ( .BOTH. , #2747 ) ;
#5409 = VERTEX_POINT ( 'NONE', #8321 ) ;
#5410 = ORIENTED_EDGE ( 'NONE', *, *, #5058, .F. ) ;
#5411 = EDGE_CURVE ( 'NONE', #239, #6364, #9723, .T. ) ;
#5412 = CARTESIAN_POINT ( 'NONE',  ( -0.1398419120762781631, 0.8399999996185738560, -2.213974041185583275 ) ) ;
#5413 = EDGE_LOOP ( 'NONE', ( #11770, #1333, #7263, #10534 ) ) ;
#5414 = CARTESIAN_POINT ( 'NONE',  ( -0.4224925521547822083, 0.8399999996185738560, -2.613099103231365294 ) ) ;
#5415 = LINE ( 'NONE', #683, #999 ) ;
#5416 = PLANE ( 'NONE',  #3239 ) ;
#5417 = LINE ( 'NONE', #9118, #2987 ) ;
#5418 = ORIENTED_EDGE ( 'NONE', *, *, #2941, .T. ) ;
#5419 = UNCERTAINTY_MEASURE_WITH_UNIT (LENGTH_MEASURE( 1.000000000000000082E-05 ), #10286, 'distance_accuracy_value', 'NONE');
#5420 = DIRECTION ( 'NONE',  ( 7.132909029509895711E-17, 1.000000000000000000, 0.0000000000000000000 ) ) ;
#5421 = CARTESIAN_POINT ( 'NONE',  ( -0.1812348973154007392, 0.8400000000000000799, -2.544715071657143390 ) ) ;
#5422 = CARTESIAN_POINT ( 'NONE',  ( -0.2510792653514919981, 0.8409999996185738569, -2.055149861814719703 ) ) ;
#5423 = EDGE_CURVE ( 'NONE', #10691, #785, #11849, .T. ) ;
#5424 = ADVANCED_FACE ( 'NONE', ( #7397 ), #9184, .F. ) ;
#5425 = EDGE_CURVE ( 'NONE', #2695, #4313, #3508, .T. ) ;
#5426 = CARTESIAN_POINT ( 'NONE',  ( -0.4244060964850521200, 0.8409999996185738569, -2.634248803718319820 ) ) ;
#5427 = VERTEX_POINT ( 'NONE', #8430 ) ;
#5428 = LINE ( 'NONE', #7190, #9621 ) ;
#5429 = CARTESIAN_POINT ( 'NONE',  ( -0.6879212932655470736, 0.8399999996185738560, -2.179328817530069351 ) ) ;
#5430 =( LENGTH_UNIT ( ) NAMED_UNIT ( * ) SI_UNIT ( .MILLI., .METRE. ) );
#5431 = ORIENTED_EDGE ( 'NONE', *, *, #11171, .T. ) ;
#5432 =( NAMED_UNIT ( * ) PLANE_ANGLE_UNIT ( ) SI_UNIT ( $, .RADIAN. ) );
#5433 = ORIENTED_EDGE ( 'NONE', *, *, #5560, .T. ) ;
#5434 = DIRECTION ( 'NONE',  ( 0.5048830486499267245, 0.0000000000000000000, 0.8631877589412141338 ) ) ;
#5435 = CARTESIAN_POINT ( 'NONE',  ( -0.2955439928040459185, 0.8399999996185738560, -2.537564458635476417 ) ) ;
#5436 = CARTESIAN_POINT ( 'NONE',  ( -0.5177165607764262489, 0.8409999996185738569, -2.058473386177185560 ) ) ;
#5437 = B_SPLINE_CURVE_WITH_KNOTS ( 'NONE', 3,
 ( #2967, #2151, #5758, #5816 ),
 .UNSPECIFIED., .F., .F.,
 ( 4, 4 ),
 ( 2.000000000000000000, 3.000000000000000000 ),
 .UNSPECIFIED. ) ;
#5438 = FILL_AREA_STYLE_COLOUR ( '', #11964 ) ;
#5439 = CARTESIAN_POINT ( 'NONE',  ( -0.1812348973154007392, 0.8400000000000000799, -2.544715071657143390 ) ) ;
#5440 = CARTESIAN_POINT ( 'NONE',  ( 0.4443761837901296086, 0.8409999996185738569, -2.501433749135005602 ) ) ;
#5441 = EDGE_CURVE ( 'NONE', #3213, #760, #4526, .T. ) ;
#5442 = ADVANCED_FACE ( 'NONE', ( #7584 ), #7456, .F. ) ;
#5443 = CARTESIAN_POINT ( 'NONE',  ( 0.4387737236049271128, 0.8409999996185738569, -2.329158659427834621 ) ) ;
#5444 = ORIENTED_EDGE ( 'NONE', *, *, #5278, .T. ) ;
#5445 = CARTESIAN_POINT ( 'NONE',  ( -0.1598837711090797808, 0.8399999996185738560, -2.084155165340109583 ) ) ;
#5446 = FILL_AREA_STYLE ('',( #1677 ) ) ;
#5447 = CARTESIAN_POINT ( 'NONE',  ( -0.2475543152703384153, 0.8399999996185738560, -2.236130870267349469 ) ) ;
#5448 = SURFACE_SIDE_STYLE ('',( #6539 ) ) ;
#5449 = SURFACE_STYLE_FILL_AREA ( #2516 ) ;
#5450 = B_SPLINE_CURVE_WITH_KNOTS ( 'NONE', 3,
 ( #11563, #1508, #5096, #9660 ),
 .UNSPECIFIED., .F., .F.,
 ( 4, 4 ),
 ( 5.000000000000000000, 6.000000000000000000 ),
 .UNSPECIFIED. ) ;
#5451 = COLOUR_RGB ( '',1.000000000000000000, 1.000000000000000000, 1.000000000000000000 ) ;
#5452 = COLOUR_RGB ( '',1.000000000000000000, 1.000000000000000000, 1.000000000000000000 ) ;
#5453 =( NAMED_UNIT ( * ) SI_UNIT ( $, .STERADIAN. ) SOLID_ANGLE_UNIT ( ) );
#5454 = ORIENTED_EDGE ( 'NONE', *, *, #6198, .F. ) ;
#5455 = FILL_AREA_STYLE_COLOUR ( '', #5706 ) ;
#5456 = FACE_OUTER_BOUND ( 'NONE', #1004, .T. ) ;
#5457 = EDGE_LOOP ( 'NONE', ( #7233, #10154, #3246, #768 ) ) ;
#5458 = FILL_AREA_STYLE ('',( #1806 ) ) ;
#5459 = ORIENTED_EDGE ( 'NONE', *, *, #5922, .T. ) ;
#5460 = CARTESIAN_POINT ( 'NONE',  ( 0.1432450975291409412, 0.8409999996185738569, -2.288541063511195350 ) ) ;
#5461 = EDGE_CURVE ( 'NONE', #4004, #2180, #7120, .T. ) ;
#5462 =( GEOMETRIC_REPRESENTATION_CONTEXT ( 3 ) GLOBAL_UNCERTAINTY_ASSIGNED_CONTEXT ( ( #4648 ) ) GLOBAL_UNIT_ASSIGNED_CONTEXT ( ( #9472, #3051, #9528 ) ) REPRESENTATION_CONTEXT ( 'NONE', 'WORKASPACE' ) );
#5463 = UNCERTAINTY_MEASURE_WITH_UNIT (LENGTH_MEASURE( 1.000000000000000082E-05 ), #3509, 'distance_accuracy_value', 'NONE');
#5464 =( LENGTH_UNIT ( ) NAMED_UNIT ( * ) SI_UNIT ( .MILLI., .METRE. ) );
#5465 = CARTESIAN_POINT ( 'NONE',  ( -0.7540392855017846729, 0.8409999996185738569, -2.179328817530069351 ) ) ;
#5466 = CARTESIAN_POINT ( 'NONE',  ( -0.2374326728945909681, 0.8399999996185738560, -2.478546722989882767 ) ) ;
#5467 = VERTEX_POINT ( 'NONE', #10446 ) ;
#5468 = ORIENTED_EDGE ( 'NONE', *, *, #10792, .T. ) ;
#5469 =( NAMED_UNIT ( * ) PLANE_ANGLE_UNIT ( ) SI_UNIT ( $, .RADIAN. ) );
#5470 = PRESENTATION_LAYER_ASSIGNMENT (  '', '', ( #11899 ) ) ;
#5471 = COLOUR_RGB ( '',1.000000000000000000, 1.000000000000000000, 1.000000000000000000 ) ;
#5472 = FILL_AREA_STYLE ('',( #3721 ) ) ;
#5473 = VECTOR ( 'NONE', #10876, 1000.000000000000000 ) ;
#5474 = ORIENTED_EDGE ( 'NONE', *, *, #11089, .T. ) ;
#5475 = SURFACE_STYLE_FILL_AREA ( #11935 ) ;
#5476 = UNCERTAINTY_MEASURE_WITH_UNIT (LENGTH_MEASURE( 1.000000000000000082E-05 ), #11241, 'distance_accuracy_value', 'NONE');
#5477 = B_SPLINE_CURVE_WITH_KNOTS ( 'NONE', 3,
 ( #4782, #3873, #4718, #6522 ),
 .UNSPECIFIED., .F., .F.,
 ( 4, 4 ),
 ( 11.00000000000000000, 12.00000000000000000 ),
 .UNSPECIFIED. ) ;
#5478 = ADVANCED_FACE ( 'NONE', ( #2141 ), #1104, .F. ) ;
#5479 = CARTESIAN_POINT ( 'NONE',  ( -0.7336449314612686345, 0.8409999996185738569, -2.393645782464019600 ) ) ;
#5480 =( NAMED_UNIT ( * ) PLANE_ANGLE_UNIT ( ) SI_UNIT ( $, .RADIAN. ) );
#5481 = LINE ( 'NONE', #3486, #5700 ) ;
#5482 = COLOUR_RGB ( '',1.000000000000000000, 1.000000000000000000, 1.000000000000000000 ) ;
#5483 = ORIENTED_EDGE ( 'NONE', *, *, #7871, .T. ) ;
#5484 = COLOUR_RGB ( '',0.0000000000000000000, 0.01960784313725490169, 0.02745098039215686236 ) ;
#5485 = VECTOR ( 'NONE', #1610, 1000.000000000000000 ) ;
#5486 = CARTESIAN_POINT ( 'NONE',  ( -0.9817510607449506654, 0.8409999996185738569, -2.370985389085522144 ) ) ;
#5487 = SURFACE_STYLE_FILL_AREA ( #6375 ) ;
#5488 = MECHANICAL_DESIGN_GEOMETRIC_PRESENTATION_REPRESENTATION (  '', ( #6241 ), #7432 ) ;
#5489 = DIRECTION ( 'NONE',  ( -0.0000000000000000000, -1.000000000000000000, -0.0000000000000000000 ) ) ;
#5490 = UNCERTAINTY_MEASURE_WITH_UNIT (LENGTH_MEASURE( 1.000000000000000082E-05 ), #176, 'distance_accuracy_value', 'NONE');
#5491 = SURFACE_STYLE_FILL_AREA ( #7506 ) ;
#5492 =( GEOMETRIC_REPRESENTATION_CONTEXT ( 3 ) GLOBAL_UNCERTAINTY_ASSIGNED_CONTEXT ( ( #7501 ) ) GLOBAL_UNIT_ASSIGNED_CONTEXT ( ( #11364, #6730, #9516 ) ) REPRESENTATION_CONTEXT ( 'NONE', 'WORKASPACE' ) );
#5493 =( GEOMETRIC_REPRESENTATION_CONTEXT ( 3 ) GLOBAL_UNCERTAINTY_ASSIGNED_CONTEXT ( ( #11218 ) ) GLOBAL_UNIT_ASSIGNED_CONTEXT ( ( #6055, #5032, #7914 ) ) REPRESENTATION_CONTEXT ( 'NONE', 'WORKASPACE' ) );
#5494 =( NAMED_UNIT ( * ) PLANE_ANGLE_UNIT ( ) SI_UNIT ( $, .RADIAN. ) );
#5495 = CARTESIAN_POINT ( 'NONE',  ( 0.8645591082111515613, 0.8399999996185738560, -2.565861720697740989 ) ) ;
#5496 = VECTOR ( 'NONE', #3854, 1000.000000000000000 ) ;
#5497 = DIRECTION ( 'NONE',  ( -0.0000000000000000000, -1.000000000000000000, -0.0000000000000000000 ) ) ;
#5498 = ORIENTED_EDGE ( 'NONE', *, *, #9911, .T. ) ;
#5499 = DIRECTION ( 'NONE',  ( 1.000000000000000000, 0.0000000000000000000, -4.174611887503105215E-15 ) ) ;
#5500 = PRESENTATION_LAYER_ASSIGNMENT (  '', '', ( #9176 ) ) ;
#5501 = CARTESIAN_POINT ( 'NONE',  ( 1.011623123743585762, 0.8409999996185738569, -2.228314830230158972 ) ) ;
#5502 = ORIENTED_EDGE ( 'NONE', *, *, #8279, .T. ) ;
#5503 = FILL_AREA_STYLE_COLOUR ( '', #2219 ) ;
#5504 = ORIENTED_EDGE ( 'NONE', *, *, #2282, .F. ) ;
#5505 = AXIS2_PLACEMENT_3D ( 'NONE', #235, #6533, #2092 ) ;
#5506 = SURFACE_STYLE_FILL_AREA ( #9887 ) ;
#5507 = CARTESIAN_POINT ( 'NONE',  ( -0.7634055814317587396, 0.8409999996185738569, -2.393645782464019156 ) ) ;
#5508 = SURFACE_SIDE_STYLE ('',( #7267 ) ) ;
#5509 = STYLED_ITEM ( 'NONE', ( #11064 ), #5821 ) ;
#5510 =( LENGTH_UNIT ( ) NAMED_UNIT ( * ) SI_UNIT ( .MILLI., .METRE. ) );
#5511 = B_SPLINE_SURFACE_WITH_KNOTS ( 'NONE', 3, 1, ( 
 ( #10431, #8654 ),
 ( #1113, #6763 ),
 ( #9555, #7756 ),
 ( #6569, #9378 ) ),
 .UNSPECIFIED., .F., .F., .F.,
 ( 4, 4 ),
 ( 2, 2 ),
 ( 2.000000000000000000, 3.000000000000000000 ),
 ( 0.0000000000000000000, 1.000000000000000000 ),
 .UNSPECIFIED. ) ;
#5512 = UNCERTAINTY_MEASURE_WITH_UNIT (LENGTH_MEASURE( 1.000000000000000082E-05 ), #4461, 'distance_accuracy_value', 'NONE');
#5513 = LINE ( 'NONE', #8252, #5589 ) ;
#5514 = LINE ( 'NONE', #11966, #2271 ) ;
#5515 = LINE ( 'NONE', #2903, #9291 ) ;
#5516 = CARTESIAN_POINT ( 'NONE',  ( -0.3838188141220478800, 0.8399999996185738560, -2.454274923860495505 ) ) ;
#5517 =( GEOMETRIC_REPRESENTATION_CONTEXT ( 3 ) GLOBAL_UNCERTAINTY_ASSIGNED_CONTEXT ( ( #992 ) ) GLOBAL_UNIT_ASSIGNED_CONTEXT ( ( #1223, #10616, #6873 ) ) REPRESENTATION_CONTEXT ( 'NONE', 'WORKASPACE' ) );
#5518 = EDGE_LOOP ( 'NONE', ( #140, #4492, #3545, #2618 ) ) ;
#5519 =( LENGTH_UNIT ( ) NAMED_UNIT ( * ) SI_UNIT ( .MILLI., .METRE. ) );
#5520 = FILL_AREA_STYLE_COLOUR ( '', #8776 ) ;
#5521 = CARTESIAN_POINT ( 'NONE',  ( 0.7329017880636055082, 0.8399999996185738560, -2.467819094879160957 ) ) ;
#5522 = COLOUR_RGB ( '',1.000000000000000000, 1.000000000000000000, 1.000000000000000000 ) ;
#5523 = DIRECTION ( 'NONE',  ( 1.000000000000000000, 0.0000000000000000000, -0.0000000000000000000 ) ) ;
#5524 = CARTESIAN_POINT ( 'NONE',  ( -0.3216286234043526093, 0.8409999996185738569, -2.551160694662033546 ) ) ;
#5525 = EDGE_CURVE ( 'NONE', #4913, #536, #8112, .T. ) ;
#5526 = CARTESIAN_POINT ( 'NONE',  ( -0.2279153076755961460, 0.8409999996185738569, -2.444102925054405961 ) ) ;
#5527 = CARTESIAN_POINT ( 'NONE',  ( -0.2956950620930670071, 0.8399999996185738560, -2.473913931455910653 ) ) ;
#5528 = EDGE_CURVE ( 'NONE', #8539, #287, #10640, .T. ) ;
#5529 = VECTOR ( 'NONE', #1199, 1000.000000000000000 ) ;
#5530 = B_SPLINE_CURVE_WITH_KNOTS ( 'NONE', 3,
 ( #3846, #3429, #6245, #11875 ),
 .UNSPECIFIED., .F., .F.,
 ( 4, 4 ),
 ( 12.00000000000000000, 13.00000000000000000 ),
 .UNSPECIFIED. ) ;
#5531 = VERTEX_POINT ( 'NONE', #10727 ) ;
#5532 = MECHANICAL_DESIGN_GEOMETRIC_PRESENTATION_REPRESENTATION (  '', ( #554 ), #10590 ) ;
#5533 = CARTESIAN_POINT ( 'NONE',  ( -0.4179604734794880594, 0.8409999996185738569, -2.613099103231365294 ) ) ;
#5534 = FILL_AREA_STYLE ('',( #7357 ) ) ;
#5535 =( NAMED_UNIT ( * ) PLANE_ANGLE_UNIT ( ) SI_UNIT ( $, .RADIAN. ) );
#5536 = ORIENTED_EDGE ( 'NONE', *, *, #9002, .F. ) ;
#5537 = SURFACE_SIDE_STYLE ('',( #1868 ) ) ;
#5538 = VECTOR ( 'NONE', #9325, 1000.000000000000000 ) ;
#5539 = CARTESIAN_POINT ( 'NONE',  ( -0.5735618413472309829, 0.8399999996185738560, -2.099664945696942286 ) ) ;
#5540 = ORIENTED_EDGE ( 'NONE', *, *, #6832, .F. ) ;
#5541 =( GEOMETRIC_REPRESENTATION_CONTEXT ( 3 ) GLOBAL_UNCERTAINTY_ASSIGNED_CONTEXT ( ( #6994 ) ) GLOBAL_UNIT_ASSIGNED_CONTEXT ( ( #4478, #8178, #8237 ) ) REPRESENTATION_CONTEXT ( 'NONE', 'WORKASPACE' ) );
#5542 = ORIENTED_EDGE ( 'NONE', *, *, #5206, .T. ) ;
#5543 = VECTOR ( 'NONE', #7260, 1000.000000000000000 ) ;
#5544 = SURFACE_SIDE_STYLE ('',( #7116 ) ) ;
#5545 = COLOUR_RGB ( '',0.9725490196078431238, 0.9686274509803921573, 1.000000000000000000 ) ;
#5546 = COLOUR_RGB ( '',1.000000000000000000, 1.000000000000000000, 1.000000000000000000 ) ;
#5547 =( GEOMETRIC_REPRESENTATION_CONTEXT ( 3 ) GLOBAL_UNCERTAINTY_ASSIGNED_CONTEXT ( ( #6225 ) ) GLOBAL_UNIT_ASSIGNED_CONTEXT ( ( #9620, #8530, #3124 ) ) REPRESENTATION_CONTEXT ( 'NONE', 'WORKASPACE' ) );
#5548 = DIRECTION ( 'NONE',  ( -0.1387416884823237384, 0.0000000000000000000, -0.9903286039881277203 ) ) ;
#5549 = ORIENTED_EDGE ( 'NONE', *, *, #11250, .T. ) ;
#5550 = CARTESIAN_POINT ( 'NONE',  ( 0.0000000000000000000, 0.0000000000000000000, 0.0000000000000000000 ) ) ;
#5551 = AXIS2_PLACEMENT_3D ( 'NONE', #10188, #6265, #5566 ) ;
#5552 = DIRECTION ( 'NONE',  ( 1.000000000000000000, 0.0000000000000000000, -8.896925954345478095E-15 ) ) ;
#5553 =( NAMED_UNIT ( * ) PLANE_ANGLE_UNIT ( ) SI_UNIT ( $, .RADIAN. ) );
#5554 = VECTOR ( 'NONE', #4162, 1000.000000000000000 ) ;
#5555 = CARTESIAN_POINT ( 'NONE',  ( 0.8631584530925782150, 0.8409999996185738569, -2.472020859874013876 ) ) ;
#5556 = VECTOR ( 'NONE', #3570, 1000.000000000000000 ) ;
#5557 = EDGE_LOOP ( 'NONE', ( #4786, #2496, #5549, #4510 ) ) ;
#5558 = UNCERTAINTY_MEASURE_WITH_UNIT (LENGTH_MEASURE( 1.000000000000000082E-05 ), #2440, 'distance_accuracy_value', 'NONE');
#5559 = DIRECTION ( 'NONE',  ( -0.0000000000000000000, -1.000000000000000000, -0.0000000000000000000 ) ) ;
#5560 = EDGE_CURVE ( 'NONE', #5943, #8342, #1531, .T. ) ;
#5561 = EDGE_CURVE ( 'NONE', #4687, #5071, #3538, .T. ) ;
#5562 = VECTOR ( 'NONE', #8692, 1000.000000000000000 ) ;
#5563 = FACE_OUTER_BOUND ( 'NONE', #1449, .T. ) ;
#5564 = CARTESIAN_POINT ( 'NONE',  ( -0.7212068933171907892, 0.8409999996185738569, -2.083651601042033175 ) ) ;
#5565 = ORIENTED_EDGE ( 'NONE', *, *, #7135, .F. ) ;
#5566 = DIRECTION ( 'NONE',  ( 2.201488835369906361E-15, 0.0000000000000000000, 1.000000000000000000 ) ) ;
#5567 =( NAMED_UNIT ( * ) SI_UNIT ( $, .STERADIAN. ) SOLID_ANGLE_UNIT ( ) );
#5568 = ORIENTED_EDGE ( 'NONE', *, *, #6535, .F. ) ;
#5569 = STYLED_ITEM ( 'NONE', ( #706 ), #2694 ) ;
#5570 = FACE_OUTER_BOUND ( 'NONE', #7743, .T. ) ;
#5571 = VERTEX_POINT ( 'NONE', #7121 ) ;
#5572 = DIRECTION ( 'NONE',  ( -0.3416038306902477450, 0.0000000000000000000, -0.9398440417738193053 ) ) ;
#5573 = B_SPLINE_CURVE_WITH_KNOTS ( 'NONE', 3,
 ( #4677, #1026, #9227, #7536 ),
 .UNSPECIFIED., .F., .F.,
 ( 4, 4 ),
 ( 21.00000000000000000, 22.00000000000000000 ),
 .UNSPECIFIED. ) ;
#5574 = DIRECTION ( 'NONE',  ( -1.000000000000000000, 0.0000000000000000000, 0.0000000000000000000 ) ) ;
#5575 = PRESENTATION_STYLE_ASSIGNMENT (( #9274 ) ) ;
#5576 =( GEOMETRIC_REPRESENTATION_CONTEXT ( 3 ) GLOBAL_UNCERTAINTY_ASSIGNED_CONTEXT ( ( #7769 ) ) GLOBAL_UNIT_ASSIGNED_CONTEXT ( ( #3454, #2554, #8486 ) ) REPRESENTATION_CONTEXT ( 'NONE', 'WORKASPACE' ) );
#5577 = FILL_AREA_STYLE_COLOUR ( '', #6754 ) ;
#5578 = SURFACE_STYLE_FILL_AREA ( #2085 ) ;
#5579 = CARTESIAN_POINT ( 'NONE',  ( -0.7242786355312943458, 0.8409999996185738569, -2.097449262788629198 ) ) ;
#5580 = ORIENTED_EDGE ( 'NONE', *, *, #1263, .T. ) ;
#5581 = ADVANCED_FACE ( 'NONE', ( #3308 ), #11245, .F. ) ;
#5582 = EDGE_CURVE ( 'NONE', #3107, #276, #7177, .T. ) ;
#5583 = CARTESIAN_POINT ( 'NONE',  ( -0.5904816017376014470, 0.8409999996185738569, -2.479251713006656033 ) ) ;
#5584 = CARTESIAN_POINT ( 'NONE',  ( 0.5452200931313473387, 0.8409999996185738569, -2.089654474922372440 ) ) ;
#5585 = EDGE_CURVE ( 'NONE', #10445, #6825, #5358, .T. ) ;
#5586 =( NAMED_UNIT ( * ) PLANE_ANGLE_UNIT ( ) SI_UNIT ( $, .RADIAN. ) );
#5587 = DIRECTION ( 'NONE',  ( 0.2524218971878744444, -0.0000000000000000000, 0.9676172723861817815 ) ) ;
#5588 = PRESENTATION_STYLE_ASSIGNMENT (( #10214 ) ) ;
#5589 = VECTOR ( 'NONE', #720, 1000.000000000000000 ) ;
#5590 = SURFACE_STYLE_USAGE ( .BOTH. , #116 ) ;
#5591 = ORIENTED_EDGE ( 'NONE', *, *, #11831, .T. ) ;
#5592 = PRESENTATION_STYLE_ASSIGNMENT (( #969 ) ) ;
#5593 = ORIENTED_EDGE ( 'NONE', *, *, #4791, .T. ) ;
#5594 = FACE_BOUND ( 'NONE', #1769, .T. ) ;
#5595 = EDGE_CURVE ( 'NONE', #1801, #3449, #2639, .T. ) ;
#5596 = EDGE_CURVE ( 'NONE', #7232, #11787, #10901, .T. ) ;
#5597 = PRESENTATION_STYLE_ASSIGNMENT (( #6486 ) ) ;
#5598 = CARTESIAN_POINT ( 'NONE',  ( -0.1926658068640013377, 0.8409999996185738569, -2.085363719653612335 ) ) ;
#5599 = ORIENTED_EDGE ( 'NONE', *, *, #1660, .T. ) ;
#5600 =( NAMED_UNIT ( * ) PLANE_ANGLE_UNIT ( ) SI_UNIT ( $, .RADIAN. ) );
#5601 = VERTEX_POINT ( 'NONE', #11140 ) ;
#5602 = VECTOR ( 'NONE', #5238, 1000.000000000000000 ) ;
#5603 = DIRECTION ( 'NONE',  ( -0.9903286039881277203, 0.0000000000000000000, 0.1387416884823237384 ) ) ;
#5604 = ORIENTED_EDGE ( 'NONE', *, *, #205, .T. ) ;
#5605 = DIRECTION ( 'NONE',  ( -0.0000000000000000000, -1.000000000000000000, -0.0000000000000000000 ) ) ;
#5606 = UNCERTAINTY_MEASURE_WITH_UNIT (LENGTH_MEASURE( 1.000000000000000082E-05 ), #5464, 'distance_accuracy_value', 'NONE');
#5607 = EDGE_CURVE ( 'NONE', #10745, #9940, #6615, .T. ) ;
#5608 = FILL_AREA_STYLE ('',( #4644 ) ) ;
#5609 = CARTESIAN_POINT ( 'NONE',  ( -0.2789263709930542845, 0.8409999996185738569, -2.247309997666907311 ) ) ;
#5610 = B_SPLINE_SURFACE_WITH_KNOTS ( 'NONE', 3, 1, ( 
 ( #6584, #2960 ),
 ( #8432, #3091 ),
 ( #4792, #10570 ),
 ( #4064, #7776 ) ),
 .UNSPECIFIED., .F., .F., .F.,
 ( 4, 4 ),
 ( 2, 2 ),
 ( 3.000000000000000000, 4.000000000000000000 ),
 ( 0.0000000000000000000, 1.000000000000000000 ),
 .UNSPECIFIED. ) ;
#5611 = ORIENTED_EDGE ( 'NONE', *, *, #5027, .T. ) ;
#5612 = PRESENTATION_LAYER_ASSIGNMENT (  '', '', ( #8142 ) ) ;
#5613 = DIRECTION ( 'NONE',  ( 1.000000000000000000, 0.0000000000000000000, 0.0000000000000000000 ) ) ;
#5614 = FILL_AREA_STYLE_COLOUR ( '', #11527 ) ;
#5615 = DIRECTION ( 'NONE',  ( -0.0000000000000000000, -1.000000000000000000, -0.0000000000000000000 ) ) ;
#5616 = UNCERTAINTY_MEASURE_WITH_UNIT (LENGTH_MEASURE( 1.000000000000000082E-05 ), #6633, 'distance_accuracy_value', 'NONE');
#5617 = CARTESIAN_POINT ( 'NONE',  ( -0.2268578226511144547, 0.8400000000000000799, -2.539578715823747501 ) ) ;
#5618 = CARTESIAN_POINT ( 'NONE',  ( -0.4677629824827798655, 0.8399999996185738560, -2.533032379959503810 ) ) ;
#5619 = ORIENTED_EDGE ( 'NONE', *, *, #6596, .T. ) ;
#5620 = LINE ( 'NONE', #6328, #4337 ) ;
#5621 = EDGE_CURVE ( 'NONE', #10273, #7391, #7309, .T. ) ;
#5622 = PRESENTATION_STYLE_ASSIGNMENT (( #2188 ) ) ;
#5623 = ORIENTED_EDGE ( 'NONE', *, *, #1859, .F. ) ;
#5624 = ORIENTED_EDGE ( 'NONE', *, *, #1334, .F. ) ;
#5625 = DIRECTION ( 'NONE',  ( -0.0000000000000000000, -0.0000000000000000000, -1.000000000000000000 ) ) ;
#5626 = DIRECTION ( 'NONE',  ( 1.000000000000000000, 0.0000000000000000000, -0.0000000000000000000 ) ) ;
#5627 =( LENGTH_UNIT ( ) NAMED_UNIT ( * ) SI_UNIT ( .MILLI., .METRE. ) );
#5628 = CARTESIAN_POINT ( 'NONE',  ( -0.01949004502012938178, 0.8399999996185738560, -2.567979742191718984 ) ) ;
#5629 = CARTESIAN_POINT ( 'NONE',  ( -0.1398419120762781631, 0.8409999996185738569, -2.213974041185583275 ) ) ;
#5630 =( NAMED_UNIT ( * ) SI_UNIT ( $, .STERADIAN. ) SOLID_ANGLE_UNIT ( ) );
#5631 = ORIENTED_EDGE ( 'NONE', *, *, #1570, .T. ) ;
#5632 = LINE ( 'NONE', #10323, #9847 ) ;
#5633 = EDGE_CURVE ( 'NONE', #2528, #2815, #3793, .T. ) ;
#5634 =( NAMED_UNIT ( * ) SI_UNIT ( $, .STERADIAN. ) SOLID_ANGLE_UNIT ( ) );
#5635 = CARTESIAN_POINT ( 'NONE',  ( -0.5881652059699430390, 0.8409999996185738569, -2.198867112266137180 ) ) ;
#5636 = CARTESIAN_POINT ( 'NONE',  ( -0.8686001631401385481, 0.8399999996185738560, -2.437758014908855131 ) ) ;
#5637 = CARTESIAN_POINT ( 'NONE',  ( -0.2089309336672774686, 0.8399999996185738560, -2.444102925054406406 ) ) ;
#5638 =( NAMED_UNIT ( * ) PLANE_ANGLE_UNIT ( ) SI_UNIT ( $, .RADIAN. ) );
#5639 = FILL_AREA_STYLE ('',( #4624 ) ) ;
#5640 = EDGE_LOOP ( 'NONE', ( #2905, #10811, #3738, #9538 ) ) ;
#5641 = FILL_AREA_STYLE ('',( #5455 ) ) ;
#5642 = CARTESIAN_POINT ( 'NONE',  ( 1.050000000000000044, -0.02999999999999968317, -8.279999999999999361 ) ) ;
#5643 = CARTESIAN_POINT ( 'NONE',  ( -0.2645244320897070511, 0.8409999996185738569, -2.231699504450727289 ) ) ;
#5644 = ORIENTED_EDGE ( 'NONE', *, *, #1974, .T. ) ;
#5645 = CARTESIAN_POINT ( 'NONE',  ( -2.100000000000000089, 0.8400000000000000799, -3.279999999999999805 ) ) ;
#5646 = FILL_AREA_STYLE_COLOUR ( '', #9133 ) ;
#5647 = AXIS2_PLACEMENT_3D ( 'NONE', #6103, #646, #4116 ) ;
#5648 = SURFACE_STYLE_FILL_AREA ( #5711 ) ;
#5649 = ADVANCED_FACE ( 'NONE', ( #8465 ), #11021, .F. ) ;
#5650 = VECTOR ( 'NONE', #2989, 1000.000000000000000 ) ;
#5651 = EDGE_CURVE ( 'NONE', #3298, #6958, #6366, .T. ) ;
#5652 = B_SPLINE_CURVE_WITH_KNOTS ( 'NONE', 3,
 ( #6702, #5793, #342, #3991 ),
 .UNSPECIFIED., .F., .F.,
 ( 4, 4 ),
 ( 11.00000000000000000, 12.00000000000000000 ),
 .UNSPECIFIED. ) ;
#5653 = ORIENTED_EDGE ( 'NONE', *, *, #2918, .T. ) ;
#5654 = SURFACE_SIDE_STYLE ('',( #9248 ) ) ;
#5655 = ORIENTED_EDGE ( 'NONE', *, *, #4557, .T. ) ;
#5656 = CARTESIAN_POINT ( 'NONE',  ( -0.7622473835479334214, 0.8409999996185738569, -2.545520774531907726 ) ) ;
#5657 = VECTOR ( 'NONE', #9167, 1000.000000000000000 ) ;
#5658 =( GEOMETRIC_REPRESENTATION_CONTEXT ( 3 ) GLOBAL_UNCERTAINTY_ASSIGNED_CONTEXT ( ( #3421 ) ) GLOBAL_UNIT_ASSIGNED_CONTEXT ( ( #4899, #7717, #6780 ) ) REPRESENTATION_CONTEXT ( 'NONE', 'WORKASPACE' ) );
#5659 = FILL_AREA_STYLE ('',( #1885 ) ) ;
#5660 = FILL_AREA_STYLE_COLOUR ( '', #1874 ) ;
#5661 = ORIENTED_EDGE ( 'NONE', *, *, #1841, .F. ) ;
#5662 = UNCERTAINTY_MEASURE_WITH_UNIT (LENGTH_MEASURE( 1.000000000000000082E-05 ), #1433, 'distance_accuracy_value', 'NONE');
#5663 = DIRECTION ( 'NONE',  ( 1.000000000000000000, 0.0000000000000000000, -0.0000000000000000000 ) ) ;
#5664 = AXIS2_PLACEMENT_3D ( 'NONE', #2643, #6191, #3483 ) ;
#5665 = EDGE_CURVE ( 'NONE', #2088, #37, #7495, .T. ) ;
#5666 = FACE_OUTER_BOUND ( 'NONE', #10653, .T. ) ;
#5667 = EDGE_CURVE ( 'NONE', #8745, #7010, #6556, .T. ) ;
#5668 = CARTESIAN_POINT ( 'NONE',  ( -0.7819871040026904474, 0.8400000000000000799, -2.255467739283379291 ) ) ;
#5669 =( LENGTH_UNIT ( ) NAMED_UNIT ( * ) SI_UNIT ( .MILLI., .METRE. ) );
#5670 = DIRECTION ( 'NONE',  ( -0.0000000000000000000, -1.000000000000000000, -0.0000000000000000000 ) ) ;
#5671 = LINE ( 'NONE', #272, #10530 ) ;
#5672 = ORIENTED_EDGE ( 'NONE', *, *, #2806, .T. ) ;
#5673 = COLOUR_RGB ( '',0.0000000000000000000, 0.01960784313725490169, 0.02745098039215686236 ) ;
#5674 = STYLED_ITEM ( 'NONE', ( #4246 ), #6981 ) ;
#5675 = SURFACE_STYLE_FILL_AREA ( #4879 ) ;
#5676 = DIRECTION ( 'NONE',  ( -1.000000000000000000, 0.0000000000000000000, -0.0000000000000000000 ) ) ;
#5677 = FILL_AREA_STYLE ('',( #7571 ) ) ;
#5678 = VERTEX_POINT ( 'NONE', #8290 ) ;
#5679 = MECHANICAL_DESIGN_GEOMETRIC_PRESENTATION_REPRESENTATION (  '', ( #4141 ), #4527 ) ;
#5680 = VERTEX_POINT ( 'NONE', #986 ) ;
#5681 = PRESENTATION_STYLE_ASSIGNMENT (( #6451 ) ) ;
#5682 = CARTESIAN_POINT ( 'NONE',  ( -0.2324977427812310593, 0.8399999996185738560, -2.078112393772600264 ) ) ;
#5683 =( NAMED_UNIT ( * ) PLANE_ANGLE_UNIT ( ) SI_UNIT ( $, .RADIAN. ) );
#5684 = EDGE_CURVE ( 'NONE', #6872, #2898, #9360, .T. ) ;
#5685 = DIRECTION ( 'NONE',  ( 1.000000000000000000, 0.0000000000000000000, -6.559195981702329985E-15 ) ) ;
#5686 = DIRECTION ( 'NONE',  ( -0.0000000000000000000, -0.0000000000000000000, 1.000000000000000000 ) ) ;
#5687 = VERTEX_POINT ( 'NONE', #9424 ) ;
#5688 = LINE ( 'NONE', #3830, #3062 ) ;
#5689 = AXIS2_PLACEMENT_3D ( 'NONE', #9845, #10707, #7791 ) ;
#5690 = STYLED_ITEM ( 'NONE', ( #11748 ), #5804 ) ;
#5691 = CARTESIAN_POINT ( 'NONE',  ( -0.01949004502012959689, 0.8400000000000000799, -2.567979742191718984 ) ) ;
#5692 = CARTESIAN_POINT ( 'NONE',  ( -0.2955439928040459185, 0.8409999996185738569, -2.537564458635476417 ) ) ;
#5693 = LINE ( 'NONE', #8441, #2116 ) ;
#5694 =( LENGTH_UNIT ( ) NAMED_UNIT ( * ) SI_UNIT ( .MILLI., .METRE. ) );
#5695 = CARTESIAN_POINT ( 'NONE',  ( -0.04492004203401878809, 0.8409999996185738569, -2.233008771623577360 ) ) ;
#5696 = DIRECTION ( 'NONE',  ( -1.000000000000000000, -0.0000000000000000000, 1.543409377115608514E-14 ) ) ;
#5697 = ADVANCED_FACE ( 'NONE', ( #2930 ), #11454, .F. ) ;
#5698 = VECTOR ( 'NONE', #11636, 1000.000000000000000 ) ;
#5699 = ORIENTED_EDGE ( 'NONE', *, *, #3785, .F. ) ;
#5700 = VECTOR ( 'NONE', #1044, 999.9999999999998863 ) ;
#5701 = CARTESIAN_POINT ( 'NONE',  ( -0.2789263709930536184, 0.8409999996185738569, -2.063206890571847918 ) ) ;
#5702 = CARTESIAN_POINT ( 'NONE',  ( 0.7034889789461533649, 0.8409999996185738569, -2.467819094879160513 ) ) ;
#5703 = LINE ( 'NONE', #9409, #1462 ) ;
#5704 = ORIENTED_EDGE ( 'NONE', *, *, #5901, .T. ) ;
#5705 =( LENGTH_UNIT ( ) NAMED_UNIT ( * ) SI_UNIT ( .MILLI., .METRE. ) );
#5706 = COLOUR_RGB ( '',1.000000000000000000, 1.000000000000000000, 1.000000000000000000 ) ;
#5707 = LINE ( 'NONE', #5294, #680 ) ;
#5708 =( NAMED_UNIT ( * ) PLANE_ANGLE_UNIT ( ) SI_UNIT ( $, .RADIAN. ) );
#5709 = DIRECTION ( 'NONE',  ( -0.0000000000000000000, -1.000000000000000000, -0.0000000000000000000 ) ) ;
#5710 = CARTESIAN_POINT ( 'NONE',  ( -0.7623984528382984349, 0.8409999996185738569, -2.567979742191715875 ) ) ;
#5711 = FILL_AREA_STYLE ('',( #7489 ) ) ;
#5712 = COLOUR_RGB ( '',1.000000000000000000, 1.000000000000000000, 1.000000000000000000 ) ;
#5713 = ORIENTED_EDGE ( 'NONE', *, *, #7794, .T. ) ;
#5714 = STYLED_ITEM ( 'NONE', ( #5575 ), #10873 ) ;
#5715 = ORIENTED_EDGE ( 'NONE', *, *, #3217, .F. ) ;
#5716 = SURFACE_SIDE_STYLE ('',( #2050 ) ) ;
#5717 = ADVANCED_FACE ( 'NONE', ( #324 ), #1219, .F. ) ;
#5718 = CARTESIAN_POINT ( 'NONE',  ( -0.8388898695979767339, 0.8399999996185738560, -2.397070019685833220 ) ) ;
#5719 = ADVANCED_FACE ( 'NONE', ( #4813 ), #2298, .F. ) ;
#5720 =( GEOMETRIC_REPRESENTATION_CONTEXT ( 3 ) GLOBAL_UNCERTAINTY_ASSIGNED_CONTEXT ( ( #5178 ) ) GLOBAL_UNIT_ASSIGNED_CONTEXT ( ( #7651, #236, #3884 ) ) REPRESENTATION_CONTEXT ( 'NONE', 'WORKASPACE' ) );
#5721 = CARTESIAN_POINT ( 'NONE',  ( 1.035433489371399229, 0.8409999996185738569, -2.401990428126758115 ) ) ;
#5722 = ORIENTED_EDGE ( 'NONE', *, *, #6417, .T. ) ;
#5723 = PRESENTATION_LAYER_ASSIGNMENT (  '', '', ( #562 ) ) ;
#5724 = STYLED_ITEM ( 'NONE', ( #11638 ), #11354 ) ;
#5725 = VECTOR ( 'NONE', #7946, 1000.000000000000000 ) ;
#5726 = CARTESIAN_POINT ( 'NONE',  ( -0.7634055814317588506, 0.8409999996185738569, -2.393645782464019600 ) ) ;
#5727 = DIRECTION ( 'NONE',  ( 1.000000000000000000, -0.0000000000000000000, 0.0000000000000000000 ) ) ;
#5728 = UNCERTAINTY_MEASURE_WITH_UNIT (LENGTH_MEASURE( 1.000000000000000082E-05 ), #9686, 'distance_accuracy_value', 'NONE');
#5729 = STYLED_ITEM ( 'NONE', ( #10746 ), #3112 ) ;
#5730 = LINE ( 'NONE', #8532, #6120 ) ;
#5731 =( NAMED_UNIT ( * ) SI_UNIT ( $, .STERADIAN. ) SOLID_ANGLE_UNIT ( ) );
#5732 = VECTOR ( 'NONE', #5249, 1000.000000000000000 ) ;
#5733 = COLOUR_RGB ( '',1.000000000000000000, 1.000000000000000000, 1.000000000000000000 ) ;
#5734 = VECTOR ( 'NONE', #3653, 1000.000000000000000 ) ;
#5735 = CARTESIAN_POINT ( 'NONE',  ( 0.8687608999211974270, 0.8399999996185738560, -2.119067284039826138 ) ) ;
#5736 = CARTESIAN_POINT ( 'NONE',  ( -0.7242786355312943458, 0.8409999996185738569, -2.097449262788629643 ) ) ;
#5737 =( LENGTH_UNIT ( ) NAMED_UNIT ( * ) SI_UNIT ( .MILLI., .METRE. ) );
#5738 = EDGE_CURVE ( 'NONE', #2468, #1819, #8523, .T. ) ;
#5739 = DIRECTION ( 'NONE',  ( -0.0000000000000000000, -1.000000000000000000, -0.0000000000000000000 ) ) ;
#5740 = ORIENTED_EDGE ( 'NONE', *, *, #7942, .F. ) ;
#5741 = COLOUR_RGB ( '',1.000000000000000000, 1.000000000000000000, 1.000000000000000000 ) ;
#5742 = CARTESIAN_POINT ( 'NONE',  ( -0.2126573094671251329, 0.8399999996185738560, -2.571303266554186617 ) ) ;
#5743 = EDGE_LOOP ( 'NONE', ( #3263, #10933, #6092, #11455 ) ) ;
#5744 = CARTESIAN_POINT ( 'NONE',  ( -0.2621073234627077087, 0.8409999996185738569, -2.477438881537072923 ) ) ;
#5745 = CARTESIAN_POINT ( 'NONE',  ( 0.3211225405641394137, 0.8409999996185738569, -2.568662950791342769 ) ) ;
#5746 = DIRECTION ( 'NONE',  ( 0.0000000000000000000, 0.0000000000000000000, -1.000000000000000000 ) ) ;
#5747 =( GEOMETRIC_REPRESENTATION_CONTEXT ( 3 ) GLOBAL_UNCERTAINTY_ASSIGNED_CONTEXT ( ( #3468 ) ) GLOBAL_UNIT_ASSIGNED_CONTEXT ( ( #9767, #5148, #482 ) ) REPRESENTATION_CONTEXT ( 'NONE', 'WORKASPACE' ) );
#5748 = DIRECTION ( 'NONE',  ( -0.0000000000000000000, -1.000000000000000000, -0.0000000000000000000 ) ) ;
#5749 = SURFACE_STYLE_FILL_AREA ( #10379 ) ;
#5750 = LINE ( 'NONE', #3026, #3798 ) ;
#5751 = ORIENTED_EDGE ( 'NONE', *, *, #6215, .F. ) ;
#5752 = CARTESIAN_POINT ( 'NONE',  ( -0.1567113160363055313, 0.8409999996185738569, -2.231900930169421482 ) ) ;
#5753 = ORIENTED_EDGE ( 'NONE', *, *, #7842, .T. ) ;
#5754 = VECTOR ( 'NONE', #8442, 1000.000000000000000 ) ;
#5755 = LINE ( 'NONE', #2962, #4990 ) ;
#5756 = ADVANCED_FACE ( 'NONE', ( #4328 ), #3299, .F. ) ;
#5757 = CARTESIAN_POINT ( 'NONE',  ( -0.1628044440334908693, 0.8409999996185738569, -2.461123398304127630 ) ) ;
#5758 = CARTESIAN_POINT ( 'NONE',  ( -0.4182122556278534686, 0.8409999996185738569, -2.634248803718319820 ) ) ;
#5759 = ORIENTED_EDGE ( 'NONE', *, *, #7074, .F. ) ;
#5760 = DIRECTION ( 'NONE',  ( -0.9369753459544845064, 0.0000000000000000000, 0.3493954794691455090 ) ) ;
#5761 = CARTESIAN_POINT ( 'NONE',  ( -0.4615187851965718013, 0.8399999996185738560, -2.255467739283380624 ) ) ;
#5762 =( GEOMETRIC_REPRESENTATION_CONTEXT ( 3 ) GLOBAL_UNCERTAINTY_ASSIGNED_CONTEXT ( ( #8723 ) ) GLOBAL_UNIT_ASSIGNED_CONTEXT ( ( #5857, #1236, #4000 ) ) REPRESENTATION_CONTEXT ( 'NONE', 'WORKASPACE' ) );
#5763 = VECTOR ( 'NONE', #3835, 1000.000000000000000 ) ;
#5764 =( NAMED_UNIT ( * ) SI_UNIT ( $, .STERADIAN. ) SOLID_ANGLE_UNIT ( ) );
#5765 = VERTEX_POINT ( 'NONE', #3354 ) ;
#5766 = CARTESIAN_POINT ( 'NONE',  ( -0.5921937203478339073, 0.8409999996185738569, -2.084558016777495748 ) ) ;
#5767 = FACE_OUTER_BOUND ( 'NONE', #4078, .T. ) ;
#5768 = CARTESIAN_POINT ( 'NONE',  ( -0.7206026161611112091, 0.8409999996185738569, -2.083651601042033619 ) ) ;
#5769 = VERTEX_POINT ( 'NONE', #8887 ) ;
#5770 = CARTESIAN_POINT ( 'NONE',  ( -0.5904816017376012249, 0.8409999996185738569, -2.456692032487504562 ) ) ;
#5771 = FACE_OUTER_BOUND ( 'NONE', #93, .T. ) ;
#5772 = SURFACE_STYLE_FILL_AREA ( #6550 ) ;
#5773 = EDGE_CURVE ( 'NONE', #2868, #11825, #7978, .T. ) ;
#5774 =( LENGTH_UNIT ( ) NAMED_UNIT ( * ) SI_UNIT ( .MILLI., .METRE. ) );
#5775 = CARTESIAN_POINT ( 'NONE',  ( -0.5724036434634047765, 0.8399999996185738560, -2.067134692090392356 ) ) ;
#5776 = SURFACE_STYLE_FILL_AREA ( #1983 ) ;
#5777 = VERTEX_POINT ( 'NONE', #6228 ) ;
#5778 = PRESENTATION_STYLE_ASSIGNMENT (( #1215 ) ) ;
#5779 = CARTESIAN_POINT ( 'NONE',  ( -0.8795275083899873891, 0.8399999996185738560, -2.567979742191715875 ) ) ;
#5780 = EDGE_LOOP ( 'NONE', ( #9510, #11838 ) ) ;
#5781 = CARTESIAN_POINT ( 'NONE',  ( -0.3265131970880389978, 0.8399999996185738560, -2.476129614362882148 ) ) ;
#5782 = CARTESIAN_POINT ( 'NONE',  ( -0.2200000000000000011, 0.3500000000000004774, -8.279999999999999361 ) ) ;
#5783 = EDGE_CURVE ( 'NONE', #10599, #3322, #5812, .T. ) ;
#5784 = ORIENTED_EDGE ( 'NONE', *, *, #78, .T. ) ;
#5785 = UNCERTAINTY_MEASURE_WITH_UNIT (LENGTH_MEASURE( 1.000000000000000082E-05 ), #5080, 'distance_accuracy_value', 'NONE');
#5786 = VECTOR ( 'NONE', #9542, 1000.000000000000000 ) ;
#5787 = CARTESIAN_POINT ( 'NONE',  ( -0.2089309336672774686, 0.8409999996185738569, -2.444102925054406406 ) ) ;
#5788 = CARTESIAN_POINT ( 'NONE',  ( -0.9265604137585559119, 0.8409999996185738569, -2.514098362380861484 ) ) ;
#5789 = CARTESIAN_POINT ( 'NONE',  ( -0.9076263961799158064, 0.8409999996185738569, -2.567979742191715875 ) ) ;
#5790 = CARTESIAN_POINT ( 'NONE',  ( -0.5951647497025869260, 0.8409999996185738569, -2.155157731260029408 ) ) ;
#5791 = CARTESIAN_POINT ( 'NONE',  ( 0.8085346799974141296, 0.8399999996185738560, -2.119067284039825694 ) ) ;
#5792 = SURFACE_STYLE_FILL_AREA ( #2128 ) ;
#5793 = CARTESIAN_POINT ( 'NONE',  ( -0.3336134536800268169, 0.8399999996185738560, -2.445815043665983346 ) ) ;
#5794 = MECHANICAL_DESIGN_GEOMETRIC_PRESENTATION_REPRESENTATION (  '', ( #807 ), #1585 ) ;
#5795 = ORIENTED_EDGE ( 'NONE', *, *, #5129, .F. ) ;
#5796 = ORIENTED_EDGE ( 'NONE', *, *, #5461, .F. ) ;
#5797 = UNCERTAINTY_MEASURE_WITH_UNIT (LENGTH_MEASURE( 1.000000000000000082E-05 ), #5815, 'distance_accuracy_value', 'NONE');
#5798 = CARTESIAN_POINT ( 'NONE',  ( 0.4261682683305830777, 0.8409999996185738569, -2.567262362459724834 ) ) ;
#5799 =( LENGTH_UNIT ( ) NAMED_UNIT ( * ) SI_UNIT ( .MILLI., .METRE. ) );
#5800 = CARTESIAN_POINT ( 'NONE',  ( -0.8795275083899873891, 0.8409999996185738569, -2.567979742191715875 ) ) ;
#5801 = B_SPLINE_SURFACE_WITH_KNOTS ( 'NONE', 3, 1, ( 
 ( #5584, #3642 ),
 ( #8195, #6587 ),
 ( #175, #9095 ),
 ( #7342, #11052 ) ),
 .UNSPECIFIED., .F., .F., .F.,
 ( 4, 4 ),
 ( 2, 2 ),
 ( 21.00000000000000000, 22.00000000000000000 ),
 ( 0.0000000000000000000, 1.000000000000000000 ),
 .UNSPECIFIED. ) ;
#5802 = FILL_AREA_STYLE ('',( #11348 ) ) ;
#5803 = EDGE_CURVE ( 'NONE', #1120, #592, #10630, .T. ) ;
#5804 = ADVANCED_FACE ( 'NONE', ( #6069 ), #9389, .F. ) ;
#5805 = SURFACE_SIDE_STYLE ('',( #6716 ) ) ;
#5806 = B_SPLINE_CURVE_WITH_KNOTS ( 'NONE', 3,
 ( #10994, #6342, #10878, #8260 ),
 .UNSPECIFIED., .F., .F.,
 ( 4, 4 ),
 ( 2.000000000000000000, 3.000000000000000000 ),
 .UNSPECIFIED. ) ;
#5807 = VECTOR ( 'NONE', #3435, 1000.000000000000000 ) ;
#5808 = CARTESIAN_POINT ( 'NONE',  ( -0.1598837711090797808, 0.8409999996185738569, -2.084155165340109583 ) ) ;
#5809 = EDGE_LOOP ( 'NONE', ( #1898, #4647, #10247, #605, #11262, #10946, #11145, #4577, #4093, #10588, #10955, #8447, #10742, #10585 ) ) ;
#5810 = PRESENTATION_STYLE_ASSIGNMENT (( #1185 ) ) ;
#5811 = CARTESIAN_POINT ( 'NONE',  ( 0.8645591082111515613, 0.8399999996185738560, -2.565861720697740989 ) ) ;
#5812 = B_SPLINE_CURVE_WITH_KNOTS ( 'NONE', 3,
 ( #1453, #8103, #10716, #9788 ),
 .UNSPECIFIED., .F., .F.,
 ( 4, 4 ),
 ( 34.00000000000000000, 35.00000000000000000 ),
 .UNSPECIFIED. ) ;
#5813 = PRESENTATION_STYLE_ASSIGNMENT (( #9394 ) ) ;
#5814 = VERTEX_POINT ( 'NONE', #3658 ) ;
#5815 =( LENGTH_UNIT ( ) NAMED_UNIT ( * ) SI_UNIT ( .MILLI., .METRE. ) );
#5816 = CARTESIAN_POINT ( 'NONE',  ( -0.4244060964850521200, 0.8409999996185738569, -2.634248803718319820 ) ) ;
#5817 = ORIENTED_EDGE ( 'NONE', *, *, #8789, .F. ) ;
#5818 = CARTESIAN_POINT ( 'NONE',  ( 0.9766078844937484682, 0.8409999996185738569, -2.498632465613715770 ) ) ;
#5819 = ADVANCED_FACE ( 'NONE', ( #9104 ), #7557, .F. ) ;
#5820 = CARTESIAN_POINT ( 'NONE',  ( -0.3301388600292162190, 0.8409999996185738569, -2.479352425865998910 ) ) ;
#5821 = ADVANCED_FACE ( 'NONE', ( #5403 ), #8426, .T. ) ;
#5822 = ORIENTED_EDGE ( 'NONE', *, *, #4354, .T. ) ;
#5823 = FILL_AREA_STYLE_COLOUR ( '', #124 ) ;
#5824 = CARTESIAN_POINT ( 'NONE',  ( -0.7935690828409782682, 0.8399999996185738560, -2.567979742191715875 ) ) ;
#5825 = VERTEX_POINT ( 'NONE', #10223 ) ;
#5826 =( NAMED_UNIT ( * ) SI_UNIT ( $, .STERADIAN. ) SOLID_ANGLE_UNIT ( ) );
#5827 = CARTESIAN_POINT ( 'NONE',  ( -0.3504828576400527140, 0.8399999996185738560, -2.424061066021604649 ) ) ;
#5828 = CARTESIAN_POINT ( 'NONE',  ( -0.1598837711090797808, 0.8399999996185738560, -2.084155165340109583 ) ) ;
#5829 = CARTESIAN_POINT ( 'NONE',  ( -0.2955439928040459185, 0.8399999996185738560, -2.537564458635475972 ) ) ;
#5830 = CARTESIAN_POINT ( 'NONE',  ( -0.3265131970880389978, 0.8399999996185738560, -2.476129614362882148 ) ) ;
#5831 = CARTESIAN_POINT ( 'NONE',  ( -0.1740842842937340984, 0.8409999996185738569, -2.528298875564845449 ) ) ;
#5832 = CARTESIAN_POINT ( 'NONE',  ( -0.5384634098246597889, 0.8409999996185738569, -2.427283877524722744 ) ) ;
#5833 = EDGE_CURVE ( 'NONE', #4447, #11617, #3070, .T. ) ;
#5834 = EDGE_LOOP ( 'NONE', ( #7594, #11363, #7725, #3165 ) ) ;
#5835 = CARTESIAN_POINT ( 'NONE',  ( -0.1788177886883991763, 0.8399999996185738560, -2.099967084274983353 ) ) ;
#5836 = CARTESIAN_POINT ( 'NONE',  ( -0.3380951759263270406, 0.8399999996185738560, -2.483380940245234036 ) ) ;
#5837 = VERTEX_POINT ( 'NONE', #9294 ) ;
#5838 = VERTEX_POINT ( 'NONE', #1084 ) ;
#5839 = LINE ( 'NONE', #4157, #11739 ) ;
#5840 = CARTESIAN_POINT ( 'NONE',  ( -0.8418608989513857166, 0.8409999996185738569, -2.443095796459593849 ) ) ;
#5841 = FACE_OUTER_BOUND ( 'NONE', #1780, .T. ) ;
#5842 = STYLED_ITEM ( 'NONE', ( #1897 ), #6337 ) ;
#5843 = EDGE_CURVE ( 'NONE', #9592, #4327, #6738, .T. ) ;
#5844 = LINE ( 'NONE', #338, #5554 ) ;
#5845 = FACE_OUTER_BOUND ( 'NONE', #7583, .T. ) ;
#5846 = MECHANICAL_DESIGN_GEOMETRIC_PRESENTATION_REPRESENTATION (  '', ( #11100 ), #29 ) ;
#5847 = CARTESIAN_POINT ( 'NONE',  ( -0.3588923814048951000, 0.8409999996185738569, -2.518731153916178744 ) ) ;
#5848 = LINE ( 'NONE', #9561, #10740 ) ;
#5849 = STYLED_ITEM ( 'NONE', ( #1193 ), #8340 ) ;
#5850 = CARTESIAN_POINT ( 'NONE',  ( -0.3504828576400527140, 0.8409999996185738569, -2.424061066021604649 ) ) ;
#5851 = ORIENTED_EDGE ( 'NONE', *, *, #5922, .F. ) ;
#5852 = STYLED_ITEM ( 'NONE', ( #10048 ), #6509 ) ;
#5853 = CARTESIAN_POINT ( 'NONE',  ( -0.4198236613794138483, 0.8409999996185738569, -2.081133779555683905 ) ) ;
#5854 = EDGE_LOOP ( 'NONE', ( #99, #11390, #8858, #10380 ) ) ;
#5855 = DIRECTION ( 'NONE',  ( 6.155985935729375282E-15, -0.0000000000000000000, 1.000000000000000000 ) ) ;
#5856 = LINE ( 'NONE', #9568, #7362 ) ;
#5857 =( LENGTH_UNIT ( ) NAMED_UNIT ( * ) SI_UNIT ( .MILLI., .METRE. ) );
#5858 =( LENGTH_UNIT ( ) NAMED_UNIT ( * ) SI_UNIT ( .MILLI., .METRE. ) );
#5859 = STYLED_ITEM ( 'NONE', ( #6519 ), #8489 ) ;
#5860 = DIRECTION ( 'NONE',  ( -0.3385350343141475538, 0.0000000000000000000, 0.9409537876760573072 ) ) ;
#5861 = ORIENTED_EDGE ( 'NONE', *, *, #5869, .T. ) ;
#5862 = LINE ( 'NONE', #424, #3794 ) ;
#5863 = COLOUR_RGB ( '',1.000000000000000000, 1.000000000000000000, 1.000000000000000000 ) ;
#5864 = SURFACE_SIDE_STYLE ('',( #10320 ) ) ;
#5865 = ORIENTED_EDGE ( 'NONE', *, *, #6017, .T. ) ;
#5866 = CARTESIAN_POINT ( 'NONE',  ( 0.8631584530925782150, 0.8409999996185738569, -2.472020859874013876 ) ) ;
#5867 = FILL_AREA_STYLE_COLOUR ( '', #1862 ) ;
#5868 = CARTESIAN_POINT ( 'NONE',  ( -0.2089309336672774686, 0.8409999996185738569, -2.444102925054406406 ) ) ;
#5869 = EDGE_CURVE ( 'NONE', #8004, #9545, #6667, .T. ) ;
#5870 = EDGE_CURVE ( 'NONE', #10167, #11080, #1150, .T. ) ;
#5871 = VECTOR ( 'NONE', #6745, 1000.000000000000000 ) ;
#5872 = ORIENTED_EDGE ( 'NONE', *, *, #6574, .T. ) ;
#5873 = STYLED_ITEM ( 'NONE', ( #2130 ), #7077 ) ;
#5874 = SURFACE_SIDE_STYLE ('',( #11297 ) ) ;
#5875 = LINE ( 'NONE', #1836, #6133 ) ;
#5876 = VECTOR ( 'NONE', #1015, 1000.000000000000000 ) ;
#5877 = B_SPLINE_SURFACE_WITH_KNOTS ( 'NONE', 3, 1, ( 
 ( #6929, #6580 ),
 ( #1063, #6454 ),
 ( #1838, #4663 ),
 ( #9207, #1960 ) ),
 .UNSPECIFIED., .F., .F., .F.,
 ( 4, 4 ),
 ( 2, 2 ),
 ( 3.000000000000000000, 4.000000000000000000 ),
 ( 0.0000000000000000000, 1.000000000000000000 ),
 .UNSPECIFIED. ) ;
#5878 = PRESENTATION_STYLE_ASSIGNMENT (( #10520 ) ) ;
#5879 = ORIENTED_EDGE ( 'NONE', *, *, #6664, .T. ) ;
#5880 = CARTESIAN_POINT ( 'NONE',  ( 0.2805048377901227519, 0.8409999996185738569, -2.189097769216112876 ) ) ;
#5881 = FACE_OUTER_BOUND ( 'NONE', #9587, .T. ) ;
#5882 = DIRECTION ( 'NONE',  ( -0.0000000000000000000, -0.0000000000000000000, 1.000000000000000000 ) ) ;
#5883 = ORIENTED_EDGE ( 'NONE', *, *, #6436, .T. ) ;
#5884 =( NAMED_UNIT ( * ) SI_UNIT ( $, .STERADIAN. ) SOLID_ANGLE_UNIT ( ) );
#5885 = COLOUR_RGB ( '',1.000000000000000000, 1.000000000000000000, 1.000000000000000000 ) ;
#5886 = CARTESIAN_POINT ( 'NONE',  ( -0.3115069810286119067, 0.8409999996185738569, -2.435240193422506749 ) ) ;
#5887 = SURFACE_STYLE_FILL_AREA ( #3971 ) ;
#5888 = EDGE_CURVE ( 'NONE', #1648, #3431, #2279, .T. ) ;
#5889 = PRESENTATION_STYLE_ASSIGNMENT (( #8928 ) ) ;
#5890 = EDGE_CURVE ( 'NONE', #9933, #2233, #11621, .T. ) ;
#5891 = B_SPLINE_CURVE_WITH_KNOTS ( 'NONE', 3,
 ( #11055, #7213, #2733, #10998 ),
 .UNSPECIFIED., .F., .F.,
 ( 4, 4 ),
 ( 10.00000000000000000, 11.00000000000000000 ),
 .UNSPECIFIED. ) ;
#5892 = PRESENTATION_STYLE_ASSIGNMENT (( #8691 ) ) ;
#5893 = VECTOR ( 'NONE', #3941, 1000.000000000000000 ) ;
#5894 = CARTESIAN_POINT ( 'NONE',  ( -0.1611426818529279881, 0.8409999996185738569, -2.560224852013971653 ) ) ;
#5895 = ORIENTED_EDGE ( 'NONE', *, *, #5026, .F. ) ;
#5896 = SURFACE_STYLE_FILL_AREA ( #2226 ) ;
#5897 =( LENGTH_UNIT ( ) NAMED_UNIT ( * ) SI_UNIT ( .MILLI., .METRE. ) );
#5898 = ADVANCED_BREP_SHAPE_REPRESENTATION ( 'TO-92S-3_L4.1-W1.7-H6.5-P1.27-L', ( #8384, #10420 ), #1331 ) ;
#5899 = ORIENTED_EDGE ( 'NONE', *, *, #11912, .F. ) ;
#5900 = CARTESIAN_POINT ( 'NONE',  ( -0.2645244320897070511, 0.8409999996185738569, -2.231699504450727289 ) ) ;
#5901 = EDGE_CURVE ( 'NONE', #3903, #2748, #5703, .T. ) ;
#5902 = ORIENTED_EDGE ( 'NONE', *, *, #7547, .T. ) ;
#5903 = ORIENTED_EDGE ( 'NONE', *, *, #6850, .T. ) ;
#5904 =( LENGTH_UNIT ( ) NAMED_UNIT ( * ) SI_UNIT ( .MILLI., .METRE. ) );
#5905 = FILL_AREA_STYLE_COLOUR ( '', #1474 ) ;
#5906 = CARTESIAN_POINT ( 'NONE',  ( -0.7206026161611113201, 0.8399999996185738560, -2.083651601042033175 ) ) ;
#5907 = FILL_AREA_STYLE_COLOUR ( '', #2081 ) ;
#5908 = B_SPLINE_CURVE_WITH_KNOTS ( 'NONE', 3,
 ( #9719, #10711, #6009, #5894 ),
 .UNSPECIFIED., .F., .F.,
 ( 4, 4 ),
 ( 8.000000000000000000, 9.000000000000000000 ),
 .UNSPECIFIED. ) ;
#5909 = UNCERTAINTY_MEASURE_WITH_UNIT (LENGTH_MEASURE( 1.000000000000000082E-05 ), #7478, 'distance_accuracy_value', 'NONE');
#5910 = DIRECTION ( 'NONE',  ( 6.544243407293500468E-15, -0.0000000000000000000, 1.000000000000000000 ) ) ;
#5911 = VECTOR ( 'NONE', #1186, 1000.000000000000000 ) ;
#5912 = MECHANICAL_DESIGN_GEOMETRIC_PRESENTATION_REPRESENTATION (  '', ( #3218 ), #1891 ) ;
#5913 = CARTESIAN_POINT ( 'NONE',  ( 0.8645591082111515613, 0.8409999996185738569, -2.565861720697740989 ) ) ;
#5914 = CARTESIAN_POINT ( 'NONE',  ( -0.7634055814317587396, 0.8409999996185738569, -2.393645782464019156 ) ) ;
#5915 = LINE ( 'NONE', #6089, #742 ) ;
#5916 = PRESENTATION_LAYER_ASSIGNMENT (  '', '', ( #8263 ) ) ;
#5917 = VECTOR ( 'NONE', #11949, 1000.000000000000000 ) ;
#5918 = STYLED_ITEM ( 'NONE', ( #11422 ), #10135 ) ;
#5919 = DIRECTION ( 'NONE',  ( -0.0000000000000000000, -1.000000000000000000, -0.0000000000000000000 ) ) ;
#5920 = VERTEX_POINT ( 'NONE', #7734 ) ;
#5921 = FACE_OUTER_BOUND ( 'NONE', #8445, .T. ) ;
#5922 = EDGE_CURVE ( 'NONE', #5288, #853, #8509, .T. ) ;
#5923 = EDGE_CURVE ( 'NONE', #8342, #9903, #4132, .T. ) ;
#5924 = ORIENTED_EDGE ( 'NONE', *, *, #10265, .T. ) ;
#5925 = UNCERTAINTY_MEASURE_WITH_UNIT (LENGTH_MEASURE( 1.000000000000000082E-05 ), #5694, 'distance_accuracy_value', 'NONE');
#5926 = VECTOR ( 'NONE', #6441, 1000.000000000000000 ) ;
#5927 = FILL_AREA_STYLE_COLOUR ( '', #57 ) ;
#5928 = SURFACE_STYLE_FILL_AREA ( #8726 ) ;
#5929 = VECTOR ( 'NONE', #1469, 1000.000000000000000 ) ;
#5930 = DIRECTION ( 'NONE',  ( 0.8840949502478792077, 0.0000000000000000000, -0.4673073067545596149 ) ) ;
#5931 = PRESENTATION_LAYER_ASSIGNMENT (  '', '', ( #11185 ) ) ;
#5932 = PRESENTATION_LAYER_ASSIGNMENT (  '', '', ( #10615 ) ) ;
#5933 =( LENGTH_UNIT ( ) NAMED_UNIT ( * ) SI_UNIT ( .MILLI., .METRE. ) );
#5934 = ORIENTED_EDGE ( 'NONE', *, *, #3306, .T. ) ;
#5935 = CARTESIAN_POINT ( 'NONE',  ( -0.1581212960691744385, 0.8409999996185738569, -2.182753054751883859 ) ) ;
#5936 = SURFACE_STYLE_FILL_AREA ( #6721 ) ;
#5937 = ORIENTED_EDGE ( 'NONE', *, *, #7677, .T. ) ;
#5938 = VECTOR ( 'NONE', #7760, 1000.000000000000000 ) ;
#5939 = DIRECTION ( 'NONE',  ( 0.0000000000000000000, -0.0000000000000000000, -1.000000000000000000 ) ) ;
#5940 = DIRECTION ( 'NONE',  ( -0.9345104387417481062, 0.0000000000000000000, -0.3559357243698721418 ) ) ;
#5941 = CARTESIAN_POINT ( 'NONE',  ( 1.261220445829635661, -0.8399999999999999689, -3.279999999999999805 ) ) ;
#5942 = VECTOR ( 'NONE', #2214, 1000.000000000000000 ) ;
#5943 = VERTEX_POINT ( 'NONE', #11491 ) ;
#5944 = CARTESIAN_POINT ( 'NONE',  ( -0.3265131970880389978, 0.8409999996185738569, -2.476129614362882148 ) ) ;
#5945 = ORIENTED_EDGE ( 'NONE', *, *, #857, .T. ) ;
#5946 = MECHANICAL_DESIGN_GEOMETRIC_PRESENTATION_REPRESENTATION (  '', ( #8675 ), #7719 ) ;
#5947 = CARTESIAN_POINT ( 'NONE',  ( -0.5601166746096867266, 0.8409999996185738569, -2.226160297179949676 ) ) ;
#5948 = EDGE_CURVE ( 'NONE', #4565, #415, #1519, .T. ) ;
#5949 = CARTESIAN_POINT ( 'NONE',  ( -1.050000000000000044, -0.02999999999999966929, -8.279999999999999361 ) ) ;
#5950 = ORIENTED_EDGE ( 'NONE', *, *, #8158, .T. ) ;
#5951 = CARTESIAN_POINT ( 'NONE',  ( -0.1920615297072501004, 0.8399999996185738560, -2.444102925054406406 ) ) ;
#5952 = AXIS2_PLACEMENT_3D ( 'NONE', #4057, #6831, #3137 ) ;
#5953 = CARTESIAN_POINT ( 'NONE',  ( -0.2374326728945910514, 0.8399999996185738560, -2.497380027709188433 ) ) ;
#5954 =( NAMED_UNIT ( * ) SI_UNIT ( $, .STERADIAN. ) SOLID_ANGLE_UNIT ( ) );
#5955 = VERTEX_POINT ( 'NONE', #5030 ) ;
#5956 = EDGE_CURVE ( 'NONE', #8968, #8674, #1931, .T. ) ;
#5957 = ADVANCED_FACE ( 'NONE', ( #2034 ), #2106, .F. ) ;
#5958 = EDGE_CURVE ( 'NONE', #225, #25, #1207, .T. ) ;
#5959 = VERTEX_POINT ( 'NONE', #486 ) ;
#5960 = CARTESIAN_POINT ( 'NONE',  ( -0.4615187851965711352, 0.8409999996185738569, -2.058473386177185560 ) ) ;
#5961 = LINE ( 'NONE', #3064, #9089 ) ;
#5962 =( NAMED_UNIT ( * ) PLANE_ANGLE_UNIT ( ) SI_UNIT ( $, .RADIAN. ) );
#5963 = ORIENTED_EDGE ( 'NONE', *, *, #9898, .F. ) ;
#5964 = ORIENTED_EDGE ( 'NONE', *, *, #6760, .F. ) ;
#5965 =( LENGTH_UNIT ( ) NAMED_UNIT ( * ) SI_UNIT ( .MILLI., .METRE. ) );
#5966 =( NAMED_UNIT ( * ) SI_UNIT ( $, .STERADIAN. ) SOLID_ANGLE_UNIT ( ) );
#5967 = EDGE_CURVE ( 'NONE', #3045, #2119, #938, .T. ) ;
#5968 =( NAMED_UNIT ( * ) SI_UNIT ( $, .STERADIAN. ) SOLID_ANGLE_UNIT ( ) );
#5969 = SURFACE_STYLE_FILL_AREA ( #6943 ) ;
#5970 = SURFACE_STYLE_FILL_AREA ( #4999 ) ;
#5971 = CARTESIAN_POINT ( 'NONE',  ( -0.1812348973154007392, 0.8409999996185738569, -2.544715071657143390 ) ) ;
#5972 = CARTESIAN_POINT ( 'NONE',  ( -0.1961404005154839814, 0.8409999996185738569, -2.258791263645847369 ) ) ;
#5973 = B_SPLINE_SURFACE_WITH_KNOTS ( 'NONE', 3, 1, ( 
 ( #3393, #3559 ),
 ( #8243, #872 ),
 ( #764, #11784 ),
 ( #11841, #10979 ) ),
 .UNSPECIFIED., .F., .F., .F.,
 ( 4, 4 ),
 ( 2, 2 ),
 ( 15.00000000000000000, 16.00000000000000000 ),
 ( 0.0000000000000000000, 1.000000000000000000 ),
 .UNSPECIFIED. ) ;
#5974 = CARTESIAN_POINT ( 'NONE',  ( 0.9471950353051988847, 0.8409999996185738569, -2.343164756462825071 ) ) ;
#5975 = ORIENTED_EDGE ( 'NONE', *, *, #11029, .T. ) ;
#5976 = DIRECTION ( 'NONE',  ( -1.000000000000000000, -0.0000000000000000000, -0.0000000000000000000 ) ) ;
#5977 = VERTEX_POINT ( 'NONE', #7666 ) ;
#5978 = SURFACE_STYLE_FILL_AREA ( #640 ) ;
#5979 = CARTESIAN_POINT ( 'NONE',  ( 0.3561377831529547455, 0.8409999996185738569, -2.078449601301691985 ) ) ;
#5980 = DIRECTION ( 'NONE',  ( -1.000000000000000000, -0.0000000000000000000, -0.0000000000000000000 ) ) ;
#5981 = CARTESIAN_POINT ( 'NONE',  ( -0.2621073234627077087, 0.8409999996185738569, -2.477438881537072923 ) ) ;
#5982 = VECTOR ( 'NONE', #6666, 1000.000000000000000 ) ;
#5983 = VECTOR ( 'NONE', #6368, 1000.000000000000000 ) ;
#5984 = SURFACE_STYLE_USAGE ( .BOTH. , #7894 ) ;
#5985 = ORIENTED_EDGE ( 'NONE', *, *, #10964, .F. ) ;
#5986 = CARTESIAN_POINT ( 'NONE',  ( 0.3449329162109037172, 0.8409999996185738569, -2.264730687865104120 ) ) ;
#5987 = AXIS2_PLACEMENT_3D ( 'NONE', #7142, #3278, #2553 ) ;
#5988 = EDGE_CURVE ( 'NONE', #11227, #8701, #607, .T. ) ;
#5989 = LINE ( 'NONE', #4184, #6816 ) ;
#5990 = ORIENTED_EDGE ( 'NONE', *, *, #10216, .F. ) ;
#5991 = DIRECTION ( 'NONE',  ( 1.000000000000000000, 0.0000000000000000000, -0.0000000000000000000 ) ) ;
#5992 =( NAMED_UNIT ( * ) SI_UNIT ( $, .STERADIAN. ) SOLID_ANGLE_UNIT ( ) );
#5993 = ORIENTED_EDGE ( 'NONE', *, *, #8672, .T. ) ;
#5994 = PLANE ( 'NONE',  #10365 ) ;
#5995 = DIRECTION ( 'NONE',  ( 1.000000000000000000, 0.0000000000000000000, 0.0000000000000000000 ) ) ;
#5996 = DIRECTION ( 'NONE',  ( 1.000000000000000000, 0.0000000000000000000, -0.0000000000000000000 ) ) ;
#5997 =( GEOMETRIC_REPRESENTATION_CONTEXT ( 3 ) GLOBAL_UNCERTAINTY_ASSIGNED_CONTEXT ( ( #3673 ) ) GLOBAL_UNIT_ASSIGNED_CONTEXT ( ( #8814, #6974, #1509 ) ) REPRESENTATION_CONTEXT ( 'NONE', 'WORKASPACE' ) );
#5998 = SURFACE_STYLE_USAGE ( .BOTH. , #10647 ) ;
#5999 = CARTESIAN_POINT ( 'NONE',  ( -0.3652372915511160612, 0.8399999996185738560, -2.544815784516484936 ) ) ;
#6000 = ORIENTED_EDGE ( 'NONE', *, *, #5027, .F. ) ;
#6001 = CARTESIAN_POINT ( 'NONE',  ( -0.5601166746096867266, 0.8399999996185738560, -2.226160297179949676 ) ) ;
#6002 = FACE_OUTER_BOUND ( 'NONE', #8612, .T. ) ;
#6003 = ORIENTED_EDGE ( 'NONE', *, *, #9178, .T. ) ;
#6004 = FACE_OUTER_BOUND ( 'NONE', #400, .T. ) ;
#6005 = SURFACE_STYLE_USAGE ( .BOTH. , #10528 ) ;
#6006 = CARTESIAN_POINT ( 'NONE',  ( -0.3767689139597319992, 0.8399999996185738560, -2.500199987774918142 ) ) ;
#6007 = SURFACE_STYLE_USAGE ( .BOTH. , #10658 ) ;
#6008 = PRESENTATION_STYLE_ASSIGNMENT (( #10710 ) ) ;
#6009 = CARTESIAN_POINT ( 'NONE',  ( -0.1530856530958017714, 0.8409999996185738569, -2.552872813273611818 ) ) ;
#6010 = ORIENTED_EDGE ( 'NONE', *, *, #1337, .T. ) ;
#6011 =( LENGTH_UNIT ( ) NAMED_UNIT ( * ) SI_UNIT ( .MILLI., .METRE. ) );
#6012 = UNCERTAINTY_MEASURE_WITH_UNIT (LENGTH_MEASURE( 1.000000000000000082E-05 ), #8411, 'distance_accuracy_value', 'NONE');
#6013 = PRESENTATION_STYLE_ASSIGNMENT (( #4146 ) ) ;
#6014 = EDGE_LOOP ( 'NONE', ( #2929, #653, #5990, #6003 ) ) ;
#6015 = DIRECTION ( 'NONE',  ( -0.0000000000000000000, -1.000000000000000000, -0.0000000000000000000 ) ) ;
#6016 = ORIENTED_EDGE ( 'NONE', *, *, #2328, .F. ) ;
#6017 = EDGE_CURVE ( 'NONE', #1929, #9269, #8021, .T. ) ;
#6018 = ORIENTED_EDGE ( 'NONE', *, *, #1250, .T. ) ;
#6019 = EDGE_CURVE ( 'NONE', #3853, #7783, #384, .T. ) ;
#6020 = SURFACE_STYLE_FILL_AREA ( #6939 ) ;
#6021 = FILL_AREA_STYLE ('',( #2360 ) ) ;
#6022 = UNCERTAINTY_MEASURE_WITH_UNIT (LENGTH_MEASURE( 1.000000000000000082E-05 ), #8731, 'distance_accuracy_value', 'NONE');
#6023 = CARTESIAN_POINT ( 'NONE',  ( 0.7062902090390903442, 0.8399999996185738560, -2.145678863063671393 ) ) ;
#6024 = CARTESIAN_POINT ( 'NONE',  ( 0.8645591082111515613, 0.8399999996185738560, -2.565861720697740989 ) ) ;
#6025 = FACE_OUTER_BOUND ( 'NONE', #9470, .T. ) ;
#6026 = CARTESIAN_POINT ( 'NONE',  ( -0.2789263709930540625, 0.8409999996185738569, -2.222937485676831582 ) ) ;
#6027 =( NAMED_UNIT ( * ) PLANE_ANGLE_UNIT ( ) SI_UNIT ( $, .RADIAN. ) );
#6028 = LINE ( 'NONE', #6824, #1689 ) ;
#6029 = ORIENTED_EDGE ( 'NONE', *, *, #5219, .T. ) ;
#6030 = EDGE_CURVE ( 'NONE', #4154, #4426, #10704, .T. ) ;
#6031 = PRESENTATION_STYLE_ASSIGNMENT (( #520 ) ) ;
#6032 = EDGE_CURVE ( 'NONE', #8762, #1438, #6222, .T. ) ;
#6033 =( GEOMETRIC_REPRESENTATION_CONTEXT ( 3 ) GLOBAL_UNCERTAINTY_ASSIGNED_CONTEXT ( ( #10907 ) ) GLOBAL_UNIT_ASSIGNED_CONTEXT ( ( #7364, #2808, #4394 ) ) REPRESENTATION_CONTEXT ( 'NONE', 'WORKASPACE' ) );
#6034 = ORIENTED_EDGE ( 'NONE', *, *, #5147, .F. ) ;
#6035 = SURFACE_STYLE_FILL_AREA ( #7065 ) ;
#6036 = SURFACE_STYLE_USAGE ( .BOTH. , #1477 ) ;
#6037 = CARTESIAN_POINT ( 'NONE',  ( -0.3480657490130525944, 0.8409999996185738569, -2.444102925054405517 ) ) ;
#6038 =( NAMED_UNIT ( * ) PLANE_ANGLE_UNIT ( ) SI_UNIT ( $, .RADIAN. ) );
#6039 = EDGE_LOOP ( 'NONE', ( #9320, #6688, #5796, #9583 ) ) ;
#6040 = CARTESIAN_POINT ( 'NONE',  ( 0.7385042215349684191, 0.8399999996185738560, -2.077048992933515859 ) ) ;
#6041 =( NAMED_UNIT ( * ) SI_UNIT ( $, .STERADIAN. ) SOLID_ANGLE_UNIT ( ) );
#6042 = VERTEX_POINT ( 'NONE', #8087 ) ;
#6043 = STYLED_ITEM ( 'NONE', ( #10143 ), #8203 ) ;
#6044 = CARTESIAN_POINT ( 'NONE',  ( -1.489999999999999991, -0.02999999999999966929, -3.279999999999999805 ) ) ;
#6045 = ORIENTED_EDGE ( 'NONE', *, *, #11317, .T. ) ;
#6046 = FILL_AREA_STYLE ('',( #3153 ) ) ;
#6047 = LINE ( 'NONE', #432, #7108 ) ;
#6048 = MECHANICAL_DESIGN_GEOMETRIC_PRESENTATION_REPRESENTATION (  '', ( #6421 ), #3536 ) ;
#6049 =( GEOMETRIC_REPRESENTATION_CONTEXT ( 3 ) GLOBAL_UNCERTAINTY_ASSIGNED_CONTEXT ( ( #8280 ) ) GLOBAL_UNIT_ASSIGNED_CONTEXT ( ( #11050, #2608, #1792 ) ) REPRESENTATION_CONTEXT ( 'NONE', 'WORKASPACE' ) );
#6050 = CARTESIAN_POINT ( 'NONE',  ( -0.1209582509273106204, 0.8399999996185738560, -2.393645782464021821 ) ) ;
#6051 = EDGE_LOOP ( 'NONE', ( #11614, #2114, #5851, #3997 ) ) ;
#6052 = DIRECTION ( 'NONE',  ( 1.000000000000000000, -0.0000000000000000000, -0.0000000000000000000 ) ) ;
#6053 = CARTESIAN_POINT ( 'NONE',  ( 0.6264554185365150962, 0.8409999996185738569, -2.427201338675438969 ) ) ;
#6054 = ORIENTED_EDGE ( 'NONE', *, *, #1659, .F. ) ;
#6055 =( LENGTH_UNIT ( ) NAMED_UNIT ( * ) SI_UNIT ( .MILLI., .METRE. ) );
#6056 = COLOUR_RGB ( '',0.0000000000000000000, 0.01960784313725490169, 0.02745098039215686236 ) ;
#6057 = CARTESIAN_POINT ( 'NONE',  ( 0.2721012009410054833, 0.8409999996185738569, -2.564461132366114615 ) ) ;
#6058 = LINE ( 'NONE', #613, #121 ) ;
#6059 = CARTESIAN_POINT ( 'NONE',  ( -0.7623984528382984349, 0.8409999996185738569, -2.567979742191716319 ) ) ;
#6060 = EDGE_CURVE ( 'NONE', #10445, #10691, #9576, .T. ) ;
#6061 = CARTESIAN_POINT ( 'NONE',  ( 0.3981561276882883971, 0.8399999996185738560, -2.481825191914147410 ) ) ;
#6062 = VECTOR ( 'NONE', #8540, 1000.000000000000000 ) ;
#6063 = ORIENTED_EDGE ( 'NONE', *, *, #5129, .T. ) ;
#6064 = PRESENTATION_LAYER_ASSIGNMENT (  '', '', ( #9964 ) ) ;
#6065 = FACE_OUTER_BOUND ( 'NONE', #2297, .T. ) ;
#6066 =( LENGTH_UNIT ( ) NAMED_UNIT ( * ) SI_UNIT ( .MILLI., .METRE. ) );
#6067 = VECTOR ( 'NONE', #5605, 1000.000000000000000 ) ;
#6068 = ORIENTED_EDGE ( 'NONE', *, *, #10453, .F. ) ;
#6069 = FACE_OUTER_BOUND ( 'NONE', #4799, .T. ) ;
#6070 = PRESENTATION_LAYER_ASSIGNMENT (  '', '', ( #4536 ) ) ;
#6071 = CARTESIAN_POINT ( 'NONE',  ( 0.8071340649512808163, 0.8399999996185738560, -2.203103786108907780 ) ) ;
#6072 = CARTESIAN_POINT ( 'NONE',  ( 0.7315011463022886851, 0.8399999996185738560, -2.379580614097772440 ) ) ;
#6073 = PRESENTATION_LAYER_ASSIGNMENT (  '', '', ( #4356 ) ) ;
#6074 = EDGE_LOOP ( 'NONE', ( #5740, #2134, #6988, #10118 ) ) ;
#6075 =( GEOMETRIC_REPRESENTATION_CONTEXT ( 3 ) GLOBAL_UNCERTAINTY_ASSIGNED_CONTEXT ( ( #10424 ) ) GLOBAL_UNIT_ASSIGNED_CONTEXT ( ( #6428, #11079, #801 ) ) REPRESENTATION_CONTEXT ( 'NONE', 'WORKASPACE' ) );
#6076 = ORIENTED_EDGE ( 'NONE', *, *, #11475, .T. ) ;
#6077 = STYLED_ITEM ( 'NONE', ( #11924 ), #5819 ) ;
#6078 = CARTESIAN_POINT ( 'NONE',  ( -0.8388898695979771780, 0.8399999996185738560, -2.540384418699861868 ) ) ;
#6079 = FACE_BOUND ( 'NONE', #445, .T. ) ;
#6080 = MECHANICAL_DESIGN_GEOMETRIC_PRESENTATION_REPRESENTATION (  '', ( #1872 ), #10180 ) ;
#6081 = FILL_AREA_STYLE_COLOUR ( '', #8798 ) ;
#6082 = SURFACE_STYLE_FILL_AREA ( #8893 ) ;
#6083 = EDGE_CURVE ( 'NONE', #9925, #1393, #9771, .T. ) ;
#6084 = FACE_OUTER_BOUND ( 'NONE', #1497, .T. ) ;
#6085 = EDGE_CURVE ( 'NONE', #9332, #941, #10652, .T. ) ;
#6086 = CARTESIAN_POINT ( 'NONE',  ( 0.3561377831529547455, 0.8399999996185738560, -2.078449601301691985 ) ) ;
#6087 = STYLED_ITEM ( 'NONE', ( #10775 ), #4864 ) ;
#6088 = CARTESIAN_POINT ( 'NONE',  ( -0.2789263709930536184, 0.8409999996185738569, -2.063206890571847918 ) ) ;
#6089 = CARTESIAN_POINT ( 'NONE',  ( -1.056782141042760026, 0.8409999996185738569, -2.567979742191714987 ) ) ;
#6090 =( LENGTH_UNIT ( ) NAMED_UNIT ( * ) SI_UNIT ( .MILLI., .METRE. ) );
#6091 = CARTESIAN_POINT ( 'NONE',  ( -0.1581212960691742164, 0.8399999996185738560, -2.134410882210461491 ) ) ;
#6092 = ORIENTED_EDGE ( 'NONE', *, *, #2492, .F. ) ;
#6093 = DIRECTION ( 'NONE',  ( -0.0000000000000000000, -1.000000000000000000, -0.0000000000000000000 ) ) ;
#6094 = ORIENTED_EDGE ( 'NONE', *, *, #548, .T. ) ;
#6095 = LINE ( 'NONE', #9693, #2166 ) ;
#6096 = STYLED_ITEM ( 'NONE', ( #4724 ), #4212 ) ;
#6097 = DIRECTION ( 'NONE',  ( 1.000000000000000000, -7.132909029509895711E-17, 0.0000000000000000000 ) ) ;
#6098 = VERTEX_POINT ( 'NONE', #6118 ) ;
#6099 = ADVANCED_FACE ( 'NONE', ( #6002 ), #3875, .F. ) ;
#6100 = SURFACE_SIDE_STYLE ('',( #11602 ) ) ;
#6101 = STYLED_ITEM ( 'NONE', ( #7185 ), #11131 ) ;
#6102 = ADVANCED_FACE ( 'NONE', ( #8975 ), #4258, .F. ) ;
#6103 = CARTESIAN_POINT ( 'NONE',  ( -0.3183554554722334839, 0.8409999996185738569, -2.058473386177186448 ) ) ;
#6104 = ORIENTED_EDGE ( 'NONE', *, *, #1048, .T. ) ;
#6105 = FACE_OUTER_BOUND ( 'NONE', #8173, .T. ) ;
#6106 = MECHANICAL_DESIGN_GEOMETRIC_PRESENTATION_REPRESENTATION (  '', ( #4578 ), #7687 ) ;
#6107 = ORIENTED_EDGE ( 'NONE', *, *, #4071, .T. ) ;
#6108 = CARTESIAN_POINT ( 'NONE',  ( 1.050000000000000044, -0.02999999999999968317, -8.279999999999999361 ) ) ;
#6109 = FACE_OUTER_BOUND ( 'NONE', #8756, .T. ) ;
#6110 = DIRECTION ( 'NONE',  ( -1.000000000000000000, -0.0000000000000000000, -0.0000000000000000000 ) ) ;
#6111 = PRESENTATION_LAYER_ASSIGNMENT (  '', '', ( #1895 ) ) ;
#6112 = COLOUR_RGB ( '',1.000000000000000000, 1.000000000000000000, 1.000000000000000000 ) ;
#6113 = CARTESIAN_POINT ( 'NONE',  ( -0.3504828576400531581, 0.8409999996185738569, -2.571303266554185729 ) ) ;
#6114 =( GEOMETRIC_REPRESENTATION_CONTEXT ( 3 ) GLOBAL_UNCERTAINTY_ASSIGNED_CONTEXT ( ( #5280 ) ) GLOBAL_UNIT_ASSIGNED_CONTEXT ( ( #7620, #6695, #6815 ) ) REPRESENTATION_CONTEXT ( 'NONE', 'WORKASPACE' ) );
#6115 = ORIENTED_EDGE ( 'NONE', *, *, #10106, .T. ) ;
#6116 = CARTESIAN_POINT ( 'NONE',  ( -0.5167094321802800927, 0.8409999996185738569, -2.081133779555683017 ) ) ;
#6117 = EDGE_CURVE ( 'NONE', #8358, #3853, #7398, .T. ) ;
#6118 = CARTESIAN_POINT ( 'NONE',  ( -0.1628044440334906473, 0.8409999996185738569, -2.437153737751434068 ) ) ;
#6119 = EDGE_LOOP ( 'NONE', ( #2179, #1705, #5300, #9202 ) ) ;
#6120 = VECTOR ( 'NONE', #2000, 1000.000000000000000 ) ;
#6121 = CARTESIAN_POINT ( 'NONE',  ( -0.7644127100265689645, 0.8399999996185738560, -2.370985389085523032 ) ) ;
#6122 = CARTESIAN_POINT ( 'NONE',  ( 0.4261682683305830777, 0.8399999996185738560, -2.567262362459724834 ) ) ;
#6123 = VECTOR ( 'NONE', #743, 1000.000000000000000 ) ;
#6124 = CARTESIAN_POINT ( 'NONE',  ( -0.8202579905973723662, 0.8399999996185738560, -2.412176948605279314 ) ) ;
#6125 = COLOUR_RGB ( '',1.000000000000000000, 1.000000000000000000, 1.000000000000000000 ) ;
#6126 = LINE ( 'NONE', #213, #3419 ) ;
#6127 = B_SPLINE_CURVE_WITH_KNOTS ( 'NONE', 3,
 ( #10036, #11127, #7988, #845 ),
 .UNSPECIFIED., .F., .F.,
 ( 4, 4 ),
 ( 4.000000000000000000, 5.000000000000000000 ),
 .UNSPECIFIED. ) ;
#6128 =( GEOMETRIC_REPRESENTATION_CONTEXT ( 3 ) GLOBAL_UNCERTAINTY_ASSIGNED_CONTEXT ( ( #495 ) ) GLOBAL_UNIT_ASSIGNED_CONTEXT ( ( #1012, #2014, #9208 ) ) REPRESENTATION_CONTEXT ( 'NONE', 'WORKASPACE' ) );
#6129 = VERTEX_POINT ( 'NONE', #953 ) ;
#6130 = ORIENTED_EDGE ( 'NONE', *, *, #8186, .F. ) ;
#6131 = DIRECTION ( 'NONE',  ( -0.0000000000000000000, -0.0000000000000000000, 1.000000000000000000 ) ) ;
#6132 = EDGE_CURVE ( 'NONE', #861, #7443, #6394, .T. ) ;
#6133 = VECTOR ( 'NONE', #9086, 1000.000000000000000 ) ;
#6134 = VERTEX_POINT ( 'NONE', #1068 ) ;
#6135 = ORIENTED_EDGE ( 'NONE', *, *, #4500, .T. ) ;
#6136 = FILL_AREA_STYLE ('',( #10617 ) ) ;
#6137 = STYLED_ITEM ( 'NONE', ( #242 ), #815 ) ;
#6138 = DIRECTION ( 'NONE',  ( 1.000000000000000000, 0.0000000000000000000, 0.0000000000000000000 ) ) ;
#6139 = CARTESIAN_POINT ( 'NONE',  ( -0.2374326728945910514, 0.8399999996185738560, -2.510875550877739393 ) ) ;
#6140 = SURFACE_SIDE_STYLE ('',( #9182 ) ) ;
#6141 = SURFACE_STYLE_USAGE ( .BOTH. , #685 ) ;
#6142 = CARTESIAN_POINT ( 'NONE',  ( -0.5650516047230479399, 0.8399999996185738560, -2.567979742191716763 ) ) ;
#6143 =( LENGTH_UNIT ( ) NAMED_UNIT ( * ) SI_UNIT ( .MILLI., .METRE. ) );
#6144 = ORIENTED_EDGE ( 'NONE', *, *, #5055, .F. ) ;
#6145 =( GEOMETRIC_REPRESENTATION_CONTEXT ( 3 ) GLOBAL_UNCERTAINTY_ASSIGNED_CONTEXT ( ( #9251 ) ) GLOBAL_UNIT_ASSIGNED_CONTEXT ( ( #1448, #2292, #8630 ) ) REPRESENTATION_CONTEXT ( 'NONE', 'WORKASPACE' ) );
#6146 = LINE ( 'NONE', #1539, #9750 ) ;
#6147 = ORIENTED_EDGE ( 'NONE', *, *, #10361, .F. ) ;
#6148 = LINE ( 'NONE', #4109, #3876 ) ;
#6149 = DIRECTION ( 'NONE',  ( 2.484773319089557227E-15, -0.0000000000000000000, 1.000000000000000000 ) ) ;
#6150 = ORIENTED_EDGE ( 'NONE', *, *, #11171, .F. ) ;
#6151 = DIRECTION ( 'NONE',  ( 0.0000000000000000000, 0.0000000000000000000, -1.000000000000000000 ) ) ;
#6152 = ORIENTED_EDGE ( 'NONE', *, *, #5292, .F. ) ;
#6153 = CARTESIAN_POINT ( 'NONE',  ( -0.9640759539081357188, 0.8399999996185738560, -2.409961265696968002 ) ) ;
#6154 = SURFACE_STYLE_FILL_AREA ( #2500 ) ;
#6155 = VERTEX_POINT ( 'NONE', #4612 ) ;
#6156 = ORIENTED_EDGE ( 'NONE', *, *, #3236, .F. ) ;
#6157 = EDGE_CURVE ( 'NONE', #4551, #8004, #2086, .T. ) ;
#6158 = PRESENTATION_STYLE_ASSIGNMENT (( #9650 ) ) ;
#6159 = FILL_AREA_STYLE ('',( #7083 ) ) ;
#6160 = EDGE_CURVE ( 'NONE', #8179, #4763, #6814, .T. ) ;
#6161 = MECHANICAL_DESIGN_GEOMETRIC_PRESENTATION_REPRESENTATION (  '', ( #7347 ), #10060 ) ;
#6162 = CARTESIAN_POINT ( 'NONE',  ( -0.3337141665400489843, 0.8399999996185738560, -2.571303266554186173 ) ) ;
#6163 = FILL_AREA_STYLE ('',( #772 ) ) ;
#6164 = CARTESIAN_POINT ( 'NONE',  ( -0.4719425661496922664, 0.8409999996185738569, -2.541995824450754338 ) ) ;
#6165 = CARTESIAN_POINT ( 'NONE',  ( -0.3211250591069507720, 0.8399999996185738560, -2.468676862763179880 ) ) ;
#6166 = ORIENTED_EDGE ( 'NONE', *, *, #8948, .F. ) ;
#6167 = VECTOR ( 'NONE', #2846, 1000.000000000000000 ) ;
#6168 = FILL_AREA_STYLE_COLOUR ( '', #8599 ) ;
#6169 = STYLED_ITEM ( 'NONE', ( #10285 ), #1987 ) ;
#6170 = FACE_OUTER_BOUND ( 'NONE', #9295, .T. ) ;
#6171 = CARTESIAN_POINT ( 'NONE',  ( 1.489999999999999991, 0.3500000000000003109, -3.279999999999999805 ) ) ;
#6172 = CARTESIAN_POINT ( 'NONE',  ( 0.7329017880636051752, 0.8409999996185738569, -2.577066694498511001 ) ) ;
#6173 = ADVANCED_FACE ( 'NONE', ( #10201 ), #3980, .T. ) ;
#6174 = PRESENTATION_STYLE_ASSIGNMENT (( #1742 ) ) ;
#6175 = EDGE_CURVE ( 'NONE', #462, #1097, #6211, .T. ) ;
#6176 = DIRECTION ( 'NONE',  ( 0.0000000000000000000, 0.0000000000000000000, 1.000000000000000000 ) ) ;
#6177 = VERTEX_POINT ( 'NONE', #10991 ) ;
#6178 = VERTEX_POINT ( 'NONE', #11476 ) ;
#6179 = CARTESIAN_POINT ( 'NONE',  ( -0.04492004203401921830, 0.8409999996185738569, -2.393645782464021821 ) ) ;
#6180 = B_SPLINE_CURVE_WITH_KNOTS ( 'NONE', 3,
 ( #6508, #4649, #866, #5617 ),
 .UNSPECIFIED., .F., .F.,
 ( 4, 4 ),
 ( 4.000000000000000000, 5.000000000000000000 ),
 .UNSPECIFIED. ) ;
#6181 = UNCERTAINTY_MEASURE_WITH_UNIT (LENGTH_MEASURE( 1.000000000000000082E-05 ), #1717, 'distance_accuracy_value', 'NONE');
#6182 = CARTESIAN_POINT ( 'NONE',  ( 0.7539109069015770270, 0.8409999996185738569, -2.211507449672534875 ) ) ;
#6183 = CARTESIAN_POINT ( 'NONE',  ( 0.7062902090390903442, 0.8409999996185738569, -2.145678863063671393 ) ) ;
#6184 = EDGE_LOOP ( 'NONE', ( #11286, #7981, #6933, #9991 ) ) ;
#6185 = ORIENTED_EDGE ( 'NONE', *, *, #3440, .F. ) ;
#6186 = CARTESIAN_POINT ( 'NONE',  ( -0.5157023035868132377, 0.8399999996185738560, -2.255467739283380180 ) ) ;
#6187 =( NAMED_UNIT ( * ) SI_UNIT ( $, .STERADIAN. ) SOLID_ANGLE_UNIT ( ) );
#6188 = ADVANCED_FACE ( 'NONE', ( #11289 ), #5610, .T. ) ;
#6189 =( NAMED_UNIT ( * ) PLANE_ANGLE_UNIT ( ) SI_UNIT ( $, .RADIAN. ) );
#6190 =( LENGTH_UNIT ( ) NAMED_UNIT ( * ) SI_UNIT ( .MILLI., .METRE. ) );
#6191 = DIRECTION ( 'NONE',  ( 0.0000000000000000000, 0.0000000000000000000, -1.000000000000000000 ) ) ;
#6192 = CARTESIAN_POINT ( 'NONE',  ( -0.4084934646901654531, 0.8399999996185738560, -2.610279143165627147 ) ) ;
#6193 = DIRECTION ( 'NONE',  ( -0.0000000000000000000, -1.000000000000000000, -0.0000000000000000000 ) ) ;
#6194 = ORIENTED_EDGE ( 'NONE', *, *, #11915, .F. ) ;
#6195 =( LENGTH_UNIT ( ) NAMED_UNIT ( * ) SI_UNIT ( .MILLI., .METRE. ) );
#6196 = VERTEX_POINT ( 'NONE', #2018 ) ;
#6197 = PRESENTATION_STYLE_ASSIGNMENT (( #1649 ) ) ;
#6198 = EDGE_CURVE ( 'NONE', #8722, #3654, #1242, .T. ) ;
#6199 = CARTESIAN_POINT ( 'NONE',  ( 0.8071340649512808163, 0.8409999996185738569, -2.203103786108907780 ) ) ;
#6200 = CARTESIAN_POINT ( 'NONE',  ( 0.4765901962866804231, 0.8409999996185738569, -2.005617892709753658 ) ) ;
#6201 = CARTESIAN_POINT ( 'NONE',  ( 0.0000000000000000000, 0.0000000000000000000, -8.279999999999999361 ) ) ;
#6202 = CARTESIAN_POINT ( 'NONE',  ( -0.4531533233073631872, 0.8409999996185738569, -2.622994141673245405 ) ) ;
#6203 = EDGE_LOOP ( 'NONE', ( #9674, #6635, #7718, #2206 ) ) ;
#6204 = CARTESIAN_POINT ( 'NONE',  ( -0.4142340976789598561, 0.8399999996185738560, -2.144180029579165758 ) ) ;
#6205 = EDGE_LOOP ( 'NONE', ( #2978, #6135, #11626, #10916, #502, #4029, #9870, #6264 ) ) ;
#6206 = CARTESIAN_POINT ( 'NONE',  ( 0.1936670789142624916, 0.8399999996185738560, -2.505635514131208108 ) ) ;
#6207 = ORIENTED_EDGE ( 'NONE', *, *, #5783, .F. ) ;
#6208 = FILL_AREA_STYLE ('',( #3564 ) ) ;
#6209 = FILL_AREA_STYLE ('',( #7266 ) ) ;
#6210 = DIRECTION ( 'NONE',  ( 0.3667976789509209690, 0.0000000000000000000, -0.9303007377811850498 ) ) ;
#6211 = B_SPLINE_CURVE_WITH_KNOTS ( 'NONE', 3,
 ( #9577, #1187, #1302, #7645 ),
 .UNSPECIFIED., .F., .F.,
 ( 4, 4 ),
 ( 4.000000000000000000, 5.000000000000000000 ),
 .UNSPECIFIED. ) ;
#6212 = PRESENTATION_LAYER_ASSIGNMENT (  '', '', ( #7004 ) ) ;
#6213 = LINE ( 'NONE', #7337, #7839 ) ;
#6214 = ORIENTED_EDGE ( 'NONE', *, *, #2638, .T. ) ;
#6215 = EDGE_CURVE ( 'NONE', #8786, #9545, #2371, .T. ) ;
#6216 = ADVANCED_FACE ( 'NONE', ( #3030 ), #3677, .T. ) ;
#6217 = FILL_AREA_STYLE_COLOUR ( '', #10638 ) ;
#6218 = CARTESIAN_POINT ( 'NONE',  ( -0.3838188141220478800, 0.8409999996185738569, -2.454274923860495505 ) ) ;
#6219 = CARTESIAN_POINT ( 'NONE',  ( -0.5904816017376011139, 0.8409999996185738569, -2.393645782464020044 ) ) ;
#6220 = STYLED_ITEM ( 'NONE', ( #9831 ), #8390 ) ;
#6221 = MECHANICAL_DESIGN_GEOMETRIC_PRESENTATION_REPRESENTATION (  '', ( #1066 ), #10331 ) ;
#6222 = B_SPLINE_CURVE_WITH_KNOTS ( 'NONE', 3,
 ( #3284, #1563, #6165, #3459 ),
 .UNSPECIFIED., .F., .F.,
 ( 4, 4 ),
 ( 13.00000000000000000, 14.00000000000000000 ),
 .UNSPECIFIED. ) ;
#6223 = CARTESIAN_POINT ( 'NONE',  ( -0.9709747847814358401, 0.8409999996185738569, -2.409961265696968002 ) ) ;
#6224 = ORIENTED_EDGE ( 'NONE', *, *, #8948, .T. ) ;
#6225 = UNCERTAINTY_MEASURE_WITH_UNIT (LENGTH_MEASURE( 1.000000000000000082E-05 ), #9620, 'distance_accuracy_value', 'NONE');
#6226 =( NAMED_UNIT ( * ) PLANE_ANGLE_UNIT ( ) SI_UNIT ( $, .RADIAN. ) );
#6227 = ORIENTED_EDGE ( 'NONE', *, *, #5948, .T. ) ;
#6228 = CARTESIAN_POINT ( 'NONE',  ( -0.9545585886891390093, 0.8409999996185738569, -2.370985389085522144 ) ) ;
#6229 =( GEOMETRIC_REPRESENTATION_CONTEXT ( 3 ) GLOBAL_UNCERTAINTY_ASSIGNED_CONTEXT ( ( #929 ) ) GLOBAL_UNIT_ASSIGNED_CONTEXT ( ( #1305, #5017, #8497 ) ) REPRESENTATION_CONTEXT ( 'NONE', 'WORKASPACE' ) );
#6230 = ADVANCED_FACE ( 'NONE', ( #9825 ), #6901, .F. ) ;
#6231 = COLOUR_RGB ( '',1.000000000000000000, 1.000000000000000000, 1.000000000000000000 ) ;
#6232 = EDGE_CURVE ( 'NONE', #2630, #861, #10863, .T. ) ;
#6233 = CARTESIAN_POINT ( 'NONE',  ( -0.3480657490130525944, 0.8409999996185738569, -2.444102925054405517 ) ) ;
#6234 = CARTESIAN_POINT ( 'NONE',  ( -0.3265131970880389978, 0.8399999996185738560, -2.476129614362882148 ) ) ;
#6235 = ORIENTED_EDGE ( 'NONE', *, *, #6708, .F. ) ;
#6236 = ORIENTED_EDGE ( 'NONE', *, *, #5149, .T. ) ;
#6237 = CARTESIAN_POINT ( 'NONE',  ( -0.9076263961799158064, 0.8409999996185738569, -2.567979742191715875 ) ) ;
#6238 = MECHANICAL_DESIGN_GEOMETRIC_PRESENTATION_REPRESENTATION (  '', ( #4721 ), #2792 ) ;
#6239 = CARTESIAN_POINT ( 'NONE',  ( -0.1153686872275281605, 0.8409999996185738569, -2.479251713006657809 ) ) ;
#6240 = SURFACE_STYLE_FILL_AREA ( #2579 ) ;
#6241 = STYLED_ITEM ( 'NONE', ( #7562 ), #280 ) ;
#6242 = DIRECTION ( 'NONE',  ( -0.3493954794973220812, -0.0000000000000000000, -0.9369753459439774668 ) ) ;
#6243 = APPLICATION_PROTOCOL_DEFINITION ( 'draft international standard', 'automotive_design', 1998, #4032 ) ;
#6244 = ADVANCED_FACE ( 'NONE', ( #8857 ), #698, .T. ) ;
#6245 = CARTESIAN_POINT ( 'NONE',  ( -0.3236428805939723374, 0.8399999996185738560, -2.452764230968955239 ) ) ;
#6246 =( GEOMETRIC_REPRESENTATION_CONTEXT ( 3 ) GLOBAL_UNCERTAINTY_ASSIGNED_CONTEXT ( ( #2537 ) ) GLOBAL_UNIT_ASSIGNED_CONTEXT ( ( #2442, #10925, #4367 ) ) REPRESENTATION_CONTEXT ( 'NONE', 'WORKASPACE' ) );
#6247 = PLANE ( 'NONE',  #4060 ) ;
#6248 = STYLED_ITEM ( 'NONE', ( #6424 ), #5697 ) ;
#6249 = DIRECTION ( 'NONE',  ( -0.0000000000000000000, -0.0000000000000000000, 1.000000000000000000 ) ) ;
#6250 = EDGE_CURVE ( 'NONE', #3443, #7922, #5989, .T. ) ;
#6251 = B_SPLINE_SURFACE_WITH_KNOTS ( 'NONE', 3, 1, ( 
 ( #7877, #5000 ),
 ( #457, #1228 ),
 ( #11590, #8840 ),
 ( #10623, #7934 ) ),
 .UNSPECIFIED., .F., .F., .F.,
 ( 4, 4 ),
 ( 2, 2 ),
 ( 15.00000000000000000, 16.00000000000000000 ),
 ( 0.0000000000000000000, 1.000000000000000000 ),
 .UNSPECIFIED. ) ;
#6252 = VERTEX_POINT ( 'NONE', #4359 ) ;
#6253 = UNCERTAINTY_MEASURE_WITH_UNIT (LENGTH_MEASURE( 1.000000000000000082E-05 ), #5774, 'distance_accuracy_value', 'NONE');
#6254 = CARTESIAN_POINT ( 'NONE',  ( -2.100000000000000089, 0.8400000000000000799, -3.279999999999999805 ) ) ;
#6255 = EDGE_LOOP ( 'NONE', ( #9379, #5817, #980, #5046 ) ) ;
#6256 = PLANE ( 'NONE',  #2609 ) ;
#6257 = CARTESIAN_POINT ( 'NONE',  ( -0.4310027887796453183, 0.8409999996185738569, -2.427283877524723188 ) ) ;
#6258 = VECTOR ( 'NONE', #925, 1000.000000000000000 ) ;
#6259 = COLOUR_RGB ( '',1.000000000000000000, 1.000000000000000000, 1.000000000000000000 ) ;
#6260 = CARTESIAN_POINT ( 'NONE',  ( 0.5466206814636389577, 0.8409999996185738569, -2.005617892709753658 ) ) ;
#6261 = B_SPLINE_CURVE_WITH_KNOTS ( 'NONE', 3,
 ( #5974, #3377, #9739, #7060 ),
 .UNSPECIFIED., .F., .F.,
 ( 4, 4 ),
 ( 18.00000000000000000, 19.00000000000000000 ),
 .UNSPECIFIED. ) ;
#6262 = FACE_OUTER_BOUND ( 'NONE', #9727, .T. ) ;
#6263 = CARTESIAN_POINT ( 'NONE',  ( -0.2243903575944334872, 0.8399999996185738560, -2.258791263645847369 ) ) ;
#6264 = ORIENTED_EDGE ( 'NONE', *, *, #1762, .T. ) ;
#6265 = DIRECTION ( 'NONE',  ( -1.000000000000000000, 0.0000000000000000000, 2.201488835369906361E-15 ) ) ;
#6266 = FILL_AREA_STYLE_COLOUR ( '', #6631 ) ;
#6267 = ADVANCED_FACE ( 'NONE', ( #1601 ), #1368, .F. ) ;
#6268 = EDGE_CURVE ( 'NONE', #3887, #302, #5309, .T. ) ;
#6269 = ORIENTED_EDGE ( 'NONE', *, *, #9694, .T. ) ;
#6270 = ORIENTED_EDGE ( 'NONE', *, *, #4854, .T. ) ;
#6271 = MECHANICAL_DESIGN_GEOMETRIC_PRESENTATION_REPRESENTATION (  '', ( #4761 ), #2451 ) ;
#6272 = CARTESIAN_POINT ( 'NONE',  ( -0.7868716776863777795, 0.8409999996185738569, -2.393645782464019156 ) ) ;
#6273 = SURFACE_STYLE_USAGE ( .BOTH. , #5508 ) ;
#6274 = SURFACE_STYLE_FILL_AREA ( #10927 ) ;
#6275 = PLANE ( 'NONE',  #2657 ) ;
#6276 = CARTESIAN_POINT ( 'NONE',  ( -0.4615187851965712462, 0.8400000000000000799, -2.058473386177185560 ) ) ;
#6277 = FILL_AREA_STYLE_COLOUR ( '', #2972 ) ;
#6278 = ORIENTED_EDGE ( 'NONE', *, *, #10724, .T. ) ;
#6279 = MECHANICAL_DESIGN_GEOMETRIC_PRESENTATION_REPRESENTATION (  '', ( #10975 ), #10596 ) ;
#6280 = DIRECTION ( 'NONE',  ( -0.0000000000000000000, -1.000000000000000000, -0.0000000000000000000 ) ) ;
#6282 = CARTESIAN_POINT ( 'NONE',  ( -0.1806306201586561910, 0.8409999996185738569, -2.510472699440351896 ) ) ;
#6281 = CARTESIAN_POINT ( 'NONE',  ( -0.4142340976789598561, 0.8409999996185738569, -2.166739710098317229 ) ) ;
#6283 = CARTESIAN_POINT ( 'NONE',  ( 1.050000000000000044, 0.3500000000000003664, -8.279999999999999361 ) ) ;
#6284 = LINE ( 'NONE', #9217, #7098 ) ;
#6285 = COLOUR_RGB ( '',0.0000000000000000000, 0.01960784313725490169, 0.02745098039215686236 ) ;
#6286 =( GEOMETRIC_REPRESENTATION_CONTEXT ( 3 ) GLOBAL_UNCERTAINTY_ASSIGNED_CONTEXT ( ( #9905 ) ) GLOBAL_UNIT_ASSIGNED_CONTEXT ( ( #11817, #6189, #9859 ) ) REPRESENTATION_CONTEXT ( 'NONE', 'WORKASPACE' ) );
#6287 =( GEOMETRIC_REPRESENTATION_CONTEXT ( 3 ) GLOBAL_UNCERTAINTY_ASSIGNED_CONTEXT ( ( #2057 ) ) GLOBAL_UNIT_ASSIGNED_CONTEXT ( ( #8666, #810, #2373 ) ) REPRESENTATION_CONTEXT ( 'NONE', 'WORKASPACE' ) );
#6288 =( NAMED_UNIT ( * ) PLANE_ANGLE_UNIT ( ) SI_UNIT ( $, .RADIAN. ) );
#6289 = CARTESIAN_POINT ( 'NONE',  ( -0.2089309336672774686, 0.8409999996185738569, -2.444102925054406406 ) ) ;
#6290 = FACE_OUTER_BOUND ( 'NONE', #4295, .T. ) ;
#6291 = ORIENTED_EDGE ( 'NONE', *, *, #4916, .F. ) ;
#6292 = CARTESIAN_POINT ( 'NONE',  ( -0.2956950620930670071, 0.8409999996185738569, -2.465252625541360487 ) ) ;
#6293 = PRESENTATION_LAYER_ASSIGNMENT (  '', '', ( #6895 ) ) ;
#6294 = PRESENTATION_LAYER_ASSIGNMENT (  '', '', ( #11579 ) ) ;
#6295 = VECTOR ( 'NONE', #2683, 1000.000000000000114 ) ;
#6296 = ORIENTED_EDGE ( 'NONE', *, *, #1181, .F. ) ;
#6297 = CARTESIAN_POINT ( 'NONE',  ( -0.2789263709930540069, 0.8409999996185738569, -2.222937485676831582 ) ) ;
#6298 = DIRECTION ( 'NONE',  ( -0.0000000000000000000, -1.000000000000000000, -0.0000000000000000000 ) ) ;
#6299 = B_SPLINE_CURVE_WITH_KNOTS ( 'NONE', 3,
 ( #1738, #839, #6345, #10084 ),
 .UNSPECIFIED., .F., .F.,
 ( 4, 4 ),
 ( 1.000000000000000000, 2.000000000000000000 ),
 .UNSPECIFIED. ) ;
#6300 = UNCERTAINTY_MEASURE_WITH_UNIT (LENGTH_MEASURE( 1.000000000000000082E-05 ), #6793, 'distance_accuracy_value', 'NONE');
#6301 = PRESENTATION_LAYER_ASSIGNMENT (  '', '', ( #11780 ) ) ;
#6302 = DIRECTION ( 'NONE',  ( -0.3416038306815532000, 0.0000000000000000000, -0.9398440417769794442 ) ) ;
#6303 = VERTEX_POINT ( 'NONE', #6324 ) ;
#6304 = VECTOR ( 'NONE', #3849, 1000.000000000000000 ) ;
#6305 = EDGE_LOOP ( 'NONE', ( #11903, #2386, #6739, #4129 ) ) ;
#6306 = STYLED_ITEM ( 'NONE', ( #7087 ), #10827 ) ;
#6307 = EDGE_CURVE ( 'NONE', #7301, #10696, #221, .T. ) ;
#6308 = EDGE_CURVE ( 'NONE', #2684, #5601, #3495, .T. ) ;
#6309 = B_SPLINE_CURVE_WITH_KNOTS ( 'NONE', 3,
 ( #36, #7313, #1766, #6501 ),
 .UNSPECIFIED., .F., .F.,
 ( 4, 4 ),
 ( 0.0000000000000000000, 1.000000000000000000 ),
 .UNSPECIFIED. ) ;
#6310 = CARTESIAN_POINT ( 'NONE',  ( 0.2006701274317579109, 0.8399999996185738560, -2.214308733195166745 ) ) ;
#6311 = MECHANICAL_DESIGN_GEOMETRIC_PRESENTATION_REPRESENTATION (  '', ( #966 ), #6518 ) ;
#6312 = UNCERTAINTY_MEASURE_WITH_UNIT (LENGTH_MEASURE( 1.000000000000000082E-05 ), #3819, 'distance_accuracy_value', 'NONE');
#6313 = SURFACE_SIDE_STYLE ('',( #1761 ) ) ;
#6314 = FILL_AREA_STYLE ('',( #3484 ) ) ;
#6315 = DIRECTION ( 'NONE',  ( -9.611857504498734521E-15, 0.0000000000000000000, -1.000000000000000000 ) ) ;
#6316 = CARTESIAN_POINT ( 'NONE',  ( -0.01949004502012851442, 0.8409999996185738569, -2.255467739283381956 ) ) ;
#6317 = ORIENTED_EDGE ( 'NONE', *, *, #9965, .T. ) ;
#6318 = CARTESIAN_POINT ( 'NONE',  ( -0.3838188141220478800, 0.8409999996185738569, -2.454274923860495505 ) ) ;
#6319 = MECHANICAL_DESIGN_GEOMETRIC_PRESENTATION_REPRESENTATION (  '', ( #204 ), #7316 ) ;
#6320 =( NAMED_UNIT ( * ) PLANE_ANGLE_UNIT ( ) SI_UNIT ( $, .RADIAN. ) );
#6321 = EDGE_CURVE ( 'NONE', #861, #4259, #7256, .T. ) ;
#6322 = CARTESIAN_POINT ( 'NONE',  ( -0.2789263709930540625, 0.8399999996185738560, -2.222937485676831582 ) ) ;
#6323 = LINE ( 'NONE', #8959, #4569 ) ;
#6324 = CARTESIAN_POINT ( 'NONE',  ( -0.9817510607449506654, 0.8399999996185738560, -2.370985389085522144 ) ) ;
#6325 = ORIENTED_EDGE ( 'NONE', *, *, #1596, .T. ) ;
#6326 = MECHANICAL_DESIGN_GEOMETRIC_PRESENTATION_REPRESENTATION (  '', ( #3260 ), #2682 ) ;
#6327 = CARTESIAN_POINT ( 'NONE',  ( 0.1432450975291409412, 0.8399999996185738560, -2.288541063511195350 ) ) ;
#6328 = CARTESIAN_POINT ( 'NONE',  ( -0.1233753595549827997, 0.8399999996185738560, -2.255467739283381512 ) ) ;
#6329 = VERTEX_POINT ( 'NONE', #2833 ) ;
#6330 = CARTESIAN_POINT ( 'NONE',  ( -0.4198236613794138483, 0.8409999996185738569, -2.058473386177186004 ) ) ;
#6331 = ORIENTED_EDGE ( 'NONE', *, *, #6536, .F. ) ;
#6332 =( NAMED_UNIT ( * ) PLANE_ANGLE_UNIT ( ) SI_UNIT ( $, .RADIAN. ) );
#6333 = CARTESIAN_POINT ( 'NONE',  ( -0.4084934646901654531, 0.8409999996185738569, -2.610279143165627147 ) ) ;
#6334 = CARTESIAN_POINT ( 'NONE',  ( -0.1767531750691069270, 0.8399999996185738560, -2.428391718978884395 ) ) ;
#6335 = LINE ( 'NONE', #5436, #7483 ) ;
#6336 = UNCERTAINTY_MEASURE_WITH_UNIT (LENGTH_MEASURE( 1.000000000000000082E-05 ), #2743, 'distance_accuracy_value', 'NONE');
#6337 = ADVANCED_FACE ( 'NONE', ( #10186 ), #9129, .F. ) ;
#6338 = LINE ( 'NONE', #1790, #2785 ) ;
#6339 = DIRECTION ( 'NONE',  ( 1.000000000000000000, -0.0000000000000000000, -0.0000000000000000000 ) ) ;
#6340 = CARTESIAN_POINT ( 'NONE',  ( -0.2666394021386704338, 0.8399999996185738560, -2.057869109019764053 ) ) ;
#6341 = VERTEX_POINT ( 'NONE', #8308 ) ;
#6342 = CARTESIAN_POINT ( 'NONE',  ( -0.1740842842937340984, 0.8399999996185738560, -2.535046637147782000 ) ) ;
#6343 = CARTESIAN_POINT ( 'NONE',  ( -0.3652372915511160612, 0.8399999996185738560, -2.526687469812611386 ) ) ;
#6344 = CARTESIAN_POINT ( 'NONE',  ( -0.2280663769646102124, 0.8409999996185738569, -2.236130870267349469 ) ) ;
#6345 = CARTESIAN_POINT ( 'NONE',  ( -0.3555185006134269909, 0.8409999996185738569, -2.551160694662033546 ) ) ;
#6346 = CARTESIAN_POINT ( 'NONE',  ( -0.2374326728945910514, 0.8409999996185738569, -2.510875550877739393 ) ) ;
#6347 = FILL_AREA_STYLE ('',( #3519 ) ) ;
#6348 =( LENGTH_UNIT ( ) NAMED_UNIT ( * ) SI_UNIT ( .MILLI., .METRE. ) );
#6349 = CARTESIAN_POINT ( 'NONE',  ( 0.1936670789142624916, 0.8409999996185738569, -2.505635514131208108 ) ) ;
#6350 = EDGE_CURVE ( 'NONE', #8045, #3273, #3737, .T. ) ;
#6351 = ORIENTED_EDGE ( 'NONE', *, *, #8311, .F. ) ;
#6352 = CARTESIAN_POINT ( 'NONE',  ( -0.3183554554722334839, 0.8399999996185738560, -2.058473386177186448 ) ) ;
#6353 = UNCERTAINTY_MEASURE_WITH_UNIT (LENGTH_MEASURE( 1.000000000000000082E-05 ), #1918, 'distance_accuracy_value', 'NONE');
#6354 = CARTESIAN_POINT ( 'NONE',  ( -0.2644237192303643402, 0.8409999996185738569, -2.254964174986648029 ) ) ;
#6355 = ORIENTED_EDGE ( 'NONE', *, *, #8114, .T. ) ;
#6356 = CARTESIAN_POINT ( 'NONE',  ( -0.2475543152703384153, 0.8399999996185738560, -2.236130870267349469 ) ) ;
#6357 = EDGE_LOOP ( 'NONE', ( #10606, #8119, #10479, #9266 ) ) ;
#6358 = STYLED_ITEM ( 'NONE', ( #5597 ), #1976 ) ;
#6359 = VECTOR ( 'NONE', #7517, 1000.000000000000000 ) ;
#6360 = DIRECTION ( 'NONE',  ( 1.000000000000000000, 0.0000000000000000000, -0.0000000000000000000 ) ) ;
#6361 = CARTESIAN_POINT ( 'NONE',  ( -0.3504828576400529361, 0.8399999996185738560, -2.488215157499243269 ) ) ;
#6362 = CARTESIAN_POINT ( 'NONE',  ( -0.1740842842937340984, 0.8400000000000000799, -2.528298875564845449 ) ) ;
#6363 = VERTEX_POINT ( 'NONE', #45 ) ;
#6364 = VERTEX_POINT ( 'NONE', #3689 ) ;
#6365 = ORIENTED_EDGE ( 'NONE', *, *, #2196, .T. ) ;
#6366 = LINE ( 'NONE', #1933, #4347 ) ;
#6367 = ADVANCED_FACE ( 'NONE', ( #11087 ), #8617, .F. ) ;
#6368 = DIRECTION ( 'NONE',  ( -0.0000000000000000000, -1.000000000000000000, -0.0000000000000000000 ) ) ;
#6369 = FILL_AREA_STYLE_COLOUR ( '', #1340 ) ;
#6370 = EDGE_CURVE ( 'NONE', #7746, #11844, #7623, .T. ) ;
#6371 = DIRECTION ( 'NONE',  ( -0.0000000000000000000, -1.000000000000000000, -0.0000000000000000000 ) ) ;
#6372 = EDGE_LOOP ( 'NONE', ( #7847, #1161, #3640, #10660 ) ) ;
#6373 = UNCERTAINTY_MEASURE_WITH_UNIT (LENGTH_MEASURE( 1.000000000000000082E-05 ), #464, 'distance_accuracy_value', 'NONE');
#6374 = CARTESIAN_POINT ( 'NONE',  ( -0.8190997927148842006, 0.8399999996185738560, -2.558814871981771599 ) ) ;
#6375 = FILL_AREA_STYLE ('',( #9188 ) ) ;
#6376 = CARTESIAN_POINT ( 'NONE',  ( -0.3480657490130525944, 0.8409999996185738569, -2.444102925054405517 ) ) ;
#6377 = CARTESIAN_POINT ( 'NONE',  ( -0.3747043003404401107, 0.8399999996185738560, -2.560124139154628331 ) ) ;
#6378 = LINE ( 'NONE', #2595, #7875 ) ;
#6379 = SURFACE_SIDE_STYLE ('',( #1828 ) ) ;
#6380 = ORIENTED_EDGE ( 'NONE', *, *, #9630, .T. ) ;
#6381 = EDGE_CURVE ( 'NONE', #10483, #6446, #5671, .T. ) ;
#6382 =( LENGTH_UNIT ( ) NAMED_UNIT ( * ) SI_UNIT ( .MILLI., .METRE. ) );
#6383 = EDGE_CURVE ( 'NONE', #4684, #11629, #3914, .T. ) ;
#6384 = VERTEX_POINT ( 'NONE', #3007 ) ;
#6385 = CARTESIAN_POINT ( 'NONE',  ( 0.1418445091968517091, 0.8409999996185738569, -2.421598931918591546 ) ) ;
#6386 = ORIENTED_EDGE ( 'NONE', *, *, #6157, .T. ) ;
#6387 = FACE_OUTER_BOUND ( 'NONE', #7958, .T. ) ;
#6388 = FACE_OUTER_BOUND ( 'NONE', #10410, .T. ) ;
#6389 = CARTESIAN_POINT ( 'NONE',  ( -0.2089309336672774686, 0.8399999996185738560, -2.444102925054406406 ) ) ;
#6390 = DIRECTION ( 'NONE',  ( -0.0000000000000000000, -1.000000000000000000, -0.0000000000000000000 ) ) ;
#6391 = CARTESIAN_POINT ( 'NONE',  ( -0.4714390018529552306, 0.8409999996185738569, -2.544614358797791631 ) ) ;
#6392 = CARTESIAN_POINT ( 'NONE',  ( 0.3491347346354610748, 0.8399999996185738560, -2.264730687865104120 ) ) ;
#6393 = CARTESIAN_POINT ( 'NONE',  ( -1.050000000000000044, 0.3500000000000004774, -8.279999999999999361 ) ) ;
#6394 = LINE ( 'NONE', #11109, #5093 ) ;
#6395 = ORIENTED_EDGE ( 'NONE', *, *, #767, .F. ) ;
#6396 = SURFACE_SIDE_STYLE ('',( #8146 ) ) ;
#6397 =( NAMED_UNIT ( * ) SI_UNIT ( $, .STERADIAN. ) SOLID_ANGLE_UNIT ( ) );
#6398 = FILL_AREA_STYLE ('',( #11054 ) ) ;
#6399 =( LENGTH_UNIT ( ) NAMED_UNIT ( * ) SI_UNIT ( .MILLI., .METRE. ) );
#6400 = EDGE_CURVE ( 'NONE', #5943, #1321, #6512, .T. ) ;
#6401 = CARTESIAN_POINT ( 'NONE',  ( 0.7020883906145315434, 0.8399999996185738560, -2.577066694498510557 ) ) ;
#6402 = CARTESIAN_POINT ( 'NONE',  ( 0.1418445091968517091, 0.8399999996185738560, -2.421598931918591546 ) ) ;
#6403 = COLOUR_RGB ( '',1.000000000000000000, 1.000000000000000000, 1.000000000000000000 ) ;
#6404 = AXIS2_PLACEMENT_3D ( 'NONE', #6202, #3212, #9879 ) ;
#6405 = CARTESIAN_POINT ( 'NONE',  ( -0.8208119113251178822, 0.8409999996185738569, -2.524975351202376039 ) ) ;
#6406 = ORIENTED_EDGE ( 'NONE', *, *, #148, .T. ) ;
#6407 =( NAMED_UNIT ( * ) SI_UNIT ( $, .STERADIAN. ) SOLID_ANGLE_UNIT ( ) );
#6408 = DIRECTION ( 'NONE',  ( 0.0000000000000000000, 1.000000000000000000, 0.0000000000000000000 ) ) ;
#6409 = CARTESIAN_POINT ( 'NONE',  ( 0.6782780149684399795, 0.8409999996185738569, -2.522442894688838866 ) ) ;
#6410 = ORIENTED_EDGE ( 'NONE', *, *, #1217, .T. ) ;
#6411 = FILL_AREA_STYLE_COLOUR ( '', #11574 ) ;
#6412 =( GEOMETRIC_REPRESENTATION_CONTEXT ( 3 ) GLOBAL_UNCERTAINTY_ASSIGNED_CONTEXT ( ( #2759 ) ) GLOBAL_UNIT_ASSIGNED_CONTEXT ( ( #6399, #9150, #7155 ) ) REPRESENTATION_CONTEXT ( 'NONE', 'WORKASPACE' ) );
#6413 = STYLED_ITEM ( 'NONE', ( #10728 ), #6493 ) ;
#6414 = CARTESIAN_POINT ( 'NONE',  ( -0.5879637802499055876, 0.8409999996185738569, -2.112052627410001993 ) ) ;
#6415 = ADVANCED_FACE ( 'NONE', ( #1052 ), #5511, .F. ) ;
#6416 = FACE_OUTER_BOUND ( 'NONE', #5640, .T. ) ;
#6417 = EDGE_CURVE ( 'NONE', #8102, #239, #7860, .T. ) ;
#6418 = ORIENTED_EDGE ( 'NONE', *, *, #2238, .F. ) ;
#6419 = ORIENTED_EDGE ( 'NONE', *, *, #1465, .F. ) ;
#6420 = COLOUR_RGB ( '',1.000000000000000000, 1.000000000000000000, 1.000000000000000000 ) ;
#6421 = STYLED_ITEM ( 'NONE', ( #2789 ), #6779 ) ;
#6422 = STYLED_ITEM ( 'NONE', ( #8673 ), #6188 ) ;
#6423 = ORIENTED_EDGE ( 'NONE', *, *, #8719, .T. ) ;
#6424 = PRESENTATION_STYLE_ASSIGNMENT (( #2753 ) ) ;
#6425 = UNCERTAINTY_MEASURE_WITH_UNIT (LENGTH_MEASURE( 1.000000000000000082E-05 ), #9204, 'distance_accuracy_value', 'NONE');
#6426 = LINE ( 'NONE', #11022, #805 ) ;
#6427 = FACE_OUTER_BOUND ( 'NONE', #9246, .T. ) ;
#6428 =( LENGTH_UNIT ( ) NAMED_UNIT ( * ) SI_UNIT ( .MILLI., .METRE. ) );
#6429 = MECHANICAL_DESIGN_GEOMETRIC_PRESENTATION_REPRESENTATION (  '', ( #7027 ), #9556 ) ;
#6430 = VERTEX_POINT ( 'NONE', #3864 ) ;
#6431 = MECHANICAL_DESIGN_GEOMETRIC_PRESENTATION_REPRESENTATION (  '', ( #1655 ), #9765 ) ;
#6432 = CARTESIAN_POINT ( 'NONE',  ( 0.0000000000000000000, 0.8409999996185738569, 0.0000000000000000000 ) ) ;
#6433 = SURFACE_SIDE_STYLE ('',( #7504 ) ) ;
#6434 = EDGE_CURVE ( 'NONE', #8560, #5959, #5237, .T. ) ;
#6435 = UNCERTAINTY_MEASURE_WITH_UNIT (LENGTH_MEASURE( 1.000000000000000082E-05 ), #6905, 'distance_accuracy_value', 'NONE');
#6436 = EDGE_CURVE ( 'NONE', #2815, #10396, #9683, .T. ) ;
#6437 = FACE_OUTER_BOUND ( 'NONE', #4291, .T. ) ;
#6438 = PRESENTATION_LAYER_ASSIGNMENT (  '', '', ( #3185 ) ) ;
#6439 = STYLED_ITEM ( 'NONE', ( #4978 ), #7248 ) ;
#6440 = SURFACE_SIDE_STYLE ('',( #2712 ) ) ;
#6441 = DIRECTION ( 'NONE',  ( -0.0000000000000000000, -1.000000000000000000, -0.0000000000000000000 ) ) ;
#6442 = VECTOR ( 'NONE', #6131, 1000.000000000000000 ) ;
#6443 = ORIENTED_EDGE ( 'NONE', *, *, #6160, .T. ) ;
#6444 = CARTESIAN_POINT ( 'NONE',  ( -0.7082149344480581643, 0.8409999996185738569, -2.567979742191716319 ) ) ;
#6445 = FACE_OUTER_BOUND ( 'NONE', #10508, .T. ) ;
#6446 = VERTEX_POINT ( 'NONE', #1406 ) ;
#6447 = PRESENTATION_STYLE_ASSIGNMENT (( #8538 ) ) ;
#6448 =( GEOMETRIC_REPRESENTATION_CONTEXT ( 3 ) GLOBAL_UNCERTAINTY_ASSIGNED_CONTEXT ( ( #10177 ) ) GLOBAL_UNIT_ASSIGNED_CONTEXT ( ( #7818, #7944, #1295 ) ) REPRESENTATION_CONTEXT ( 'NONE', 'WORKASPACE' ) );
#6449 = ORIENTED_EDGE ( 'NONE', *, *, #7006, .T. ) ;
#6450 = DIRECTION ( 'NONE',  ( -0.0000000000000000000, -1.000000000000000000, -0.0000000000000000000 ) ) ;
#6451 = SURFACE_STYLE_USAGE ( .BOTH. , #11229 ) ;
#6452 = PRESENTATION_STYLE_ASSIGNMENT (( #9388 ) ) ;
#6453 = B_SPLINE_SURFACE_WITH_KNOTS ( 'NONE', 3, 1, ( 
 ( #7575, #11228 ),
 ( #3747, #10374 ),
 ( #4661, #226 ),
 ( #1903, #11163 ) ),
 .UNSPECIFIED., .F., .F., .F.,
 ( 4, 4 ),
 ( 2, 2 ),
 ( 4.000000000000000000, 5.000000000000000000 ),
 ( 0.0000000000000000000, 1.000000000000000000 ),
 .UNSPECIFIED. ) ;
#6454 = CARTESIAN_POINT ( 'NONE',  ( -0.9663419932461209116, 0.8399999996185738560, -2.402105662659876462 ) ) ;
#6455 = EDGE_CURVE ( 'NONE', #9876, #1214, #7262, .T. ) ;
#6456 = DIRECTION ( 'NONE',  ( -1.000000000000000000, 0.0000000000000000000, 6.155985935612615980E-15 ) ) ;
#6457 = EDGE_CURVE ( 'NONE', #1378, #6363, #2482, .T. ) ;
#6458 = DIRECTION ( 'NONE',  ( 1.000000000000000000, -0.0000000000000000000, -0.0000000000000000000 ) ) ;
#6459 = PRESENTATION_STYLE_ASSIGNMENT (( #8192 ) ) ;
#6460 = PRESENTATION_STYLE_ASSIGNMENT (( #11234 ) ) ;
#6461 = CARTESIAN_POINT ( 'NONE',  ( -0.3330595329536246707, 0.8409999996185738569, -2.506142046483079699 ) ) ;
#6462 = ORIENTED_EDGE ( 'NONE', *, *, #309, .T. ) ;
#6463 = STYLED_ITEM ( 'NONE', ( #500 ), #7843 ) ;
#6464 = B_SPLINE_CURVE_WITH_KNOTS ( 'NONE', 3,
 ( #7210, #5, #10937, #7343 ),
 .UNSPECIFIED., .F., .F.,
 ( 4, 4 ),
 ( 27.00000000000000000, 28.00000000000000000 ),
 .UNSPECIFIED. ) ;
#6465 = CARTESIAN_POINT ( 'NONE',  ( -0.04492004203401965545, 0.8409999996185738569, -2.479251713006657809 ) ) ;
#6467 = CARTESIAN_POINT ( 'NONE',  ( 0.9696047959044858944, 0.8409999996185738569, -2.186296552481105326 ) ) ;
#6466 = CARTESIAN_POINT ( 'NONE',  ( -0.2956950620930670071, 0.8399999996185738560, -2.465252625541360487 ) ) ;
#6468 =( NAMED_UNIT ( * ) PLANE_ANGLE_UNIT ( ) SI_UNIT ( $, .RADIAN. ) );
#6469 = PLANE ( 'NONE',  #11395 ) ;
#6470 = VECTOR ( 'NONE', #8615, 1000.000000000000000 ) ;
#6471 = CARTESIAN_POINT ( 'NONE',  ( -0.2645244320897070511, 0.8399999996185738560, -2.231699504450727289 ) ) ;
#6472 = SURFACE_SIDE_STYLE ('',( #10087 ) ) ;
#6473 = CARTESIAN_POINT ( 'NONE',  ( -0.3183554554722341501, 0.8409999996185738569, -2.255467739283381068 ) ) ;
#6474 = PLANE ( 'NONE',  #4373 ) ;
#6475 = VECTOR ( 'NONE', #1668, 1000.000000000000000 ) ;
#6476 = ADVANCED_FACE ( 'NONE', ( #11642 ), #7356, .F. ) ;
#6477 = ORIENTED_EDGE ( 'NONE', *, *, #10308, .F. ) ;
#6478 = PRESENTATION_LAYER_ASSIGNMENT (  '', '', ( #554 ) ) ;
#6479 = FILL_AREA_STYLE ('',( #6980 ) ) ;
#6480 = CARTESIAN_POINT ( 'NONE',  ( 0.4443761837901310519, 0.8409999996185738569, -2.089654474922371996 ) ) ;
#6481 = CARTESIAN_POINT ( 'NONE',  ( -0.2374326728945911902, 0.8409999996185738569, -2.522457529716027658 ) ) ;
#6482 = ORIENTED_EDGE ( 'NONE', *, *, #3885, .T. ) ;
#6483 = FACE_OUTER_BOUND ( 'NONE', #3608, .T. ) ;
#6484 = PRESENTATION_LAYER_ASSIGNMENT (  '', '', ( #11757 ) ) ;
#6485 = PRESENTATION_LAYER_ASSIGNMENT (  '', '', ( #6101 ) ) ;
#6486 = SURFACE_STYLE_USAGE ( .BOTH. , #3717 ) ;
#6487 = CARTESIAN_POINT ( 'NONE',  ( -0.1764510364910713835, 0.8409999996185738569, -2.540485131559214960 ) ) ;
#6488 = ORIENTED_EDGE ( 'NONE', *, *, #2672, .T. ) ;
#6489 = COLOUR_RGB ( '',1.000000000000000000, 1.000000000000000000, 1.000000000000000000 ) ;
#6490 =( GEOMETRIC_REPRESENTATION_CONTEXT ( 3 ) GLOBAL_UNCERTAINTY_ASSIGNED_CONTEXT ( ( #4449 ) ) GLOBAL_UNIT_ASSIGNED_CONTEXT ( ( #2308, #10679, #5968 ) ) REPRESENTATION_CONTEXT ( 'NONE', 'WORKASPACE' ) );
#6491 = ORIENTED_EDGE ( 'NONE', *, *, #6935, .F. ) ;
#6492 = SURFACE_STYLE_USAGE ( .BOTH. , #5654 ) ;
#6493 = ADVANCED_FACE ( 'NONE', ( #6997 ), #7933, .T. ) ;
#6494 = ORIENTED_EDGE ( 'NONE', *, *, #9078, .T. ) ;
#6495 =( NAMED_UNIT ( * ) PLANE_ANGLE_UNIT ( ) SI_UNIT ( $, .RADIAN. ) );
#6496 =( GEOMETRIC_REPRESENTATION_CONTEXT ( 3 ) GLOBAL_UNCERTAINTY_ASSIGNED_CONTEXT ( ( #523 ) ) GLOBAL_UNIT_ASSIGNED_CONTEXT ( ( #9936, #3625, #2717 ) ) REPRESENTATION_CONTEXT ( 'NONE', 'WORKASPACE' ) );
#6497 =( GEOMETRIC_REPRESENTATION_CONTEXT ( 3 ) GLOBAL_UNCERTAINTY_ASSIGNED_CONTEXT ( ( #10963 ) ) GLOBAL_UNIT_ASSIGNED_CONTEXT ( ( #11308, #9952, #6397 ) ) REPRESENTATION_CONTEXT ( 'NONE', 'WORKASPACE' ) );
#6498 = DIRECTION ( 'NONE',  ( -0.0000000000000000000, -1.000000000000000000, -0.0000000000000000000 ) ) ;
#6499 =( GEOMETRIC_REPRESENTATION_CONTEXT ( 3 ) GLOBAL_UNCERTAINTY_ASSIGNED_CONTEXT ( ( #1451 ) ) GLOBAL_UNIT_ASSIGNED_CONTEXT ( ( #4095, #5114, #1589 ) ) REPRESENTATION_CONTEXT ( 'NONE', 'WORKASPACE' ) );
#6500 = B_SPLINE_CURVE_WITH_KNOTS ( 'NONE', 3,
 ( #58, #1906, #7460, #9143 ),
 .UNSPECIFIED., .F., .F.,
 ( 4, 4 ),
 ( 17.00000000000000000, 18.00000000000000000 ),
 .UNSPECIFIED. ) ;
#6501 = CARTESIAN_POINT ( 'NONE',  ( -0.2789263709930542845, 0.8409999996185738569, -2.247309997666907311 ) ) ;
#6502 = VERTEX_POINT ( 'NONE', #4807 ) ;
#6503 = UNCERTAINTY_MEASURE_WITH_UNIT (LENGTH_MEASURE( 1.000000000000000082E-05 ), #7455, 'distance_accuracy_value', 'NONE');
#6504 = DIRECTION ( 'NONE',  ( -0.0000000000000000000, -1.000000000000000000, -0.0000000000000000000 ) ) ;
#6505 = CARTESIAN_POINT ( 'NONE',  ( -0.3732943203082418893, 0.8399999996185738560, -2.447527162276217361 ) ) ;
#6506 = STYLED_ITEM ( 'NONE', ( #6789 ), #2491 ) ;
#6507 = MECHANICAL_DESIGN_GEOMETRIC_PRESENTATION_REPRESENTATION (  '', ( #11195 ), #8089 ) ;
#6508 = CARTESIAN_POINT ( 'NONE',  ( -0.2000682020347047674, 0.8400000000000000799, -2.551059981802691556 ) ) ;
#6509 = ADVANCED_FACE ( 'NONE', ( #7542 ), #125, .F. ) ;
#6510 = SURFACE_SIDE_STYLE ('',( #4772 ) ) ;
#6511 = CARTESIAN_POINT ( 'NONE',  ( -2.100000000000000089, 0.8400000000000000799, -3.279999999999999805 ) ) ;
#6512 = LINE ( 'NONE', #6700, #5265 ) ;
#6513 = EDGE_LOOP ( 'NONE', ( #3186, #8339, #3969, #1833 ) ) ;
#6514 = CARTESIAN_POINT ( 'NONE',  ( -0.5904816017376011139, 0.8409999996185738569, -2.393645782464020044 ) ) ;
#6515 = CARTESIAN_POINT ( 'NONE',  ( 0.3211225405641394137, 0.8409999996185738569, -2.568662950791342769 ) ) ;
#6516 = CARTESIAN_POINT ( 'NONE',  ( -1.008591037790359080, 0.8399999996185738560, -2.514098362380861484 ) ) ;
#6517 = ORIENTED_EDGE ( 'NONE', *, *, #2238, .T. ) ;
#6518 =( GEOMETRIC_REPRESENTATION_CONTEXT ( 3 ) GLOBAL_UNCERTAINTY_ASSIGNED_CONTEXT ( ( #5925 ) ) GLOBAL_UNIT_ASSIGNED_CONTEXT ( ( #5694, #184, #10330 ) ) REPRESENTATION_CONTEXT ( 'NONE', 'WORKASPACE' ) );
#6519 = PRESENTATION_STYLE_ASSIGNMENT (( #2837 ) ) ;
#6520 = ORIENTED_EDGE ( 'NONE', *, *, #4475, .T. ) ;
#6521 = CARTESIAN_POINT ( 'NONE',  ( -0.4243053836250365030, 0.8409999996185738569, -2.233008771623576028 ) ) ;
#6522 = CARTESIAN_POINT ( 'NONE',  ( -0.2374326728945909681, 0.8399999996185738560, -2.478546722989882767 ) ) ;
#6523 = FACE_BOUND ( 'NONE', #10829, .T. ) ;
#6524 = FILL_AREA_STYLE_COLOUR ( '', #3069 ) ;
#6525 = STYLED_ITEM ( 'NONE', ( #8496 ), #3044 ) ;
#6526 = CARTESIAN_POINT ( 'NONE',  ( -0.1611426818529279881, 0.8399999996185738560, -2.560224852013971653 ) ) ;
#6527 = CARTESIAN_POINT ( 'NONE',  ( -0.2243903575944334872, 0.8399999996185738560, -2.258791263645847369 ) ) ;
#6528 =( GEOMETRIC_REPRESENTATION_CONTEXT ( 3 ) GLOBAL_UNCERTAINTY_ASSIGNED_CONTEXT ( ( #9116 ) ) GLOBAL_UNIT_ASSIGNED_CONTEXT ( ( #4959, #1362, #8727 ) ) REPRESENTATION_CONTEXT ( 'NONE', 'WORKASPACE' ) );
#6529 = CARTESIAN_POINT ( 'NONE',  ( -0.7634055814317587396, 0.8409999996185738569, -2.393645782464019156 ) ) ;
#6530 = ORIENTED_EDGE ( 'NONE', *, *, #9839, .F. ) ;
#6531 = CARTESIAN_POINT ( 'NONE',  ( 0.0000000000000000000, 0.8409999996185738569, 0.0000000000000000000 ) ) ;
#6532 = FILL_AREA_STYLE_COLOUR ( '', #5471 ) ;
#6533 = DIRECTION ( 'NONE',  ( 0.0000000000000000000, 0.0000000000000000000, 1.000000000000000000 ) ) ;
#6534 = LINE ( 'NONE', #10384, #9046 ) ;
#6535 = EDGE_CURVE ( 'NONE', #2766, #4200, #11763, .T. ) ;
#6536 = EDGE_CURVE ( 'NONE', #9385, #8848, #1031, .T. ) ;
#6537 =( NAMED_UNIT ( * ) PLANE_ANGLE_UNIT ( ) SI_UNIT ( $, .RADIAN. ) );
#6538 = FACE_OUTER_BOUND ( 'NONE', #3490, .T. ) ;
#6539 = SURFACE_STYLE_FILL_AREA ( #8371 ) ;
#6540 = VECTOR ( 'NONE', #5574, 1000.000000000000000 ) ;
#6541 = SURFACE_SIDE_STYLE ('',( #3888 ) ) ;
#6542 = CARTESIAN_POINT ( 'NONE',  ( -0.4310027887796453183, 0.8399999996185738560, -2.427283877524723188 ) ) ;
#6543 = CARTESIAN_POINT ( 'NONE',  ( -0.8418608989513857166, 0.8409999996185738569, -2.467669734168366436 ) ) ;
#6544 = ORIENTED_EDGE ( 'NONE', *, *, #1400, .F. ) ;
#6545 = SURFACE_STYLE_FILL_AREA ( #7358 ) ;
#6546 = EDGE_LOOP ( 'NONE', ( #3027, #3532, #6735, #49 ) ) ;
#6547 = CARTESIAN_POINT ( 'NONE',  ( -0.4627273395100774955, 0.8409999996185738569, -2.619242587658220156 ) ) ;
#6548 = DIRECTION ( 'NONE',  ( 0.0000000000000000000, 0.0000000000000000000, 1.000000000000000000 ) ) ;
#6549 = EDGE_CURVE ( 'NONE', #11429, #7193, #7481, .T. ) ;
#6550 = FILL_AREA_STYLE ('',( #4919 ) ) ;
#6551 = EDGE_CURVE ( 'NONE', #9072, #9793, #194, .T. ) ;
#6552 = CARTESIAN_POINT ( 'NONE',  ( -0.1806306201586561910, 0.8400000000000000799, -2.510472699440351896 ) ) ;
#6553 = CARTESIAN_POINT ( 'NONE',  ( -0.5904816017376016690, 0.8399999996185738560, -2.545520774531908170 ) ) ;
#6554 = VECTOR ( 'NONE', #137, 1000.000000000000000 ) ;
#6555 = ORIENTED_EDGE ( 'NONE', *, *, #6083, .F. ) ;
#6556 = LINE ( 'NONE', #1989, #3961 ) ;
#6557 = DIRECTION ( 'NONE',  ( 1.000000000000000000, 0.0000000000000000000, 0.0000000000000000000 ) ) ;
#6558 = CARTESIAN_POINT ( 'NONE',  ( -0.04492004203401878809, 0.8399999996185738560, -2.233008771623577360 ) ) ;
#6559 = B_SPLINE_SURFACE_WITH_KNOTS ( 'NONE', 3, 1, ( 
 ( #2054, #7615 ),
 ( #5721, #1342 ),
 ( #6687, #3908 ),
 ( #11264, #6751 ) ),
 .UNSPECIFIED., .F., .F., .F.,
 ( 4, 4 ),
 ( 2, 2 ),
 ( 7.000000000000000000, 8.000000000000000000 ),
 ( 0.0000000000000000000, 1.000000000000000000 ),
 .UNSPECIFIED. ) ;
#6560 = VERTEX_POINT ( 'NONE', #1089 ) ;
#6561 = MECHANICAL_DESIGN_GEOMETRIC_PRESENTATION_REPRESENTATION (  '', ( #244 ), #4454 ) ;
#6562 = CARTESIAN_POINT ( 'NONE',  ( -0.8058560516946899899, 0.8399999996185738560, -2.399789266892219608 ) ) ;
#6563 = FILL_AREA_STYLE ('',( #2062 ) ) ;
#6564 = DIRECTION ( 'NONE',  ( 0.0000000000000000000, 0.0000000000000000000, 1.000000000000000000 ) ) ;
#6565 = UNCERTAINTY_MEASURE_WITH_UNIT (LENGTH_MEASURE( 1.000000000000000082E-05 ), #4010, 'distance_accuracy_value', 'NONE');
#6566 = DIRECTION ( 'NONE',  ( -0.0000000000000000000, -0.0000000000000000000, 1.000000000000000000 ) ) ;
#6567 = DIRECTION ( 'NONE',  ( 0.0000000000000000000, -0.0000000000000000000, 1.000000000000000000 ) ) ;
#6568 = CARTESIAN_POINT ( 'NONE',  ( -0.5735618413472309829, 0.8409999996185738569, -2.099664945696942286 ) ) ;
#6569 = CARTESIAN_POINT ( 'NONE',  ( 0.7146938458888766332, 0.8409999996185738569, -2.060241672484219411 ) ) ;
#6570 = ORIENTED_EDGE ( 'NONE', *, *, #1114, .F. ) ;
#6571 =( LENGTH_UNIT ( ) NAMED_UNIT ( * ) SI_UNIT ( .MILLI., .METRE. ) );
#6572 = CARTESIAN_POINT ( 'NONE',  ( -0.3838188141220478800, 0.8399999996185738560, -2.430305263309154196 ) ) ;
#6573 = VERTEX_POINT ( 'NONE', #5645 ) ;
#6574 = EDGE_CURVE ( 'NONE', #7994, #6781, #5707, .T. ) ;
#6575 = EDGE_LOOP ( 'NONE', ( #4680, #3060, #1807, #2325 ) ) ;
#6576 =( LENGTH_UNIT ( ) NAMED_UNIT ( * ) SI_UNIT ( .MILLI., .METRE. ) );
#6577 = CARTESIAN_POINT ( 'NONE',  ( -0.5724036434634047765, 0.8399999996185738560, -2.067134692090392356 ) ) ;
#6578 = FACE_OUTER_BOUND ( 'NONE', #10782, .T. ) ;
#6579 = CARTESIAN_POINT ( 'NONE',  ( -0.1646172755044176816, 0.8399999996185738560, -2.488718721795973199 ) ) ;
#6580 = CARTESIAN_POINT ( 'NONE',  ( -0.9672987654112523703, 0.8399999996185738560, -2.396163603951712684 ) ) ;
#6581 = B_SPLINE_CURVE_WITH_KNOTS ( 'NONE', 3,
 ( #2514, #8981, #11497, #3172 ),
 .UNSPECIFIED., .F., .F.,
 ( 4, 4 ),
 ( 6.000000000000000000, 7.000000000000000000 ),
 .UNSPECIFIED. ) ;
#6582 = CARTESIAN_POINT ( 'NONE',  ( 0.5914402026622125330, 0.8409999996185738569, -2.507036102462834926 ) ) ;
#6583 = CARTESIAN_POINT ( 'NONE',  ( 0.7763206675015362768, 0.8409999996185738569, -2.121868500774836352 ) ) ;
#6584 = CARTESIAN_POINT ( 'NONE',  ( -0.8208119113251178822, 0.8409999996185738569, -2.524975351202376039 ) ) ;
#6585 = ORIENTED_EDGE ( 'NONE', *, *, #4210, .F. ) ;
#6586 = CARTESIAN_POINT ( 'NONE',  ( -0.4615187851965718013, 0.8399999996185738560, -2.255467739283380624 ) ) ;
#6587 = CARTESIAN_POINT ( 'NONE',  ( 0.4443761837901310519, 0.8399999996185738560, -2.089654474922371996 ) ) ;
#6588 = SURFACE_STYLE_FILL_AREA ( #6398 ) ;
#6589 = CARTESIAN_POINT ( 'NONE',  ( -0.2089309336672774686, 0.8399999996185738560, -2.444102925054406406 ) ) ;
#6590 = DIRECTION ( 'NONE',  ( -0.0000000000000000000, 1.000000000000000000, -0.0000000000000000000 ) ) ;
#6591 = B_SPLINE_CURVE_WITH_KNOTS ( 'NONE', 3,
 ( #11068, #8161, #11811, #8995 ),
 .UNSPECIFIED., .F., .F.,
 ( 4, 4 ),
 ( 6.000000000000000000, 7.000000000000000000 ),
 .UNSPECIFIED. ) ;
#6592 =( LENGTH_UNIT ( ) NAMED_UNIT ( * ) SI_UNIT ( .MILLI., .METRE. ) );
#6593 = ORIENTED_EDGE ( 'NONE', *, *, #669, .F. ) ;
#6594 = EDGE_CURVE ( 'NONE', #4613, #9853, #1700, .T. ) ;
#6595 = CARTESIAN_POINT ( 'NONE',  ( -0.3905665757056559495, 0.8399999996185738560, -2.520443272526411871 ) ) ;
#6596 = EDGE_CURVE ( 'NONE', #1438, #2731, #5530, .T. ) ;
#6597 = CARTESIAN_POINT ( 'NONE',  ( 0.7329017880636051752, 0.8399999996185738560, -2.577066694498511001 ) ) ;
#6598 = DIRECTION ( 'NONE',  ( 1.000000000000000000, -0.0000000000000000000, -0.0000000000000000000 ) ) ;
#6599 = ORIENTED_EDGE ( 'NONE', *, *, #9313, .T. ) ;
#6600 = CARTESIAN_POINT ( 'NONE',  ( -0.4746114569264017757, 0.8399999996185738560, -2.589230155538022160 ) ) ;
#6601 = CARTESIAN_POINT ( 'NONE',  ( -0.2339077228134305297, 0.8399999996185738560, -2.532025251364700580 ) ) ;
#6602 = CARTESIAN_POINT ( 'NONE',  ( -0.5735618413472309829, 0.8409999996185738569, -2.099664945696942286 ) ) ;
#6603 = DIRECTION ( 'NONE',  ( -1.000000000000000000, 0.0000000000000000000, 5.386006456537785704E-15 ) ) ;
#6604 = LINE ( 'NONE', #2924, #3788 ) ;
#6605 = STYLED_ITEM ( 'NONE', ( #6671 ), #8097 ) ;
#6606 =( GEOMETRIC_REPRESENTATION_CONTEXT ( 3 ) GLOBAL_UNCERTAINTY_ASSIGNED_CONTEXT ( ( #6181 ) ) GLOBAL_UNIT_ASSIGNED_CONTEXT ( ( #1717, #10004, #3555 ) ) REPRESENTATION_CONTEXT ( 'NONE', 'WORKASPACE' ) );
#6607 = FACE_OUTER_BOUND ( 'NONE', #5457, .T. ) ;
#6608 = CARTESIAN_POINT ( 'NONE',  ( -0.1740842842937340984, 0.8409999996185738569, -2.520644698245106952 ) ) ;
#6609 = FACE_OUTER_BOUND ( 'NONE', #9512, .T. ) ;
#6610 = EDGE_CURVE ( 'NONE', #7377, #7183, #4683, .T. ) ;
#6611 =( NAMED_UNIT ( * ) PLANE_ANGLE_UNIT ( ) SI_UNIT ( $, .RADIAN. ) );
#6612 = CARTESIAN_POINT ( 'NONE',  ( -0.2280663769646102124, 0.8399999996185738560, -2.236130870267349469 ) ) ;
#6613 = EDGE_CURVE ( 'NONE', #2758, #2260, #10283, .T. ) ;
#6614 = EDGE_LOOP ( 'NONE', ( #943, #4333, #6843, #11035 ) ) ;
#6615 = LINE ( 'NONE', #5656, #6067 ) ;
#6616 = PRESENTATION_LAYER_ASSIGNMENT (  '', '', ( #5849 ) ) ;
#6617 = MECHANICAL_DESIGN_GEOMETRIC_PRESENTATION_REPRESENTATION (  '', ( #11693 ), #2578 ) ;
#6618 = CARTESIAN_POINT ( 'NONE',  ( -0.7212068933171906782, 0.8409999996185738569, -2.083651601042033619 ) ) ;
#6619 =( LENGTH_UNIT ( ) NAMED_UNIT ( * ) SI_UNIT ( .MILLI., .METRE. ) );
#6620 = ORIENTED_EDGE ( 'NONE', *, *, #1927, .T. ) ;
#6621 = UNCERTAINTY_MEASURE_WITH_UNIT (LENGTH_MEASURE( 1.000000000000000082E-05 ), #6619, 'distance_accuracy_value', 'NONE');
#6622 = CARTESIAN_POINT ( 'NONE',  ( 0.5914402026622125330, 0.8409999996185738569, -2.507036102462834481 ) ) ;
#6623 = AXIS2_PLACEMENT_3D ( 'NONE', #3512, #5269, #4205 ) ;
#6624 = CARTESIAN_POINT ( 'NONE',  ( 0.5914402026622124220, 0.8409999996185738569, -2.516840381073930821 ) ) ;
#6625 =( NAMED_UNIT ( * ) SI_UNIT ( $, .STERADIAN. ) SOLID_ANGLE_UNIT ( ) );
#6626 = EDGE_CURVE ( 'NONE', #11895, #2748, #7109, .T. ) ;
#6627 = PLANE ( 'NONE',  #11766 ) ;
#6628 =( NAMED_UNIT ( * ) PLANE_ANGLE_UNIT ( ) SI_UNIT ( $, .RADIAN. ) );
#6629 =( LENGTH_UNIT ( ) NAMED_UNIT ( * ) SI_UNIT ( .MILLI., .METRE. ) );
#6630 = PRESENTATION_LAYER_ASSIGNMENT (  '', '', ( #8783 ) ) ;
#6631 = COLOUR_RGB ( '',1.000000000000000000, 1.000000000000000000, 1.000000000000000000 ) ;
#6632 =( GEOMETRIC_REPRESENTATION_CONTEXT ( 3 ) GLOBAL_UNCERTAINTY_ASSIGNED_CONTEXT ( ( #2690 ) ) GLOBAL_UNIT_ASSIGNED_CONTEXT ( ( #1320, #10336, #8688 ) ) REPRESENTATION_CONTEXT ( 'NONE', 'WORKASPACE' ) );
#6633 =( LENGTH_UNIT ( ) NAMED_UNIT ( * ) SI_UNIT ( .MILLI., .METRE. ) );
#6634 = PRESENTATION_STYLE_ASSIGNMENT (( #8587 ) ) ;
#6635 = ORIENTED_EDGE ( 'NONE', *, *, #1380, .F. ) ;
#6636 = ORIENTED_EDGE ( 'NONE', *, *, #2125, .F. ) ;
#6637 = CARTESIAN_POINT ( 'NONE',  ( 0.9696047959044858944, 0.8409999996185738569, -2.186296552481105326 ) ) ;
#6638 = CARTESIAN_POINT ( 'NONE',  ( -0.5921937203478339073, 0.8399999996185738560, -2.084558016777495748 ) ) ;
#6639 =( NAMED_UNIT ( * ) PLANE_ANGLE_UNIT ( ) SI_UNIT ( $, .RADIAN. ) );
#6640 = CARTESIAN_POINT ( 'NONE',  ( -0.01949004502012786216, 0.8409999996185738569, -2.058473386177187336 ) ) ;
#6641 = COLOUR_RGB ( '',1.000000000000000000, 1.000000000000000000, 1.000000000000000000 ) ;
#6642 = CARTESIAN_POINT ( 'NONE',  ( -0.5881652059699430390, 0.8409999996185738569, -2.198867112266137180 ) ) ;
#6643 = VECTOR ( 'NONE', #9064, 1000.000000000000000 ) ;
#6644 =( NAMED_UNIT ( * ) SI_UNIT ( $, .STERADIAN. ) SOLID_ANGLE_UNIT ( ) );
#6645 = CARTESIAN_POINT ( 'NONE',  ( -0.8388898695979767339, 0.8399999996185738560, -2.397070019685833220 ) ) ;
#6646 = VERTEX_POINT ( 'NONE', #9005 ) ;
#6647 = CARTESIAN_POINT ( 'NONE',  ( 1.035433489371399229, 0.8409999996185738569, -2.401990428126758115 ) ) ;
#6648 = SURFACE_STYLE_USAGE ( .BOTH. , #4789 ) ;
#6649 = ADVANCED_FACE ( 'NONE', ( #2582 ), #2055, .F. ) ;
#6650 = VECTOR ( 'NONE', #9000, 1000.000000000000000 ) ;
#6651 = VERTEX_POINT ( 'NONE', #7790 ) ;
#6652 = CARTESIAN_POINT ( 'NONE',  ( -0.2044995678506550951, 0.8400000000000000799, -2.501811393525809724 ) ) ;
#6653 = SURFACE_SIDE_STYLE ('',( #2021 ) ) ;
#6654 =( LENGTH_UNIT ( ) NAMED_UNIT ( * ) SI_UNIT ( .MILLI., .METRE. ) );
#6655 = VECTOR ( 'NONE', #5625, 1000.000000000000000 ) ;
#6656 = CARTESIAN_POINT ( 'NONE',  ( -0.3504828576400527140, 0.8409999996185738569, -2.424061066021604649 ) ) ;
#6657 =( GEOMETRIC_REPRESENTATION_CONTEXT ( 3 ) GLOBAL_UNCERTAINTY_ASSIGNED_CONTEXT ( ( #214 ) ) GLOBAL_UNIT_ASSIGNED_CONTEXT ( ( #6654, #2908, #5634 ) ) REPRESENTATION_CONTEXT ( 'NONE', 'WORKASPACE' ) );
#6658 = ORIENTED_EDGE ( 'NONE', *, *, #7984, .T. ) ;
#6659 = LINE ( 'NONE', #1141, #1085 ) ;
#6660 = FILL_AREA_STYLE ('',( #2971 ) ) ;
#6661 = DIRECTION ( 'NONE',  ( 4.093262511407667181E-15, -0.0000000000000000000, 1.000000000000000000 ) ) ;
#6662 = ORIENTED_EDGE ( 'NONE', *, *, #6849, .F. ) ;
#6663 = COLOUR_RGB ( '',1.000000000000000000, 1.000000000000000000, 1.000000000000000000 ) ;
#6664 = EDGE_CURVE ( 'NONE', #9705, #8156, #7600, .T. ) ;
#6665 = B_SPLINE_SURFACE_WITH_KNOTS ( 'NONE', 3, 1, ( 
 ( #10311, #3921 ),
 ( #11339, #3014 ),
 ( #8720, #6948 ),
 ( #587, #3080 ) ),
 .UNSPECIFIED., .F., .F., .F.,
 ( 4, 4 ),
 ( 2, 2 ),
 ( 27.00000000000000000, 28.00000000000000000 ),
 ( 0.0000000000000000000, 1.000000000000000000 ),
 .UNSPECIFIED. ) ;
#6666 = DIRECTION ( 'NONE',  ( -0.0000000000000000000, -1.000000000000000000, -0.0000000000000000000 ) ) ;
#6667 = LINE ( 'NONE', #437, #11704 ) ;
#6668 = VERTEX_POINT ( 'NONE', #8746 ) ;
#6669 = VECTOR ( 'NONE', #3104, 1000.000000000000000 ) ;
#6670 = CARTESIAN_POINT ( 'NONE',  ( -0.3220818312720886145, 0.8399999996185738560, -2.427787441821460224 ) ) ;
#6671 = PRESENTATION_STYLE_ASSIGNMENT (( #8625 ) ) ;
#6672 = VECTOR ( 'NONE', #3533, 1000.000000000000000 ) ;
#6673 = CARTESIAN_POINT ( 'NONE',  ( -0.8388898695979771780, 0.8409999996185738569, -2.540384418699861868 ) ) ;
#6674 = CARTESIAN_POINT ( 'NONE',  ( -0.1740842842937340984, 0.8400000000000000799, -2.528298875564845449 ) ) ;
#6675 = VECTOR ( 'NONE', #3825, 1000.000000000000000 ) ;
#6676 = CARTESIAN_POINT ( 'NONE',  ( -0.5904816017376011139, 0.8409999996185738569, -2.393645782464020044 ) ) ;
#6677 = ORIENTED_EDGE ( 'NONE', *, *, #5967, .F. ) ;
#6678 = CARTESIAN_POINT ( 'NONE',  ( -0.2108948344265481056, 0.8400000000000000799, -2.551059981802691112 ) ) ;
#6679 = FACE_OUTER_BOUND ( 'NONE', #1218, .T. ) ;
#6680 = VECTOR ( 'NONE', #531, 1000.000000000000000 ) ;
#6681 = VECTOR ( 'NONE', #11533, 1000.000000000000000 ) ;
#6682 = ORIENTED_EDGE ( 'NONE', *, *, #7601, .F. ) ;
#6683 = FILL_AREA_STYLE ('',( #3975 ) ) ;
#6684 = B_SPLINE_CURVE_WITH_KNOTS ( 'NONE', 3,
 ( #3637, #1843, #5321, #7205 ),
 .UNSPECIFIED., .F., .F.,
 ( 4, 4 ),
 ( 5.000000000000000000, 6.000000000000000000 ),
 .UNSPECIFIED. ) ;
#6685 =( GEOMETRIC_REPRESENTATION_CONTEXT ( 3 ) GLOBAL_UNCERTAINTY_ASSIGNED_CONTEXT ( ( #2411 ) ) GLOBAL_UNIT_ASSIGNED_CONTEXT ( ( #1112, #6628, #5731 ) ) REPRESENTATION_CONTEXT ( 'NONE', 'WORKASPACE' ) );
#6686 = VECTOR ( 'NONE', #11607, 1000.000000000000000 ) ;
#6687 = CARTESIAN_POINT ( 'NONE',  ( 1.014424343818915775, 0.8409999996185738569, -2.456614227936432471 ) ) ;
#6688 = ORIENTED_EDGE ( 'NONE', *, *, #7307, .F. ) ;
#6689 = ADVANCED_FACE ( 'NONE', ( #5771 ), #10377, .F. ) ;
#6690 = EDGE_CURVE ( 'NONE', #9322, #7232, #8293, .T. ) ;
#6691 =( GEOMETRIC_REPRESENTATION_CONTEXT ( 3 ) GLOBAL_UNCERTAINTY_ASSIGNED_CONTEXT ( ( #4563 ) ) GLOBAL_UNIT_ASSIGNED_CONTEXT ( ( #4272, #6226, #10091 ) ) REPRESENTATION_CONTEXT ( 'NONE', 'WORKASPACE' ) );
#6692 = STYLED_ITEM ( 'NONE', ( #11584 ), #11313 ) ;
#6693 = MECHANICAL_DESIGN_GEOMETRIC_PRESENTATION_REPRESENTATION (  '', ( #4206 ), #5547 ) ;
#6694 = CARTESIAN_POINT ( 'NONE',  ( -0.2279153076755961460, 0.8409999996185738569, -2.444102925054405961 ) ) ;
#6695 =( NAMED_UNIT ( * ) PLANE_ANGLE_UNIT ( ) SI_UNIT ( $, .RADIAN. ) );
#6696 = CARTESIAN_POINT ( 'NONE',  ( -0.1314323883114440761, 0.8399999996185738560, -2.190205806352931273 ) ) ;
#6697 = CARTESIAN_POINT ( 'NONE',  ( -0.1628044440334906473, 0.8409999996185738569, -2.437153737751434068 ) ) ;
#6698 = VECTOR ( 'NONE', #1715, 1000.000000000000000 ) ;
#6699 = PRESENTATION_LAYER_ASSIGNMENT (  '', '', ( #10408 ) ) ;
#6700 = CARTESIAN_POINT ( 'NONE',  ( -0.1254399731736046131, 0.8409999996185738569, -2.567979742191718540 ) ) ;
#6701 = CARTESIAN_POINT ( 'NONE',  ( -0.3588923814048951000, 0.8399999996185738560, -2.518731153916178744 ) ) ;
#6702 = CARTESIAN_POINT ( 'NONE',  ( -0.3286281671370029911, 0.8399999996185738560, -2.449339993747145172 ) ) ;
#6703 = SURFACE_SIDE_STYLE ('',( #7570 ) ) ;
#6704 = EDGE_LOOP ( 'NONE', ( #8256, #8510, #1353, #1082, #5924, #6462, #11842 ) ) ;
#6705 = EDGE_CURVE ( 'NONE', #11923, #9249, #9287, .T. ) ;
#6706 = STYLED_ITEM ( 'NONE', ( #1991 ), #3597 ) ;
#6707 =( NAMED_UNIT ( * ) PLANE_ANGLE_UNIT ( ) SI_UNIT ( $, .RADIAN. ) );
#6708 = EDGE_CURVE ( 'NONE', #11080, #998, #3939, .T. ) ;
#6709 = VERTEX_POINT ( 'NONE', #4080 ) ;
#6710 =( GEOMETRIC_REPRESENTATION_CONTEXT ( 3 ) GLOBAL_UNCERTAINTY_ASSIGNED_CONTEXT ( ( #10439 ) ) GLOBAL_UNIT_ASSIGNED_CONTEXT ( ( #958, #4829, #4615 ) ) REPRESENTATION_CONTEXT ( 'NONE', 'WORKASPACE' ) );
#6711 = LINE ( 'NONE', #2074, #6062 ) ;
#6712 = DIRECTION ( 'NONE',  ( 0.0000000000000000000, 0.0000000000000000000, -1.000000000000000000 ) ) ;
#6713 = PRODUCT_DEFINITION_FORMATION_WITH_SPECIFIED_SOURCE ( 'хн╨н', '', #9589, .NOT_KNOWN. ) ;
#6714 = CARTESIAN_POINT ( 'NONE',  ( -0.2000682020347047674, 0.8409999996185738569, -2.551059981802691556 ) ) ;
#6715 = CARTESIAN_POINT ( 'NONE',  ( -0.2493671467405855213, 0.8399999996185738560, -2.078112393772600264 ) ) ;
#6716 = SURFACE_STYLE_FILL_AREA ( #7713 ) ;
#6717 = CARTESIAN_POINT ( 'NONE',  ( -0.1740842842937340984, 0.8409999996185738569, -2.528298875564845449 ) ) ;
#6718 = ORIENTED_EDGE ( 'NONE', *, *, #2562, .F. ) ;
#6719 = CARTESIAN_POINT ( 'NONE',  ( 0.7875255344442593231, 0.8409999996185738569, -2.120467885728703372 ) ) ;
#6720 = DIRECTION ( 'NONE',  ( 1.000000000000000000, -0.0000000000000000000, -6.155985935670711641E-15 ) ) ;
#6721 = FILL_AREA_STYLE ('',( #425 ) ) ;
#6722 = ORIENTED_EDGE ( 'NONE', *, *, #4260, .F. ) ;
#6723 = PRESENTATION_LAYER_ASSIGNMENT (  '', '', ( #10427 ) ) ;
#6724 = CARTESIAN_POINT ( 'NONE',  ( -0.2648265706684226894, 0.8399999996185738560, -2.081939482431800048 ) ) ;
#6725 = LINE ( 'NONE', #6783, #2220 ) ;
#6726 = PLANE ( 'NONE',  #6863 ) ;
#6727 = CARTESIAN_POINT ( 'NONE',  ( -0.7540392855017846729, 0.8409999996185738569, -2.179328817530069351 ) ) ;
#6728 = SURFACE_STYLE_FILL_AREA ( #2095 ) ;
#6729 = ORIENTED_EDGE ( 'NONE', *, *, #6922, .T. ) ;
#6730 =( NAMED_UNIT ( * ) PLANE_ANGLE_UNIT ( ) SI_UNIT ( $, .RADIAN. ) );
#6731 = SURFACE_SIDE_STYLE ('',( #2970 ) ) ;
#6732 = CARTESIAN_POINT ( 'NONE',  ( -0.9709747847814359512, 0.8409999996185738569, -2.409961265696968447 ) ) ;
#6733 =( NAMED_UNIT ( * ) PLANE_ANGLE_UNIT ( ) SI_UNIT ( $, .RADIAN. ) );
#6734 = CARTESIAN_POINT ( 'NONE',  ( -0.1957375490774270199, 0.8409999996185738569, -2.484388068838702335 ) ) ;
#6735 = ORIENTED_EDGE ( 'NONE', *, *, #1200, .F. ) ;
#6736 = FILL_AREA_STYLE_COLOUR ( '', #3199 ) ;
#6737 = SURFACE_STYLE_FILL_AREA ( #3163 ) ;
#6738 = LINE ( 'NONE', #4077, #3546 ) ;
#6739 = ORIENTED_EDGE ( 'NONE', *, *, #10360, .F. ) ;
#6740 = CARTESIAN_POINT ( 'NONE',  ( -0.4460090048390730755, 0.8399999996185738560, -2.634248803718319820 ) ) ;
#6741 = CARTESIAN_POINT ( 'NONE',  ( -0.3115069810286119067, 0.8399999996185738560, -2.435240193422506749 ) ) ;
#6742 = CARTESIAN_POINT ( 'NONE',  ( -0.5921937203478339073, 0.8409999996185738569, -2.084558016777495748 ) ) ;
#6743 = VECTOR ( 'NONE', #1011, 1000.000000000000000 ) ;
#6744 = CARTESIAN_POINT ( 'NONE',  ( -0.3361312751670491594, 0.8399999996185738560, -2.551160694662033546 ) ) ;
#6745 = DIRECTION ( 'NONE',  ( -1.000000000000000000, -0.0000000000000000000, -0.0000000000000000000 ) ) ;
#6746 = PLANE ( 'NONE',  #7709 ) ;
#6747 = EDGE_LOOP ( 'NONE', ( #10950, #968, #1121, #618 ) ) ;
#6748 =( LENGTH_UNIT ( ) NAMED_UNIT ( * ) SI_UNIT ( .MILLI., .METRE. ) );
#6749 = CARTESIAN_POINT ( 'NONE',  ( 0.2286823215024055000, 0.8409999996185738569, -2.313752027488907625 ) ) ;
#6750 = EDGE_CURVE ( 'NONE', #8722, #10167, #8811, .T. ) ;
#6751 = CARTESIAN_POINT ( 'NONE',  ( 0.9766078844937484682, 0.8399999996185738560, -2.498632465613715770 ) ) ;
#6752 = ORIENTED_EDGE ( 'NONE', *, *, #3141, .F. ) ;
#6753 = ORIENTED_EDGE ( 'NONE', *, *, #10346, .F. ) ;
#6754 = COLOUR_RGB ( '',1.000000000000000000, 1.000000000000000000, 1.000000000000000000 ) ;
#6755 = MECHANICAL_DESIGN_GEOMETRIC_PRESENTATION_REPRESENTATION (  '', ( #1755 ), #1578 ) ;
#6756 = CARTESIAN_POINT ( 'NONE',  ( -0.4477714798796501583, 0.8409999996185738569, -2.593258669917257730 ) ) ;
#6757 = SURFACE_SIDE_STYLE ('',( #4872 ) ) ;
#6758 = FILL_AREA_STYLE_COLOUR ( '', #10212 ) ;
#6759 = DIRECTION ( 'NONE',  ( -6.544243407293499679E-15, 0.0000000000000000000, -1.000000000000000000 ) ) ;
#6760 = EDGE_CURVE ( 'NONE', #3792, #8131, #5157, .T. ) ;
#6761 = CARTESIAN_POINT ( 'NONE',  ( -0.2367780393081682366, 0.8409999996185738569, -2.546225764548683212 ) ) ;
#6762 = ADVANCED_FACE ( 'NONE', ( #6971 ), #9039, .F. ) ;
#6763 = CARTESIAN_POINT ( 'NONE',  ( 0.6082475030763002666, 0.8399999996185738560, -2.005617892709754102 ) ) ;
#6764 = FILL_AREA_STYLE ('',( #3200 ) ) ;
#6765 = DIRECTION ( 'NONE',  ( -1.000000000000000000, 0.0000000000000000000, -0.0000000000000000000 ) ) ;
#6766 = CARTESIAN_POINT ( 'NONE',  ( -0.4615187851965718013, 0.8409999996185738569, -2.255467739283380624 ) ) ;
#6767 = VECTOR ( 'NONE', #3331, 1000.000000000000000 ) ;
#6768 = ORIENTED_EDGE ( 'NONE', *, *, #8565, .F. ) ;
#6769 = CARTESIAN_POINT ( 'NONE',  ( -0.3064209816255664132, 0.8399999996185738560, -2.568483306489790952 ) ) ;
#6770 = ORIENTED_EDGE ( 'NONE', *, *, #7291, .T. ) ;
#6771 = UNCERTAINTY_MEASURE_WITH_UNIT (LENGTH_MEASURE( 1.000000000000000082E-05 ), #7829, 'distance_accuracy_value', 'NONE');
#6772 = DIRECTION ( 'NONE',  ( -9.046454121468000086E-15, -0.0000000000000000000, -1.000000000000000000 ) ) ;
#6773 = CARTESIAN_POINT ( 'NONE',  ( 0.7763206675015362768, 0.8399999996185738560, -2.121868500774836352 ) ) ;
#6774 = B_SPLINE_SURFACE_WITH_KNOTS ( 'NONE', 3, 1, ( 
 ( #2878, #8395 ),
 ( #7421, #11138 ),
 ( #3537, #2751 ),
 ( #2813, #80 ) ),
 .UNSPECIFIED., .F., .F., .F.,
 ( 4, 4 ),
 ( 2, 2 ),
 ( 2.000000000000000000, 3.000000000000000000 ),
 ( 0.0000000000000000000, 1.000000000000000000 ),
 .UNSPECIFIED. ) ;
#6775 = LINE ( 'NONE', #3928, #7318 ) ;
#6776 = FACE_BOUND ( 'NONE', #4017, .T. ) ;
#6777 = VERTEX_POINT ( 'NONE', #4262 ) ;
#6778 = ADVANCED_FACE ( 'NONE', ( #8023 ), #11852, .F. ) ;
#6779 = ADVANCED_FACE ( 'NONE', ( #2511 ), #4545, .F. ) ;
#6780 =( NAMED_UNIT ( * ) SI_UNIT ( $, .STERADIAN. ) SOLID_ANGLE_UNIT ( ) );
#6781 = VERTEX_POINT ( 'NONE', #1071 ) ;
#6782 = CARTESIAN_POINT ( 'NONE',  ( 0.4093609412019875715, 0.8409999996185738569, -2.032229476742737351 ) ) ;
#6783 = CARTESIAN_POINT ( 'NONE',  ( -1.000735434753270203, 0.8409999996185738569, -2.491840820439746196 ) ) ;
#6784 = PRESENTATION_STYLE_ASSIGNMENT (( #1968 ) ) ;
#6785 = FILL_AREA_STYLE_COLOUR ( '', #3729 ) ;
#6786 = VERTEX_POINT ( 'NONE', #2675 ) ;
#6787 = FILL_AREA_STYLE ('',( #10269 ) ) ;
#6788 = CARTESIAN_POINT ( 'NONE',  ( -0.7618948885402176963, 0.8409999996185738569, -2.201586359471180643 ) ) ;
#6789 = PRESENTATION_STYLE_ASSIGNMENT (( #4125 ) ) ;
#6790 = PRESENTATION_STYLE_ASSIGNMENT (( #5998 ) ) ;
#6791 = CARTESIAN_POINT ( 'NONE',  ( 0.2805048377901227519, 0.8409999996185738569, -2.189097769216112876 ) ) ;
#6792 = ORIENTED_EDGE ( 'NONE', *, *, #4983, .F. ) ;
#6793 =( LENGTH_UNIT ( ) NAMED_UNIT ( * ) SI_UNIT ( .MILLI., .METRE. ) );
#6794 = ADVANCED_FACE ( 'NONE', ( #3760 ), #5801, .F. ) ;
#6795 = CARTESIAN_POINT ( 'NONE',  ( -0.4182122556278534686, 0.8409999996185738569, -2.634248803718319820 ) ) ;
#6796 = CARTESIAN_POINT ( 'NONE',  ( 0.3211225405641394137, 0.8399999996185738560, -2.568662950791342769 ) ) ;
#6797 = ORIENTED_EDGE ( 'NONE', *, *, #6551, .T. ) ;
#6798 =( NAMED_UNIT ( * ) PLANE_ANGLE_UNIT ( ) SI_UNIT ( $, .RADIAN. ) );
#6799 = CARTESIAN_POINT ( 'NONE',  ( 0.8631584530925782150, 0.8409999996185738569, -2.472020859874013876 ) ) ;
#6800 = EDGE_CURVE ( 'NONE', #276, #8420, #2732, .T. ) ;
#6801 = DIRECTION ( 'NONE',  ( -1.000000000000000000, 0.0000000000000000000, -0.0000000000000000000 ) ) ;
#6802 = CARTESIAN_POINT ( 'NONE',  ( -0.3361312751670491594, 0.8409999996185738569, -2.551160694662033546 ) ) ;
#6803 = CARTESIAN_POINT ( 'NONE',  ( -0.5468729335895011756, 0.8399999996185738560, -2.255467739283379736 ) ) ;
#6804 = CARTESIAN_POINT ( 'NONE',  ( -0.5951647497025869260, 0.8400000000000000799, -2.155157731260029408 ) ) ;
#6805 = LINE ( 'NONE', #6977, #983 ) ;
#6806 = EDGE_LOOP ( 'NONE', ( #3601, #5154, #2864, #6214 ) ) ;
#6807 = CARTESIAN_POINT ( 'NONE',  ( -0.9640759539081357188, 0.8399999996185738560, -2.409961265696968002 ) ) ;
#6808 = LINE ( 'NONE', #4867, #9411 ) ;
#6809 = ORIENTED_EDGE ( 'NONE', *, *, #9818, .F. ) ;
#6810 = DIRECTION ( 'NONE',  ( -1.000000000000000000, -0.0000000000000000000, -0.0000000000000000000 ) ) ;
#6811 = ORIENTED_EDGE ( 'NONE', *, *, #5651, .F. ) ;
#6812 = ORIENTED_EDGE ( 'NONE', *, *, #3293, .F. ) ;
#6813 = SURFACE_SIDE_STYLE ('',( #6020 ) ) ;
#6814 = B_SPLINE_CURVE_WITH_KNOTS ( 'NONE', 3,
 ( #7206, #6340, #106, #885 ),
 .UNSPECIFIED., .F., .F.,
 ( 4, 4 ),
 ( 5.000000000000000000, 6.000000000000000000 ),
 .UNSPECIFIED. ) ;
#6815 =( NAMED_UNIT ( * ) SI_UNIT ( $, .STERADIAN. ) SOLID_ANGLE_UNIT ( ) );
#6816 = VECTOR ( 'NONE', #2376, 1000.000000000000000 ) ;
#6817 = CARTESIAN_POINT ( 'NONE',  ( -0.3437854524861161387, 0.8409999996185738569, -2.166739710098317229 ) ) ;
#6818 = CARTESIAN_POINT ( 'NONE',  ( -0.1806306201586561910, 0.8409999996185738569, -2.510472699440351896 ) ) ;
#6819 = CARTESIAN_POINT ( 'NONE',  ( 0.3379298676927366407, 0.8399999996185738560, -2.264730687865104120 ) ) ;
#6820 = DIRECTION ( 'NONE',  ( -0.0000000000000000000, -0.0000000000000000000, -1.000000000000000000 ) ) ;
#6821 =( LENGTH_UNIT ( ) NAMED_UNIT ( * ) SI_UNIT ( .MILLI., .METRE. ) );
#6822 = CARTESIAN_POINT ( 'NONE',  ( -0.6119837972322711428, 0.8399999996185738560, -2.209441962509615109 ) ) ;
#6823 =( NAMED_UNIT ( * ) SI_UNIT ( $, .STERADIAN. ) SOLID_ANGLE_UNIT ( ) );
#6824 = CARTESIAN_POINT ( 'NONE',  ( 2.100000000000000089, 0.8400000000000000799, 0.0000000000000000000 ) ) ;
#6825 = VERTEX_POINT ( 'NONE', #4728 ) ;
#6826 = VECTOR ( 'NONE', #6548, 1000.000000000000000 ) ;
#6827 = CARTESIAN_POINT ( 'NONE',  ( 0.5914402026622124220, 0.8409999996185738569, -2.521042199499166081 ) ) ;
#6828 = ORIENTED_EDGE ( 'NONE', *, *, #2059, .T. ) ;
#6829 = FILL_AREA_STYLE ('',( #9692 ) ) ;
#6830 = CARTESIAN_POINT ( 'NONE',  ( 0.2721012009410058163, 0.8409999996185738569, -2.479023961820537192 ) ) ;
#6831 = DIRECTION ( 'NONE',  ( -1.000000000000000000, 0.0000000000000000000, 0.0000000000000000000 ) ) ;
#6832 = EDGE_CURVE ( 'NONE', #1487, #11358, #11040, .T. ) ;
#6833 = FILL_AREA_STYLE ('',( #10376 ) ) ;
#6834 = ADVANCED_FACE ( 'NONE', ( #11180 ), #4672, .F. ) ;
#6835 = DIRECTION ( 'NONE',  ( 1.000000000000000000, 0.0000000000000000000, 0.0000000000000000000 ) ) ;
#6836 = MECHANICAL_DESIGN_GEOMETRIC_PRESENTATION_REPRESENTATION (  '', ( #1073 ), #4893 ) ;
#6837 = PLANE ( 'NONE',  #7091 ) ;
#6838 = VERTEX_POINT ( 'NONE', #9513 ) ;
#6839 = CARTESIAN_POINT ( 'NONE',  ( -0.1581212960691742164, 0.8409999996185738569, -2.159186245637923829 ) ) ;
#6840 = ORIENTED_EDGE ( 'NONE', *, *, #3236, .T. ) ;
#6841 = CARTESIAN_POINT ( 'NONE',  ( -0.2621073234627077087, 0.8400000000000000799, -2.477438881537072479 ) ) ;
#6842 = CARTESIAN_POINT ( 'NONE',  ( -0.2789263709930540625, 0.8399999996185738560, -2.222937485676831582 ) ) ;
#6843 = ORIENTED_EDGE ( 'NONE', *, *, #7612, .F. ) ;
#6844 = MECHANICAL_DESIGN_GEOMETRIC_PRESENTATION_REPRESENTATION (  '', ( #1087 ), #2037 ) ;
#6845 = CARTESIAN_POINT ( 'NONE',  ( -1.056782141042760026, 0.8409999996185738569, -2.567979742191714987 ) ) ;
#6846 = EDGE_CURVE ( 'NONE', #5531, #4447, #8553, .T. ) ;
#6847 =( NAMED_UNIT ( * ) SI_UNIT ( $, .STERADIAN. ) SOLID_ANGLE_UNIT ( ) );
#6849 = EDGE_CURVE ( 'NONE', #1291, #2528, #3034, .T. ) ;
#6848 = COLOUR_RGB ( '',1.000000000000000000, 1.000000000000000000, 1.000000000000000000 ) ;
#6850 = EDGE_CURVE ( 'NONE', #7010, #5314, #7721, .T. ) ;
#6851 = CARTESIAN_POINT ( 'NONE',  ( -0.7622473835479334214, 0.8400000000000000799, -2.545520774531907282 ) ) ;
#6852 = DIRECTION ( 'NONE',  ( -1.000000000000000000, 0.0000000000000000000, -0.0000000000000000000 ) ) ;
#6853 = ORIENTED_EDGE ( 'NONE', *, *, #9239, .F. ) ;
#6854 = DIRECTION ( 'NONE',  ( -0.0000000000000000000, -1.000000000000000000, -0.0000000000000000000 ) ) ;
#6855 = SURFACE_SIDE_STYLE ('',( #6737 ) ) ;
#6856 = CARTESIAN_POINT ( 'NONE',  ( 0.4387737236049271128, 0.8409999996185738569, -2.329158659427834621 ) ) ;
#6857 = ORIENTED_EDGE ( 'NONE', *, *, #8770, .F. ) ;
#6858 = CARTESIAN_POINT ( 'NONE',  ( -0.2089309336672774686, 0.8409999996185738569, -2.444102925054406406 ) ) ;
#6859 = FILL_AREA_STYLE_COLOUR ( '', #10540 ) ;
#6860 = CARTESIAN_POINT ( 'NONE',  ( -0.04492004203401921830, 0.8399999996185738560, -2.393645782464021821 ) ) ;
#6861 = EDGE_CURVE ( 'NONE', #11934, #2390, #6725, .T. ) ;
#6862 = MECHANICAL_DESIGN_GEOMETRIC_PRESENTATION_REPRESENTATION (  '', ( #336 ), #3966 ) ;
#6863 = AXIS2_PLACEMENT_3D ( 'NONE', #8897, #1643, #8678 ) ;
#6864 =( NAMED_UNIT ( * ) PLANE_ANGLE_UNIT ( ) SI_UNIT ( $, .RADIAN. ) );
#6865 = ORIENTED_EDGE ( 'NONE', *, *, #10308, .T. ) ;
#6866 = PRESENTATION_STYLE_ASSIGNMENT (( #1157 ) ) ;
#6867 = ORIENTED_EDGE ( 'NONE', *, *, #10626, .F. ) ;
#6868 = FILL_AREA_STYLE ('',( #8525 ) ) ;
#6869 = PRESENTATION_STYLE_ASSIGNMENT (( #7801 ) ) ;
#6870 = VERTEX_POINT ( 'NONE', #11431 ) ;
#6871 = VECTOR ( 'NONE', #4103, 1000.000000000000000 ) ;
#6872 = VERTEX_POINT ( 'NONE', #9457 ) ;
#6873 =( NAMED_UNIT ( * ) SI_UNIT ( $, .STERADIAN. ) SOLID_ANGLE_UNIT ( ) );
#6874 = EDGE_CURVE ( 'NONE', #7783, #9028, #3356, .T. ) ;
#6875 = SURFACE_STYLE_FILL_AREA ( #3125 ) ;
#6876 = UNCERTAINTY_MEASURE_WITH_UNIT (LENGTH_MEASURE( 1.000000000000000082E-05 ), #7289, 'distance_accuracy_value', 'NONE');
#6877 = CARTESIAN_POINT ( 'NONE',  ( 0.5452200931313473387, 0.8399999996185738560, -2.089654474922372440 ) ) ;
#6878 = MECHANICAL_DESIGN_GEOMETRIC_PRESENTATION_REPRESENTATION (  '', ( #5326 ), #7274 ) ;
#6879 = VECTOR ( 'NONE', #3131, 1000.000000000000000 ) ;
#6880 = CARTESIAN_POINT ( 'NONE',  ( 0.4093609412019875715, 0.8399999996185738560, -2.032229476742737351 ) ) ;
#6881 = CARTESIAN_POINT ( 'NONE',  ( -0.5951647497025869260, 0.8400000000000000799, -2.155157731260029408 ) ) ;
#6882 = PRESENTATION_LAYER_ASSIGNMENT (  '', '', ( #8842 ) ) ;
#6883 = AXIS2_PLACEMENT_3D ( 'NONE', #7395, #1064, #6456 ) ;
#6884 =( GEOMETRIC_REPRESENTATION_CONTEXT ( 3 ) GLOBAL_UNCERTAINTY_ASSIGNED_CONTEXT ( ( #7246 ) ) GLOBAL_UNIT_ASSIGNED_CONTEXT ( ( #2256, #1361, #3927 ) ) REPRESENTATION_CONTEXT ( 'NONE', 'WORKASPACE' ) );
#6885 = PRESENTATION_STYLE_ASSIGNMENT (( #7993 ) ) ;
#6886 = EDGE_LOOP ( 'NONE', ( #10094, #6812, #11470, #4716 ) ) ;
#6887 = ORIENTED_EDGE ( 'NONE', *, *, #9520, .T. ) ;
#6888 = UNCERTAINTY_MEASURE_WITH_UNIT (LENGTH_MEASURE( 1.000000000000000082E-05 ), #8950, 'distance_accuracy_value', 'NONE');
#6889 =( NAMED_UNIT ( * ) SI_UNIT ( $, .STERADIAN. ) SOLID_ANGLE_UNIT ( ) );
#6890 = STYLED_ITEM ( 'NONE', ( #72 ), #4788 ) ;
#6891 = CARTESIAN_POINT ( 'NONE',  ( 2.100000000000000089, 0.8400000000000000799, -3.279999999999999805 ) ) ;
#6892 = VECTOR ( 'NONE', #869, 1000.000000000000000 ) ;
#6893 = ADVANCED_FACE ( 'NONE', ( #2963 ), #1370, .F. ) ;
#6894 = PRESENTATION_STYLE_ASSIGNMENT (( #3023 ) ) ;
#6895 = STYLED_ITEM ( 'NONE', ( #3686 ), #11783 ) ;
#6896 = PRESENTATION_STYLE_ASSIGNMENT (( #3086 ) ) ;
#6897 = PRESENTATION_LAYER_ASSIGNMENT (  '', '', ( #6692 ) ) ;
#6898 = CARTESIAN_POINT ( 'NONE',  ( -0.04492004203401965545, 0.8409999996185738569, -2.479251713006657809 ) ) ;
#6899 = ORIENTED_EDGE ( 'NONE', *, *, #10722, .F. ) ;
#6900 = LINE ( 'NONE', #4181, #8629 ) ;
#6901 = PLANE ( 'NONE',  #5647 ) ;
#6902 = EDGE_LOOP ( 'NONE', ( #5474, #1900, #4860, #3231 ) ) ;
#6903 = AXIS2_PLACEMENT_3D ( 'NONE', #11853, #3515, #7212 ) ;
#6904 = SURFACE_STYLE_USAGE ( .BOTH. , #10692 ) ;
#6905 =( LENGTH_UNIT ( ) NAMED_UNIT ( * ) SI_UNIT ( .MILLI., .METRE. ) );
#6906 = DIRECTION ( 'NONE',  ( -0.0000000000000000000, -1.000000000000000000, -0.0000000000000000000 ) ) ;
#6907 = STYLED_ITEM ( 'NONE', ( #8261 ), #2071 ) ;
#6908 = SURFACE_STYLE_FILL_AREA ( #7957 ) ;
#6909 = VECTOR ( 'NONE', #1377, 1000.000000000000000 ) ;
#6910 = ORIENTED_EDGE ( 'NONE', *, *, #5890, .F. ) ;
#6911 = FACE_OUTER_BOUND ( 'NONE', #1369, .T. ) ;
#6912 = CARTESIAN_POINT ( 'NONE',  ( -0.8202579905973723662, 0.8409999996185738569, -2.412176948605279314 ) ) ;
#6913 = SURFACE_STYLE_FILL_AREA ( #4072 ) ;
#6914 = B_SPLINE_CURVE_WITH_KNOTS ( 'NONE', 3,
 ( #3313, #2313, #5972, #2484 ),
 .UNSPECIFIED., .F., .F.,
 ( 4, 4 ),
 ( 1.000000000000000000, 2.000000000000000000 ),
 .UNSPECIFIED. ) ;
#6915 = COLOUR_RGB ( '',1.000000000000000000, 1.000000000000000000, 1.000000000000000000 ) ;
#6916 =( NAMED_UNIT ( * ) SI_UNIT ( $, .STERADIAN. ) SOLID_ANGLE_UNIT ( ) );
#6917 = ORIENTED_EDGE ( 'NONE', *, *, #3063, .T. ) ;
#6918 = PRESENTATION_LAYER_ASSIGNMENT (  '', '', ( #966 ) ) ;
#6919 = CARTESIAN_POINT ( 'NONE',  ( -0.5155512342977920381, 0.8409999996185738569, -2.233008771623575583 ) ) ;
#6920 =( LENGTH_UNIT ( ) NAMED_UNIT ( * ) SI_UNIT ( .MILLI., .METRE. ) );
#6921 = ORIENTED_EDGE ( 'NONE', *, *, #1927, .F. ) ;
#6922 = EDGE_CURVE ( 'NONE', #8334, #10483, #7830, .T. ) ;
#6923 = EDGE_CURVE ( 'NONE', #4909, #8968, #4795, .T. ) ;
#6924 = DIRECTION ( 'NONE',  ( 1.000000000000000000, -0.0000000000000000000, -0.0000000000000000000 ) ) ;
#6925 = AXIS2_PLACEMENT_3D ( 'NONE', #1061, #7577, #5572 ) ;
#6926 = CARTESIAN_POINT ( 'NONE',  ( -0.8795275083899873891, 0.8409999996185738569, -2.567979742191715875 ) ) ;
#6927 = SURFACE_STYLE_FILL_AREA ( #3238 ) ;
#6928 = B_SPLINE_CURVE_WITH_KNOTS ( 'NONE', 3,
 ( #4925, #8391, #3057, #79 ),
 .UNSPECIFIED., .F., .F.,
 ( 4, 4 ),
 ( 22.00000000000000000, 23.00000000000000000 ),
 .UNSPECIFIED. ) ;
#6929 = CARTESIAN_POINT ( 'NONE',  ( -0.9672987654112523703, 0.8409999996185738569, -2.396163603951712684 ) ) ;
#6930 = ORIENTED_EDGE ( 'NONE', *, *, #1879, .F. ) ;
#6931 = SURFACE_STYLE_FILL_AREA ( #3244 ) ;
#6932 = DIRECTION ( 'NONE',  ( 0.0000000000000000000, 0.0000000000000000000, -1.000000000000000000 ) ) ;
#6933 = ORIENTED_EDGE ( 'NONE', *, *, #3381, .F. ) ;
#6934 =( GEOMETRIC_REPRESENTATION_CONTEXT ( 3 ) GLOBAL_UNCERTAINTY_ASSIGNED_CONTEXT ( ( #10105 ) ) GLOBAL_UNIT_ASSIGNED_CONTEXT ( ( #2858, #10459, #2270 ) ) REPRESENTATION_CONTEXT ( 'NONE', 'WORKASPACE' ) );
#6935 = EDGE_CURVE ( 'NONE', #9545, #4483, #4517, .T. ) ;
#6936 =( NAMED_UNIT ( * ) SI_UNIT ( $, .STERADIAN. ) SOLID_ANGLE_UNIT ( ) );
#6937 = ORIENTED_EDGE ( 'NONE', *, *, #2988, .T. ) ;
#6938 = ORIENTED_EDGE ( 'NONE', *, *, #8614, .T. ) ;
#6939 = FILL_AREA_STYLE ('',( #11457 ) ) ;
#6940 = FACE_OUTER_BOUND ( 'NONE', #5088, .T. ) ;
#6941 = CARTESIAN_POINT ( 'NONE',  ( 1.014424343818915775, 0.8409999996185738569, -2.456614227936432471 ) ) ;
#6942 = FILL_AREA_STYLE_COLOUR ( '', #2830 ) ;
#6943 = FILL_AREA_STYLE ('',( #8836 ) ) ;
#6944 = DIRECTION ( 'NONE',  ( 1.000000000000000000, -0.0000000000000000000, 0.0000000000000000000 ) ) ;
#6945 = CARTESIAN_POINT ( 'NONE',  ( 0.7146938458888766332, 0.8409999996185738569, -2.060241672484219411 ) ) ;
#6946 = VERTEX_POINT ( 'NONE', #4300 ) ;
#6947 = STYLED_ITEM ( 'NONE', ( #8759 ), #1765 ) ;
#6948 = CARTESIAN_POINT ( 'NONE',  ( 0.4443761837901296086, 0.8399999996185738560, -2.501433749135005602 ) ) ;
#6949 = ORIENTED_EDGE ( 'NONE', *, *, #2518, .F. ) ;
#6950 = SURFACE_STYLE_USAGE ( .BOTH. , #9638 ) ;
#6951 = CARTESIAN_POINT ( 'NONE',  ( 1.261220445829635661, -0.8399999999999999689, -3.279999999999999805 ) ) ;
#6952 = CARTESIAN_POINT ( 'NONE',  ( -0.1611426818529279881, 0.8409999996185738569, -2.560224852013971653 ) ) ;
#6953 = DIRECTION ( 'NONE',  ( 0.0000000000000000000, -0.0000000000000000000, 1.000000000000000000 ) ) ;
#6954 = VERTEX_POINT ( 'NONE', #3392 ) ;
#6955 = CARTESIAN_POINT ( 'NONE',  ( 0.5914402026622124220, 0.8399999996185738560, -2.521042199499166081 ) ) ;
#6956 = VECTOR ( 'NONE', #5995, 1000.000000000000000 ) ;
#6957 =( NAMED_UNIT ( * ) SI_UNIT ( $, .STERADIAN. ) SOLID_ANGLE_UNIT ( ) );
#6958 = VERTEX_POINT ( 'NONE', #10641 ) ;
#6959 =( NAMED_UNIT ( * ) SI_UNIT ( $, .STERADIAN. ) SOLID_ANGLE_UNIT ( ) );
#6960 = CARTESIAN_POINT ( 'NONE',  ( -0.3460514918241027194, 0.8399999996185738560, -2.510976263737089376 ) ) ;
#6961 = ADVANCED_FACE ( 'NONE', ( #6105 ), #11840, .T. ) ;
#6962 = VERTEX_POINT ( 'NONE', #6044 ) ;
#6963 = CARTESIAN_POINT ( 'NONE',  ( -0.1812348973154007392, 0.8409999996185738569, -2.544715071657143390 ) ) ;
#6964 = CARTESIAN_POINT ( 'NONE',  ( -0.3905665757056559495, 0.8399999996185738560, -2.529708855597042838 ) ) ;
#6965 = DIRECTION ( 'NONE',  ( -1.000000000000000000, -0.0000000000000000000, 8.003925951628641812E-15 ) ) ;
#6966 = CARTESIAN_POINT ( 'NONE',  ( -0.4243053836250365030, 0.8409999996185738569, -2.255467739283380624 ) ) ;
#6967 = VERTEX_POINT ( 'NONE', #6153 ) ;
#6968 = CARTESIAN_POINT ( 'NONE',  ( -0.3732943203082418893, 0.8409999996185738569, -2.447527162276217361 ) ) ;
#6969 = DIRECTION ( 'NONE',  ( -0.0000000000000000000, -1.000000000000000000, -0.0000000000000000000 ) ) ;
#6970 = ORIENTED_EDGE ( 'NONE', *, *, #5231, .T. ) ;
#6971 = FACE_OUTER_BOUND ( 'NONE', #10475, .T. ) ;
#6972 = DIRECTION ( 'NONE',  ( -0.0000000000000000000, -1.000000000000000000, -0.0000000000000000000 ) ) ;
#6973 = CARTESIAN_POINT ( 'NONE',  ( -0.6609302469297738680, 0.8409999996185738569, -2.456692032487504562 ) ) ;
#6974 =( NAMED_UNIT ( * ) PLANE_ANGLE_UNIT ( ) SI_UNIT ( $, .RADIAN. ) );
#6975 = CARTESIAN_POINT ( 'NONE',  ( -0.8346599295000483032, 0.8399999996185738560, -2.424564630319675729 ) ) ;
#6976 = EDGE_CURVE ( 'NONE', #8378, #5168, #596, .T. ) ;
#6977 = CARTESIAN_POINT ( 'NONE',  ( -0.3437854524861159722, 0.8409999996185738569, -2.081133779555683905 ) ) ;
#6978 = EDGE_CURVE ( 'NONE', #7512, #11065, #11631, .T. ) ;
#6979 = ORIENTED_EDGE ( 'NONE', *, *, #3821, .T. ) ;
#6980 = FILL_AREA_STYLE_COLOUR ( '', #7458 ) ;
#6981 = ADVANCED_FACE ( 'NONE', ( #7955 ), #8133, .F. ) ;
#6982 = PLANE ( 'NONE',  #1311 ) ;
#6983 = ORIENTED_EDGE ( 'NONE', *, *, #2941, .F. ) ;
#6984 = DIRECTION ( 'NONE',  ( 1.000000000000000000, 0.0000000000000000000, -3.439386710808774776E-15 ) ) ;
#6985 = LINE ( 'NONE', #1685, #8900 ) ;
#6986 = CARTESIAN_POINT ( 'NONE',  ( -0.4198236613794138483, 0.8399999996185738560, -2.058473386177186004 ) ) ;
#6987 = ORIENTED_EDGE ( 'NONE', *, *, #3627, .F. ) ;
#6988 = ORIENTED_EDGE ( 'NONE', *, *, #6307, .T. ) ;
#6989 = SURFACE_STYLE_USAGE ( .BOTH. , #8705 ) ;
#6990 = ADVANCED_FACE ( 'NONE', ( #1055 ), #10119, .F. ) ;
#6991 = PRESENTATION_STYLE_ASSIGNMENT (( #4339 ) ) ;
#6992 = EDGE_CURVE ( 'NONE', #6777, #8944, #3626, .T. ) ;
#6993 =( NAMED_UNIT ( * ) SI_UNIT ( $, .STERADIAN. ) SOLID_ANGLE_UNIT ( ) );
#6994 = UNCERTAINTY_MEASURE_WITH_UNIT (LENGTH_MEASURE( 1.000000000000000082E-05 ), #4478, 'distance_accuracy_value', 'NONE');
#6995 = FILL_AREA_STYLE ('',( #6081 ) ) ;
#6996 = PRESENTATION_STYLE_ASSIGNMENT (( #7932 ) ) ;
#6997 = FACE_OUTER_BOUND ( 'NONE', #7803, .T. ) ;
#6998 = PRESENTATION_STYLE_ASSIGNMENT (( #633 ) ) ;
#6999 = LINE ( 'NONE', #4047, #5938 ) ;
#7000 =( NAMED_UNIT ( * ) SI_UNIT ( $, .STERADIAN. ) SOLID_ANGLE_UNIT ( ) );
#7001 = DIRECTION ( 'NONE',  ( 3.272121703647071695E-15, -0.0000000000000000000, 1.000000000000000000 ) ) ;
#7002 = ORIENTED_EDGE ( 'NONE', *, *, #11238, .T. ) ;
#7003 = CARTESIAN_POINT ( 'NONE',  ( -0.3337141665400489843, 0.8399999996185738560, -2.571303266554186173 ) ) ;
#7004 = STYLED_ITEM ( 'NONE', ( #847 ), #8046 ) ;
#7005 = ORIENTED_EDGE ( 'NONE', *, *, #6596, .F. ) ;
#7006 = EDGE_CURVE ( 'NONE', #3878, #8313, #3692, .T. ) ;
#7007 = SURFACE_STYLE_USAGE ( .BOTH. , #9641 ) ;
#7008 = ORIENTED_EDGE ( 'NONE', *, *, #476, .F. ) ;
#7009 = CARTESIAN_POINT ( 'NONE',  ( 0.7763206675015362768, 0.8399999996185738560, -2.121868500774836352 ) ) ;
#7010 = VERTEX_POINT ( 'NONE', #95 ) ;
#7011 = AXIS2_PLACEMENT_3D ( 'NONE', #2513, #9097, #5523 ) ;
#7012 = CARTESIAN_POINT ( 'NONE',  ( -0.7819871040026904474, 0.8399999996185738560, -2.255467739283379291 ) ) ;
#7013 = DIRECTION ( 'NONE',  ( -1.000000000000000000, 0.0000000000000000000, 0.0000000000000000000 ) ) ;
#7014 =( NAMED_UNIT ( * ) PLANE_ANGLE_UNIT ( ) SI_UNIT ( $, .RADIAN. ) );
#7015 = VERTEX_POINT ( 'NONE', #1831 ) ;
#7016 = CARTESIAN_POINT ( 'NONE',  ( -0.3823081212298362619, 0.8399999996185738560, -2.506444185061117658 ) ) ;
#7017 = LINE ( 'NONE', #10752, #4403 ) ;
#7018 = CARTESIAN_POINT ( 'NONE',  ( -0.3641798065266340090, 0.8409999996185738569, -2.567576890754330599 ) ) ;
#7019 = MECHANICAL_DESIGN_GEOMETRIC_PRESENTATION_REPRESENTATION (  '', ( #5091 ), #7418 ) ;
#7020 = ADVANCED_FACE ( 'NONE', ( #9199 ), #1949, .F. ) ;
#7021 = EDGE_CURVE ( 'NONE', #9563, #9933, #7445, .T. ) ;
#7022 = ORIENTED_EDGE ( 'NONE', *, *, #3141, .T. ) ;
#7023 = CARTESIAN_POINT ( 'NONE',  ( 1.261220445829635661, -0.8399999999999999689, -3.279999999999999805 ) ) ;
#7024 = CARTESIAN_POINT ( 'NONE',  ( -0.3437854524861161387, 0.8409999996185738569, -2.166739710098317229 ) ) ;
#7025 = ORIENTED_EDGE ( 'NONE', *, *, #6321, .F. ) ;
#7026 =( NAMED_UNIT ( * ) SI_UNIT ( $, .STERADIAN. ) SOLID_ANGLE_UNIT ( ) );
#7027 = STYLED_ITEM ( 'NONE', ( #10999 ), #8965 ) ;
#7028 = COLOUR_RGB ( '',1.000000000000000000, 1.000000000000000000, 1.000000000000000000 ) ;
#7029 = CARTESIAN_POINT ( 'NONE',  ( -0.2955439928040459185, 0.8409999996185738569, -2.537564458635476417 ) ) ;
#7030 = CARTESIAN_POINT ( 'NONE',  ( -0.1645669190740734755, 0.8399999996185738560, -2.201485646611835545 ) ) ;
#7031 = DIRECTION ( 'NONE',  ( -1.000000000000000000, 0.0000000000000000000, -0.0000000000000000000 ) ) ;
#7032 = COLOUR_RGB ( '',1.000000000000000000, 1.000000000000000000, 1.000000000000000000 ) ;
#7033 = SURFACE_SIDE_STYLE ('',( #1330 ) ) ;
#7034 = CARTESIAN_POINT ( 'NONE',  ( -0.7173798046579930032, 0.8399999996185738560, -2.097449262788629198 ) ) ;
#7035 = ORIENTED_EDGE ( 'NONE', *, *, #4301, .T. ) ;
#7036 = AXIS2_PLACEMENT_3D ( 'NONE', #11907, #11735, #1616 ) ;
#7037 = CARTESIAN_POINT ( 'NONE',  ( -0.3211250591069507720, 0.8409999996185738569, -2.463036942633053616 ) ) ;
#7038 = VECTOR ( 'NONE', #4515, 1000.000000000000114 ) ;
#7039 = B_SPLINE_SURFACE_WITH_KNOTS ( 'NONE', 3, 1, ( 
 ( #9057, #3661 ),
 ( #21, #11129 ),
 ( #6414, #11251 ),
 ( #6602, #5539 ) ),
 .UNSPECIFIED., .F., .F., .F.,
 ( 4, 4 ),
 ( 2, 2 ),
 ( 4.000000000000000000, 5.000000000000000000 ),
 ( 0.0000000000000000000, 1.000000000000000000 ),
 .UNSPECIFIED. ) ;
#7040 = ORIENTED_EDGE ( 'NONE', *, *, #4626, .F. ) ;
#7041 = CARTESIAN_POINT ( 'NONE',  ( 0.5914402026622124220, 0.8399999996185738560, -2.512638562648703555 ) ) ;
#7042 = STYLED_ITEM ( 'NONE', ( #1155 ), #390 ) ;
#7043 = DIRECTION ( 'NONE',  ( 1.000000000000000000, -0.0000000000000000000, -0.0000000000000000000 ) ) ;
#7044 = LINE ( 'NONE', #2471, #8758 ) ;
#7045 =( GEOMETRIC_REPRESENTATION_CONTEXT ( 3 ) GLOBAL_UNCERTAINTY_ASSIGNED_CONTEXT ( ( #9070 ) ) GLOBAL_UNIT_ASSIGNED_CONTEXT ( ( #5303, #6320, #8954 ) ) REPRESENTATION_CONTEXT ( 'NONE', 'WORKASPACE' ) );
#7046 = ORIENTED_EDGE ( 'NONE', *, *, #9290, .F. ) ;
#7047 = PRESENTATION_LAYER_ASSIGNMENT (  '', '', ( #2052 ) ) ;
#7048 = EDGE_LOOP ( 'NONE', ( #571, #11794, #6194, #5861 ) ) ;
#7049 = FACE_OUTER_BOUND ( 'NONE', #11051, .T. ) ;
#7050 = SURFACE_SIDE_STYLE ('',( #6240 ) ) ;
#7051 = MECHANICAL_DESIGN_GEOMETRIC_PRESENTATION_REPRESENTATION (  '', ( #7660 ), #5517 ) ;
#7052 = CARTESIAN_POINT ( 'NONE',  ( -0.2072188150563704090, 0.8409999996185738569, -2.236130870267349469 ) ) ;
#7053 = MECHANICAL_DESIGN_GEOMETRIC_PRESENTATION_REPRESENTATION (  '', ( #6463 ), #11342 ) ;
#7054 = CARTESIAN_POINT ( 'NONE',  ( 0.4009573043522013380, 0.8399999996185738560, -2.481825191914147410 ) ) ;
#7055 = EDGE_CURVE ( 'NONE', #2898, #3329, #5620, .T. ) ;
#7056 = EDGE_CURVE ( 'NONE', #5168, #3361, #10260, .T. ) ;
#7057 = CARTESIAN_POINT ( 'NONE',  ( -0.2322459606321946035, 0.8409999996185738569, -2.055149861814719703 ) ) ;
#7058 =( NAMED_UNIT ( * ) PLANE_ANGLE_UNIT ( ) SI_UNIT ( $, .RADIAN. ) );
#7059 = ADVANCED_FACE ( 'NONE', ( #4711 ), #8481, .T. ) ;
#7060 = CARTESIAN_POINT ( 'NONE',  ( 0.8071340649512808163, 0.8409999996185738569, -2.203103786108907780 ) ) ;
#7061 = ORIENTED_EDGE ( 'NONE', *, *, #11915, .T. ) ;
#7062 = MECHANICAL_DESIGN_GEOMETRIC_PRESENTATION_REPRESENTATION (  '', ( #2262 ), #8443 ) ;
#7063 = ORIENTED_EDGE ( 'NONE', *, *, #2328, .T. ) ;
#7064 = CARTESIAN_POINT ( 'NONE',  ( -0.3437854524861161387, 0.8399999996185738560, -2.166739710098317229 ) ) ;
#7065 = FILL_AREA_STYLE ('',( #5927 ) ) ;
#7066 = B_SPLINE_CURVE_WITH_KNOTS ( 'NONE', 3,
 ( #7854, #8882, #9782, #5037 ),
 .UNSPECIFIED., .F., .F.,
 ( 4, 4 ),
 ( 1.000000000000000000, 2.000000000000000000 ),
 .UNSPECIFIED. ) ;
#7067 = DIRECTION ( 'NONE',  ( 0.0000000000000000000, -0.0000000000000000000, -1.000000000000000000 ) ) ;
#7068 =( NAMED_UNIT ( * ) PLANE_ANGLE_UNIT ( ) SI_UNIT ( $, .RADIAN. ) );
#7069 = CARTESIAN_POINT ( 'NONE',  ( -0.4198236613794138483, 0.8409999996185738569, -2.081133779555683905 ) ) ;
#7070 = ORIENTED_EDGE ( 'NONE', *, *, #4194, .F. ) ;
#7071 = DIRECTION ( 'NONE',  ( -0.0000000000000000000, -0.0000000000000000000, 1.000000000000000000 ) ) ;
#7072 = AXIS2_PLACEMENT_3D ( 'NONE', #6640, #5746, #3022 ) ;
#7073 = ORIENTED_EDGE ( 'NONE', *, *, #3075, .F. ) ;
#7074 = EDGE_CURVE ( 'NONE', #3933, #4909, #7511, .T. ) ;
#7075 = DIRECTION ( 'NONE',  ( -0.3493954794691455090, -0.0000000000000000000, -0.9369753459544845064 ) ) ;
#7076 = CARTESIAN_POINT ( 'NONE',  ( 0.7875255611587709259, 0.8399999996185738560, -2.491629470525245083 ) ) ;
#7077 = ADVANCED_FACE ( 'NONE', ( #3992, #5002, #4880, #3010 ), #9497, .T. ) ;
#7078 = LINE ( 'NONE', #5941, #559 ) ;
#7079 = PRESENTATION_LAYER_ASSIGNMENT (  '', '', ( #10975 ) ) ;
#7080 = CARTESIAN_POINT ( 'NONE',  ( -0.3064209816255664132, 0.8409999996185738569, -2.568483306489790952 ) ) ;
#7081 = VERTEX_POINT ( 'NONE', #7705 ) ;
#7082 = LINE ( 'NONE', #542, #329 ) ;
#7083 = FILL_AREA_STYLE_COLOUR ( '', #10825 ) ;
#7084 = MECHANICAL_DESIGN_GEOMETRIC_PRESENTATION_REPRESENTATION (  '', ( #563 ), #8079 ) ;
#7085 = SURFACE_SIDE_STYLE ('',( #6274 ) ) ;
#7086 = COLOUR_RGB ( '',1.000000000000000000, 1.000000000000000000, 1.000000000000000000 ) ;
#7087 = PRESENTATION_STYLE_ASSIGNMENT (( #4489 ) ) ;
#7088 = CARTESIAN_POINT ( 'NONE',  ( -0.5741157620749829382, 0.8400000000000000799, -2.212463348294041232 ) ) ;
#7089 = VECTOR ( 'NONE', #1777, 1000.000000000000000 ) ;
#7090 = ORIENTED_EDGE ( 'NONE', *, *, #3379, .T. ) ;
#7091 = AXIS2_PLACEMENT_3D ( 'NONE', #11473, #5011, #6953 ) ;
#7092 = SURFACE_SIDE_STYLE ('',( #1503 ) ) ;
#7093 = SURFACE_STYLE_USAGE ( .BOTH. , #2560 ) ;
#7094 =( GEOMETRIC_REPRESENTATION_CONTEXT ( 3 ) GLOBAL_UNCERTAINTY_ASSIGNED_CONTEXT ( ( #7355 ) ) GLOBAL_UNIT_ASSIGNED_CONTEXT ( ( #547, #3102, #6916 ) ) REPRESENTATION_CONTEXT ( 'NONE', 'WORKASPACE' ) );
#7095 = FILL_AREA_STYLE ('',( #3463 ) ) ;
#7096 = CARTESIAN_POINT ( 'NONE',  ( -0.9640759539081356078, 0.8409999996185738569, -2.409961265696968002 ) ) ;
#7097 = SURFACE_SIDE_STYLE ('',( #7970 ) ) ;
#7098 = VECTOR ( 'NONE', #10026, 1000.000000000000000 ) ;
#7099 = FILL_AREA_STYLE_COLOUR ( '', #1712 ) ;
#7100 = STYLED_ITEM ( 'NONE', ( #8568 ), #2208 ) ;
#7101 = CARTESIAN_POINT ( 'NONE',  ( -1.489999999999999991, -0.02999999999999966929, -8.279999999999999361 ) ) ;
#7102 =( NAMED_UNIT ( * ) PLANE_ANGLE_UNIT ( ) SI_UNIT ( $, .RADIAN. ) );
#7103 = VERTEX_POINT ( 'NONE', #11410 ) ;
#7104 = UNCERTAINTY_MEASURE_WITH_UNIT (LENGTH_MEASURE( 1.000000000000000082E-05 ), #5669, 'distance_accuracy_value', 'NONE');
#7105 = CARTESIAN_POINT ( 'NONE',  ( -0.5650516047230472738, 0.8399999996185738560, -2.370985389085523476 ) ) ;
#7106 = EDGE_LOOP ( 'NONE', ( #1547, #76, #9169, #727 ) ) ;
#7107 = SURFACE_STYLE_FILL_AREA ( #3471 ) ;
#7108 = VECTOR ( 'NONE', #10517, 1000.000000000000000 ) ;
#7109 = B_SPLINE_CURVE_WITH_KNOTS ( 'NONE', 3,
 ( #2920, #6601, #9412, #8385 ),
 .UNSPECIFIED., .F., .F.,
 ( 4, 4 ),
 ( 5.000000000000000000, 6.000000000000000000 ),
 .UNSPECIFIED. ) ;
#7110 = CARTESIAN_POINT ( 'NONE',  ( 0.8071340649512808163, 0.8409999996185738569, -2.203103786108907780 ) ) ;
#7111 = DIRECTION ( 'NONE',  ( 0.3658589216693607371, 0.0000000000000000000, 0.9306703226357508907 ) ) ;
#7112 = EDGE_CURVE ( 'NONE', #5977, #2427, #3076, .T. ) ;
#7113 = VERTEX_POINT ( 'NONE', #2187 ) ;
#7114 = ORIENTED_EDGE ( 'NONE', *, *, #6992, .F. ) ;
#7115 =( NAMED_UNIT ( * ) SI_UNIT ( $, .STERADIAN. ) SOLID_ANGLE_UNIT ( ) );
#7116 = SURFACE_STYLE_FILL_AREA ( #1877 ) ;
#7117 = PRESENTATION_LAYER_ASSIGNMENT (  '', '', ( #9056 ) ) ;
#7118 = VECTOR ( 'NONE', #7640, 1000.000000000000000 ) ;
#7119 = CARTESIAN_POINT ( 'NONE',  ( -0.3480657490130525944, 0.8399999996185738560, -2.444102925054405517 ) ) ;
#7120 = B_SPLINE_CURVE_WITH_KNOTS ( 'NONE', 3,
 ( #8548, #285, #3934, #10262 ),
 .UNSPECIFIED., .F., .F.,
 ( 4, 4 ),
 ( 3.000000000000000000, 4.000000000000000000 ),
 .UNSPECIFIED. ) ;
#7121 = CARTESIAN_POINT ( 'NONE',  ( 0.8071340649512808163, 0.8409999996185738569, -2.203103786108907780 ) ) ;
#7122 = CARTESIAN_POINT ( 'NONE',  ( -0.2374326728945912734, 0.8409999996185738569, -2.546225764548683657 ) ) ;
#7123 = DIRECTION ( 'NONE',  ( -0.0000000000000000000, -1.000000000000000000, -0.0000000000000000000 ) ) ;
#7124 = CARTESIAN_POINT ( 'NONE',  ( -0.5904816017376014470, 0.8409999996185738569, -2.479251713006656033 ) ) ;
#7125 = DIRECTION ( 'NONE',  ( -0.0000000000000000000, -1.000000000000000000, -0.0000000000000000000 ) ) ;
#7126 = ORIENTED_EDGE ( 'NONE', *, *, #8128, .T. ) ;
#7127 = UNCERTAINTY_MEASURE_WITH_UNIT (LENGTH_MEASURE( 1.000000000000000082E-05 ), #155, 'distance_accuracy_value', 'NONE');
#7128 = VECTOR ( 'NONE', #7519, 1000.000000000000000 ) ;
#7129 = CARTESIAN_POINT ( 'NONE',  ( -0.2200000000000000289, -0.02999999999999966929, -8.279999999999999361 ) ) ;
#7130 = ORIENTED_EDGE ( 'NONE', *, *, #11859, .T. ) ;
#7131 = CARTESIAN_POINT ( 'NONE',  ( -0.1788177886883991763, 0.8399999996185738560, -2.099967084274983353 ) ) ;
#7132 = CARTESIAN_POINT ( 'NONE',  ( -0.04492004203401878809, 0.8399999996185738560, -2.233008771623577360 ) ) ;
#7133 = CARTESIAN_POINT ( 'NONE',  ( 0.7805224859260933012, 0.8409999996185738569, -2.203103786108907780 ) ) ;
#7134 = EDGE_CURVE ( 'NONE', #3340, #8778, #5848, .T. ) ;
#7135 = EDGE_CURVE ( 'NONE', #6129, #11667, #311, .T. ) ;
#7136 = CARTESIAN_POINT ( 'NONE',  ( 0.9457944736880895542, 0.8409999996185738569, -2.532247119870911778 ) ) ;
#7137 = CARTESIAN_POINT ( 'NONE',  ( -0.1850116295449278081, 0.8400000000000000799, -2.506242759342431015 ) ) ;
#7138 = EDGE_LOOP ( 'NONE', ( #7114, #6068, #5631, #71 ) ) ;
#7139 = SURFACE_SIDE_STYLE ('',( #6154 ) ) ;
#7140 = VERTEX_POINT ( 'NONE', #411 ) ;
#7141 = ORIENTED_EDGE ( 'NONE', *, *, #6800, .T. ) ;
#7142 = CARTESIAN_POINT ( 'NONE',  ( -0.3437854524861165828, 0.8409999996185738569, -2.233008771623576028 ) ) ;
#7143 = CARTESIAN_POINT ( 'NONE',  ( -0.1767028186394361822, 0.8399999996185738560, -2.449843558043874658 ) ) ;
#7144 = PRESENTATION_STYLE_ASSIGNMENT (( #10874 ) ) ;
#7145 = B_SPLINE_SURFACE_WITH_KNOTS ( 'NONE', 3, 1, ( 
 ( #3892, #6597 ),
 ( #970, #8380 ),
 ( #2033, #69 ),
 ( #6409, #4858 ),
 ( #18, #3657 ),
 ( #5702, #2105 ),
 ( #1977, #7595 ) ),
 .UNSPECIFIED., .F., .F., .F.,
 ( 4, 3, 4 ),
 ( 2, 2 ),
 ( 0.0000000000000000000, 1.000000000000000000, 2.000000000000000000 ),
 ( 0.0000000000000000000, 1.000000000000000000 ),
 .UNSPECIFIED. ) ;
#7146 =( GEOMETRIC_REPRESENTATION_CONTEXT ( 3 ) GLOBAL_UNCERTAINTY_ASSIGNED_CONTEXT ( ( #4643 ) ) GLOBAL_UNIT_ASSIGNED_CONTEXT ( ( #11697, #9988, #11876 ) ) REPRESENTATION_CONTEXT ( 'NONE', 'WORKASPACE' ) );
#7147 = ADVANCED_FACE ( 'NONE', ( #1535 ), #5120, .F. ) ;
#7148 = PRESENTATION_STYLE_ASSIGNMENT (( #3456 ) ) ;
#7149 = EDGE_CURVE ( 'NONE', #4313, #5531, #6914, .T. ) ;
#7150 = CARTESIAN_POINT ( 'NONE',  ( -0.9545585886891390093, 0.8409999996185738569, -2.370985389085522144 ) ) ;
#7151 = CARTESIAN_POINT ( 'NONE',  ( -0.4421819161798750675, 0.8409999996185738569, -2.606552767365779122 ) ) ;
#7152 = ORIENTED_EDGE ( 'NONE', *, *, #4341, .F. ) ;
#7153 = CARTESIAN_POINT ( 'NONE',  ( -0.1628044440334908693, 0.8409999996185738569, -2.461123398304127630 ) ) ;
#7154 = B_SPLINE_CURVE_WITH_KNOTS ( 'NONE', 3,
 ( #693, #1544, #8957, #4473 ),
 .UNSPECIFIED., .F., .F.,
 ( 4, 4 ),
 ( 6.000000000000000000, 7.000000000000000000 ),
 .UNSPECIFIED. ) ;
#7155 =( NAMED_UNIT ( * ) SI_UNIT ( $, .STERADIAN. ) SOLID_ANGLE_UNIT ( ) );
#7156 = AXIS2_PLACEMENT_3D ( 'NONE', #10314, #3083, #5626 ) ;
#7157 = CARTESIAN_POINT ( 'NONE',  ( 0.9696047959044858944, 0.8409999996185738569, -2.186296552481105326 ) ) ;
#7158 = CARTESIAN_POINT ( 'NONE',  ( 0.7034889789461533649, 0.8409999996185738569, -2.467819094879160513 ) ) ;
#7159 = SURFACE_STYLE_USAGE ( .BOTH. , #8202 ) ;
#7160 = FILL_AREA_STYLE_COLOUR ( '', #8082 ) ;
#7161 = EDGE_CURVE ( 'NONE', #11412, #6709, #7813, .T. ) ;
#7162 = EDGE_LOOP ( 'NONE', ( #4352, #1835, #10310, #3475 ) ) ;
#7163 = CARTESIAN_POINT ( 'NONE',  ( -0.3265131970880389978, 0.8409999996185738569, -2.476129614362882148 ) ) ;
#7164 = CARTESIAN_POINT ( 'NONE',  ( 0.2200000000000000011, -0.02999999999999966929, -8.279999999999999361 ) ) ;
#7165 = EDGE_LOOP ( 'NONE', ( #4054, #11063, #497, #7926 ) ) ;
#7166 =( NAMED_UNIT ( * ) SI_UNIT ( $, .STERADIAN. ) SOLID_ANGLE_UNIT ( ) );
#7167 = UNCERTAINTY_MEASURE_WITH_UNIT (LENGTH_MEASURE( 1.000000000000000082E-05 ), #5116, 'distance_accuracy_value', 'NONE');
#7168 = CARTESIAN_POINT ( 'NONE',  ( -0.6665198106302211434, 0.8409999996185738569, -2.370985389085523476 ) ) ;
#7169 = LINE ( 'NONE', #2573, #7808 ) ;
#7170 = ORIENTED_EDGE ( 'NONE', *, *, #4932, .F. ) ;
#7171 = VERTEX_POINT ( 'NONE', #517 ) ;
#7172 = CARTESIAN_POINT ( 'NONE',  ( -0.8586799464824125261, 0.8399999996185738560, -2.521953965417950805 ) ) ;
#7173 =( NAMED_UNIT ( * ) SI_UNIT ( $, .STERADIAN. ) SOLID_ANGLE_UNIT ( ) );
#7174 = B_SPLINE_CURVE_WITH_KNOTS ( 'NONE', 3,
 ( #5744, #9444, #1175, #4834 ),
 .UNSPECIFIED., .F., .F.,
 ( 4, 4 ),
 ( 1.000000000000000000, 2.000000000000000000 ),
 .UNSPECIFIED. ) ;
#7175 = CARTESIAN_POINT ( 'NONE',  ( 0.1817618777337089153, 0.8409999996185738569, -2.258778093953748289 ) ) ;
#7176 = ADVANCED_FACE ( 'NONE', ( #4168 ), #7880, .F. ) ;
#7177 = LINE ( 'NONE', #10902, #10358 ) ;
#7178 = FILL_AREA_STYLE_COLOUR ( '', #1148 ) ;
#7179 = DIRECTION ( 'NONE',  ( 3.272121703647071695E-15, -0.0000000000000000000, 1.000000000000000000 ) ) ;
#7180 = LINE ( 'NONE', #11877, #8660 ) ;
#7181 = PRESENTATION_STYLE_ASSIGNMENT (( #860 ) ) ;
#7182 = ORIENTED_EDGE ( 'NONE', *, *, #5633, .F. ) ;
#7183 = VERTEX_POINT ( 'NONE', #1272 ) ;
#7184 =( NAMED_UNIT ( * ) SI_UNIT ( $, .STERADIAN. ) SOLID_ANGLE_UNIT ( ) );
#7185 = PRESENTATION_STYLE_ASSIGNMENT (( #4293 ) ) ;
#7186 = DIRECTION ( 'NONE',  ( -1.000000000000000000, 0.0000000000000000000, 6.559195981702330774E-15 ) ) ;
#7187 =( NAMED_UNIT ( * ) SI_UNIT ( $, .STERADIAN. ) SOLID_ANGLE_UNIT ( ) );
#7188 = DIRECTION ( 'NONE',  ( -1.000000000000000000, 0.0000000000000000000, -0.0000000000000000000 ) ) ;
#7189 = ORIENTED_EDGE ( 'NONE', *, *, #8128, .F. ) ;
#7190 = CARTESIAN_POINT ( 'NONE',  ( -0.4198236613794138483, 0.8409999996185738569, -2.058473386177186004 ) ) ;
#7191 = DIRECTION ( 'NONE',  ( -0.0000000000000000000, -1.000000000000000000, -0.0000000000000000000 ) ) ;
#7192 = LINE ( 'NONE', #10920, #9408 ) ;
#7193 = VERTEX_POINT ( 'NONE', #5832 ) ;
#7194 =( GEOMETRIC_REPRESENTATION_CONTEXT ( 3 ) GLOBAL_UNCERTAINTY_ASSIGNED_CONTEXT ( ( #674 ) ) GLOBAL_UNIT_ASSIGNED_CONTEXT ( ( #4243, #11541, #6957 ) ) REPRESENTATION_CONTEXT ( 'NONE', 'WORKASPACE' ) );
#7195 = ADVANCED_FACE ( 'NONE', ( #10600 ), #1009, .T. ) ;
#7196 = CARTESIAN_POINT ( 'NONE',  ( 0.1600524246570665388, 0.8399999996185738560, -2.469219683210776672 ) ) ;
#7197 = EDGE_LOOP ( 'NONE', ( #2914, #2707, #11595, #8182 ) ) ;
#7198 = SURFACE_STYLE_USAGE ( .BOTH. , #4486 ) ;
#7199 = CARTESIAN_POINT ( 'NONE',  ( -0.8058560516946899899, 0.8409999996185738569, -2.399789266892219608 ) ) ;
#7200 = EDGE_CURVE ( 'NONE', #8229, #6967, #1299, .T. ) ;
#7201 = CARTESIAN_POINT ( 'NONE',  ( -0.1628044440334906473, 0.8409999996185738569, -2.437153737751434068 ) ) ;
#7202 = FACE_OUTER_BOUND ( 'NONE', #11318, .T. ) ;
#7203 = B_SPLINE_CURVE_WITH_KNOTS ( 'NONE', 3,
 ( #6952, #1419, #11537, #3207 ),
 .UNSPECIFIED., .F., .F.,
 ( 4, 4 ),
 ( 7.000000000000000000, 8.000000000000000000 ),
 .UNSPECIFIED. ) ;
#7204 = COLOUR_RGB ( '',1.000000000000000000, 1.000000000000000000, 1.000000000000000000 ) ;
#7205 = CARTESIAN_POINT ( 'NONE',  ( -0.5921937203478343514, 0.8409999996185738569, -2.227872415791527061 ) ) ;
#7206 = CARTESIAN_POINT ( 'NONE',  ( -0.2789263709930536184, 0.8399999996185738560, -2.063206890571847918 ) ) ;
#7207 = EDGE_LOOP ( 'NONE', ( #4538, #2234, #3556, #2893 ) ) ;
#7208 = FACE_OUTER_BOUND ( 'NONE', #4304, .T. ) ;
#7210 = CARTESIAN_POINT ( 'NONE',  ( 0.4009573043522013380, 0.8399999996185738560, -2.481825191914147410 ) ) ;
#7209 = CARTESIAN_POINT ( 'NONE',  ( -0.7644127100265689645, 0.8409999996185738569, -2.370985389085523032 ) ) ;
#7211 = DIRECTION ( 'NONE',  ( -0.0000000000000000000, -1.000000000000000000, -0.0000000000000000000 ) ) ;
#7212 = DIRECTION ( 'NONE',  ( 3.302233253054837256E-15, 0.0000000000000000000, 1.000000000000000000 ) ) ;
#7213 = CARTESIAN_POINT ( 'NONE',  ( 0.6544676393223475275, 0.8399999996185738560, -2.661103169853078487 ) ) ;
#7214 = ADVANCED_FACE ( 'NONE', ( #2112 ), #7550, .F. ) ;
#7215 = COLOUR_RGB ( '',1.000000000000000000, 1.000000000000000000, 1.000000000000000000 ) ;
#7216 = VECTOR ( 'NONE', #6924, 1000.000000000000000 ) ;
#7217 = CARTESIAN_POINT ( 'NONE',  ( -0.2089309336672774686, 0.8409999996185738569, -2.444102925054406406 ) ) ;
#7218 =( LENGTH_UNIT ( ) NAMED_UNIT ( * ) SI_UNIT ( .MILLI., .METRE. ) );
#7219 = SURFACE_STYLE_FILL_AREA ( #10030 ) ;
#7220 = CARTESIAN_POINT ( 'NONE',  ( -0.7206026161611112091, 0.8409999996185738569, -2.083651601042033619 ) ) ;
#7221 = ORIENTED_EDGE ( 'NONE', *, *, #6350, .F. ) ;
#7222 = UNCERTAINTY_MEASURE_WITH_UNIT (LENGTH_MEASURE( 1.000000000000000082E-05 ), #9125, 'distance_accuracy_value', 'NONE');
#7223 = LINE ( 'NONE', #4843, #163 ) ;
#7224 = ORIENTED_EDGE ( 'NONE', *, *, #10453, .T. ) ;
#7225 =( NAMED_UNIT ( * ) SI_UNIT ( $, .STERADIAN. ) SOLID_ANGLE_UNIT ( ) );
#7226 = MECHANICAL_DESIGN_GEOMETRIC_PRESENTATION_REPRESENTATION (  '', ( #5859 ), #11889 ) ;
#7227 = COLOUR_RGB ( '',1.000000000000000000, 1.000000000000000000, 1.000000000000000000 ) ;
#7228 = VECTOR ( 'NONE', #2389, 1000.000000000000000 ) ;
#7229 = CARTESIAN_POINT ( 'NONE',  ( -0.3286281671370029911, 0.8409999996185738569, -2.449339993747145172 ) ) ;
#7230 =( LENGTH_UNIT ( ) NAMED_UNIT ( * ) SI_UNIT ( .MILLI., .METRE. ) );
#7231 = ADVANCED_FACE ( 'NONE', ( #321 ), #3110, .F. ) ;
#7232 = VERTEX_POINT ( 'NONE', #1440 ) ;
#7233 = ORIENTED_EDGE ( 'NONE', *, *, #5956, .T. ) ;
#7234 = VECTOR ( 'NONE', #8172, 1000.000000000000000 ) ;
#7235 = FACE_OUTER_BOUND ( 'NONE', #3974, .T. ) ;
#7236 = AXIS2_PLACEMENT_3D ( 'NONE', #2661, #871, #939 ) ;
#7237 = SURFACE_STYLE_USAGE ( .BOTH. , #4639 ) ;
#7238 =( GEOMETRIC_REPRESENTATION_CONTEXT ( 3 ) GLOBAL_UNCERTAINTY_ASSIGNED_CONTEXT ( ( #5512 ) ) GLOBAL_UNIT_ASSIGNED_CONTEXT ( ( #4461, #10164, #10960 ) ) REPRESENTATION_CONTEXT ( 'NONE', 'WORKASPACE' ) );
#7239 =( LENGTH_UNIT ( ) NAMED_UNIT ( * ) SI_UNIT ( .MILLI., .METRE. ) );
#7240 = DIRECTION ( 'NONE',  ( 1.000000000000000000, -0.0000000000000000000, -4.274056736461001627E-15 ) ) ;
#7241 =( GEOMETRIC_REPRESENTATION_CONTEXT ( 3 ) GLOBAL_UNCERTAINTY_ASSIGNED_CONTEXT ( ( #9921 ) ) GLOBAL_UNIT_ASSIGNED_CONTEXT ( ( #6576, #1122, #2948 ) ) REPRESENTATION_CONTEXT ( 'NONE', 'WORKASPACE' ) );
#7242 = COLOUR_RGB ( '',0.9725490196078431238, 0.9686274509803921573, 1.000000000000000000 ) ;
#7243 = CARTESIAN_POINT ( 'NONE',  ( -0.1581212960691742164, 0.8409999996185738569, -2.159186245637923829 ) ) ;
#7244 = B_SPLINE_CURVE_WITH_KNOTS ( 'NONE', 3,
 ( #9137, #3632, #2506, #11897 ),
 .UNSPECIFIED., .F., .F.,
 ( 4, 4 ),
 ( 0.0000000000000000000, 1.000000000000000000 ),
 .UNSPECIFIED. ) ;
#7245 = ORIENTED_EDGE ( 'NONE', *, *, #767, .T. ) ;
#7246 = UNCERTAINTY_MEASURE_WITH_UNIT (LENGTH_MEASURE( 1.000000000000000082E-05 ), #2256, 'distance_accuracy_value', 'NONE');
#7247 = CARTESIAN_POINT ( 'NONE',  ( -0.1254399731736046131, 0.8409999996185738569, -2.545520774531909947 ) ) ;
#7248 = ADVANCED_FACE ( 'NONE', ( #6004 ), #11442, .F. ) ;
#7249 = ORIENTED_EDGE ( 'NONE', *, *, #3682, .F. ) ;
#7250 = FACE_OUTER_BOUND ( 'NONE', #2487, .T. ) ;
#7251 = CARTESIAN_POINT ( 'NONE',  ( -0.4477714798796501028, 0.8409999996185738569, -2.593258669917257286 ) ) ;
#7252 = VECTOR ( 'NONE', #10725, 1000.000000000000000 ) ;
#7253 = MECHANICAL_DESIGN_GEOMETRIC_PRESENTATION_REPRESENTATION (  '', ( #3576 ), #11931 ) ;
#7254 = LINE ( 'NONE', #1651, #4948 ) ;
#7255 = PLANE ( 'NONE',  #10219 ) ;
#7256 = LINE ( 'NONE', #3623, #8183 ) ;
#7257 = ORIENTED_EDGE ( 'NONE', *, *, #974, .T. ) ;
#7258 = FACE_BOUND ( 'NONE', #4596, .T. ) ;
#7259 = VECTOR ( 'NONE', #3364, 1000.000000000000000 ) ;
#7260 = DIRECTION ( 'NONE',  ( 2.394945585112192589E-15, -0.0000000000000000000, 1.000000000000000000 ) ) ;
#7261 = VERTEX_POINT ( 'NONE', #11620 ) ;
#7262 = B_SPLINE_CURVE_WITH_KNOTS ( 'NONE', 3,
 ( #6086, #6880, #10795, #4165 ),
 .UNSPECIFIED., .F., .F.,
 ( 4, 4 ),
 ( 1.000000000000000000, 2.000000000000000000 ),
 .UNSPECIFIED. ) ;
#7263 = ORIENTED_EDGE ( 'NONE', *, *, #365, .T. ) ;
#7264 = FACE_OUTER_BOUND ( 'NONE', #791, .T. ) ;
#7265 = VECTOR ( 'NONE', #7300, 1000.000000000000114 ) ;
#7266 = FILL_AREA_STYLE_COLOUR ( '', #8716 ) ;
#7267 = SURFACE_STYLE_FILL_AREA ( #11846 ) ;
#7268 = VECTOR ( 'NONE', #6835, 1000.000000000000000 ) ;
#7269 = LINE ( 'NONE', #164, #7633 ) ;
#7270 =( LENGTH_UNIT ( ) NAMED_UNIT ( * ) SI_UNIT ( .MILLI., .METRE. ) );
#7271 = B_SPLINE_CURVE_WITH_KNOTS ( 'NONE', 3,
 ( #7461, #1791, #10133, #8143 ),
 .UNSPECIFIED., .F., .F.,
 ( 4, 4 ),
 ( 2.000000000000000000, 3.000000000000000000 ),
 .UNSPECIFIED. ) ;
#7272 = CARTESIAN_POINT ( 'NONE',  ( -0.7212068933171907892, 0.8400000000000000799, -2.083651601042033175 ) ) ;
#7273 = ORIENTED_EDGE ( 'NONE', *, *, #831, .T. ) ;
#7274 =( GEOMETRIC_REPRESENTATION_CONTEXT ( 3 ) GLOBAL_UNCERTAINTY_ASSIGNED_CONTEXT ( ( #5909 ) ) GLOBAL_UNIT_ASSIGNED_CONTEXT ( ( #7478, #5405, #8383 ) ) REPRESENTATION_CONTEXT ( 'NONE', 'WORKASPACE' ) );
#7275 = STYLED_ITEM ( 'NONE', ( #3214 ), #3786 ) ;
#7277 = DIRECTION ( 'NONE',  ( -0.0000000000000000000, -1.000000000000000000, -0.0000000000000000000 ) ) ;
#7276 = SURFACE_SIDE_STYLE ('',( #9951 ) ) ;
#7278 =( LENGTH_UNIT ( ) NAMED_UNIT ( * ) SI_UNIT ( .MILLI., .METRE. ) );
#7279 = DIRECTION ( 'NONE',  ( 1.000000000000000000, -0.0000000000000000000, 0.0000000000000000000 ) ) ;
#7280 = MECHANICAL_DESIGN_GEOMETRIC_PRESENTATION_REPRESENTATION (  '', ( #1127 ), #4389 ) ;
#7281 = AXIS2_PLACEMENT_3D ( 'NONE', #7175, #795, #4463 ) ;
#7282 = COLOUR_RGB ( '',1.000000000000000000, 1.000000000000000000, 1.000000000000000000 ) ;
#7283 = DIRECTION ( 'NONE',  ( -0.0000000000000000000, -1.000000000000000000, -0.0000000000000000000 ) ) ;
#7284 = CARTESIAN_POINT ( 'NONE',  ( -0.3211250591069505500, 0.8409999996185738569, -2.457397022504271611 ) ) ;
#7285 =( NAMED_UNIT ( * ) PLANE_ANGLE_UNIT ( ) SI_UNIT ( $, .RADIAN. ) );
#7286 = COLOUR_RGB ( '',1.000000000000000000, 1.000000000000000000, 1.000000000000000000 ) ;
#7287 = ORIENTED_EDGE ( 'NONE', *, *, #9178, .F. ) ;
#7288 = ADVANCED_FACE ( 'NONE', ( #4917 ), #10591, .F. ) ;
#7289 =( LENGTH_UNIT ( ) NAMED_UNIT ( * ) SI_UNIT ( .MILLI., .METRE. ) );
#7290 = FILL_AREA_STYLE ('',( #11921 ) ) ;
#7291 = EDGE_CURVE ( 'NONE', #6560, #6646, #2512, .T. ) ;
#7292 = PRESENTATION_LAYER_ASSIGNMENT (  '', '', ( #178 ) ) ;
#7293 = COLOUR_RGB ( '',1.000000000000000000, 1.000000000000000000, 1.000000000000000000 ) ;
#7294 = VERTEX_POINT ( 'NONE', #10024 ) ;
#7295 = CARTESIAN_POINT ( 'NONE',  ( 0.8631584530925782150, 0.8409999996185738569, -2.472020859874013876 ) ) ;
#7296 = UNCERTAINTY_MEASURE_WITH_UNIT (LENGTH_MEASURE( 1.000000000000000082E-05 ), #6920, 'distance_accuracy_value', 'NONE');
#7297 = CARTESIAN_POINT ( 'NONE',  ( -0.1233753595549827997, 0.8399999996185738560, -2.233008771623576916 ) ) ;
#7298 = STYLED_ITEM ( 'NONE', ( #838 ), #3652 ) ;
#7299 = FILL_AREA_STYLE_COLOUR ( '', #5451 ) ;
#7300 = DIRECTION ( 'NONE',  ( 0.3559357243643048729, -0.0000000000000000000, -0.9345104387438685212 ) ) ;
#7301 = VERTEX_POINT ( 'NONE', #5217 ) ;
#7302 = VECTOR ( 'NONE', #7277, 1000.000000000000000 ) ;
#7303 = ORIENTED_EDGE ( 'NONE', *, *, #4338, .F. ) ;
#7304 = STYLED_ITEM ( 'NONE', ( #2445 ), #10814 ) ;
#7305 = DIRECTION ( 'NONE',  ( -1.000000000000000000, 0.0000000000000000000, -0.0000000000000000000 ) ) ;
#7306 = ADVANCED_FACE ( 'NONE', ( #5330 ), #4439, .F. ) ;
#7307 = EDGE_CURVE ( 'NONE', #2180, #8102, #4314, .T. ) ;
#7308 = EDGE_LOOP ( 'NONE', ( #2084, #6331, #5593, #9811 ) ) ;
#7309 = LINE ( 'NONE', #10104, #5496 ) ;
#7310 = COLOUR_RGB ( '',1.000000000000000000, 1.000000000000000000, 1.000000000000000000 ) ;
#7311 = UNCERTAINTY_MEASURE_WITH_UNIT (LENGTH_MEASURE( 1.000000000000000082E-05 ), #4237, 'distance_accuracy_value', 'NONE');
#7312 = DIRECTION ( 'NONE',  ( -1.000000000000000000, 0.0000000000000000000, 0.0000000000000000000 ) ) ;
#7313 = CARTESIAN_POINT ( 'NONE',  ( -0.2462450480974832101, 0.8409999996185738569, -2.258791263645847369 ) ) ;
#7314 = ORIENTED_EDGE ( 'NONE', *, *, #10360, .T. ) ;
#7315 = LINE ( 'NONE', #2984, #8403 ) ;
#7316 =( GEOMETRIC_REPRESENTATION_CONTEXT ( 3 ) GLOBAL_UNCERTAINTY_ASSIGNED_CONTEXT ( ( #5066 ) ) GLOBAL_UNIT_ASSIGNED_CONTEXT ( ( #5519, #4493, #11904 ) ) REPRESENTATION_CONTEXT ( 'NONE', 'WORKASPACE' ) );
#7317 = CARTESIAN_POINT ( 'NONE',  ( -0.7634055814317587396, 0.8409999996185738569, -2.393645782464019156 ) ) ;
#7318 = VECTOR ( 'NONE', #3139, 1000.000000000000000 ) ;
#7319 = CARTESIAN_POINT ( 'NONE',  ( -0.3732943203082418893, 0.8409999996185738569, -2.447527162276217361 ) ) ;
#7320 = CARTESIAN_POINT ( 'NONE',  ( 0.2200000000000000011, 0.3500000000000004774, -8.279999999999999361 ) ) ;
#7321 = FILL_AREA_STYLE ('',( #4594 ) ) ;
#7322 = FILL_AREA_STYLE_COLOUR ( '', #97 ) ;
#7323 = EDGE_LOOP ( 'NONE', ( #8185, #2441, #3779, #9783, #10110, #9938, #5899 ) ) ;
#7324 = SURFACE_STYLE_USAGE ( .BOTH. , #3497 ) ;
#7325 = CARTESIAN_POINT ( 'NONE',  ( -0.5157023035868132377, 0.8399999996185738560, -2.255467739283379736 ) ) ;
#7326 = ORIENTED_EDGE ( 'NONE', *, *, #5411, .F. ) ;
#7327 = CARTESIAN_POINT ( 'NONE',  ( -0.3337141665400489843, 0.8409999996185738569, -2.571303266554186173 ) ) ;
#7328 = ORIENTED_EDGE ( 'NONE', *, *, #166, .F. ) ;
#7329 = LINE ( 'NONE', #10011, #11836 ) ;
#7330 =( NAMED_UNIT ( * ) PLANE_ANGLE_UNIT ( ) SI_UNIT ( $, .RADIAN. ) );
#7331 = CARTESIAN_POINT ( 'NONE',  ( 0.0000000000000000000, 0.0000000000000000000, -8.279999999999999361 ) ) ;
#7332 = UNCERTAINTY_MEASURE_WITH_UNIT (LENGTH_MEASURE( 1.000000000000000082E-05 ), #8579, 'distance_accuracy_value', 'NONE');
#7333 = FILL_AREA_STYLE_COLOUR ( '', #604 ) ;
#7334 = CARTESIAN_POINT ( 'NONE',  ( 0.8631584530925782150, 0.8399999996185738560, -2.472020859874013876 ) ) ;
#7335 = B_SPLINE_CURVE_WITH_KNOTS ( 'NONE', 3,
 ( #8813, #3409, #3289, #7096 ),
 .UNSPECIFIED., .F., .F.,
 ( 4, 4 ),
 ( 3.000000000000000000, 4.000000000000000000 ),
 .UNSPECIFIED. ) ;
#7336 =( LENGTH_UNIT ( ) NAMED_UNIT ( * ) SI_UNIT ( .MILLI., .METRE. ) );
#7337 = CARTESIAN_POINT ( 'NONE',  ( -0.9545585886891390093, 0.8399999996185738560, -2.370985389085522144 ) ) ;
#7338 = ADVANCED_FACE ( 'NONE', ( #5388 ), #10880, .F. ) ;
#7339 = SURFACE_STYLE_USAGE ( .BOTH. , #3639 ) ;
#7340 = ORIENTED_EDGE ( 'NONE', *, *, #10069, .T. ) ;
#7341 = SURFACE_SIDE_STYLE ('',( #3641 ) ) ;
#7343 = CARTESIAN_POINT ( 'NONE',  ( 0.4443761837901294975, 0.8399999996185738560, -2.525244071352073405 ) ) ;
#7342 = CARTESIAN_POINT ( 'NONE',  ( 0.3491347346354610748, 0.8409999996185738569, -2.264730687865104120 ) ) ;
#7344 = PLANE ( 'NONE',  #5505 ) ;
#7345 = PRESENTATION_STYLE_ASSIGNMENT (( #9096 ) ) ;
#7346 =( LENGTH_UNIT ( ) NAMED_UNIT ( * ) SI_UNIT ( .MILLI., .METRE. ) );
#7347 = STYLED_ITEM ( 'NONE', ( #9293 ), #62 ) ;
#7348 = VECTOR ( 'NONE', #2469, 1000.000000000000000 ) ;
#7349 = CARTESIAN_POINT ( 'NONE',  ( 0.7329017880636051752, 0.8400000000000000799, -2.577066694498511001 ) ) ;
#7350 =( NAMED_UNIT ( * ) SI_UNIT ( $, .STERADIAN. ) SOLID_ANGLE_UNIT ( ) );
#7351 = CARTESIAN_POINT ( 'NONE',  ( 0.3295262308429499076, 0.8409999996185738569, -2.483225780245764458 ) ) ;
#7352 = LINE ( 'NONE', #11121, #575 ) ;
#7353 = VERTEX_POINT ( 'NONE', #3581 ) ;
#7354 =( LENGTH_UNIT ( ) NAMED_UNIT ( * ) SI_UNIT ( .MILLI., .METRE. ) );
#7355 = UNCERTAINTY_MEASURE_WITH_UNIT (LENGTH_MEASURE( 1.000000000000000082E-05 ), #547, 'distance_accuracy_value', 'NONE');
#7356 = B_SPLINE_SURFACE_WITH_KNOTS ( 'NONE', 3, 1, ( 
 ( #5913, #6024 ),
 ( #8711, #1350 ),
 ( #8839, #4099 ),
 ( #5181, #8771 ) ),
 .UNSPECIFIED., .F., .F., .F.,
 ( 4, 4 ),
 ( 2, 2 ),
 ( 9.000000000000000000, 10.00000000000000000 ),
 ( 0.0000000000000000000, 1.000000000000000000 ),
 .UNSPECIFIED. ) ;
#7357 = FILL_AREA_STYLE_COLOUR ( '', #802 ) ;
#7358 = FILL_AREA_STYLE ('',( #2744 ) ) ;
#7359 = VERTEX_POINT ( 'NONE', #6344 ) ;
#7360 =( GEOMETRIC_REPRESENTATION_CONTEXT ( 3 ) GLOBAL_UNCERTAINTY_ASSIGNED_CONTEXT ( ( #10236 ) ) GLOBAL_UNIT_ASSIGNED_CONTEXT ( ( #3357, #568, #3422 ) ) REPRESENTATION_CONTEXT ( 'NONE', 'WORKASPACE' ) );
#7361 = PLANE ( 'NONE',  #2075 ) ;
#7362 = VECTOR ( 'NONE', #1296, 1000.000000000000000 ) ;
#7363 = SURFACE_STYLE_FILL_AREA ( #8281 ) ;
#7364 =( LENGTH_UNIT ( ) NAMED_UNIT ( * ) SI_UNIT ( .MILLI., .METRE. ) );
#7365 = CARTESIAN_POINT ( 'NONE',  ( -0.1788177886883991763, 0.8409999996185738569, -2.099967084274983353 ) ) ;
#7366 = EDGE_LOOP ( 'NONE', ( #5536, #231, #10543, #10333 ) ) ;
#7367 = ADVANCED_FACE ( 'NONE', ( #3644 ), #7344, .F. ) ;
#7368 = ORIENTED_EDGE ( 'NONE', *, *, #2696, .F. ) ;
#7369 = EDGE_CURVE ( 'NONE', #8775, #6786, #8325, .T. ) ;
#7370 = FILL_AREA_STYLE_COLOUR ( '', #3382 ) ;
#7371 = VECTOR ( 'NONE', #7889, 1000.000000000000000 ) ;
#7372 = FACE_OUTER_BOUND ( 'NONE', #8433, .T. ) ;
#7373 = ORIENTED_EDGE ( 'NONE', *, *, #5528, .F. ) ;
#7374 = CARTESIAN_POINT ( 'NONE',  ( -0.1788177886883991763, 0.8409999996185738569, -2.099967084274983353 ) ) ;
#7375 =( NAMED_UNIT ( * ) SI_UNIT ( $, .STERADIAN. ) SOLID_ANGLE_UNIT ( ) );
#7376 = DIRECTION ( 'NONE',  ( -0.0000000000000000000, -1.000000000000000000, -0.0000000000000000000 ) ) ;
#7377 = VERTEX_POINT ( 'NONE', #1847 ) ;
#7378 = UNCERTAINTY_MEASURE_WITH_UNIT (LENGTH_MEASURE( 1.000000000000000082E-05 ), #7230, 'distance_accuracy_value', 'NONE');
#7379 =( LENGTH_UNIT ( ) NAMED_UNIT ( * ) SI_UNIT ( .MILLI., .METRE. ) );
#7380 = ADVANCED_FACE ( 'NONE', ( #7528 ), #10275, .T. ) ;
#7381 = LINE ( 'NONE', #993, #538 ) ;
#7382 = PRESENTATION_STYLE_ASSIGNMENT (( #10057 ) ) ;
#7383 = SURFACE_STYLE_USAGE ( .BOTH. , #6440 ) ;
#7384 = LINE ( 'NONE', #149, #9996 ) ;
#7385 = ORIENTED_EDGE ( 'NONE', *, *, #6350, .T. ) ;
#7386 = PRESENTATION_STYLE_ASSIGNMENT (( #9319 ) ) ;
#7387 = CARTESIAN_POINT ( 'NONE',  ( 0.6264554185365150962, 0.8409999996185738569, -2.427201338675438969 ) ) ;
#7388 = ORIENTED_EDGE ( 'NONE', *, *, #14, .T. ) ;
#7389 = LINE ( 'NONE', #11096, #3930 ) ;
#7390 = EDGE_CURVE ( 'NONE', #6430, #2815, #8554, .T. ) ;
#7391 = VERTEX_POINT ( 'NONE', #4848 ) ;
#7392 = DIRECTION ( 'NONE',  ( 1.000000000000000000, -0.0000000000000000000, 0.0000000000000000000 ) ) ;
#7393 = SURFACE_SIDE_STYLE ('',( #3633 ) ) ;
#7394 = CARTESIAN_POINT ( 'NONE',  ( -0.04492004203401987056, 0.8409999996185738569, -2.545520774531909947 ) ) ;
#7395 = CARTESIAN_POINT ( 'NONE',  ( -0.04492004203401943341, 0.8409999996185738569, -2.456692032487506339 ) ) ;
#7396 = DIRECTION ( 'NONE',  ( -1.000000000000000000, 0.0000000000000000000, 6.559195981702330774E-15 ) ) ;
#7397 = FACE_OUTER_BOUND ( 'NONE', #8088, .T. ) ;
#7398 = LINE ( 'NONE', #5443, #9550 ) ;
#7399 = ORIENTED_EDGE ( 'NONE', *, *, #2889, .F. ) ;
#7401 = CARTESIAN_POINT ( 'NONE',  ( -0.2451372066433312180, 0.8409999996185738569, -2.424061066021605093 ) ) ;
#7400 =( NAMED_UNIT ( * ) PLANE_ANGLE_UNIT ( ) SI_UNIT ( $, .RADIAN. ) );
#7402 = CARTESIAN_POINT ( 'NONE',  ( 0.7329017880636055082, 0.8409999996185738569, -2.467819094879160957 ) ) ;
#7403 =( NAMED_UNIT ( * ) SI_UNIT ( $, .STERADIAN. ) SOLID_ANGLE_UNIT ( ) );
#7404 = DIRECTION ( 'NONE',  ( -0.0000000000000000000, -0.0000000000000000000, 1.000000000000000000 ) ) ;
#7405 = EDGE_CURVE ( 'NONE', #5678, #1684, #291, .T. ) ;
#7406 = DIRECTION ( 'NONE',  ( -0.0000000000000000000, -1.000000000000000000, -0.0000000000000000000 ) ) ;
#7407 = COLOUR_RGB ( '',1.000000000000000000, 1.000000000000000000, 1.000000000000000000 ) ;
#7408 =( NAMED_UNIT ( * ) PLANE_ANGLE_UNIT ( ) SI_UNIT ( $, .RADIAN. ) );
#7409 = EDGE_LOOP ( 'NONE', ( #7002, #7287, #586, #1805 ) ) ;
#7410 = SURFACE_STYLE_USAGE ( .BOTH. , #9235 ) ;
#7411 = CARTESIAN_POINT ( 'NONE',  ( -0.2268578226511144547, 0.8400000000000000799, -2.539578715823747501 ) ) ;
#7412 = ORIENTED_EDGE ( 'NONE', *, *, #7482, .F. ) ;
#7413 = MECHANICAL_DESIGN_GEOMETRIC_PRESENTATION_REPRESENTATION (  '', ( #5849 ), #1443 ) ;
#7414 = PLANE ( 'NONE',  #2103 ) ;
#7415 = CARTESIAN_POINT ( 'NONE',  ( -0.1812348973154007392, 0.8400000000000000799, -2.544715071657143390 ) ) ;
#7416 = ORIENTED_EDGE ( 'NONE', *, *, #1809, .F. ) ;
#7417 = LINE ( 'NONE', #6553, #9336 ) ;
#7418 =( GEOMETRIC_REPRESENTATION_CONTEXT ( 3 ) GLOBAL_UNCERTAINTY_ASSIGNED_CONTEXT ( ( #7127 ) ) GLOBAL_UNIT_ASSIGNED_CONTEXT ( ( #155, #2009, #4714 ) ) REPRESENTATION_CONTEXT ( 'NONE', 'WORKASPACE' ) );
#7419 = ORIENTED_EDGE ( 'NONE', *, *, #5988, .F. ) ;
#7420 = STYLED_ITEM ( 'NONE', ( #4614 ), #6794 ) ;
#7421 = CARTESIAN_POINT ( 'NONE',  ( -0.8190997927148838675, 0.8409999996185738569, -2.379646695000072310 ) ) ;
#7422 = ORIENTED_EDGE ( 'NONE', *, *, #148, .F. ) ;
#7423 = UNCERTAINTY_MEASURE_WITH_UNIT (LENGTH_MEASURE( 1.000000000000000082E-05 ), #5097, 'distance_accuracy_value', 'NONE');
#7424 = LINE ( 'NONE', #2882, #6554 ) ;
#7425 = SURFACE_STYLE_USAGE ( .BOTH. , #8400 ) ;
#7426 = CARTESIAN_POINT ( 'NONE',  ( -0.3211250591069507720, 0.8409999996185738569, -2.463036942633053616 ) ) ;
#7427 = VECTOR ( 'NONE', #2565, 1000.000000000000000 ) ;
#7428 = ORIENTED_EDGE ( 'NONE', *, *, #10344, .F. ) ;
#7429 = AXIS2_PLACEMENT_3D ( 'NONE', #1289, #10307, #5676 ) ;
#7430 = PRESENTATION_LAYER_ASSIGNMENT (  '', '', ( #3367 ) ) ;
#7431 = CARTESIAN_POINT ( 'NONE',  ( -0.2374326728945909681, 0.8409999996185738569, -2.478546722989882767 ) ) ;
#7432 =( GEOMETRIC_REPRESENTATION_CONTEXT ( 3 ) GLOBAL_UNCERTAINTY_ASSIGNED_CONTEXT ( ( #2727 ) ) GLOBAL_UNIT_ASSIGNED_CONTEXT ( ( #5965, #3366, #7866 ) ) REPRESENTATION_CONTEXT ( 'NONE', 'WORKASPACE' ) );
#7433 = CARTESIAN_POINT ( 'NONE',  ( -0.3838188141220478800, 0.8399999996185738560, -2.454274923860495505 ) ) ;
#7434 = UNCERTAINTY_MEASURE_WITH_UNIT (LENGTH_MEASURE( 1.000000000000000082E-05 ), #2380, 'distance_accuracy_value', 'NONE');
#7435 = CARTESIAN_POINT ( 'NONE',  ( 2.100000000000000089, 0.8400000000000000799, -3.279999999999999805 ) ) ;
#7436 =( GEOMETRIC_REPRESENTATION_CONTEXT ( 3 ) GLOBAL_UNCERTAINTY_ASSIGNED_CONTEXT ( ( #11026 ) ) GLOBAL_UNIT_ASSIGNED_CONTEXT ( ( #875, #4542, #9084 ) ) REPRESENTATION_CONTEXT ( 'NONE', 'WORKASPACE' ) );
#7437 = MECHANICAL_DESIGN_GEOMETRIC_PRESENTATION_REPRESENTATION (  '', ( #1666 ), #11721 ) ;
#7438 = CARTESIAN_POINT ( 'NONE',  ( -0.5741157620749829382, 0.8400000000000000799, -2.212463348294041232 ) ) ;
#7439 = CARTESIAN_POINT ( 'NONE',  ( 0.9079780010063374096, 0.8409999996185738569, -2.554656853755019608 ) ) ;
#7441 = ADVANCED_FACE ( 'NONE', ( #7649 ), #11181, .F. ) ;
#7440 = VECTOR ( 'NONE', #9179, 1000.000000000000000 ) ;
#7442 = FILL_AREA_STYLE ('',( #8352 ) ) ;
#7443 = VERTEX_POINT ( 'NONE', #686 ) ;
#7444 = FACE_OUTER_BOUND ( 'NONE', #4803, .T. ) ;
#7445 = LINE ( 'NONE', #6515, #514 ) ;
#7446 = LINE ( 'NONE', #11275, #4958 ) ;
#7447 = VERTEX_POINT ( 'NONE', #11646 ) ;
#7448 = CARTESIAN_POINT ( 'NONE',  ( -0.2126573094671251329, 0.8409999996185738569, -2.571303266554186617 ) ) ;
#7449 = VECTOR ( 'NONE', #3082, 1000.000000000000000 ) ;
#7450 = ORIENTED_EDGE ( 'NONE', *, *, #1825, .F. ) ;
#7451 = VECTOR ( 'NONE', #7467, 1000.000000000000000 ) ;
#7452 = CARTESIAN_POINT ( 'NONE',  ( -0.7634055814317587396, 0.8399999996185738560, -2.393645782464019156 ) ) ;
#7453 = CARTESIAN_POINT ( 'NONE',  ( -0.3286281671370029911, 0.8399999996185738560, -2.449339993747145172 ) ) ;
#7454 = B_SPLINE_CURVE_WITH_KNOTS ( 'NONE', 3,
 ( #9381, #1950, #9438, #1172 ),
 .UNSPECIFIED., .F., .F.,
 ( 4, 4 ),
 ( 3.000000000000000000, 4.000000000000000000 ),
 .UNSPECIFIED. ) ;
#7455 =( LENGTH_UNIT ( ) NAMED_UNIT ( * ) SI_UNIT ( .MILLI., .METRE. ) );
#7456 = B_SPLINE_SURFACE_WITH_KNOTS ( 'NONE', 3, 1, ( 
 ( #6583, #2361 ),
 ( #6719, #9392 ),
 ( #8492, #3028 ),
 ( #11287, #4226 ) ),
 .UNSPECIFIED., .F., .F., .F.,
 ( 4, 4 ),
 ( 2, 2 ),
 ( 4.000000000000000000, 5.000000000000000000 ),
 ( 0.0000000000000000000, 1.000000000000000000 ),
 .UNSPECIFIED. ) ;
#7457 = PRESENTATION_STYLE_ASSIGNMENT (( #11103 ) ) ;
#7458 = COLOUR_RGB ( '',1.000000000000000000, 1.000000000000000000, 1.000000000000000000 ) ;
#7459 = FILL_AREA_STYLE ('',( #3755 ) ) ;
#7460 = CARTESIAN_POINT ( 'NONE',  ( -0.3905665757056559495, 0.8399999996185738560, -2.542600101608178065 ) ) ;
#7461 = CARTESIAN_POINT ( 'NONE',  ( -0.7622473835479334214, 0.8400000000000000799, -2.545520774531907282 ) ) ;
#7462 =( NAMED_UNIT ( * ) PLANE_ANGLE_UNIT ( ) SI_UNIT ( $, .RADIAN. ) );
#7463 = EDGE_CURVE ( 'NONE', #2010, #11500, #8605, .T. ) ;
#7464 =( NAMED_UNIT ( * ) PLANE_ANGLE_UNIT ( ) SI_UNIT ( $, .RADIAN. ) );
#7465 = EDGE_LOOP ( 'NONE', ( #2374, #8997, #5031, #5041 ) ) ;
#7466 = FILL_AREA_STYLE ('',( #6532 ) ) ;
#7467 = DIRECTION ( 'NONE',  ( 1.000000000000000000, -0.0000000000000000000, -0.0000000000000000000 ) ) ;
#7468 =( LENGTH_UNIT ( ) NAMED_UNIT ( * ) SI_UNIT ( .MILLI., .METRE. ) );
#7469 = CARTESIAN_POINT ( 'NONE',  ( -0.5468729335895011756, 0.8409999996185738569, -2.255467739283379736 ) ) ;
#7470 = PRESENTATION_STYLE_ASSIGNMENT (( #10458 ) ) ;
#7471 = PLANE ( 'NONE',  #3791 ) ;
#7472 =( GEOMETRIC_REPRESENTATION_CONTEXT ( 3 ) GLOBAL_UNCERTAINTY_ASSIGNED_CONTEXT ( ( #5662 ) ) GLOBAL_UNIT_ASSIGNED_CONTEXT ( ( #1433, #10700, #7785 ) ) REPRESENTATION_CONTEXT ( 'NONE', 'WORKASPACE' ) );
#7473 = DIRECTION ( 'NONE',  ( 1.000000000000000000, 0.0000000000000000000, -4.093262511407667181E-15 ) ) ;
#7474 = ORIENTED_EDGE ( 'NONE', *, *, #11191, .F. ) ;
#7475 = CARTESIAN_POINT ( 'NONE',  ( -0.6219040138886532398, 0.8399999996185738560, -2.154452741243260583 ) ) ;
#7476 = SURFACE_STYLE_USAGE ( .BOTH. , #8448 ) ;
#7477 = ORIENTED_EDGE ( 'NONE', *, *, #6060, .T. ) ;
#7478 =( LENGTH_UNIT ( ) NAMED_UNIT ( * ) SI_UNIT ( .MILLI., .METRE. ) );
#7479 = VECTOR ( 'NONE', #2522, 1000.000000000000000 ) ;
#7480 = VECTOR ( 'NONE', #8668, 1000.000000000000000 ) ;
#7481 = LINE ( 'NONE', #10339, #9541 ) ;
#7482 = EDGE_CURVE ( 'NONE', #2260, #11525, #2535, .T. ) ;
#7483 = VECTOR ( 'NONE', #6390, 1000.000000000000000 ) ;
#7484 = SURFACE_SIDE_STYLE ('',( #7363 ) ) ;
#7485 = CARTESIAN_POINT ( 'NONE',  ( -0.8686001631401385481, 0.8399999996185738560, -2.466964744152936095 ) ) ;
#7486 = SURFACE_STYLE_USAGE ( .BOTH. , #979 ) ;
#7487 = STYLED_ITEM ( 'NONE', ( #814 ), #4474 ) ;
#7488 = VECTOR ( 'NONE', #11591, 1000.000000000000000 ) ;
#7489 = FILL_AREA_STYLE_COLOUR ( '', #9426 ) ;
#7490 = DIRECTION ( 'NONE',  ( 0.0000000000000000000, -0.0000000000000000000, 1.000000000000000000 ) ) ;
#7491 =( GEOMETRIC_REPRESENTATION_CONTEXT ( 3 ) GLOBAL_UNCERTAINTY_ASSIGNED_CONTEXT ( ( #6012 ) ) GLOBAL_UNIT_ASSIGNED_CONTEXT ( ( #8411, #10183, #147 ) ) REPRESENTATION_CONTEXT ( 'NONE', 'WORKASPACE' ) );
#7492 = VERTEX_POINT ( 'NONE', #5241 ) ;
#7493 = PLANE ( 'NONE',  #1525 ) ;
#7494 = ORIENTED_EDGE ( 'NONE', *, *, #5293, .T. ) ;
#7495 = LINE ( 'NONE', #2880, #7038 ) ;
#7496 = LINE ( 'NONE', #10237, #8512 ) ;
#7497 = DIRECTION ( 'NONE',  ( -1.000000000000000000, 0.0000000000000000000, 4.283268065624126469E-15 ) ) ;
#7498 = FILL_AREA_STYLE ('',( #7556 ) ) ;
#7499 = PRESENTATION_LAYER_ASSIGNMENT (  '', '', ( #1714 ) ) ;
#7500 = ORIENTED_EDGE ( 'NONE', *, *, #245, .T. ) ;
#7501 = UNCERTAINTY_MEASURE_WITH_UNIT (LENGTH_MEASURE( 1.000000000000000082E-05 ), #11364, 'distance_accuracy_value', 'NONE');
#7502 = LINE ( 'NONE', #5726, #11330 ) ;
#7503 = PLANE ( 'NONE',  #1081 ) ;
#7504 = SURFACE_STYLE_FILL_AREA ( #2654 ) ;
#7505 = PRESENTATION_LAYER_ASSIGNMENT (  '', '', ( #5569 ) ) ;
#7506 = FILL_AREA_STYLE ('',( #146 ) ) ;
#7507 = CARTESIAN_POINT ( 'NONE',  ( -0.7078624394389969599, 0.8409999996185738569, -2.058473386177184672 ) ) ;
#7508 = CARTESIAN_POINT ( 'NONE',  ( 0.9261858897520449663, 0.8409999996185738569, -2.142877646327320473 ) ) ;
#7509 = ORIENTED_EDGE ( 'NONE', *, *, #10536, .F. ) ;
#7510 =( NAMED_UNIT ( * ) SI_UNIT ( $, .STERADIAN. ) SOLID_ANGLE_UNIT ( ) );
#7511 = LINE ( 'NONE', #4776, #5092 ) ;
#7512 = VERTEX_POINT ( 'NONE', #7722 ) ;
#7513 = SURFACE_STYLE_FILL_AREA ( #1952 ) ;
#7514 = ORIENTED_EDGE ( 'NONE', *, *, #7112, .T. ) ;
#7515 = CARTESIAN_POINT ( 'NONE',  ( -0.4744603876373802431, 0.8399999996185738560, -2.533233805678196671 ) ) ;
#7516 = ADVANCED_FACE ( 'NONE', ( #1536 ), #6726, .F. ) ;
#7517 = DIRECTION ( 'NONE',  ( 0.9910683662997872290, 0.0000000000000000000, -0.1333547648937626617 ) ) ;
#7518 = EDGE_CURVE ( 'NONE', #5765, #6134, #635, .T. ) ;
#7519 = DIRECTION ( 'NONE',  ( -0.0000000000000000000, -0.0000000000000000000, 1.000000000000000000 ) ) ;
#7520 = SURFACE_SIDE_STYLE ('',( #5749 ) ) ;
#7521 = PRESENTATION_LAYER_ASSIGNMENT (  '', '', ( #4419 ) ) ;
#7522 = PLANE ( 'NONE',  #4827 ) ;
#7523 = SURFACE_STYLE_FILL_AREA ( #4160 ) ;
#7524 = PRESENTATION_LAYER_ASSIGNMENT (  '', '', ( #11216 ) ) ;
#7525 = LINE ( 'NONE', #1241, #6675 ) ;
#7526 = ORIENTED_EDGE ( 'NONE', *, *, #3803, .F. ) ;
#7527 = DIRECTION ( 'NONE',  ( -3.302233253054859739E-15, -0.0000000000000000000, -1.000000000000000000 ) ) ;
#7528 = FACE_OUTER_BOUND ( 'NONE', #3336, .T. ) ;
#7529 = CARTESIAN_POINT ( 'NONE',  ( -0.1920615297072501004, 0.8409999996185738569, -2.444102925054406406 ) ) ;
#7530 = CARTESIAN_POINT ( 'NONE',  ( -0.8686001631401385481, 0.8409999996185738569, -2.466964744152936095 ) ) ;
#7531 = CARTESIAN_POINT ( 'NONE',  ( -0.2322459606321946035, 0.8399999996185738560, -2.055149861814719703 ) ) ;
#7532 = EDGE_CURVE ( 'NONE', #6870, #8239, #4348, .T. ) ;
#7533 = FACE_OUTER_BOUND ( 'NONE', #5809, .T. ) ;
#7534 = LINE ( 'NONE', #2157, #5754 ) ;
#7535 = ADVANCED_FACE ( 'NONE', ( #10853 ), #4937, .F. ) ;
#7536 = CARTESIAN_POINT ( 'NONE',  ( 0.3491347346354610748, 0.8399999996185738560, -2.264730687865104120 ) ) ;
#7537 = ORIENTED_EDGE ( 'NONE', *, *, #1691, .F. ) ;
#7538 = SURFACE_STYLE_FILL_AREA ( #9524 ) ;
#7539 = ORIENTED_EDGE ( 'NONE', *, *, #3063, .F. ) ;
#7540 = ORIENTED_EDGE ( 'NONE', *, *, #9080, .F. ) ;
#7541 = FILL_AREA_STYLE_COLOUR ( '', #1698 ) ;
#7542 = FACE_OUTER_BOUND ( 'NONE', #6546, .T. ) ;
#7543 = CARTESIAN_POINT ( 'NONE',  ( -1.008591037790359080, 0.8409999996185738569, -2.514098362380861484 ) ) ;
#7544 =( LENGTH_UNIT ( ) NAMED_UNIT ( * ) SI_UNIT ( .MILLI., .METRE. ) );
#7545 = LINE ( 'NONE', #9168, #7265 ) ;
#7546 = CARTESIAN_POINT ( 'NONE',  ( -0.5735618413472309829, 0.8399999996185738560, -2.099664945696942286 ) ) ;
#7547 = EDGE_CURVE ( 'NONE', #259, #11720, #3156, .T. ) ;
#7548 = CARTESIAN_POINT ( 'NONE',  ( 0.4387737236049271128, 0.8409999996185738569, -2.329158659427834621 ) ) ;
#7549 = PRESENTATION_LAYER_ASSIGNMENT (  '', '', ( #9868 ) ) ;
#7550 = PLANE ( 'NONE',  #8035 ) ;
#7551 = CARTESIAN_POINT ( 'NONE',  ( -0.9817510607449506654, 0.8409999996185738569, -2.370985389085522144 ) ) ;
#7552 =( GEOMETRIC_REPRESENTATION_CONTEXT ( 3 ) GLOBAL_UNCERTAINTY_ASSIGNED_CONTEXT ( ( #4516 ) ) GLOBAL_UNIT_ASSIGNED_CONTEXT ( ( #11099, #4487, #227 ) ) REPRESENTATION_CONTEXT ( 'NONE', 'WORKASPACE' ) );
#7553 = ORIENTED_EDGE ( 'NONE', *, *, #3441, .T. ) ;
#7554 = DIRECTION ( 'NONE',  ( -0.0000000000000000000, -1.000000000000000000, -0.0000000000000000000 ) ) ;
#7555 = CARTESIAN_POINT ( 'NONE',  ( 0.3925536675024140498, 0.8409999996185738569, -2.483225780245764902 ) ) ;
#7556 = FILL_AREA_STYLE_COLOUR ( '', #4934 ) ;
#7557 = B_SPLINE_SURFACE_WITH_KNOTS ( 'NONE', 3, 1, ( 
 ( #6297, #10152 ),
 ( #5643, #3593 ),
 ( #4566, #6356 ),
 ( #2803, #10093 ) ),
 .UNSPECIFIED., .F., .F., .F.,
 ( 4, 4 ),
 ( 2, 2 ),
 ( 12.00000000000000000, 13.00000000000000000 ),
 ( 0.0000000000000000000, 1.000000000000000000 ),
 .UNSPECIFIED. ) ;
#7558 = ORIENTED_EDGE ( 'NONE', *, *, #9001, .T. ) ;
#7559 = B_SPLINE_CURVE_WITH_KNOTS ( 'NONE', 3,
 ( #6652, #11292, #234, #9579 ),
 .UNSPECIFIED., .F., .F.,
 ( 4, 4 ),
 ( 0.0000000000000000000, 1.000000000000000000 ),
 .UNSPECIFIED. ) ;
#7560 = COLOUR_RGB ( '',1.000000000000000000, 1.000000000000000000, 1.000000000000000000 ) ;
#7561 =( LENGTH_UNIT ( ) NAMED_UNIT ( * ) SI_UNIT ( .MILLI., .METRE. ) );
#7562 = PRESENTATION_STYLE_ASSIGNMENT (( #2887 ) ) ;
#7563 = B_SPLINE_CURVE_WITH_KNOTS ( 'NONE', 3,
 ( #3457, #9711, #10759, #551 ),
 .UNSPECIFIED., .F., .F.,
 ( 4, 4 ),
 ( 2.000000000000000000, 3.000000000000000000 ),
 .UNSPECIFIED. ) ;
#7564 = EDGE_CURVE ( 'NONE', #8551, #11617, #3543, .T. ) ;
#7565 = UNCERTAINTY_MEASURE_WITH_UNIT (LENGTH_MEASURE( 1.000000000000000082E-05 ), #10477, 'distance_accuracy_value', 'NONE');
#7566 = DIRECTION ( 'NONE',  ( -0.2524218971878744444, 0.0000000000000000000, -0.9676172723861817815 ) ) ;
#7567 = DIRECTION ( 'NONE',  ( -1.000000000000000000, -0.0000000000000000000, 5.703459817243184186E-15 ) ) ;
#7568 = CARTESIAN_POINT ( 'NONE',  ( 0.7763206675015362768, 0.8399999996185738560, -2.121868500774836352 ) ) ;
#7569 = PLANE ( 'NONE',  #7697 ) ;
#7570 = SURFACE_STYLE_FILL_AREA ( #8656 ) ;
#7571 = FILL_AREA_STYLE_COLOUR ( '', #11762 ) ;
#7572 = ORIENTED_EDGE ( 'NONE', *, *, #8769, .F. ) ;
#7573 = FILL_AREA_STYLE ('',( #11161 ) ) ;
#7574 = EDGE_LOOP ( 'NONE', ( #5722, #8662, #4458, #7927 ) ) ;
#7575 = CARTESIAN_POINT ( 'NONE',  ( -0.8418608989513857166, 0.8409999996185738569, -2.467669734168366436 ) ) ;
#7576 = LINE ( 'NONE', #159, #6359 ) ;
#7577 = DIRECTION ( 'NONE',  ( 0.9398440417738193053, 0.0000000000000000000, -0.3416038306902477450 ) ) ;
#7578 = EDGE_CURVE ( 'NONE', #9969, #8733, #2820, .T. ) ;
#7579 = FACE_OUTER_BOUND ( 'NONE', #4926, .T. ) ;
#7580 = CARTESIAN_POINT ( 'NONE',  ( -0.2648265706684226894, 0.8399999996185738560, -2.081939482431800048 ) ) ;
#7581 = FACE_OUTER_BOUND ( 'NONE', #6203, .T. ) ;
#7582 = DIRECTION ( 'NONE',  ( 0.0000000000000000000, -0.0000000000000000000, 1.000000000000000000 ) ) ;
#7583 = EDGE_LOOP ( 'NONE', ( #10856, #10019, #10627, #971 ) ) ;
#7584 = FACE_OUTER_BOUND ( 'NONE', #7574, .T. ) ;
#7585 = CARTESIAN_POINT ( 'NONE',  ( -0.9346174425170256095, 0.8409999996185738569, -2.491840820439746640 ) ) ;
#7586 = ORIENTED_EDGE ( 'NONE', *, *, #6370, .F. ) ;
#7587 = LINE ( 'NONE', #6586, #3635 ) ;
#7588 = CARTESIAN_POINT ( 'NONE',  ( -0.3437854524861165828, 0.8399999996185738560, -2.233008771623576028 ) ) ;
#7589 = CARTESIAN_POINT ( 'NONE',  ( 0.7329017880636051752, 0.8409999996185738569, -2.577066694498511001 ) ) ;
#7590 = CARTESIAN_POINT ( 'NONE',  ( -0.8388898695979767339, 0.8409999996185738569, -2.397070019685833220 ) ) ;
#7591 = ORIENTED_EDGE ( 'NONE', *, *, #10134, .T. ) ;
#7592 = DIRECTION ( 'NONE',  ( 0.0000000000000000000, -0.0000000000000000000, 1.000000000000000000 ) ) ;
#7593 = CARTESIAN_POINT ( 'NONE',  ( -0.4707843682672035457, 0.8409999996185738569, -2.544614358797791631 ) ) ;
#7594 = ORIENTED_EDGE ( 'NONE', *, *, #4238, .F. ) ;
#7595 = CARTESIAN_POINT ( 'NONE',  ( 0.7329017880636055082, 0.8399999996185738560, -2.467819094879160957 ) ) ;
#7596 = ORIENTED_EDGE ( 'NONE', *, *, #7648, .T. ) ;
#7597 = PRESENTATION_STYLE_ASSIGNMENT (( #3895 ) ) ;
#7598 = EDGE_CURVE ( 'NONE', #3431, #8775, #10109, .T. ) ;
#7599 = EDGE_CURVE ( 'NONE', #9244, #3213, #4171, .T. ) ;
#7600 = LINE ( 'NONE', #11305, #7216 ) ;
#7601 = EDGE_CURVE ( 'NONE', #6042, #1059, #11024, .T. ) ;
#7602 = STYLED_ITEM ( 'NONE', ( #3662 ), #8055 ) ;
#7603 = AXIS2_PLACEMENT_3D ( 'NONE', #2715, #2596, #7188 ) ;
#7604 = SURFACE_SIDE_STYLE ('',( #2221 ) ) ;
#7605 = LINE ( 'NONE', #316, #8861 ) ;
#7606 = LINE ( 'NONE', #3902, #5650 ) ;
#7607 = EDGE_LOOP ( 'NONE', ( #4509, #2544, #10467, #7920 ) ) ;
#7608 = CARTESIAN_POINT ( 'NONE',  ( -0.9663419932461209116, 0.8399999996185738560, -2.402105662659876462 ) ) ;
#7609 = SURFACE_SIDE_STYLE ('',( #1335 ) ) ;
#7610 = VERTEX_POINT ( 'NONE', #3612 ) ;
#7611 = MECHANICAL_DESIGN_GEOMETRIC_PRESENTATION_REPRESENTATION (  '', ( #10539 ), #2393 ) ;
#7612 = EDGE_CURVE ( 'NONE', #5531, #8551, #6309, .T. ) ;
#7613 = EDGE_CURVE ( 'NONE', #8156, #1457, #5417, .T. ) ;
#7614 = CARTESIAN_POINT ( 'NONE',  ( -0.3301388600292162190, 0.8409999996185738569, -2.479352425865998910 ) ) ;
#7615 = CARTESIAN_POINT ( 'NONE',  ( 1.035433489371399451, 0.8399999996185738560, -2.345966039984117124 ) ) ;
#7616 = ORIENTED_EDGE ( 'NONE', *, *, #3896, .T. ) ;
#7617 = UNCERTAINTY_MEASURE_WITH_UNIT (LENGTH_MEASURE( 1.000000000000000082E-05 ), #1853, 'distance_accuracy_value', 'NONE');
#7618 = CARTESIAN_POINT ( 'NONE',  ( -0.1806306201586561910, 0.8409999996185738569, -2.510472699440351896 ) ) ;
#7619 = AXIS2_PLACEMENT_3D ( 'NONE', #6281, #609, #5216 ) ;
#7620 =( LENGTH_UNIT ( ) NAMED_UNIT ( * ) SI_UNIT ( .MILLI., .METRE. ) );
#7621 = SURFACE_STYLE_USAGE ( .BOTH. , #2242 ) ;
#7622 = DIRECTION ( 'NONE',  ( 0.0000000000000000000, 1.000000000000000000, 0.0000000000000000000 ) ) ;
#7623 = LINE ( 'NONE', #9435, #3723 ) ;
#7624 = MECHANICAL_DESIGN_GEOMETRIC_PRESENTATION_REPRESENTATION (  '', ( #1454 ), #4520 ) ;
#7625 = AXIS2_PLACEMENT_3D ( 'NONE', #2248, #9629, #9380 ) ;
#7626 = CARTESIAN_POINT ( 'NONE',  ( -0.3652372915511160612, 0.8409999996185738569, -2.526687469812611386 ) ) ;
#7627 = DIRECTION ( 'NONE',  ( -0.0000000000000000000, -1.000000000000000000, -0.0000000000000000000 ) ) ;
#7628 = PRESENTATION_LAYER_ASSIGNMENT (  '', '', ( #9560 ) ) ;
#7629 =( NAMED_UNIT ( * ) PLANE_ANGLE_UNIT ( ) SI_UNIT ( $, .RADIAN. ) );
#7630 = SURFACE_STYLE_FILL_AREA ( #5677 ) ;
#7631 = ORIENTED_EDGE ( 'NONE', *, *, #2017, .F. ) ;
#7632 = DIRECTION ( 'NONE',  ( -1.000000000000000000, -0.0000000000000000000, -0.0000000000000000000 ) ) ;
#7633 = VECTOR ( 'NONE', #2671, 1000.000000000000000 ) ;
#7634 = ORIENTED_EDGE ( 'NONE', *, *, #11237, .F. ) ;
#7635 = UNCERTAINTY_MEASURE_WITH_UNIT (LENGTH_MEASURE( 1.000000000000000082E-05 ), #9919, 'distance_accuracy_value', 'NONE');
#7636 = CARTESIAN_POINT ( 'NONE',  ( -0.1767531750691069270, 0.8409999996185738569, -2.428391718978884395 ) ) ;
#7637 = LINE ( 'NONE', #2843, #2306 ) ;
#7638 = PLANE ( 'NONE',  #7882 ) ;
#7639 = VECTOR ( 'NONE', #1429, 1000.000000000000000 ) ;
#7640 = DIRECTION ( 'NONE',  ( -0.0000000000000000000, -0.0000000000000000000, 1.000000000000000000 ) ) ;
#7641 = FILL_AREA_STYLE_COLOUR ( '', #7867 ) ;
#7642 = VERTEX_POINT ( 'NONE', #1936 ) ;
#7643 = CARTESIAN_POINT ( 'NONE',  ( 0.4009573043522013380, 0.8409999996185738569, -2.481825191914147410 ) ) ;
#7644 =( GEOMETRIC_REPRESENTATION_CONTEXT ( 3 ) GLOBAL_UNCERTAINTY_ASSIGNED_CONTEXT ( ( #10129 ) ) GLOBAL_UNIT_ASSIGNED_CONTEXT ( ( #9247, #982, #7173 ) ) REPRESENTATION_CONTEXT ( 'NONE', 'WORKASPACE' ) );
#7645 = CARTESIAN_POINT ( 'NONE',  ( -0.6219040138886532398, 0.8409999996185738569, -2.154452741243260583 ) ) ;
#7646 = ORIENTED_EDGE ( 'NONE', *, *, #11618, .F. ) ;
#7647 =( NAMED_UNIT ( * ) PLANE_ANGLE_UNIT ( ) SI_UNIT ( $, .RADIAN. ) );
#7648 = EDGE_CURVE ( 'NONE', #6252, #4613, #5481, .T. ) ;
#7649 = FACE_OUTER_BOUND ( 'NONE', #1776, .T. ) ;
#7650 = COLOUR_RGB ( '',1.000000000000000000, 1.000000000000000000, 1.000000000000000000 ) ;
#7651 =( LENGTH_UNIT ( ) NAMED_UNIT ( * ) SI_UNIT ( .MILLI., .METRE. ) );
#7652 = MECHANICAL_DESIGN_GEOMETRIC_PRESENTATION_REPRESENTATION (  '', ( #10165 ), #11724 ) ;
#7653 = CARTESIAN_POINT ( 'NONE',  ( 2.100000000000000089, 0.8400000000000000799, -3.279999999999999805 ) ) ;
#7654 = ORIENTED_EDGE ( 'NONE', *, *, #3473, .T. ) ;
#7655 = CARTESIAN_POINT ( 'NONE',  ( -0.1567113160363055313, 0.8400000000000000799, -2.231900930169421482 ) ) ;
#7656 =( NAMED_UNIT ( * ) PLANE_ANGLE_UNIT ( ) SI_UNIT ( $, .RADIAN. ) );
#7657 = CARTESIAN_POINT ( 'NONE',  ( 1.489999999999999991, -0.02999999999999972133, -3.279999999999999805 ) ) ;
#7658 = DIRECTION ( 'NONE',  ( 0.0000000000000000000, 0.0000000000000000000, -1.000000000000000000 ) ) ;
#7659 = LINE ( 'NONE', #8444, #3039 ) ;
#7660 = STYLED_ITEM ( 'NONE', ( #8763 ), #9735 ) ;
#7661 = ORIENTED_EDGE ( 'NONE', *, *, #1859, .T. ) ;
#7662 = VECTOR ( 'NONE', #8577, 1000.000000000000000 ) ;
#7663 = LINE ( 'NONE', #3842, #3754 ) ;
#7664 = B_SPLINE_SURFACE_WITH_KNOTS ( 'NONE', 3, 1, ( 
 ( #4128, #1314 ),
 ( #11554, #5999 ),
 ( #433, #9709 ),
 ( #11486, #7962 ) ),
 .UNSPECIFIED., .F., .F., .F.,
 ( 4, 4 ),
 ( 2, 2 ),
 ( 1.000000000000000000, 2.000000000000000000 ),
 ( 0.0000000000000000000, 1.000000000000000000 ),
 .UNSPECIFIED. ) ;
#7665 =( LENGTH_UNIT ( ) NAMED_UNIT ( * ) SI_UNIT ( .MILLI., .METRE. ) );
#7666 = CARTESIAN_POINT ( 'NONE',  ( -0.4615187851965718013, 0.8409999996185738569, -2.255467739283380624 ) ) ;
#7667 = ORIENTED_EDGE ( 'NONE', *, *, #6400, .F. ) ;
#7668 = CARTESIAN_POINT ( 'NONE',  ( -0.2374326728945910514, 0.8409999996185738569, -2.497380027709188433 ) ) ;
#7669 = PRESENTATION_LAYER_ASSIGNMENT (  '', '', ( #6087 ) ) ;
#7670 = PRESENTATION_STYLE_ASSIGNMENT (( #1323 ) ) ;
#7671 = LINE ( 'NONE', #3963, #11585 ) ;
#7672 = FILL_AREA_STYLE ('',( #5646 ) ) ;
#7673 = VECTOR ( 'NONE', #11612, 1000.000000000000000 ) ;
#7674 = CARTESIAN_POINT ( 'NONE',  ( -0.4243053836250365030, 0.8409999996185738569, -2.233008771623576028 ) ) ;
#7675 = COLOUR_RGB ( '',1.000000000000000000, 1.000000000000000000, 1.000000000000000000 ) ;
#7676 = SURFACE_SIDE_STYLE ('',( #5776 ) ) ;
#7677 = EDGE_CURVE ( 'NONE', #1457, #2398, #2757, .T. ) ;
#7678 = VERTEX_POINT ( 'NONE', #921 ) ;
#7679 =( NAMED_UNIT ( * ) SI_UNIT ( $, .STERADIAN. ) SOLID_ANGLE_UNIT ( ) );
#7680 = CARTESIAN_POINT ( 'NONE',  ( -0.4746114569264016647, 0.8409999996185738569, -2.589230155538022604 ) ) ;
#7681 = MECHANICAL_DESIGN_GEOMETRIC_PRESENTATION_REPRESENTATION (  '', ( #3993 ), #3408 ) ;
#7682 = STYLED_ITEM ( 'NONE', ( #4001 ), #10193 ) ;
#7683 = EDGE_LOOP ( 'NONE', ( #10803, #3115, #10854, #9826 ) ) ;
#7684 = DIRECTION ( 'NONE',  ( -0.3559357243643048729, 0.0000000000000000000, 0.9345104387438685212 ) ) ;
#7685 = MECHANICAL_DESIGN_GEOMETRIC_PRESENTATION_REPRESENTATION (  '', ( #3413 ), #6685 ) ;
#7686 = DIRECTION ( 'NONE',  ( -0.0000000000000000000, -1.000000000000000000, -0.0000000000000000000 ) ) ;
#7687 =( GEOMETRIC_REPRESENTATION_CONTEXT ( 3 ) GLOBAL_UNCERTAINTY_ASSIGNED_CONTEXT ( ( #7872 ) ) GLOBAL_UNIT_ASSIGNED_CONTEXT ( ( #4482, #1832, #11038 ) ) REPRESENTATION_CONTEXT ( 'NONE', 'WORKASPACE' ) );
#7688 = CARTESIAN_POINT ( 'NONE',  ( -0.3337141665400489843, 0.8399999996185738560, -2.571303266554186173 ) ) ;
#7689 = ORIENTED_EDGE ( 'NONE', *, *, #5351, .T. ) ;
#7690 = ORIENTED_EDGE ( 'NONE', *, *, #11092, .F. ) ;
#7691 = VECTOR ( 'NONE', #5615, 1000.000000000000000 ) ;
#7692 = FILL_AREA_STYLE_COLOUR ( '', #10770 ) ;
#7693 = EDGE_CURVE ( 'NONE', #9028, #11594, #7940, .T. ) ;
#7694 =( NAMED_UNIT ( * ) SI_UNIT ( $, .STERADIAN. ) SOLID_ANGLE_UNIT ( ) );
#7695 = EDGE_CURVE ( 'NONE', #7301, #6177, #84, .T. ) ;
#7696 = SURFACE_SIDE_STYLE ('',( #8647 ) ) ;
#7697 = AXIS2_PLACEMENT_3D ( 'NONE', #11274, #2068, #6765 ) ;
#7698 = FILL_AREA_STYLE ('',( #8531 ) ) ;
#7699 = LINE ( 'NONE', #7754, #946 ) ;
#7700 = CARTESIAN_POINT ( 'NONE',  ( 0.2286823215024055000, 0.8409999996185738569, -2.313752027488907625 ) ) ;
#7701 = MECHANICAL_DESIGN_GEOMETRIC_PRESENTATION_REPRESENTATION (  '', ( #178 ), #6490 ) ;
#7702 = PRESENTATION_LAYER_ASSIGNMENT (  '', '', ( #5163 ) ) ;
#7703 = CARTESIAN_POINT ( 'NONE',  ( -0.1254399731736046131, 0.8409999996185738569, -2.567979742191718540 ) ) ;
#7704 = CARTESIAN_POINT ( 'NONE',  ( 0.1418445091968519312, 0.8409999996185738569, -2.372577592294788484 ) ) ;
#7705 = CARTESIAN_POINT ( 'NONE',  ( 1.050000000000000044, 0.3500000000000003664, -8.279999999999999361 ) ) ;
#7706 = ORIENTED_EDGE ( 'NONE', *, *, #3458, .F. ) ;
#7707 = CARTESIAN_POINT ( 'NONE',  ( -0.3191108019180085575, 0.8399999996185738560, -2.571303266554186173 ) ) ;
#7708 = ORIENTED_EDGE ( 'NONE', *, *, #11029, .F. ) ;
#7709 = AXIS2_PLACEMENT_3D ( 'NONE', #8815, #11624, #1510 ) ;
#7710 = CARTESIAN_POINT ( 'NONE',  ( -0.3437854524861161387, 0.8409999996185738569, -2.166739710098317229 ) ) ;
#7711 = CARTESIAN_POINT ( 'NONE',  ( 0.7385042215349684191, 0.8399999996185738560, -2.077048992933515859 ) ) ;
#7712 = CARTESIAN_POINT ( 'NONE',  ( -0.2789263709930535629, 0.8399999996185738560, -2.089795085468891145 ) ) ;
#7713 = FILL_AREA_STYLE ('',( #7641 ) ) ;
#7714 = FACE_BOUND ( 'NONE', #9157, .T. ) ;
#7715 = ORIENTED_EDGE ( 'NONE', *, *, #7780, .F. ) ;
#7716 = CARTESIAN_POINT ( 'NONE',  ( -0.2621073234627079307, 0.8409999996185738569, -2.567979742191718096 ) ) ;
#7717 =( NAMED_UNIT ( * ) PLANE_ANGLE_UNIT ( ) SI_UNIT ( $, .RADIAN. ) );
#7718 = ORIENTED_EDGE ( 'NONE', *, *, #1556, .F. ) ;
#7719 =( GEOMETRIC_REPRESENTATION_CONTEXT ( 3 ) GLOBAL_UNCERTAINTY_ASSIGNED_CONTEXT ( ( #9691 ) ) GLOBAL_UNIT_ASSIGNED_CONTEXT ( ( #5381, #7330, #3504 ) ) REPRESENTATION_CONTEXT ( 'NONE', 'WORKASPACE' ) );
#7720 = CARTESIAN_POINT ( 'NONE',  ( 0.2286823215024052780, 0.8399999996185738560, -2.373978234055434733 ) ) ;
#7721 = LINE ( 'NONE', #7588, #11703 ) ;
#7722 = CARTESIAN_POINT ( 'NONE',  ( 0.7329017880636055082, 0.8399999996185738560, -2.467819094879160957 ) ) ;
#7723 = SURFACE_STYLE_USAGE ( .BOTH. , #4012 ) ;
#7724 = FILL_AREA_STYLE_COLOUR ( '', #1822 ) ;
#7725 = ORIENTED_EDGE ( 'NONE', *, *, #9611, .T. ) ;
#7726 = CARTESIAN_POINT ( 'NONE',  ( -0.3767689139597319992, 0.8409999996185738569, -2.500199987774918142 ) ) ;
#7727 = DIRECTION ( 'NONE',  ( 0.0000000000000000000, 1.000000000000000000, 0.0000000000000000000 ) ) ;
#7728 = PRESENTATION_STYLE_ASSIGNMENT (( #2859 ) ) ;
#7729 = SURFACE_STYLE_FILL_AREA ( #4855 ) ;
#7730 = DIRECTION ( 'NONE',  ( -0.0000000000000000000, -1.000000000000000000, -0.0000000000000000000 ) ) ;
#7731 = ORIENTED_EDGE ( 'NONE', *, *, #11017, .T. ) ;
#7732 = DIRECTION ( 'NONE',  ( -0.0000000000000000000, -1.000000000000000000, -0.0000000000000000000 ) ) ;
#7733 =( NAMED_UNIT ( * ) PLANE_ANGLE_UNIT ( ) SI_UNIT ( $, .RADIAN. ) );
#7734 = CARTESIAN_POINT ( 'NONE',  ( 0.4037584810161113369, 0.8399999996185738560, -2.568662950791342769 ) ) ;
#7735 = ORIENTED_EDGE ( 'NONE', *, *, #8341, .F. ) ;
#7736 = CARTESIAN_POINT ( 'NONE',  ( -2.100000000000000089, 0.8400000000000000799, -3.279999999999999805 ) ) ;
#7737 = FILL_AREA_STYLE_COLOUR ( '', #7204 ) ;
#7738 = VECTOR ( 'NONE', #4607, 1000.000000000000000 ) ;
#7739 = CARTESIAN_POINT ( 'NONE',  ( -0.8388898695979771780, 0.8399999996185738560, -2.540384418699861868 ) ) ;
#7740 = SURFACE_STYLE_USAGE ( .BOTH. , #255 ) ;
#7741 = PRESENTATION_STYLE_ASSIGNMENT (( #4922 ) ) ;
#7742 = PLANE ( 'NONE',  #3649 ) ;
#7743 = EDGE_LOOP ( 'NONE', ( #4170, #3526, #11417, #1554 ) ) ;
#7744 = CARTESIAN_POINT ( 'NONE',  ( -0.9672987654112523703, 0.8400000000000000799, -2.396163603951712684 ) ) ;
#7745 = B_SPLINE_SURFACE_WITH_KNOTS ( 'NONE', 3, 1, ( 
 ( #1675, #2676 ),
 ( #3915, #836 ),
 ( #7626, #6343 ),
 ( #1795, #5329 ) ),
 .UNSPECIFIED., .F., .F., .F.,
 ( 4, 4 ),
 ( 2, 2 ),
 ( 2.000000000000000000, 3.000000000000000000 ),
 ( 0.0000000000000000000, 1.000000000000000000 ),
 .UNSPECIFIED. ) ;
#7746 = VERTEX_POINT ( 'NONE', #8526 ) ;
#7747 = PRESENTATION_STYLE_ASSIGNMENT (( #10667 ) ) ;
#7748 = CARTESIAN_POINT ( 'NONE',  ( -0.04492004203401878809, 0.8409999996185738569, -2.233008771623577360 ) ) ;
#7749 = DIRECTION ( 'NONE',  ( -0.0000000000000000000, -1.000000000000000000, -0.0000000000000000000 ) ) ;
#7750 = ORIENTED_EDGE ( 'NONE', *, *, #6175, .F. ) ;
#7751 = ORIENTED_EDGE ( 'NONE', *, *, #7405, .F. ) ;
#7752 = FACE_OUTER_BOUND ( 'NONE', #10386, .T. ) ;
#7753 = SURFACE_STYLE_FILL_AREA ( #11405 ) ;
#7754 = CARTESIAN_POINT ( 'NONE',  ( 0.8071340649512808163, 0.8409999996185738569, -2.203103786108907780 ) ) ;
#7755 = DIRECTION ( 'NONE',  ( 0.0000000000000000000, 0.0000000000000000000, 1.000000000000000000 ) ) ;
#7756 = CARTESIAN_POINT ( 'NONE',  ( 0.6656725062644027746, 0.8399999996185738560, -2.025226428225242348 ) ) ;
#7757 = MECHANICAL_DESIGN_GEOMETRIC_PRESENTATION_REPRESENTATION (  '', ( #3288 ), #2152 ) ;
#7758 = EDGE_CURVE ( 'NONE', #3227, #8674, #4762, .T. ) ;
#7759 = SURFACE_STYLE_FILL_AREA ( #6764 ) ;
#7760 = DIRECTION ( 'NONE',  ( -0.0000000000000000000, -1.000000000000000000, -0.0000000000000000000 ) ) ;
#7761 = EDGE_CURVE ( 'NONE', #9705, #9069, #9427, .T. ) ;
#7762 = CARTESIAN_POINT ( 'NONE',  ( -0.3555185006134269909, 0.8399999996185738560, -2.551160694662033546 ) ) ;
#7763 =( GEOMETRIC_REPRESENTATION_CONTEXT ( 3 ) GLOBAL_UNCERTAINTY_ASSIGNED_CONTEXT ( ( #7311 ) ) GLOBAL_UNIT_ASSIGNED_CONTEXT ( ( #4237, #11471, #9746 ) ) REPRESENTATION_CONTEXT ( 'NONE', 'WORKASPACE' ) );
#7764 = ADVANCED_FACE ( 'NONE', ( #8468 ), #6559, .F. ) ;
#7765 = CARTESIAN_POINT ( 'NONE',  ( -0.1788177886883991763, 0.8409999996185738569, -2.099967084274983353 ) ) ;
#7766 = ORIENTED_EDGE ( 'NONE', *, *, #4873, .F. ) ;
#7767 = FILL_AREA_STYLE ('',( #10496 ) ) ;
#7768 = ORIENTED_EDGE ( 'NONE', *, *, #8999, .F. ) ;
#7769 = UNCERTAINTY_MEASURE_WITH_UNIT (LENGTH_MEASURE( 1.000000000000000082E-05 ), #3454, 'distance_accuracy_value', 'NONE');
#7770 = CARTESIAN_POINT ( 'NONE',  ( -0.1598837711090797808, 0.8409999996185738569, -2.084155165340109583 ) ) ;
#7771 =( NAMED_UNIT ( * ) SI_UNIT ( $, .STERADIAN. ) SOLID_ANGLE_UNIT ( ) );
#7772 = CARTESIAN_POINT ( 'NONE',  ( 0.7763206675015362768, 0.8409999996185738569, -2.121868500774836352 ) ) ;
#7773 = PRODUCT_DEFINITION_SHAPE ( 'NONE', 'NONE',  #10519 ) ;
#7774 = SURFACE_STYLE_USAGE ( .BOTH. , #9448 ) ;
#7775 = VERTEX_POINT ( 'NONE', #9485 ) ;
#7776 = CARTESIAN_POINT ( 'NONE',  ( -0.8418608989513857166, 0.8400000000000000799, -2.467669734168366436 ) ) ;
#7777 = ORIENTED_EDGE ( 'NONE', *, *, #9368, .F. ) ;
#7778 = CARTESIAN_POINT ( 'NONE',  ( -0.2000682020347047674, 0.8409999996185738569, -2.551059981802691556 ) ) ;
#7779 = SURFACE_STYLE_USAGE ( .BOTH. , #2091 ) ;
#7780 = EDGE_CURVE ( 'NONE', #8733, #6384, #10421, .T. ) ;
#7781 = PLANE ( 'NONE',  #10794 ) ;
#7782 = SURFACE_SIDE_STYLE ('',( #8680 ) ) ;
#7783 = VERTEX_POINT ( 'NONE', #11397 ) ;
#7784 =( NAMED_UNIT ( * ) SI_UNIT ( $, .STERADIAN. ) SOLID_ANGLE_UNIT ( ) );
#7785 =( NAMED_UNIT ( * ) SI_UNIT ( $, .STERADIAN. ) SOLID_ANGLE_UNIT ( ) );
#7786 = VERTEX_POINT ( 'NONE', #7688 ) ;
#7787 = CARTESIAN_POINT ( 'NONE',  ( -0.4128744740764438981, 0.8399999996185738560, -2.633543813701546110 ) ) ;
#7788 = DIRECTION ( 'NONE',  ( -0.0000000000000000000, -1.000000000000000000, -0.0000000000000000000 ) ) ;
#7789 = VERTEX_POINT ( 'NONE', #1221 ) ;
#7790 = CARTESIAN_POINT ( 'NONE',  ( -0.5735618413472309829, 0.8399999996185738560, -2.099664945696942286 ) ) ;
#7791 = DIRECTION ( 'NONE',  ( -3.272121703647071695E-15, 0.0000000000000000000, -1.000000000000000000 ) ) ;
#7792 = B_SPLINE_CURVE_WITH_KNOTS ( 'NONE', 3,
 ( #8699, #11751, #4276, #9790 ),
 .UNSPECIFIED., .F., .F.,
 ( 4, 4 ),
 ( 3.000000000000000000, 4.000000000000000000 ),
 .UNSPECIFIED. ) ;
#7793 = PLANE ( 'NONE',  #8765 ) ;
#7794 = EDGE_CURVE ( 'NONE', #5687, #1203, #4870, .T. ) ;
#7795 =( NAMED_UNIT ( * ) SI_UNIT ( $, .STERADIAN. ) SOLID_ANGLE_UNIT ( ) );
#7796 = ORIENTED_EDGE ( 'NONE', *, *, #11170, .T. ) ;
#7797 =( NAMED_UNIT ( * ) PLANE_ANGLE_UNIT ( ) SI_UNIT ( $, .RADIAN. ) );
#7798 = FILL_AREA_STYLE_COLOUR ( '', #8273 ) ;
#7799 = ORIENTED_EDGE ( 'NONE', *, *, #10550, .T. ) ;
#7800 = CARTESIAN_POINT ( 'NONE',  ( -0.2280663769646102124, 0.8409999996185738569, -2.236130870267349469 ) ) ;
#7801 = SURFACE_STYLE_USAGE ( .BOTH. , #4332 ) ;
#7802 = EDGE_CURVE ( 'NONE', #9069, #11265, #328, .T. ) ;
#7803 = EDGE_LOOP ( 'NONE', ( #8658, #4758, #3909, #6355 ) ) ;
#7804 = ORIENTED_EDGE ( 'NONE', *, *, #5773, .F. ) ;
#7805 = VECTOR ( 'NONE', #8460, 1000.000000000000000 ) ;
#7806 = DIRECTION ( 'NONE',  ( 0.3385350342956536807, 0.0000000000000000000, -0.9409537876827110958 ) ) ;
#7807 = CARTESIAN_POINT ( 'NONE',  ( -0.4244060964850521200, 0.8399999996185738560, -2.634248803718319820 ) ) ;
#7808 = VECTOR ( 'NONE', #9241, 1000.000000000000000 ) ;
#7809 = B_SPLINE_CURVE_WITH_KNOTS ( 'NONE', 3,
 ( #7220, #11802, #1621, #4446 ),
 .UNSPECIFIED., .F., .F.,
 ( 4, 4 ),
 ( 3.000000000000000000, 4.000000000000000000 ),
 .UNSPECIFIED. ) ;
#7810 = CARTESIAN_POINT ( 'NONE',  ( -0.6219040138886532398, 0.8409999996185738569, -2.154452741243260583 ) ) ;
#7811 =( NAMED_UNIT ( * ) PLANE_ANGLE_UNIT ( ) SI_UNIT ( $, .RADIAN. ) );
#7812 = CARTESIAN_POINT ( 'NONE',  ( -0.9640759539081357188, 0.8409999996185738569, -2.409961265696968002 ) ) ;
#7813 = LINE ( 'NONE', #8843, #2593 ) ;
#7814 = LINE ( 'NONE', #4950, #161 ) ;
#7815 = ORIENTED_EDGE ( 'NONE', *, *, #3822, .F. ) ;
#7816 = FILL_AREA_STYLE_COLOUR ( '', #6420 ) ;
#7817 = ORIENTED_EDGE ( 'NONE', *, *, #3822, .T. ) ;
#7818 =( LENGTH_UNIT ( ) NAMED_UNIT ( * ) SI_UNIT ( .MILLI., .METRE. ) );
#7819 = CARTESIAN_POINT ( 'NONE',  ( -0.2200000000000000289, -0.02999999999999966929, -8.279999999999999361 ) ) ;
#7820 =( LENGTH_UNIT ( ) NAMED_UNIT ( * ) SI_UNIT ( .MILLI., .METRE. ) );
#7821 = EDGE_CURVE ( 'NONE', #1886, #7140, #3065, .T. ) ;
#7822 = EDGE_CURVE ( 'NONE', #7492, #9500, #2178, .T. ) ;
#7823 = LINE ( 'NONE', #4892, #10604 ) ;
#7824 = ORIENTED_EDGE ( 'NONE', *, *, #3505, .T. ) ;
#7825 = FACE_OUTER_BOUND ( 'NONE', #10187, .T. ) ;
#7826 = VECTOR ( 'NONE', #5882, 1000.000000000000000 ) ;
#7827 = FILL_AREA_STYLE ('',( #4297 ) ) ;
#7828 = ORIENTED_EDGE ( 'NONE', *, *, #4695, .T. ) ;
#7829 =( LENGTH_UNIT ( ) NAMED_UNIT ( * ) SI_UNIT ( .MILLI., .METRE. ) );
#7830 = LINE ( 'NONE', #9397, #11510 ) ;
#7831 = MECHANICAL_DESIGN_GEOMETRIC_PRESENTATION_REPRESENTATION (  '', ( #11133 ), #1464 ) ;
#7832 = CARTESIAN_POINT ( 'NONE',  ( 2.100000000000000089, -0.02999999999999966929, -3.279999999999999805 ) ) ;
#7833 = SURFACE_STYLE_USAGE ( .BOTH. , #10513 ) ;
#7834 = STYLED_ITEM ( 'NONE', ( #3900 ), #8822 ) ;
#7835 = ORIENTED_EDGE ( 'NONE', *, *, #10196, .T. ) ;
#7836 = VECTOR ( 'NONE', #10493, 1000.000000000000000 ) ;
#7837 = CARTESIAN_POINT ( 'NONE',  ( -0.3437854524861165828, 0.8409999996185738569, -2.233008771623576028 ) ) ;
#7838 =( NAMED_UNIT ( * ) SI_UNIT ( $, .STERADIAN. ) SOLID_ANGLE_UNIT ( ) );
#7839 = VECTOR ( 'NONE', #6339, 1000.000000000000000 ) ;
#7840 = CARTESIAN_POINT ( 'NONE',  ( 0.4443761837901294420, 0.8409999996185738569, -2.547653805237517055 ) ) ;
#7841 = B_SPLINE_SURFACE_WITH_KNOTS ( 'NONE', 3, 1, ( 
 ( #8596, #2255 ),
 ( #8665, #7711 ),
 ( #1297, #11421 ),
 ( #7772, #6773 ) ),
 .UNSPECIFIED., .F., .F., .F.,
 ( 4, 4 ),
 ( 2, 2 ),
 ( 3.000000000000000000, 4.000000000000000000 ),
 ( 0.0000000000000000000, 1.000000000000000000 ),
 .UNSPECIFIED. ) ;
#7842 = EDGE_CURVE ( 'NONE', #886, #4366, #4936, .T. ) ;
#7843 = ADVANCED_FACE ( 'NONE', ( #2231 ), #9363, .F. ) ;
#7844 = PRESENTATION_LAYER_ASSIGNMENT (  '', '', ( #5104 ) ) ;
#7845 = ORIENTED_EDGE ( 'NONE', *, *, #3973, .F. ) ;
#7846 = CARTESIAN_POINT ( 'NONE',  ( -0.2324977427812310593, 0.8409999996185738569, -2.078112393772600264 ) ) ;
#7847 = ORIENTED_EDGE ( 'NONE', *, *, #8006, .T. ) ;
#7848 = VECTOR ( 'NONE', #7211, 1000.000000000000000 ) ;
#7849 = SURFACE_STYLE_FILL_AREA ( #9715 ) ;
#7850 = DIRECTION ( 'NONE',  ( -0.0000000000000000000, -1.000000000000000000, -0.0000000000000000000 ) ) ;
#7851 = CARTESIAN_POINT ( 'NONE',  ( 0.7329017880636055082, 0.8409999996185738569, -2.467819094879160957 ) ) ;
#7852 =( NAMED_UNIT ( * ) SI_UNIT ( $, .STERADIAN. ) SOLID_ANGLE_UNIT ( ) );
#7853 = VECTOR ( 'NONE', #8297, 1000.000000000000000 ) ;
#7854 = CARTESIAN_POINT ( 'NONE',  ( -0.1806306201586561910, 0.8400000000000000799, -2.510472699440351896 ) ) ;
#7855 = ORIENTED_EDGE ( 'NONE', *, *, #817, .T. ) ;
#7856 = STYLED_ITEM ( 'NONE', ( #5592 ), #4985 ) ;
#7857 = UNCERTAINTY_MEASURE_WITH_UNIT (LENGTH_MEASURE( 1.000000000000000082E-05 ), #455, 'distance_accuracy_value', 'NONE');
#7858 = FACE_OUTER_BOUND ( 'NONE', #6614, .T. ) ;
#7859 = ORIENTED_EDGE ( 'NONE', *, *, #612, .T. ) ;
#7860 = B_SPLINE_CURVE_WITH_KNOTS ( 'NONE', 3,
 ( #7568, #2244, #2364, #9734 ),
 .UNSPECIFIED., .F., .F.,
 ( 4, 4 ),
 ( 4.000000000000000000, 5.000000000000000000 ),
 .UNSPECIFIED. ) ;
#7861 =( NAMED_UNIT ( * ) PLANE_ANGLE_UNIT ( ) SI_UNIT ( $, .RADIAN. ) );
#7862 = ORIENTED_EDGE ( 'NONE', *, *, #830, .T. ) ;
#7863 = VECTOR ( 'NONE', #6720, 1000.000000000000000 ) ;
#7864 = ORIENTED_EDGE ( 'NONE', *, *, #4695, .F. ) ;
#7865 = CARTESIAN_POINT ( 'NONE',  ( 0.2286823215024052780, 0.8409999996185738569, -2.373978234055434733 ) ) ;
#7866 =( NAMED_UNIT ( * ) SI_UNIT ( $, .STERADIAN. ) SOLID_ANGLE_UNIT ( ) );
#7867 = COLOUR_RGB ( '',1.000000000000000000, 1.000000000000000000, 1.000000000000000000 ) ;
#7868 = STYLED_ITEM ( 'NONE', ( #771 ), #10043 ) ;
#7869 = CARTESIAN_POINT ( 'NONE',  ( -0.5904816017376012249, 0.8409999996185738569, -2.456692032487504562 ) ) ;
#7870 = B_SPLINE_CURVE_WITH_KNOTS ( 'NONE', 3,
 ( #4665, #8255, #1669, #4491 ),
 .UNSPECIFIED., .F., .F.,
 ( 4, 4 ),
 ( 7.000000000000000000, 8.000000000000000000 ),
 .UNSPECIFIED. ) ;
#7871 = EDGE_CURVE ( 'NONE', #8883, #2436, #3184, .T. ) ;
#7872 = UNCERTAINTY_MEASURE_WITH_UNIT (LENGTH_MEASURE( 1.000000000000000082E-05 ), #4482, 'distance_accuracy_value', 'NONE');
#7873 = PRESENTATION_STYLE_ASSIGNMENT (( #511 ) ) ;
#7874 = FILL_AREA_STYLE_COLOUR ( '', #5343 ) ;
#7875 = VECTOR ( 'NONE', #3390, 1000.000000000000000 ) ;
#7876 = CARTESIAN_POINT ( 'NONE',  ( 0.2777036611262096444, 0.8409999996185738569, -2.264730687865103675 ) ) ;
#7877 = CARTESIAN_POINT ( 'NONE',  ( 0.6264554185365150962, 0.8409999996185738569, -2.427201338675438969 ) ) ;
#7878 = CARTESIAN_POINT ( 'NONE',  ( 0.4037584810161113369, 0.8409999996185738569, -2.568662950791343214 ) ) ;
#7879 = COLOUR_RGB ( '',1.000000000000000000, 1.000000000000000000, 1.000000000000000000 ) ;
#7880 = PLANE ( 'NONE',  #3187 ) ;
#7881 = COLOUR_RGB ( '',1.000000000000000000, 1.000000000000000000, 1.000000000000000000 ) ;
#7882 = AXIS2_PLACEMENT_3D ( 'NONE', #6951, #1597, #9995 ) ;
#7883 = CARTESIAN_POINT ( 'NONE',  ( -0.4714390018529552306, 0.8399999996185738560, -2.544614358797791631 ) ) ;
#7884 = ORIENTED_EDGE ( 'NONE', *, *, #2722, .F. ) ;
#7885 =( LENGTH_UNIT ( ) NAMED_UNIT ( * ) SI_UNIT ( .MILLI., .METRE. ) );
#7886 = ORIENTED_EDGE ( 'NONE', *, *, #2619, .T. ) ;
#7887 = UNCERTAINTY_MEASURE_WITH_UNIT (LENGTH_MEASURE( 1.000000000000000082E-05 ), #1408, 'distance_accuracy_value', 'NONE');
#7888 =( GEOMETRIC_REPRESENTATION_CONTEXT ( 3 ) GLOBAL_UNCERTAINTY_ASSIGNED_CONTEXT ( ( #7987 ) ) GLOBAL_UNIT_ASSIGNED_CONTEXT ( ( #2805, #4682, #2217 ) ) REPRESENTATION_CONTEXT ( 'NONE', 'WORKASPACE' ) );
#7889 = DIRECTION ( 'NONE',  ( 0.0000000000000000000, 0.0000000000000000000, 1.000000000000000000 ) ) ;
#7890 = VECTOR ( 'NONE', #583, 1000.000000000000000 ) ;
#7891 = DIRECTION ( 'NONE',  ( 0.8631877589412141338, 0.0000000000000000000, -0.5048830486499268355 ) ) ;
#7892 =( LENGTH_UNIT ( ) NAMED_UNIT ( * ) SI_UNIT ( .MILLI., .METRE. ) );
#7893 = AXIS2_PLACEMENT_3D ( 'NONE', #4041, #10363, #4269 ) ;
#7894 = SURFACE_SIDE_STYLE ('',( #9573 ) ) ;
#7895 = EDGE_LOOP ( 'NONE', ( #9365, #10734, #10805, #6406 ) ) ;
#7896 = DIRECTION ( 'NONE',  ( -1.000000000000000000, -0.0000000000000000000, 6.155985935729375282E-15 ) ) ;
#7897 = FILL_AREA_STYLE ('',( #9700 ) ) ;
#7898 = EDGE_LOOP ( 'NONE', ( #11754, #3496, #134, #10721 ) ) ;
#7899 = PRESENTATION_LAYER_ASSIGNMENT (  '', '', ( #1709 ) ) ;
#7900 = PLANE ( 'NONE',  #2642 ) ;
#7901 = SURFACE_STYLE_FILL_AREA ( #9829 ) ;
#7902 = LINE ( 'NONE', #9704, #6686 ) ;
#7903 = VECTOR ( 'NONE', #11112, 1000.000000000000000 ) ;
#7904 = VECTOR ( 'NONE', #3401, 1000.000000000000000 ) ;
#7905 = VERTEX_POINT ( 'NONE', #8825 ) ;
#7906 = FACE_OUTER_BOUND ( 'NONE', #9644, .T. ) ;
#7907 = CARTESIAN_POINT ( 'NONE',  ( 0.4443761837901294975, 0.8409999996185738569, -2.525244071352073405 ) ) ;
#7908 = CARTESIAN_POINT ( 'NONE',  ( -0.7622473835479334214, 0.8409999996185738569, -2.545520774531907726 ) ) ;
#7909 = EDGE_LOOP ( 'NONE', ( #4249, #7221, #3209, #11290 ) ) ;
#7910 = MECHANICAL_DESIGN_GEOMETRIC_PRESENTATION_REPRESENTATION (  '', ( #10427 ), #10235 ) ;
#7911 = SURFACE_STYLE_FILL_AREA ( #1611 ) ;
#7912 = VERTEX_POINT ( 'NONE', #8942 ) ;
#7913 = SURFACE_STYLE_FILL_AREA ( #714 ) ;
#7914 =( NAMED_UNIT ( * ) SI_UNIT ( $, .STERADIAN. ) SOLID_ANGLE_UNIT ( ) );
#7915 = ADVANCED_FACE ( 'NONE', ( #4152 ), #1396, .F. ) ;
#7916 = EDGE_CURVE ( 'NONE', #7294, #1338, #9910, .T. ) ;
#7917 = COLOUR_RGB ( '',1.000000000000000000, 1.000000000000000000, 1.000000000000000000 ) ;
#7918 = CARTESIAN_POINT ( 'NONE',  ( -0.2510792653514919981, 0.8409999996185738569, -2.055149861814719703 ) ) ;
#7919 = CARTESIAN_POINT ( 'NONE',  ( -0.5167094321802800927, 0.8400000000000000799, -2.081133779555683017 ) ) ;
#7920 = ORIENTED_EDGE ( 'NONE', *, *, #9140, .T. ) ;
#7921 = DIRECTION ( 'NONE',  ( 0.0000000000000000000, -1.000000000000000000, -0.0000000000000000000 ) ) ;
#7922 = VERTEX_POINT ( 'NONE', #625 ) ;
#7923 = SURFACE_SIDE_STYLE ('',( #10778 ) ) ;
#7924 = SURFACE_STYLE_FILL_AREA ( #3301 ) ;
#7925 = EDGE_CURVE ( 'NONE', #4866, #1743, #570, .T. ) ;
#7926 = ORIENTED_EDGE ( 'NONE', *, *, #1694, .T. ) ;
#7927 = ORIENTED_EDGE ( 'NONE', *, *, #7307, .T. ) ;
#7928 =( NAMED_UNIT ( * ) SI_UNIT ( $, .STERADIAN. ) SOLID_ANGLE_UNIT ( ) );
#7929 = SURFACE_STYLE_USAGE ( .BOTH. , #4224 ) ;
#7930 = CARTESIAN_POINT ( 'NONE',  ( -0.01949004502012938178, 0.8409999996185738569, -2.567979742191718984 ) ) ;
#7931 =( NAMED_UNIT ( * ) PLANE_ANGLE_UNIT ( ) SI_UNIT ( $, .RADIAN. ) );
#7932 = SURFACE_STYLE_USAGE ( .BOTH. , #5053 ) ;
#7933 = PLANE ( 'NONE',  #5664 ) ;
#7934 = CARTESIAN_POINT ( 'NONE',  ( 0.7315011463022886851, 0.8399999996185738560, -2.379580614097772440 ) ) ;
#7935 = CARTESIAN_POINT ( 'NONE',  ( -0.8586799464824125261, 0.8409999996185738569, -2.521953965417950805 ) ) ;
#7936 = CARTESIAN_POINT ( 'NONE',  ( -0.4084934646901654531, 0.8409999996185738569, -2.632234546528698704 ) ) ;
#7937 =( LENGTH_UNIT ( ) NAMED_UNIT ( * ) SI_UNIT ( .MILLI., .METRE. ) );
#7938 = ORIENTED_EDGE ( 'NONE', *, *, #8311, .T. ) ;
#7939 =( GEOMETRIC_REPRESENTATION_CONTEXT ( 3 ) GLOBAL_UNCERTAINTY_ASSIGNED_CONTEXT ( ( #83 ) ) GLOBAL_UNIT_ASSIGNED_CONTEXT ( ( #4151, #7861, #6936 ) ) REPRESENTATION_CONTEXT ( 'NONE', 'WORKASPACE' ) );
#7940 = B_SPLINE_CURVE_WITH_KNOTS ( 'NONE', 3,
 ( #5555, #9252, #4645, #8345 ),
 .UNSPECIFIED., .F., .F.,
 ( 4, 4 ),
 ( 17.00000000000000000, 18.00000000000000000 ),
 .UNSPECIFIED. ) ;
#7941 = SURFACE_STYLE_FILL_AREA ( #7767 ) ;
#7942 = EDGE_CURVE ( 'NONE', #6177, #1105, #7792, .T. ) ;
#7943 = VERTEX_POINT ( 'NONE', #1632 ) ;
#7944 =( NAMED_UNIT ( * ) PLANE_ANGLE_UNIT ( ) SI_UNIT ( $, .RADIAN. ) );
#7945 = CARTESIAN_POINT ( 'NONE',  ( 0.2286823215024052780, 0.8409999996185738569, -2.373978234055434733 ) ) ;
#7946 = DIRECTION ( 'NONE',  ( -1.000000000000000000, -0.0000000000000000000, 1.543409377115608514E-14 ) ) ;
#7947 =( NAMED_UNIT ( * ) SI_UNIT ( $, .STERADIAN. ) SOLID_ANGLE_UNIT ( ) );
#7948 = MECHANICAL_DESIGN_GEOMETRIC_PRESENTATION_REPRESENTATION (  '', ( #6358 ), #1582 ) ;
#7949 = ORIENTED_EDGE ( 'NONE', *, *, #2282, .T. ) ;
#7950 = CARTESIAN_POINT ( 'NONE',  ( 0.3491347346354610748, 0.8409999996185738569, -2.264730687865104120 ) ) ;
#7951 = PRESENTATION_LAYER_ASSIGNMENT (  '', '', ( #244 ) ) ;
#7952 = CARTESIAN_POINT ( 'NONE',  ( -0.2374326728945912734, 0.8409999996185738569, -2.567979742191718096 ) ) ;
#7953 = ORIENTED_EDGE ( 'NONE', *, *, #4006, .T. ) ;
#7954 = CARTESIAN_POINT ( 'NONE',  ( -0.2621073234627074866, 0.8399999996185738560, -2.441786529286748664 ) ) ;
#7955 = FACE_OUTER_BOUND ( 'NONE', #10305, .T. ) ;
#7956 = DIRECTION ( 'NONE',  ( 0.0000000000000000000, 0.0000000000000000000, 1.000000000000000000 ) ) ;
#7957 = FILL_AREA_STYLE ('',( #6785 ) ) ;
#7958 = EDGE_LOOP ( 'NONE', ( #3188, #151, #10891, #6797 ) ) ;
#7959 = CARTESIAN_POINT ( 'NONE',  ( -0.1611426818529279881, 0.8409999996185738569, -2.560224852013971653 ) ) ;
#7960 = CARTESIAN_POINT ( 'NONE',  ( 0.7805224859260933012, 0.8399999996185738560, -2.203103786108907780 ) ) ;
#7961 = VECTOR ( 'NONE', #2246, 1000.000000000000000 ) ;
#7962 = CARTESIAN_POINT ( 'NONE',  ( -0.3361312751670491594, 0.8399999996185738560, -2.551160694662033546 ) ) ;
#7963 = VERTEX_POINT ( 'NONE', #6072 ) ;
#7964 = B_SPLINE_CURVE_WITH_KNOTS ( 'NONE', 3,
 ( #1696, #4401, #9915, #5112 ),
 .UNSPECIFIED., .F., .F.,
 ( 4, 4 ),
 ( 17.00000000000000000, 18.00000000000000000 ),
 .UNSPECIFIED. ) ;
#7965 = CARTESIAN_POINT ( 'NONE',  ( -0.5741157620749829382, 0.8409999996185738569, -2.212463348294041232 ) ) ;
#7966 = EDGE_LOOP ( 'NONE', ( #9872, #1356, #7025, #3317 ) ) ;
#7967 = SURFACE_SIDE_STYLE ('',( #5887 ) ) ;
#7968 = CARTESIAN_POINT ( 'NONE',  ( 0.1936670789142624916, 0.8399999996185738560, -2.505635514131208108 ) ) ;
#7969 = CARTESIAN_POINT ( 'NONE',  ( -0.2322459606321946035, 0.8399999996185738560, -2.055149861814719703 ) ) ;
#7970 = SURFACE_STYLE_FILL_AREA ( #718 ) ;
#7971 = FILL_AREA_STYLE ('',( #3003 ) ) ;
#7972 = ORIENTED_EDGE ( 'NONE', *, *, #11618, .T. ) ;
#7973 = EDGE_CURVE ( 'NONE', #1861, #677, #152, .T. ) ;
#7974 = CARTESIAN_POINT ( 'NONE',  ( 0.8645591082111515613, 0.8399999996185738560, -2.565861720697740989 ) ) ;
#7975 = CARTESIAN_POINT ( 'NONE',  ( -0.5921937203478339073, 0.8399999996185738560, -2.084558016777495748 ) ) ;
#7976 = EDGE_CURVE ( 'NONE', #3259, #819, #7044, .T. ) ;
#7977 = ORIENTED_EDGE ( 'NONE', *, *, #10417, .F. ) ;
#7978 = LINE ( 'NONE', #11807, #892 ) ;
#7979 = CARTESIAN_POINT ( 'NONE',  ( 0.6334584937691947193, 0.8409999996185738569, -2.089654474922372884 ) ) ;
#7980 = EDGE_LOOP ( 'NONE', ( #5644, #9609, #10774, #9111 ) ) ;
#7981 = ORIENTED_EDGE ( 'NONE', *, *, #9595, .F. ) ;
#7982 = DIRECTION ( 'NONE',  ( 0.0000000000000000000, 0.0000000000000000000, -1.000000000000000000 ) ) ;
#7983 = FILL_AREA_STYLE ('',( #5905 ) ) ;
#7984 = EDGE_CURVE ( 'NONE', #1684, #5977, #7169, .T. ) ;
#7985 = EDGE_CURVE ( 'NONE', #639, #8874, #6591, .T. ) ;
#7986 = EDGE_CURVE ( 'NONE', #4004, #4244, #1750, .T. ) ;
#7987 = UNCERTAINTY_MEASURE_WITH_UNIT (LENGTH_MEASURE( 1.000000000000000082E-05 ), #2805, 'distance_accuracy_value', 'NONE');
#7988 = CARTESIAN_POINT ( 'NONE',  ( 0.7973298130546910834, 0.8409999996185738569, -2.119067284039825694 ) ) ;
#7989 = CARTESIAN_POINT ( 'NONE',  ( -0.1254399731736046131, 0.8409999996185738569, -2.567979742191718540 ) ) ;
#7990 = CARTESIAN_POINT ( 'NONE',  ( -0.6219040138886532398, 0.8399999996185738560, -2.154452741243260583 ) ) ;
#7991 = B_SPLINE_CURVE_WITH_KNOTS ( 'NONE', 3,
 ( #4009, #3881, #6724, #174 ),
 .UNSPECIFIED., .F., .F.,
 ( 4, 4 ),
 ( 7.000000000000000000, 8.000000000000000000 ),
 .UNSPECIFIED. ) ;
#7992 = CARTESIAN_POINT ( 'NONE',  ( -0.2029888749591061692, 0.8409999996185738569, -2.055149861814720147 ) ) ;
#7993 = SURFACE_STYLE_USAGE ( .BOTH. , #11524 ) ;
#7994 = VERTEX_POINT ( 'NONE', #730 ) ;
#7995 = DIRECTION ( 'NONE',  ( 2.484773319089557227E-15, -0.0000000000000000000, 1.000000000000000000 ) ) ;
#7996 = ORIENTED_EDGE ( 'NONE', *, *, #4019, .F. ) ;
#7997 = CARTESIAN_POINT ( 'NONE',  ( -0.1314323883114438540, 0.8399999996185738560, -2.160696938530807909 ) ) ;
#7998 = VECTOR ( 'NONE', #10636, 1000.000000000000000 ) ;
#7999 = LINE ( 'NONE', #1359, #2714 ) ;
#8000 = DIRECTION ( 'NONE',  ( 0.0000000000000000000, -1.000000000000000000, 0.0000000000000000000 ) ) ;
#8001 = AXIS2_PLACEMENT_3D ( 'NONE', #258, #9477, #7490 ) ;
#8002 =( LENGTH_UNIT ( ) NAMED_UNIT ( * ) SI_UNIT ( .MILLI., .METRE. ) );
#8003 = CARTESIAN_POINT ( 'NONE',  ( 0.3295262308429499076, 0.8409999996185738569, -2.483225780245764458 ) ) ;
#8004 = VERTEX_POINT ( 'NONE', #10039 ) ;
#8005 =( LENGTH_UNIT ( ) NAMED_UNIT ( * ) SI_UNIT ( .MILLI., .METRE. ) );
#8006 = EDGE_CURVE ( 'NONE', #11525, #9912, #4456, .T. ) ;
#8007 = PRESENTATION_STYLE_ASSIGNMENT (( #3272 ) ) ;
#8008 = VERTEX_POINT ( 'NONE', #4634 ) ;
#8009 = AXIS2_PLACEMENT_3D ( 'NONE', #4405, #9917, #2039 ) ;
#8010 = SURFACE_STYLE_USAGE ( .BOTH. , #4299 ) ;
#8011 = CARTESIAN_POINT ( 'NONE',  ( 0.7329017880636051752, 0.8400000000000000799, -2.577066694498511001 ) ) ;
#8012 = FACE_OUTER_BOUND ( 'NONE', #593, .T. ) ;
#8013 = ORIENTED_EDGE ( 'NONE', *, *, #961, .T. ) ;
#8014 = PRESENTATION_STYLE_ASSIGNMENT (( #8796 ) ) ;
#8015 =( NAMED_UNIT ( * ) SI_UNIT ( $, .STERADIAN. ) SOLID_ANGLE_UNIT ( ) );
#8016 = CARTESIAN_POINT ( 'NONE',  ( -0.1628044440334908693, 0.8399999996185738560, -2.461123398304127630 ) ) ;
#8017 = PLANE ( 'NONE',  #9413 ) ;
#8018 = PRESENTATION_LAYER_ASSIGNMENT (  '', '', ( #1262 ) ) ;
#8019 = CARTESIAN_POINT ( 'NONE',  ( 1.050000000000000044, -0.02999999999999968317, -8.279999999999999361 ) ) ;
#8020 = EDGE_CURVE ( 'NONE', #3774, #11060, #10159, .T. ) ;
#8021 = LINE ( 'NONE', #4374, #9945 ) ;
#8022 = ORIENTED_EDGE ( 'NONE', *, *, #1114, .T. ) ;
#8023 = FACE_OUTER_BOUND ( 'NONE', #9713, .T. ) ;
#8024 = DIRECTION ( 'NONE',  ( 0.0000000000000000000, 0.0000000000000000000, -1.000000000000000000 ) ) ;
#8025 = STYLED_ITEM ( 'NONE', ( #2207 ), #9109 ) ;
#8026 = VECTOR ( 'NONE', #4481, 1000.000000000000000 ) ;
#8027 = VECTOR ( 'NONE', #2509, 1000.000000000000000 ) ;
#8028 = DIRECTION ( 'NONE',  ( -0.0000000000000000000, -1.000000000000000000, -0.0000000000000000000 ) ) ;
#8029 = FACE_OUTER_BOUND ( 'NONE', #6886, .T. ) ;
#8030 = FILL_AREA_STYLE_COLOUR ( '', #816 ) ;
#8031 = PLANE ( 'NONE',  #9622 ) ;
#8032 = CARTESIAN_POINT ( 'NONE',  ( -0.9690108840214941566, 0.8409999996185738569, -2.402709939815955931 ) ) ;
#8033 = PRESENTATION_LAYER_ASSIGNMENT (  '', '', ( #4730 ) ) ;
#8034 = ORIENTED_EDGE ( 'NONE', *, *, #7613, .T. ) ;
#8035 = AXIS2_PLACEMENT_3D ( 'NONE', #11259, #8571, #9422 ) ;
#8036 = DIRECTION ( 'NONE',  ( -0.0000000000000000000, -0.0000000000000000000, 1.000000000000000000 ) ) ;
#8037 = FACE_OUTER_BOUND ( 'NONE', #3092, .T. ) ;
#8038 = B_SPLINE_SURFACE_WITH_KNOTS ( 'NONE', 3, 1, ( 
 ( #585, #4288 ),
 ( #2423, #6091 ),
 ( #5004, #4049 ),
 ( #7765, #9810 ) ),
 .UNSPECIFIED., .F., .F., .F.,
 ( 4, 4 ),
 ( 2, 2 ),
 ( 9.000000000000000000, 10.00000000000000000 ),
 ( 0.0000000000000000000, 1.000000000000000000 ),
 .UNSPECIFIED. ) ;
#8039 = ORIENTED_EDGE ( 'NONE', *, *, #1117, .F. ) ;
#8040 = UNCERTAINTY_MEASURE_WITH_UNIT (LENGTH_MEASURE( 1.000000000000000082E-05 ), #11210, 'distance_accuracy_value', 'NONE');
#8041 = PRESENTATION_LAYER_ASSIGNMENT (  '', '', ( #11731 ) ) ;
#8042 = ORIENTED_EDGE ( 'NONE', *, *, #10654, .T. ) ;
#8043 = PRESENTATION_LAYER_ASSIGNMENT (  '', '', ( #2241 ) ) ;
#8044 = EDGE_CURVE ( 'NONE', #4087, #8762, #9813, .T. ) ;
#8045 = VERTEX_POINT ( 'NONE', #11867 ) ;
#8046 = ADVANCED_FACE ( 'NONE', ( #9974 ), #2692, .T. ) ;
#8047 = FACE_OUTER_BOUND ( 'NONE', #3013, .T. ) ;
#8048 = LINE ( 'NONE', #11756, #2426 ) ;
#8049 = CARTESIAN_POINT ( 'NONE',  ( -0.4337723924150331256, 0.8409999996185738569, -2.613099103231365294 ) ) ;
#8050 = VECTOR ( 'NONE', #6015, 1000.000000000000000 ) ;
#8051 = DIRECTION ( 'NONE',  ( -1.000000000000000000, -0.0000000000000000000, 5.286816650646201722E-15 ) ) ;
#8052 = STYLED_ITEM ( 'NONE', ( #3525 ), #4914 ) ;
#8053 = CARTESIAN_POINT ( 'NONE',  ( -0.7336449314612693007, 0.8409999996185738569, -2.545520774531907726 ) ) ;
#8054 = ORIENTED_EDGE ( 'NONE', *, *, #8719, .F. ) ;
#8055 = ADVANCED_FACE ( 'NONE', ( #10894 ), #1686, .T. ) ;
#8056 = CARTESIAN_POINT ( 'NONE',  ( -0.3216286234043526093, 0.8399999996185738560, -2.551160694662033546 ) ) ;
#8057 = EDGE_CURVE ( 'NONE', #5409, #8420, #4024, .T. ) ;
#8058 = MECHANICAL_DESIGN_GEOMETRIC_PRESENTATION_REPRESENTATION (  '', ( #11158 ), #7472 ) ;
#8059 = ORIENTED_EDGE ( 'NONE', *, *, #7006, .F. ) ;
#8060 = LINE ( 'NONE', #2540, #5807 ) ;
#8061 = VECTOR ( 'NONE', #8338, 1000.000000000000000 ) ;
#8062 = CARTESIAN_POINT ( 'NONE',  ( 0.7329017880636051752, 0.8400000000000000799, -2.577066694498511001 ) ) ;
#8063 = FILL_AREA_STYLE_COLOUR ( '', #391 ) ;
#8064 = CARTESIAN_POINT ( 'NONE',  ( 0.9766078844937484682, 0.8409999996185738569, -2.498632465613715770 ) ) ;
#8065 = COLOUR_RGB ( '',1.000000000000000000, 1.000000000000000000, 1.000000000000000000 ) ;
#8066 =( GEOMETRIC_REPRESENTATION_CONTEXT ( 3 ) GLOBAL_UNCERTAINTY_ASSIGNED_CONTEXT ( ( #4470 ) ) GLOBAL_UNIT_ASSIGNED_CONTEXT ( ( #5510, #2844, #10197 ) ) REPRESENTATION_CONTEXT ( 'NONE', 'WORKASPACE' ) );
#8067 = SURFACE_STYLE_FILL_AREA ( #1549 ) ;
#8068 = EDGE_LOOP ( 'NONE', ( #2835, #2160, #2377, #1902 ) ) ;
#8069 = FILL_AREA_STYLE_COLOUR ( '', #2089 ) ;
#8070 = ORIENTED_EDGE ( 'NONE', *, *, #10281, .T. ) ;
#8071 = MECHANICAL_DESIGN_GEOMETRIC_PRESENTATION_REPRESENTATION (  '', ( #7487 ), #5541 ) ;
#8072 = PRESENTATION_LAYER_ASSIGNMENT (  '', '', ( #4578 ) ) ;
#8073 = CARTESIAN_POINT ( 'NONE',  ( -0.2955439928040459185, 0.8409999996185738569, -2.563044812078358881 ) ) ;
#8074 = ADVANCED_FACE ( 'NONE', ( #3784 ), #383, .F. ) ;
#8075 = ORIENTED_EDGE ( 'NONE', *, *, #6549, .T. ) ;
#8076 =( LENGTH_UNIT ( ) NAMED_UNIT ( * ) SI_UNIT ( .MILLI., .METRE. ) );
#8077 =( NAMED_UNIT ( * ) SI_UNIT ( $, .STERADIAN. ) SOLID_ANGLE_UNIT ( ) );
#8078 = AXIS2_PLACEMENT_3D ( 'NONE', #5789, #512, #10552 ) ;
#8079 =( GEOMETRIC_REPRESENTATION_CONTEXT ( 3 ) GLOBAL_UNCERTAINTY_ASSIGNED_CONTEXT ( ( #7857 ) ) GLOBAL_UNIT_ASSIGNED_CONTEXT ( ( #455, #509, #5966 ) ) REPRESENTATION_CONTEXT ( 'NONE', 'WORKASPACE' ) );
#8080 = EDGE_CURVE ( 'NONE', #8674, #11844, #8084, .T. ) ;
#8081 =( LENGTH_UNIT ( ) NAMED_UNIT ( * ) SI_UNIT ( .MILLI., .METRE. ) );
#8082 = COLOUR_RGB ( '',1.000000000000000000, 1.000000000000000000, 1.000000000000000000 ) ;
#8083 = FACE_OUTER_BOUND ( 'NONE', #4270, .T. ) ;
#8084 = B_SPLINE_CURVE_WITH_KNOTS ( 'NONE', 3,
 ( #7739, #4809, #9349, #7485 ),
 .UNSPECIFIED., .F., .F.,
 ( 4, 4 ),
 ( 4.000000000000000000, 5.000000000000000000 ),
 .UNSPECIFIED. ) ;
#8085 = CARTESIAN_POINT ( 'NONE',  ( -0.4746114569264016092, 0.8400000000000000799, -2.589230155538022604 ) ) ;
#8086 = STYLED_ITEM ( 'NONE', ( #2598 ), #3216 ) ;
#8087 = CARTESIAN_POINT ( 'NONE',  ( -0.9679030425686760974, 0.8409999996185738569, -2.396163603951712684 ) ) ;
#8088 = EDGE_LOOP ( 'NONE', ( #1274, #4203, #2771, #8992 ) ) ;
#8089 =( GEOMETRIC_REPRESENTATION_CONTEXT ( 3 ) GLOBAL_UNCERTAINTY_ASSIGNED_CONTEXT ( ( #4325 ) ) GLOBAL_UNIT_ASSIGNED_CONTEXT ( ( #7239, #797, #10790 ) ) REPRESENTATION_CONTEXT ( 'NONE', 'WORKASPACE' ) );
#8090 = CARTESIAN_POINT ( 'NONE',  ( -0.3115069810286119067, 0.8409999996185738569, -2.435240193422506749 ) ) ;
#8091 = FILL_AREA_STYLE_COLOUR ( '', #7242 ) ;
#8092 = CARTESIAN_POINT ( 'NONE',  ( 0.2200000000000000011, 0.3500000000000004774, -8.279999999999999361 ) ) ;
#8093 = CARTESIAN_POINT ( 'NONE',  ( -0.2268578226511144547, 0.8409999996185738569, -2.539578715823747501 ) ) ;
#8094 = SURFACE_STYLE_USAGE ( .BOTH. , #7097 ) ;
#8095 = AXIS2_PLACEMENT_3D ( 'NONE', #10173, #7497, #10294 ) ;
#8096 = CARTESIAN_POINT ( 'NONE',  ( 0.2286823215024050837, 0.8409999996185738569, -2.431403237244207372 ) ) ;
#8097 = ADVANCED_FACE ( 'NONE', ( #2169 ), #4743, .F. ) ;
#8098 =( LENGTH_UNIT ( ) NAMED_UNIT ( * ) SI_UNIT ( .MILLI., .METRE. ) );
#8099 = EDGE_LOOP ( 'NONE', ( #4521, #5699, #4220, #4148 ) ) ;
#8100 = PRESENTATION_STYLE_ASSIGNMENT (( #11627 ) ) ;
#8101 = UNCERTAINTY_MEASURE_WITH_UNIT (LENGTH_MEASURE( 1.000000000000000082E-05 ), #4028, 'distance_accuracy_value', 'NONE');
#8102 = VERTEX_POINT ( 'NONE', #9300 ) ;
#8103 = CARTESIAN_POINT ( 'NONE',  ( 0.1600524246570665388, 0.8409999996185738569, -2.469219683210776672 ) ) ;
#8104 = FACE_OUTER_BOUND ( 'NONE', #4857, .T. ) ;
#8105 = CARTESIAN_POINT ( 'NONE',  ( -0.3301388600292162190, 0.8399999996185738560, -2.479352425865998910 ) ) ;
#8106 = EDGE_LOOP ( 'NONE', ( #8602, #1634, #3403, #5975 ) ) ;
#8107 = VERTEX_POINT ( 'NONE', #3342 ) ;
#8108 = LINE ( 'NONE', #6186, #557 ) ;
#8109 = FILL_AREA_STYLE_COLOUR ( '', #8219 ) ;
#8110 = MECHANICAL_DESIGN_GEOMETRIC_PRESENTATION_REPRESENTATION (  '', ( #20 ), #2670 ) ;
#8111 = STYLED_ITEM ( 'NONE', ( #9639 ), #682 ) ;
#8112 = LINE ( 'NONE', #11759, #9956 ) ;
#8113 = ADVANCED_FACE ( 'NONE', ( #8748 ), #7793, .F. ) ;
#8114 = EDGE_CURVE ( 'NONE', #1278, #3359, #9716, .T. ) ;
#8115 = CARTESIAN_POINT ( 'NONE',  ( -0.8388898695979767339, 0.8409999996185738569, -2.397070019685833220 ) ) ;
#8116 = DIRECTION ( 'NONE',  ( -1.000000000000000000, -0.0000000000000000000, -0.0000000000000000000 ) ) ;
#8117 = FILL_AREA_STYLE_COLOUR ( '', #3042 ) ;
#8118 = FILL_AREA_STYLE ('',( #744 ) ) ;
#8119 = ORIENTED_EDGE ( 'NONE', *, *, #956, .F. ) ;
#8120 = UNCERTAINTY_MEASURE_WITH_UNIT (LENGTH_MEASURE( 1.000000000000000082E-05 ), #3221, 'distance_accuracy_value', 'NONE');
#8121 = VECTOR ( 'NONE', #4321, 1000.000000000000000 ) ;
#8122 = SURFACE_SIDE_STYLE ('',( #9071 ) ) ;
#8123 = ORIENTED_EDGE ( 'NONE', *, *, #11848, .F. ) ;
#8124 = CARTESIAN_POINT ( 'NONE',  ( -0.2956950620930670071, 0.8399999996185738560, -2.473913931455910653 ) ) ;
#8125 = LINE ( 'NONE', #3438, #8653 ) ;
#8126 = ADVANCED_FACE ( 'NONE', ( #5094 ), #248, .F. ) ;
#8127 = DIRECTION ( 'NONE',  ( -0.0000000000000000000, -0.0000000000000000000, 1.000000000000000000 ) ) ;
#8128 = EDGE_CURVE ( 'NONE', #6155, #2684, #1386, .T. ) ;
#8129 = EDGE_CURVE ( 'NONE', #7113, #378, #10765, .T. ) ;
#8130 =( NAMED_UNIT ( * ) SI_UNIT ( $, .STERADIAN. ) SOLID_ANGLE_UNIT ( ) );
#8131 = VERTEX_POINT ( 'NONE', #6121 ) ;
#8132 = PRESENTATION_STYLE_ASSIGNMENT (( #11839 ) ) ;
#8133 = PLANE ( 'NONE',  #9751 ) ;
#8134 = EDGE_LOOP ( 'NONE', ( #3487, #2175, #1095, #5164, #6491, #5751, #9726, #10686, #981, #6235, #1708, #3, #9976, #7005, #247, #1662, #154, #4185, #8694, #3960, #11959 ) ) ;
#8135 = SURFACE_STYLE_USAGE ( .BOTH. , #4425 ) ;
#8136 = ORIENTED_EDGE ( 'NONE', *, *, #5423, .T. ) ;
#8137 = FACE_OUTER_BOUND ( 'NONE', #5518, .T. ) ;
#8138 = FACE_OUTER_BOUND ( 'NONE', #10337, .T. ) ;
#8139 = B_SPLINE_SURFACE_WITH_KNOTS ( 'NONE', 3, 1, ( 
 ( #4918, #1846 ),
 ( #3643, #8196 ),
 ( #7401, #9040 ),
 ( #4554, #2790 ) ),
 .UNSPECIFIED., .F., .F., .F.,
 ( 4, 4 ),
 ( 2, 2 ),
 ( 1.000000000000000000, 2.000000000000000000 ),
 ( 0.0000000000000000000, 1.000000000000000000 ),
 .UNSPECIFIED. ) ;
#8140 = AXIS2_PLACEMENT_3D ( 'NONE', #11077, #5552, #1043 ) ;
#8141 = FILL_AREA_STYLE ('',( #2159 ) ) ;
#8142 = STYLED_ITEM ( 'NONE', ( #9942 ), #926 ) ;
#8143 = CARTESIAN_POINT ( 'NONE',  ( -0.8208119113251178822, 0.8400000000000000799, -2.524975351202376039 ) ) ;
#8144 = EDGE_CURVE ( 'NONE', #7943, #3361, #9846, .T. ) ;
#8145 = ORIENTED_EDGE ( 'NONE', *, *, #6019, .T. ) ;
#8146 = SURFACE_STYLE_FILL_AREA ( #5328 ) ;
#8147 = CARTESIAN_POINT ( 'NONE',  ( -0.3504828576400527140, 0.8399999996185738560, -2.424061066021604649 ) ) ;
#8148 =( NAMED_UNIT ( * ) PLANE_ANGLE_UNIT ( ) SI_UNIT ( $, .RADIAN. ) );
#8149 = CARTESIAN_POINT ( 'NONE',  ( -0.6119837972322706987, 0.8399999996185738560, -2.101981341464599584 ) ) ;
#8150 = MECHANICAL_DESIGN_GEOMETRIC_PRESENTATION_REPRESENTATION (  '', ( #11647 ), #5997 ) ;
#8151 = CARTESIAN_POINT ( 'NONE',  ( 0.2805048377901227519, 0.8399999996185738560, -2.189097769216112876 ) ) ;
#8152 = FACE_OUTER_BOUND ( 'NONE', #8099, .T. ) ;
#8153 = CARTESIAN_POINT ( 'NONE',  ( -0.9690108840214941566, 0.8400000000000000799, -2.402709939815955931 ) ) ;
#8154 = ORIENTED_EDGE ( 'NONE', *, *, #418, .F. ) ;
#8155 = PLANE ( 'NONE',  #738 ) ;
#8156 = VERTEX_POINT ( 'NONE', #8092 ) ;
#8157 = CARTESIAN_POINT ( 'NONE',  ( 0.8435499225855567218, 0.8399999996185738560, -2.418797675110472056 ) ) ;
#8158 = EDGE_CURVE ( 'NONE', #5769, #1120, #5891, .T. ) ;
#8159 = UNCERTAINTY_MEASURE_WITH_UNIT (LENGTH_MEASURE( 1.000000000000000082E-05 ), #6190, 'distance_accuracy_value', 'NONE');
#8160 = CARTESIAN_POINT ( 'NONE',  ( -0.1254399731736046131, 0.8399999996185738560, -2.545520774531909947 ) ) ;
#8161 = CARTESIAN_POINT ( 'NONE',  ( -0.3009824872148056940, 0.8399999996185738560, -2.442793657881559888 ) ) ;
#8162 = ORIENTED_EDGE ( 'NONE', *, *, #2931, .T. ) ;
#8163 = ORIENTED_EDGE ( 'NONE', *, *, #8363, .T. ) ;
#8164 = CARTESIAN_POINT ( 'NONE',  ( -0.8388898695979771780, 0.8409999996185738569, -2.540384418699861868 ) ) ;
#8165 = SURFACE_STYLE_USAGE ( .BOTH. , #7050 ) ;
#8166 = CARTESIAN_POINT ( 'NONE',  ( -0.4337723924150331256, 0.8399999996185738560, -2.613099103231365294 ) ) ;
#8167 = UNCERTAINTY_MEASURE_WITH_UNIT (LENGTH_MEASURE( 1.000000000000000082E-05 ), #4750, 'distance_accuracy_value', 'NONE');
#8168 = DIRECTION ( 'NONE',  ( -0.0000000000000000000, -1.000000000000000000, -0.0000000000000000000 ) ) ;
#8169 = CARTESIAN_POINT ( 'NONE',  ( -0.1774581650852088688, 0.8409999996185738569, -2.215384021217778443 ) ) ;
#8170 = CARTESIAN_POINT ( 'NONE',  ( -0.1530856530958017714, 0.8399999996185738560, -2.552872813273611818 ) ) ;
#8171 = VERTEX_POINT ( 'NONE', #5270 ) ;
#8172 = DIRECTION ( 'NONE',  ( -1.000000000000000000, -0.0000000000000000000, 6.155985935729375282E-15 ) ) ;
#8173 = EDGE_LOOP ( 'NONE', ( #843, #5624, #11039, #8163 ) ) ;
#8174 = SURFACE_SIDE_STYLE ('',( #5487 ) ) ;
#8175 = FACE_OUTER_BOUND ( 'NONE', #8106, .T. ) ;
#8176 =( LENGTH_UNIT ( ) NAMED_UNIT ( * ) SI_UNIT ( .MILLI., .METRE. ) );
#8177 =( LENGTH_UNIT ( ) NAMED_UNIT ( * ) SI_UNIT ( .MILLI., .METRE. ) );
#8178 =( NAMED_UNIT ( * ) PLANE_ANGLE_UNIT ( ) SI_UNIT ( $, .RADIAN. ) );
#8179 = VERTEX_POINT ( 'NONE', #10881 ) ;
#8180 = CARTESIAN_POINT ( 'NONE',  ( 0.3379298676927366407, 0.8409999996185738569, -2.264730687865104120 ) ) ;
#8181 = VECTOR ( 'NONE', #4573, 1000.000000000000000 ) ;
#8182 = ORIENTED_EDGE ( 'NONE', *, *, #5988, .T. ) ;
#8183 = VECTOR ( 'NONE', #9932, 1000.000000000000000 ) ;
#8184 = LINE ( 'NONE', #4365, #3544 ) ;
#8185 = ORIENTED_EDGE ( 'NONE', *, *, #3518, .F. ) ;
#8186 = EDGE_CURVE ( 'NONE', #5838, #6196, #3584, .T. ) ;
#8187 = B_SPLINE_CURVE_WITH_KNOTS ( 'NONE', 3,
 ( #11520, #5001, #8773, #4945 ),
 .UNSPECIFIED., .F., .F.,
 ( 4, 4 ),
 ( 3.000000000000000000, 4.000000000000000000 ),
 .UNSPECIFIED. ) ;
#8188 = UNCERTAINTY_MEASURE_WITH_UNIT (LENGTH_MEASURE( 1.000000000000000082E-05 ), #1224, 'distance_accuracy_value', 'NONE');
#8189 =( NAMED_UNIT ( * ) SI_UNIT ( $, .STERADIAN. ) SOLID_ANGLE_UNIT ( ) );
#8190 = VECTOR ( 'NONE', #64, 1000.000000000000000 ) ;
#8191 = PRESENTATION_LAYER_ASSIGNMENT (  '', '', ( #11693 ) ) ;
#8192 = SURFACE_STYLE_USAGE ( .BOTH. , #3572 ) ;
#8193 = ORIENTED_EDGE ( 'NONE', *, *, #11089, .F. ) ;
#8194 = CARTESIAN_POINT ( 'NONE',  ( -0.1314323883114438540, 0.8399999996185738560, -2.128972387800373678 ) ) ;
#8196 = CARTESIAN_POINT ( 'NONE',  ( -0.2621073234627074866, 0.8399999996185738560, -2.441786529286748664 ) ) ;
#8195 = CARTESIAN_POINT ( 'NONE',  ( 0.4443761837901310519, 0.8409999996185738569, -2.089654474922371996 ) ) ;
#8197 = CARTESIAN_POINT ( 'NONE',  ( -0.6219040138886532398, 0.8399999996185738560, -2.125246012000519436 ) ) ;
#8198 = VECTOR ( 'NONE', #10922, 1000.000000000000000 ) ;
#8199 = COLOUR_RGB ( '',1.000000000000000000, 1.000000000000000000, 1.000000000000000000 ) ;
#8200 = EDGE_CURVE ( 'NONE', #1626, #10278, #8327, .T. ) ;
#8201 = CARTESIAN_POINT ( 'NONE',  ( -0.2374326728945907738, 0.8399999996185738560, -2.455584191033351349 ) ) ;
#8202 = SURFACE_SIDE_STYLE ('',( #5449 ) ) ;
#8203 = ADVANCED_FACE ( 'NONE', ( #8980 ), #2679, .F. ) ;
#8204 =( NAMED_UNIT ( * ) SI_UNIT ( $, .STERADIAN. ) SOLID_ANGLE_UNIT ( ) );
#8205 = ORIENTED_EDGE ( 'NONE', *, *, #8999, .T. ) ;
#8206 = CARTESIAN_POINT ( 'NONE',  ( -0.6609302469297738680, 0.8399999996185738560, -2.456692032487504562 ) ) ;
#8207 = UNCERTAINTY_MEASURE_WITH_UNIT (LENGTH_MEASURE( 1.000000000000000082E-05 ), #9906, 'distance_accuracy_value', 'NONE');
#8208 = PLANE ( 'NONE',  #4378 ) ;
#8209 = STYLED_ITEM ( 'NONE', ( #11755 ), #9759 ) ;
#8210 = EDGE_LOOP ( 'NONE', ( #1053, #8562, #11004, #3575 ) ) ;
#8211 = PRESENTATION_STYLE_ASSIGNMENT (( #8277 ) ) ;
#8212 = PLANE ( 'NONE',  #11938 ) ;
#8213 = AXIS2_PLACEMENT_3D ( 'NONE', #2936, #5727, #8646 ) ;
#8214 = ORIENTED_EDGE ( 'NONE', *, *, #11689, .T. ) ;
#8215 = ORIENTED_EDGE ( 'NONE', *, *, #9080, .T. ) ;
#8216 =( GEOMETRIC_REPRESENTATION_CONTEXT ( 3 ) GLOBAL_UNCERTAINTY_ASSIGNED_CONTEXT ( ( #6253 ) ) GLOBAL_UNIT_ASSIGNED_CONTEXT ( ( #5774, #5272, #7795 ) ) REPRESENTATION_CONTEXT ( 'NONE', 'WORKASPACE' ) );
#8217 = PRESENTATION_LAYER_ASSIGNMENT (  '', '', ( #1467 ) ) ;
#8218 = MECHANICAL_DESIGN_GEOMETRIC_PRESENTATION_REPRESENTATION (  '', ( #9560 ), #11911 ) ;
#8219 = COLOUR_RGB ( '',1.000000000000000000, 1.000000000000000000, 1.000000000000000000 ) ;
#8220 = B_SPLINE_CURVE_WITH_KNOTS ( 'NONE', 3,
 ( #11255, #8299, #10403, #1821 ),
 .UNSPECIFIED., .F., .F.,
 ( 4, 4 ),
 ( 7.000000000000000000, 8.000000000000000000 ),
 .UNSPECIFIED. ) ;
#8221 = ORIENTED_EDGE ( 'NONE', *, *, #11413, .F. ) ;
#8222 = CARTESIAN_POINT ( 'NONE',  ( -0.3747043003404401107, 0.8409999996185738569, -2.560124139154628331 ) ) ;
#8223 = MECHANICAL_DESIGN_GEOMETRIC_PRESENTATION_REPRESENTATION (  '', ( #2241 ), #10576 ) ;
#8224 = CARTESIAN_POINT ( 'NONE',  ( 0.2200000000000000011, -0.02999999999999966929, -8.279999999999999361 ) ) ;
#8225 = FACE_OUTER_BOUND ( 'NONE', #7465, .T. ) ;
#8226 = MECHANICAL_DESIGN_GEOMETRIC_PRESENTATION_REPRESENTATION (  '', ( #5690 ), #9775 ) ;
#8227 = CARTESIAN_POINT ( 'NONE',  ( -0.1490571387172380802, 0.8409999996185738569, -2.542902240186215135 ) ) ;
#8228 = B_SPLINE_SURFACE_WITH_KNOTS ( 'NONE', 3, 1, ( 
 ( #1255, #6162 ),
 ( #6113, #11898 ),
 ( #7018, #1727 ),
 ( #3333, #11725 ) ),
 .UNSPECIFIED., .F., .F., .F.,
 ( 4, 4 ),
 ( 2, 2 ),
 ( 18.00000000000000000, 19.00000000000000000 ),
 ( 0.0000000000000000000, 1.000000000000000000 ),
 .UNSPECIFIED. ) ;
#8229 = VERTEX_POINT ( 'NONE', #9043 ) ;
#8230 = UNCERTAINTY_MEASURE_WITH_UNIT (LENGTH_MEASURE( 1.000000000000000082E-05 ), #540, 'distance_accuracy_value', 'NONE');
#8231 = CARTESIAN_POINT ( 'NONE',  ( -0.3361312751670491594, 0.8399999996185738560, -2.551160694662033546 ) ) ;
#8232 = EDGE_CURVE ( 'NONE', #8547, #11864, #4618, .T. ) ;
#8233 =( LENGTH_UNIT ( ) NAMED_UNIT ( * ) SI_UNIT ( .MILLI., .METRE. ) );
#8234 = VECTOR ( 'NONE', #1992, 1000.000000000000114 ) ;
#8235 = CARTESIAN_POINT ( 'NONE',  ( -0.3504828576400527140, 0.8399999996185738560, -2.424061066021604649 ) ) ;
#8236 = COLOUR_RGB ( '',1.000000000000000000, 1.000000000000000000, 1.000000000000000000 ) ;
#8237 =( NAMED_UNIT ( * ) SI_UNIT ( $, .STERADIAN. ) SOLID_ANGLE_UNIT ( ) );
#8238 = CARTESIAN_POINT ( 'NONE',  ( -0.8418608989513860497, 0.8409999996185738569, -2.492243671877132805 ) ) ;
#8239 = VERTEX_POINT ( 'NONE', #1852 ) ;
#8240 = SURFACE_STYLE_FILL_AREA ( #4534 ) ;
#8241 = DIRECTION ( 'NONE',  ( -1.000000000000000000, -0.0000000000000000000, 4.174611887503105215E-15 ) ) ;
#8242 =( GEOMETRIC_REPRESENTATION_CONTEXT ( 3 ) GLOBAL_UNCERTAINTY_ASSIGNED_CONTEXT ( ( #8470 ) ) GLOBAL_UNIT_ASSIGNED_CONTEXT ( ( #1376, #6733, #11436 ) ) REPRESENTATION_CONTEXT ( 'NONE', 'WORKASPACE' ) );
#8243 = CARTESIAN_POINT ( 'NONE',  ( -0.3767689139597319992, 0.8409999996185738569, -2.500199987774918142 ) ) ;
#8244 = ORIENTED_EDGE ( 'NONE', *, *, #9034, .F. ) ;
#8245 = SURFACE_SIDE_STYLE ('',( #3561 ) ) ;
#8246 = ORIENTED_EDGE ( 'NONE', *, *, #8892, .T. ) ;
#8247 = LINE ( 'NONE', #1783, #9772 ) ;
#8248 = COLOUR_RGB ( '',1.000000000000000000, 1.000000000000000000, 1.000000000000000000 ) ;
#8249 = DIRECTION ( 'NONE',  ( -0.0000000000000000000, -0.0000000000000000000, 1.000000000000000000 ) ) ;
#8250 = CARTESIAN_POINT ( 'NONE',  ( -0.1628044440334906473, 0.8399999996185738560, -2.437153737751434068 ) ) ;
#8251 = FILL_AREA_STYLE_COLOUR ( '', #8845 ) ;
#8252 = CARTESIAN_POINT ( 'NONE',  ( -0.3905665757056559495, 0.8409999996185738569, -2.529708855597042838 ) ) ;
#8253 = CARTESIAN_POINT ( 'NONE',  ( -0.5384634098246597889, 0.8409999996185738569, -2.427283877524722744 ) ) ;
#8254 = SURFACE_SIDE_STYLE ('',( #10261 ) ) ;
#8255 = CARTESIAN_POINT ( 'NONE',  ( -0.3350737901425666077, 0.8409999996185738569, -2.424061066021604649 ) ) ;
#8256 = ORIENTED_EDGE ( 'NONE', *, *, #2283, .T. ) ;
#8257 = COLOUR_RGB ( '',1.000000000000000000, 1.000000000000000000, 1.000000000000000000 ) ;
#8258 = EDGE_CURVE ( 'NONE', #11299, #438, #4441, .T. ) ;
#8259 = VECTOR ( 'NONE', #3327, 1000.000000000000000 ) ;
#8260 = CARTESIAN_POINT ( 'NONE',  ( -0.1812348973154007392, 0.8400000000000000799, -2.544715071657143390 ) ) ;
#8261 = PRESENTATION_STYLE_ASSIGNMENT (( #1168 ) ) ;
#8262 = SURFACE_STYLE_FILL_AREA ( #4495 ) ;
#8263 = STYLED_ITEM ( 'NONE', ( #3591 ), #11551 ) ;
#8264 = STYLED_ITEM ( 'NONE', ( #10182 ), #11174 ) ;
#8265 = MECHANICAL_DESIGN_GEOMETRIC_PRESENTATION_REPRESENTATION (  '', ( #11380 ), #6114 ) ;
#8266 = PLANE ( 'NONE',  #4720 ) ;
#8267 = SURFACE_STYLE_USAGE ( .BOTH. , #5393 ) ;
#8268 = CARTESIAN_POINT ( 'NONE',  ( -0.3026946058257109495, 0.8409999996185738569, -2.487510167482475776 ) ) ;
#8269 = LINE ( 'NONE', #12, #5734 ) ;
#8270 = EDGE_LOOP ( 'NONE', ( #8820, #10924, #1814, #1757, #4726, #2280 ) ) ;
#8271 = CARTESIAN_POINT ( 'NONE',  ( -0.4198236613794138483, 0.8409999996185738569, -2.058473386177186004 ) ) ;
#8272 = AXIS2_PLACEMENT_3D ( 'NONE', #11271, #10244, #6567 ) ;
#8273 = COLOUR_RGB ( '',1.000000000000000000, 1.000000000000000000, 1.000000000000000000 ) ;
#8274 = STYLED_ITEM ( 'NONE', ( #967 ), #10676 ) ;
#8275 = ORIENTED_EDGE ( 'NONE', *, *, #11015, .T. ) ;
#8276 = EDGE_LOOP ( 'NONE', ( #9635, #8828, #9170, #10252 ) ) ;
#8277 = SURFACE_STYLE_USAGE ( .BOTH. , #9105 ) ;
#8278 = EDGE_CURVE ( 'NONE', #9920, #11500, #2719, .T. ) ;
#8279 = EDGE_CURVE ( 'NONE', #8378, #7943, #6299, .T. ) ;
#8280 = UNCERTAINTY_MEASURE_WITH_UNIT (LENGTH_MEASURE( 1.000000000000000082E-05 ), #11050, 'distance_accuracy_value', 'NONE');
#8281 = FILL_AREA_STYLE ('',( #4571 ) ) ;
#8282 = MECHANICAL_DESIGN_GEOMETRIC_PRESENTATION_REPRESENTATION (  '', ( #6706 ), #3812 ) ;
#8283 = CARTESIAN_POINT ( 'NONE',  ( -0.3380951759263270406, 0.8399999996185738560, -2.483380940245234036 ) ) ;
#8284 = EDGE_LOOP ( 'NONE', ( #3953, #8998, #9963, #11351, #1472, #722, #11468 ) ) ;
#8285 = STYLED_ITEM ( 'NONE', ( #6008 ), #2299 ) ;
#8286 = ORIENTED_EDGE ( 'NONE', *, *, #8650, .T. ) ;
#8287 = COLOUR_RGB ( '',0.0000000000000000000, 0.01960784313725490169, 0.02745098039215686236 ) ;
#8288 = SURFACE_STYLE_USAGE ( .BOTH. , #5544 ) ;
#8289 = VERTEX_POINT ( 'NONE', #9897 ) ;
#8290 = CARTESIAN_POINT ( 'NONE',  ( -0.5177165607764262489, 0.8409999996185738569, -2.058473386177185560 ) ) ;
#8291 =( GEOMETRIC_REPRESENTATION_CONTEXT ( 3 ) GLOBAL_UNCERTAINTY_ASSIGNED_CONTEXT ( ( #1235 ) ) GLOBAL_UNIT_ASSIGNED_CONTEXT ( ( #9835, #5207, #7838 ) ) REPRESENTATION_CONTEXT ( 'NONE', 'WORKASPACE' ) );
#8292 = UNCERTAINTY_MEASURE_WITH_UNIT (LENGTH_MEASURE( 1.000000000000000082E-05 ), #10767, 'distance_accuracy_value', 'NONE');
#8293 = B_SPLINE_CURVE_WITH_KNOTS ( 'NONE', 3,
 ( #11493, #2286, #11560, #10655 ),
 .UNSPECIFIED., .F., .F.,
 ( 4, 4 ),
 ( 19.00000000000000000, 20.00000000000000000 ),
 .UNSPECIFIED. ) ;
#8294 = ADVANCED_FACE ( 'NONE', ( #6170 ), #3776, .F. ) ;
#8295 = LINE ( 'NONE', #6618, #11036 ) ;
#8296 = SURFACE_STYLE_USAGE ( .BOTH. , #11765 ) ;
#8297 = DIRECTION ( 'NONE',  ( -0.0000000000000000000, -1.000000000000000000, -0.0000000000000000000 ) ) ;
#8298 = ORIENTED_EDGE ( 'NONE', *, *, #3761, .F. ) ;
#8299 = CARTESIAN_POINT ( 'NONE',  ( -0.1691997106093829639, 0.8399999996185738560, -2.567576890754331487 ) ) ;
#8300 = PRESENTATION_LAYER_ASSIGNMENT (  '', '', ( #204 ) ) ;
#8301 = CARTESIAN_POINT ( 'NONE',  ( 0.3211225405641394137, 0.8409999996185738569, -2.568662950791342769 ) ) ;
#8302 = PRESENTATION_LAYER_ASSIGNMENT (  '', '', ( #5176 ) ) ;
#8303 = B_SPLINE_CURVE_WITH_KNOTS ( 'NONE', 3,
 ( #6919, #11556, #5947, #7965 ),
 .UNSPECIFIED., .F., .F.,
 ( 4, 4 ),
 ( 2.000000000000000000, 3.000000000000000000 ),
 .UNSPECIFIED. ) ;
#8304 = FILL_AREA_STYLE ('',( #4591 ) ) ;
#8305 = UNCERTAINTY_MEASURE_WITH_UNIT (LENGTH_MEASURE( 1.000000000000000082E-05 ), #6382, 'distance_accuracy_value', 'NONE');
#8306 = DIRECTION ( 'NONE',  ( -0.0000000000000000000, -1.000000000000000000, -0.0000000000000000000 ) ) ;
#8307 = CARTESIAN_POINT ( 'NONE',  ( -0.5951647497025869260, 0.8409999996185738569, -2.130583793551260818 ) ) ;
#8308 = CARTESIAN_POINT ( 'NONE',  ( 0.8645591082111515613, 0.8399999996185738560, -2.565861720697740989 ) ) ;
#8309 = ORIENTED_EDGE ( 'NONE', *, *, #1879, .T. ) ;
#8310 = PRESENTATION_STYLE_ASSIGNMENT (( #7324 ) ) ;
#8311 = EDGE_CURVE ( 'NONE', #804, #11192, #10385, .T. ) ;
#8312 = CARTESIAN_POINT ( 'NONE',  ( -0.2374326728945910514, 0.8409999996185738569, -2.510875550877739393 ) ) ;
#8313 = VERTEX_POINT ( 'NONE', #10327 ) ;
#8314 = CARTESIAN_POINT ( 'NONE',  ( -1.489999999999999991, 0.3500000000000004774, -8.279999999999999361 ) ) ;
#8315 = ORIENTED_EDGE ( 'NONE', *, *, #1999, .F. ) ;
#8316 = SURFACE_STYLE_FILL_AREA ( #1726 ) ;
#8317 = DIRECTION ( 'NONE',  ( 1.000000000000000000, -0.0000000000000000000, -0.0000000000000000000 ) ) ;
#8318 = FACE_OUTER_BOUND ( 'NONE', #8642, .T. ) ;
#8319 = SURFACE_STYLE_FILL_AREA ( #11045 ) ;
#8320 = DIRECTION ( 'NONE',  ( 0.0000000000000000000, 1.000000000000000000, 0.0000000000000000000 ) ) ;
#8321 = CARTESIAN_POINT ( 'NONE',  ( -1.008591037790359080, 0.8399999996185738560, -2.514098362380861484 ) ) ;
#8322 = ORIENTED_EDGE ( 'NONE', *, *, #8401, .T. ) ;
#8323 = B_SPLINE_CURVE_WITH_KNOTS ( 'NONE', 3,
 ( #4632, #2746, #9297, #2481 ),
 .UNSPECIFIED., .F., .F.,
 ( 4, 4 ),
 ( 2.000000000000000000, 3.000000000000000000 ),
 .UNSPECIFIED. ) ;
#8324 =( NAMED_UNIT ( * ) SI_UNIT ( $, .STERADIAN. ) SOLID_ANGLE_UNIT ( ) );
#8325 = LINE ( 'NONE', #3035, #5893 ) ;
#8326 = DIRECTION ( 'NONE',  ( -3.439386710808799230E-15, 0.0000000000000000000, -1.000000000000000000 ) ) ;
#8327 = LINE ( 'NONE', #11796, #11106 ) ;
#8328 = VECTOR ( 'NONE', #7179, 1000.000000000000000 ) ;
#8329 = ORIENTED_EDGE ( 'NONE', *, *, #10106, .F. ) ;
#8330 = DIRECTION ( 'NONE',  ( -0.0000000000000000000, -0.0000000000000000000, 1.000000000000000000 ) ) ;
#8331 = SURFACE_STYLE_FILL_AREA ( #902 ) ;
#8332 = B_SPLINE_SURFACE_WITH_KNOTS ( 'NONE', 3, 1, ( 
 ( #4427, #11845 ),
 ( #826, #9136 ),
 ( #5798, #2773 ),
 ( #9270, #9323 ) ),
 .UNSPECIFIED., .F., .F., .F.,
 ( 4, 4 ),
 ( 2, 2 ),
 ( 28.00000000000000000, 29.00000000000000000 ),
 ( 0.0000000000000000000, 1.000000000000000000 ),
 .UNSPECIFIED. ) ;
#8333 = SURFACE_STYLE_FILL_AREA ( #3714 ) ;
#8334 = VERTEX_POINT ( 'NONE', #10210 ) ;
#8335 = CARTESIAN_POINT ( 'NONE',  ( -0.9817510607449506654, 0.8399999996185738560, -2.370985389085522144 ) ) ;
#8336 = MECHANICAL_DESIGN_GEOMETRIC_PRESENTATION_REPRESENTATION (  '', ( #11242 ), #4831 ) ;
#8337 = DIRECTION ( 'NONE',  ( 3.439386710808775170E-15, -0.0000000000000000000, 1.000000000000000000 ) ) ;
#8338 = DIRECTION ( 'NONE',  ( -0.0000000000000000000, -1.000000000000000000, -0.0000000000000000000 ) ) ;
#8339 = ORIENTED_EDGE ( 'NONE', *, *, #1250, .F. ) ;
#8340 = ADVANCED_FACE ( 'NONE', ( #9337 ), #11922, .F. ) ;
#8341 = EDGE_CURVE ( 'NONE', #1278, #7377, #4850, .T. ) ;
#8342 = VERTEX_POINT ( 'NONE', #5691 ) ;
#8343 = CARTESIAN_POINT ( 'NONE',  ( -0.6798642645084208569, 0.8409999996185738569, -2.201586359471180643 ) ) ;
#8344 = LINE ( 'NONE', #9181, #10668 ) ;
#8345 = CARTESIAN_POINT ( 'NONE',  ( 0.9471950353051988847, 0.8409999996185738569, -2.343164756462825071 ) ) ;
#8346 = ORIENTED_EDGE ( 'NONE', *, *, #11552, .T. ) ;
#8347 = UNCERTAINTY_MEASURE_WITH_UNIT (LENGTH_MEASURE( 1.000000000000000082E-05 ), #6195, 'distance_accuracy_value', 'NONE');
#8348 = EDGE_CURVE ( 'NONE', #7905, #6825, #9400, .T. ) ;
#8349 = EDGE_CURVE ( 'NONE', #4366, #3887, #5437, .T. ) ;
#8350 = FILL_AREA_STYLE_COLOUR ( '', #2094 ) ;
#8351 = CARTESIAN_POINT ( 'NONE',  ( 0.7315011463022886851, 0.8399999996185738560, -2.379580614097772440 ) ) ;
#8352 = FILL_AREA_STYLE_COLOUR ( '', #7407 ) ;
#8353 = ORIENTED_EDGE ( 'NONE', *, *, #6436, .F. ) ;
#8354 = CARTESIAN_POINT ( 'NONE',  ( -0.5735618413472309829, 0.8399999996185738560, -2.099664945696942286 ) ) ;
#8355 =( LENGTH_UNIT ( ) NAMED_UNIT ( * ) SI_UNIT ( .MILLI., .METRE. ) );
#8356 = VERTEX_POINT ( 'NONE', #2793 ) ;
#8357 = CARTESIAN_POINT ( 'NONE',  ( 0.2286823215024050837, 0.8399999996185738560, -2.431403237244207372 ) ) ;
#8358 = VERTEX_POINT ( 'NONE', #3886 ) ;
#8359 = LINE ( 'NONE', #11098, #6655 ) ;
#8360 = SURFACE_STYLE_USAGE ( .BOTH. , #50 ) ;
#8361 = DIRECTION ( 'NONE',  ( -1.000000000000000000, 0.0000000000000000000, 0.0000000000000000000 ) ) ;
#8362 = DIRECTION ( 'NONE',  ( 0.0000000000000000000, 0.0000000000000000000, -1.000000000000000000 ) ) ;
#8363 = EDGE_CURVE ( 'NONE', #6196, #3828, #9459, .T. ) ;
#8364 = LINE ( 'NONE', #9947, #696 ) ;
#8365 = CARTESIAN_POINT ( 'NONE',  ( -0.3437854524861161387, 0.8409999996185738569, -2.144180029579166202 ) ) ;
#8366 = B_SPLINE_CURVE_WITH_KNOTS ( 'NONE', 3,
 ( #3118, #2997, #6749, #398 ),
 .UNSPECIFIED., .F., .F.,
 ( 4, 4 ),
 ( 23.00000000000000000, 24.00000000000000000 ),
 .UNSPECIFIED. ) ;
#8367 = ORIENTED_EDGE ( 'NONE', *, *, #9193, .F. ) ;
#8368 = PLANE ( 'NONE',  #2115 ) ;
#8369 = CARTESIAN_POINT ( 'NONE',  ( 0.3981561276882883971, 0.8409999996185738569, -2.481825191914147410 ) ) ;
#8370 = CARTESIAN_POINT ( 'NONE',  ( -0.2322459606321946035, 0.8409999996185738569, -2.055149861814719703 ) ) ;
#8371 = FILL_AREA_STYLE ('',( #10632 ) ) ;
#8372 = LINE ( 'NONE', #6473, #11002 ) ;
#8373 = CARTESIAN_POINT ( 'NONE',  ( 0.3561377831529547455, 0.8399999996185738560, -2.078449601301691985 ) ) ;
#8374 =( GEOMETRIC_REPRESENTATION_CONTEXT ( 3 ) GLOBAL_UNCERTAINTY_ASSIGNED_CONTEXT ( ( #7378 ) ) GLOBAL_UNIT_ASSIGNED_CONTEXT ( ( #7230, #2627, #9058 ) ) REPRESENTATION_CONTEXT ( 'NONE', 'WORKASPACE' ) );
#8375 = COLOUR_RGB ( '',1.000000000000000000, 1.000000000000000000, 1.000000000000000000 ) ;
#8376 = PRESENTATION_STYLE_ASSIGNMENT (( #3772 ) ) ;
#8377 = ADVANCED_FACE ( 'NONE', ( #8736 ), #10074, .F. ) ;
#8378 = VERTEX_POINT ( 'NONE', #4248 ) ;
#8379 = LINE ( 'NONE', #6352, #4556 ) ;
#8380 = CARTESIAN_POINT ( 'NONE',  ( 0.7020883906145315434, 0.8399999996185738560, -2.577066694498510557 ) ) ;
#8381 = CARTESIAN_POINT ( 'NONE',  ( -0.2339077228134305297, 0.8400000000000000799, -2.532025251364700580 ) ) ;
#8382 = EDGE_LOOP ( 'NONE', ( #9994, #2575, #9851, #4241 ) ) ;
#8383 =( NAMED_UNIT ( * ) SI_UNIT ( $, .STERADIAN. ) SOLID_ANGLE_UNIT ( ) );
#8384 = MANIFOLD_SOLID_BREP ( 'м╧л╗-ю╜иЛ3', #238 ) ;
#8385 = CARTESIAN_POINT ( 'NONE',  ( -0.2374326728945910514, 0.8400000000000000799, -2.510875550877739393 ) ) ;
#8386 = VECTOR ( 'NONE', #8875, 1000.000000000000000 ) ;
#8387 =( NAMED_UNIT ( * ) SI_UNIT ( $, .STERADIAN. ) SOLID_ANGLE_UNIT ( ) );
#8388 = PRESENTATION_STYLE_ASSIGNMENT (( #3848 ) ) ;
#8389 =( NAMED_UNIT ( * ) SI_UNIT ( $, .STERADIAN. ) SOLID_ANGLE_UNIT ( ) );
#8390 = ADVANCED_FACE ( 'NONE', ( #3328 ), #1865, .F. ) ;
#8391 = CARTESIAN_POINT ( 'NONE',  ( 0.3449329162109037172, 0.8399999996185738560, -2.264730687865104120 ) ) ;
#8392 = COLOUR_RGB ( '',1.000000000000000000, 1.000000000000000000, 1.000000000000000000 ) ;
#8393 = ORIENTED_EDGE ( 'NONE', *, *, #2518, .T. ) ;
#8394 = VECTOR ( 'NONE', #10693, 1000.000000000000000 ) ;
#8395 = CARTESIAN_POINT ( 'NONE',  ( -0.8388898695979767339, 0.8399999996185738560, -2.397070019685833220 ) ) ;
#8396 = PRESENTATION_LAYER_ASSIGNMENT (  '', '', ( #3355 ) ) ;
#8397 = ORIENTED_EDGE ( 'NONE', *, *, #3742, .F. ) ;
#8398 = DIRECTION ( 'NONE',  ( 0.3385350343141476093, 0.0000000000000000000, -0.9409537876760573072 ) ) ;
#8399 = EDGE_CURVE ( 'NONE', #11732, #4687, #651, .T. ) ;
#8400 = SURFACE_SIDE_STYLE ('',( #1935 ) ) ;
#8401 = EDGE_CURVE ( 'NONE', #9010, #9876, #31, .T. ) ;
#8402 = CARTESIAN_POINT ( 'NONE',  ( -0.9679030425686760974, 0.8409999996185738569, -2.396163603951712684 ) ) ;
#8403 = VECTOR ( 'NONE', #2170, 1000.000000000000000 ) ;
#8404 = EDGE_LOOP ( 'NONE', ( #8322, #1577, #96, #5611 ) ) ;
#8405 =( GEOMETRIC_REPRESENTATION_CONTEXT ( 3 ) GLOBAL_UNCERTAINTY_ASSIGNED_CONTEXT ( ( #5728 ) ) GLOBAL_UNIT_ASSIGNED_CONTEXT ( ( #9686, #9806, #3375 ) ) REPRESENTATION_CONTEXT ( 'NONE', 'WORKASPACE' ) );
#8406 = SURFACE_STYLE_FILL_AREA ( #4589 ) ;
#8407 = SURFACE_STYLE_FILL_AREA ( #4701 ) ;
#8408 = UNCERTAINTY_MEASURE_WITH_UNIT (LENGTH_MEASURE( 1.000000000000000082E-05 ), #4811, 'distance_accuracy_value', 'NONE');
#8409 = DIRECTION ( 'NONE',  ( -0.0000000000000000000, -1.000000000000000000, -0.0000000000000000000 ) ) ;
#8410 =( GEOMETRIC_REPRESENTATION_CONTEXT ( 3 ) GLOBAL_UNCERTAINTY_ASSIGNED_CONTEXT ( ( #5785 ) ) GLOBAL_UNIT_ASSIGNED_CONTEXT ( ( #5080, #2332, #7784 ) ) REPRESENTATION_CONTEXT ( 'NONE', 'WORKASPACE' ) );
#8411 =( LENGTH_UNIT ( ) NAMED_UNIT ( * ) SI_UNIT ( .MILLI., .METRE. ) );
#8412 = CARTESIAN_POINT ( 'NONE',  ( -0.7223147347713514410, 0.8409999996185738569, -2.090197936907618903 ) ) ;
#8413 = MECHANICAL_DESIGN_GEOMETRIC_PRESENTATION_REPRESENTATION (  '', ( #10948 ), #3189 ) ;
#8414 = B_SPLINE_CURVE_WITH_KNOTS ( 'NONE', 3,
 ( #4709, #3009, #10249, #1948 ),
 .UNSPECIFIED., .F., .F.,
 ( 4, 4 ),
 ( 2.000000000000000000, 3.000000000000000000 ),
 .UNSPECIFIED. ) ;
#8415 = ORIENTED_EDGE ( 'NONE', *, *, #10664, .T. ) ;
#8416 = CARTESIAN_POINT ( 'NONE',  ( -0.1233753595549827997, 0.8409999996185738569, -2.233008771623576916 ) ) ;
#8417 = SURFACE_STYLE_FILL_AREA ( #11037 ) ;
#8418 = ADVANCED_FACE ( 'NONE', ( #10008 ), #8527, .F. ) ;
#8419 = SURFACE_SIDE_STYLE ('',( #4882 ) ) ;
#8420 = VERTEX_POINT ( 'NONE', #703 ) ;
#8421 = EDGE_LOOP ( 'NONE', ( #4068, #9405, #8491, #6983, #5193, #690, #6530, #11276, #11680, #9844, #9342, #1922, #5310, #3696, #9203 ) ) ;
#8422 = LINE ( 'NONE', #157, #4531 ) ;
#8423 = LINE ( 'NONE', #1956, #2158 ) ;
#8424 = SURFACE_STYLE_FILL_AREA ( #3020 ) ;
#8425 = CARTESIAN_POINT ( 'NONE',  ( -0.3437854524861159722, 0.8399999996185738560, -2.081133779555683905 ) ) ;
#8426 = B_SPLINE_SURFACE_WITH_KNOTS ( 'NONE', 3, 1, ( 
 ( #70, #7411 ),
 ( #11125, #8381 ),
 ( #6481, #10035 ),
 ( #11197, #9344 ) ),
 .UNSPECIFIED., .F., .F., .F.,
 ( 4, 4 ),
 ( 2, 2 ),
 ( 5.000000000000000000, 6.000000000000000000 ),
 ( 0.0000000000000000000, 1.000000000000000000 ),
 .UNSPECIFIED. ) ;
#8427 =( NAMED_UNIT ( * ) PLANE_ANGLE_UNIT ( ) SI_UNIT ( $, .RADIAN. ) );
#8428 = FACE_OUTER_BOUND ( 'NONE', #7138, .T. ) ;
#8429 = LINE ( 'NONE', #5628, #6167 ) ;
#8430 = CARTESIAN_POINT ( 'NONE',  ( -0.3115069810286119067, 0.8409999996185738569, -2.435240193422506749 ) ) ;
#8431 = SURFACE_STYLE_FILL_AREA ( #4897 ) ;
#8432 = CARTESIAN_POINT ( 'NONE',  ( -0.8348613552200858656, 0.8409999996185738569, -2.511379115174473764 ) ) ;
#8433 = EDGE_LOOP ( 'NONE', ( #1303, #9263, #3420, #4375 ) ) ;
#8434 = CARTESIAN_POINT ( 'NONE',  ( 0.3379298676927366407, 0.8399999996185738560, -2.264730687865104120 ) ) ;
#8435 = EDGE_CURVE ( 'NONE', #6178, #4483, #8184, .T. ) ;
#8436 = CARTESIAN_POINT ( 'NONE',  ( -0.5167094321802800927, 0.8409999996185738569, -2.081133779555683017 ) ) ;
#8437 = STYLED_ITEM ( 'NONE', ( #6460 ), #4275 ) ;
#8438 = CARTESIAN_POINT ( 'NONE',  ( -0.4869487822111340236, 0.8409999996185738569, -2.081133779555683461 ) ) ;
#8439 = ADVANCED_FACE ( 'NONE', ( #11786 ), #3450, .F. ) ;
#8440 = FILL_AREA_STYLE ('',( #1024 ) ) ;
#8441 = CARTESIAN_POINT ( 'NONE',  ( -0.1209582509273106204, 0.8409999996185738569, -2.370985389085524808 ) ) ;
#8442 = DIRECTION ( 'NONE',  ( -0.0000000000000000000, -1.000000000000000000, -0.0000000000000000000 ) ) ;
#8443 =( GEOMETRIC_REPRESENTATION_CONTEXT ( 3 ) GLOBAL_UNCERTAINTY_ASSIGNED_CONTEXT ( ( #10297 ) ) GLOBAL_UNIT_ASSIGNED_CONTEXT ( ( #965, #1917, #1143 ) ) REPRESENTATION_CONTEXT ( 'NONE', 'WORKASPACE' ) );
#8444 = CARTESIAN_POINT ( 'NONE',  ( -0.3183554554722341501, 0.8409999996185738569, -2.255467739283381068 ) ) ;
#8445 = EDGE_LOOP ( 'NONE', ( #5784, #4929, #7368, #2589 ) ) ;
#8446 = VECTOR ( 'NONE', #9493, 1000.000000000000000 ) ;
#8447 = ORIENTED_EDGE ( 'NONE', *, *, #4931, .T. ) ;
#8448 = SURFACE_SIDE_STYLE ('',( #9161 ) ) ;
#8449 = EDGE_LOOP ( 'NONE', ( #1030, #6144, #702, #5704 ) ) ;
#8450 = DIRECTION ( 'NONE',  ( 0.0000000000000000000, -0.0000000000000000000, 1.000000000000000000 ) ) ;
#8451 = MECHANICAL_DESIGN_GEOMETRIC_PRESENTATION_REPRESENTATION (  '', ( #11757 ), #5332 ) ;
#8452 = COLOUR_RGB ( '',1.000000000000000000, 1.000000000000000000, 1.000000000000000000 ) ;
#8453 =( NAMED_UNIT ( * ) PLANE_ANGLE_UNIT ( ) SI_UNIT ( $, .RADIAN. ) );
#8454 =( NAMED_UNIT ( * ) PLANE_ANGLE_UNIT ( ) SI_UNIT ( $, .RADIAN. ) );
#8455 = CARTESIAN_POINT ( 'NONE',  ( 0.0000000000000000000, 0.0000000000000000000, -8.279999999999999361 ) ) ;
#8456 = LINE ( 'NONE', #197, #9987 ) ;
#8457 = ADVANCED_FACE ( 'NONE', ( #1003 ), #2901, .F. ) ;
#8458 = STYLED_ITEM ( 'NONE', ( #4079 ), #4814 ) ;
#8459 = STYLED_ITEM ( 'NONE', ( #4830 ), #3249 ) ;
#8460 = DIRECTION ( 'NONE',  ( -0.0000000000000000000, -1.000000000000000000, -0.0000000000000000000 ) ) ;
#8461 =( GEOMETRIC_REPRESENTATION_CONTEXT ( 3 ) GLOBAL_UNCERTAINTY_ASSIGNED_CONTEXT ( ( #7104 ) ) GLOBAL_UNIT_ASSIGNED_CONTEXT ( ( #5669, #8475, #6625 ) ) REPRESENTATION_CONTEXT ( 'NONE', 'WORKASPACE' ) );
#8462 = VECTOR ( 'NONE', #2463, 1000.000000000000000 ) ;
#8463 = CARTESIAN_POINT ( 'NONE',  ( 0.1418445091968519312, 0.8399999996185738560, -2.372577592294788484 ) ) ;
#8464 = EDGE_LOOP ( 'NONE', ( #5483, #3324, #11126, #2228 ) ) ;
#8465 = FACE_OUTER_BOUND ( 'NONE', #1873, .T. ) ;
#8466 = VECTOR ( 'NONE', #2584, 1000.000000000000000 ) ;
#8467 = CARTESIAN_POINT ( 'NONE',  ( -0.8686001631401385481, 0.8399999996185738560, -2.466964744152936095 ) ) ;
#8468 = FACE_OUTER_BOUND ( 'NONE', #10092, .T. ) ;
#8469 = EDGE_LOOP ( 'NONE', ( #5468, #9523, #1258, #11883 ) ) ;
#8470 = UNCERTAINTY_MEASURE_WITH_UNIT (LENGTH_MEASURE( 1.000000000000000082E-05 ), #1376, 'distance_accuracy_value', 'NONE');
#8471 = PRESENTATION_STYLE_ASSIGNMENT (( #39 ) ) ;
#8472 =( NAMED_UNIT ( * ) PLANE_ANGLE_UNIT ( ) SI_UNIT ( $, .RADIAN. ) );
#8473 = PRESENTATION_STYLE_ASSIGNMENT (( #8580 ) ) ;
#8474 =( GEOMETRIC_REPRESENTATION_CONTEXT ( 3 ) GLOBAL_UNCERTAINTY_ASSIGNED_CONTEXT ( ( #3998 ) ) GLOBAL_UNIT_ASSIGNED_CONTEXT ( ( #4445, #1799, #9 ) ) REPRESENTATION_CONTEXT ( 'NONE', 'WORKASPACE' ) );
#8475 =( NAMED_UNIT ( * ) PLANE_ANGLE_UNIT ( ) SI_UNIT ( $, .RADIAN. ) );
#8476 = CARTESIAN_POINT ( 'NONE',  ( -0.4142340976789598561, 0.8409999996185738569, -2.144180029579165758 ) ) ;
#8477 = DIRECTION ( 'NONE',  ( -0.0000000000000000000, -1.000000000000000000, -0.0000000000000000000 ) ) ;
#8478 = EDGE_CURVE ( 'NONE', #5814, #9690, #10387, .T. ) ;
#8479 = CARTESIAN_POINT ( 'NONE',  ( 0.9696047959044858944, 0.8409999996185738569, -2.186296552481105326 ) ) ;
#8480 = CARTESIAN_POINT ( 'NONE',  ( 0.8645591082111515613, 0.8409999996185738569, -2.565861720697740989 ) ) ;
#8481 = PLANE ( 'NONE',  #7625 ) ;
#8482 = VERTEX_POINT ( 'NONE', #8314 ) ;
#8483 = VECTOR ( 'NONE', #3749, 1000.000000000000000 ) ;
#8484 = ORIENTED_EDGE ( 'NONE', *, *, #9517, .F. ) ;
#8485 = CARTESIAN_POINT ( 'NONE',  ( -0.3504828576400527140, 0.8399999996185738560, -2.424061066021604649 ) ) ;
#8486 =( NAMED_UNIT ( * ) SI_UNIT ( $, .STERADIAN. ) SOLID_ANGLE_UNIT ( ) );
#8487 = DIRECTION ( 'NONE',  ( 0.0000000000000000000, 1.000000000000000000, 0.0000000000000000000 ) ) ;
#8488 = EDGE_CURVE ( 'NONE', #6134, #1393, #7389, .T. ) ;
#8489 = ADVANCED_FACE ( 'NONE', ( #5570 ), #6665, .F. ) ;
#8490 = EDGE_CURVE ( 'NONE', #5601, #7786, #4464, .T. ) ;
#8491 = ORIENTED_EDGE ( 'NONE', *, *, #2931, .F. ) ;
#8492 = CARTESIAN_POINT ( 'NONE',  ( 0.7973298130546910834, 0.8409999996185738569, -2.119067284039825694 ) ) ;
#8493 =( NAMED_UNIT ( * ) SI_UNIT ( $, .STERADIAN. ) SOLID_ANGLE_UNIT ( ) );
#8494 = SURFACE_STYLE_USAGE ( .BOTH. , #5864 ) ;
#8495 = ORIENTED_EDGE ( 'NONE', *, *, #4774, .T. ) ;
#8496 = PRESENTATION_STYLE_ASSIGNMENT (( #1070 ) ) ;
#8497 =( NAMED_UNIT ( * ) SI_UNIT ( $, .STERADIAN. ) SOLID_ANGLE_UNIT ( ) );
#8498 = CARTESIAN_POINT ( 'NONE',  ( 0.7875255611587705928, 0.8399999996185738560, -2.553256318852417994 ) ) ;
#8499 = ORIENTED_EDGE ( 'NONE', *, *, #6992, .T. ) ;
#8500 = PLANE ( 'NONE',  #1848 ) ;
#8501 = FILL_AREA_STYLE_COLOUR ( '', #8879 ) ;
#8502 = PLANE ( 'NONE',  #589 ) ;
#8503 = DIRECTION ( 'NONE',  ( -5.527743468482147539E-15, 0.0000000000000000000, -1.000000000000000000 ) ) ;
#8504 = EDGE_CURVE ( 'NONE', #395, #1120, #2368, .T. ) ;
#8505 = ADVANCED_FACE ( 'NONE', ( #2133 ), #3133, .F. ) ;
#8506 = ORIENTED_EDGE ( 'NONE', *, *, #530, .T. ) ;
#8507 = CARTESIAN_POINT ( 'NONE',  ( -0.3877969720702685863, 0.8409999996185738569, -2.512688382347322946 ) ) ;
#8508 = ORIENTED_EDGE ( 'NONE', *, *, #6874, .F. ) ;
#8509 = LINE ( 'NONE', #5949, #10352 ) ;
#8510 = ORIENTED_EDGE ( 'NONE', *, *, #8868, .T. ) ;
#8511 =( LENGTH_UNIT ( ) NAMED_UNIT ( * ) SI_UNIT ( .MILLI., .METRE. ) );
#8512 = VECTOR ( 'NONE', #1934, 1000.000000000000000 ) ;
#8513 =( NAMED_UNIT ( * ) SI_UNIT ( $, .STERADIAN. ) SOLID_ANGLE_UNIT ( ) );
#8514 = FILL_AREA_STYLE_COLOUR ( '', #5482 ) ;
#8515 = CARTESIAN_POINT ( 'NONE',  ( 0.7763206675015362768, 0.8409999996185738569, -2.121868500774836352 ) ) ;
#8516 = PRESENTATION_LAYER_ASSIGNMENT (  '', '', ( #7347 ) ) ;
#8517 = COLOUR_RGB ( '',1.000000000000000000, 1.000000000000000000, 1.000000000000000000 ) ;
#8518 = SURFACE_SIDE_STYLE ('',( #5896 ) ) ;
#8519 =( NAMED_UNIT ( * ) PLANE_ANGLE_UNIT ( ) SI_UNIT ( $, .RADIAN. ) );
#8520 = PRESENTATION_LAYER_ASSIGNMENT (  '', '', ( #9878 ) ) ;
#8521 = EDGE_CURVE ( 'NONE', #3470, #395, #11261, .T. ) ;
#8522 = ORIENTED_EDGE ( 'NONE', *, *, #4320, .T. ) ;
#8523 = LINE ( 'NONE', #9854, #6442 ) ;
#8524 = B_SPLINE_CURVE_WITH_KNOTS ( 'NONE', 3,
 ( #9324, #9445, #2076, #278 ),
 .UNSPECIFIED., .F., .F.,
 ( 4, 4 ),
 ( 18.00000000000000000, 19.00000000000000000 ),
 .UNSPECIFIED. ) ;
#8525 = FILL_AREA_STYLE_COLOUR ( '', #3670 ) ;
#8526 = CARTESIAN_POINT ( 'NONE',  ( -0.8686001631401385481, 0.8409999996185738569, -2.466964744152936095 ) ) ;
#8527 = B_SPLINE_SURFACE_WITH_KNOTS ( 'NONE', 3, 1, ( 
 ( #8073, #1606 ),
 ( #7080, #2663 ),
 ( #10820, #9885 ),
 ( #7327, #824 ) ),
 .UNSPECIFIED., .F., .F., .F.,
 ( 4, 4 ),
 ( 2, 2 ),
 ( 19.00000000000000000, 20.00000000000000000 ),
 ( 0.0000000000000000000, 1.000000000000000000 ),
 .UNSPECIFIED. ) ;
#8528 = ORIENTED_EDGE ( 'NONE', *, *, #7463, .F. ) ;
#8529 = CARTESIAN_POINT ( 'NONE',  ( -0.3330595329536246707, 0.8399999996185738560, -2.506142046483079699 ) ) ;
#8530 =( NAMED_UNIT ( * ) PLANE_ANGLE_UNIT ( ) SI_UNIT ( $, .RADIAN. ) );
#8531 = FILL_AREA_STYLE_COLOUR ( '', #11952 ) ;
#8532 = CARTESIAN_POINT ( 'NONE',  ( 0.2286823215024052780, 0.8409999996185738569, -2.373978234055434733 ) ) ;
#8533 = CARTESIAN_POINT ( 'NONE',  ( -1.489999999999999991, 0.3500000000000004774, -8.279999999999999361 ) ) ;
#8534 = CARTESIAN_POINT ( 'NONE',  ( -0.5591599024432111209, 0.8399999996185738560, -2.087277263982539655 ) ) ;
#8535 = FILL_AREA_STYLE ('',( #3130 ) ) ;
#8536 =( NAMED_UNIT ( * ) PLANE_ANGLE_UNIT ( ) SI_UNIT ( $, .RADIAN. ) );
#8537 = EDGE_LOOP ( 'NONE', ( #2216, #11124, #6768, #11393 ) ) ;
#8538 = SURFACE_STYLE_USAGE ( .BOTH. , #9267 ) ;
#8539 = VERTEX_POINT ( 'NONE', #9743 ) ;
#8540 = DIRECTION ( 'NONE',  ( -0.0000000000000000000, -1.000000000000000000, -0.0000000000000000000 ) ) ;
#8541 = CARTESIAN_POINT ( 'NONE',  ( -0.5177165607764263600, 0.8409999996185738569, -2.058473386177185116 ) ) ;
#8542 = PLANE ( 'NONE',  #6925 ) ;
#8543 = LINE ( 'NONE', #3138, #4198 ) ;
#8544 =( NAMED_UNIT ( * ) SI_UNIT ( $, .STERADIAN. ) SOLID_ANGLE_UNIT ( ) );
#8545 = CARTESIAN_POINT ( 'NONE',  ( 0.3561377831529547455, 0.8409999996185738569, -2.078449601301691985 ) ) ;
#8546 = FACE_BOUND ( 'NONE', #2252, .T. ) ;
#8547 = VERTEX_POINT ( 'NONE', #4052 ) ;
#8548 = CARTESIAN_POINT ( 'NONE',  ( 0.7146938458888766332, 0.8409999996185738569, -2.060241672484219411 ) ) ;
#8549 = FACE_OUTER_BOUND ( 'NONE', #2102, .T. ) ;
#8550 =( NAMED_UNIT ( * ) PLANE_ANGLE_UNIT ( ) SI_UNIT ( $, .RADIAN. ) );
#8551 = VERTEX_POINT ( 'NONE', #4885 ) ;
#8552 = FILL_AREA_STYLE ('',( #2852 ) ) ;
#8553 = LINE ( 'NONE', #8677, #1074 ) ;
#8554 = LINE ( 'NONE', #9281, #1285 ) ;
#8555 = CARTESIAN_POINT ( 'NONE',  ( 0.2805048377901227519, 0.8399999996185738560, -2.189097769216112876 ) ) ;
#8556 = EDGE_CURVE ( 'NONE', #1222, #11732, #1473, .T. ) ;
#8557 = CARTESIAN_POINT ( 'NONE',  ( -0.9346174425170256095, 0.8409999996185738569, -2.491840820439746640 ) ) ;
#8558 = ORIENTED_EDGE ( 'NONE', *, *, #3473, .F. ) ;
#8559 = CARTESIAN_POINT ( 'NONE',  ( 0.4037584810161113369, 0.8409999996185738569, -2.568662950791342769 ) ) ;
#8560 = VERTEX_POINT ( 'NONE', #2251 ) ;
#8561 = LINE ( 'NONE', #2975, #322 ) ;
#8562 = ORIENTED_EDGE ( 'NONE', *, *, #11149, .F. ) ;
#8563 = LINE ( 'NONE', #5770, #1493 ) ;
#8564 =( NAMED_UNIT ( * ) SI_UNIT ( $, .STERADIAN. ) SOLID_ANGLE_UNIT ( ) );
#8565 = EDGE_CURVE ( 'NONE', #10176, #3107, #5123, .T. ) ;
#8566 = MECHANICAL_DESIGN_GEOMETRIC_PRESENTATION_REPRESENTATION (  '', ( #7004 ), #8374 ) ;
#8567 = CARTESIAN_POINT ( 'NONE',  ( -0.5155512342977919271, 0.8400000000000000799, -2.233008771623575139 ) ) ;
#8568 = PRESENTATION_STYLE_ASSIGNMENT (( #1212 ) ) ;
#8569 = DIRECTION ( 'NONE',  ( 1.000000000000000000, -0.0000000000000000000, -5.386006456537786493E-15 ) ) ;
#8570 = ORIENTED_EDGE ( 'NONE', *, *, #9034, .T. ) ;
#8571 = DIRECTION ( 'NONE',  ( -0.9400931103999049521, 0.0000000000000000000, -0.3409177962187251998 ) ) ;
#8572 = CARTESIAN_POINT ( 'NONE',  ( -0.4627273395100774955, 0.8409999996185738569, -2.619242587658220156 ) ) ;
#8573 = ORIENTED_EDGE ( 'NONE', *, *, #7976, .T. ) ;
#8574 = CARTESIAN_POINT ( 'NONE',  ( -0.1926658068640013377, 0.8399999996185738560, -2.085363719653612335 ) ) ;
#8575 = PRESENTATION_LAYER_ASSIGNMENT (  '', '', ( #10539 ) ) ;
#8576 = CARTESIAN_POINT ( 'NONE',  ( -0.9265604137585559119, 0.8399999996185738560, -2.514098362380861484 ) ) ;
#8577 = DIRECTION ( 'NONE',  ( 1.000000000000000000, -0.0000000000000000000, -5.527743468482147539E-15 ) ) ;
#8578 = ORIENTED_EDGE ( 'NONE', *, *, #10885, .T. ) ;
#8579 =( LENGTH_UNIT ( ) NAMED_UNIT ( * ) SI_UNIT ( .MILLI., .METRE. ) );
#8580 = SURFACE_STYLE_USAGE ( .BOTH. , #4941 ) ;
#8581 = CARTESIAN_POINT ( 'NONE',  ( -0.3286281671370029911, 0.8409999996185738569, -2.449339993747145172 ) ) ;
#8582 = B_SPLINE_CURVE_WITH_KNOTS ( 'NONE', 3,
 ( #4448, #2620, #3589, #1920 ),
 .UNSPECIFIED., .F., .F.,
 ( 4, 4 ),
 ( 3.000000000000000000, 4.000000000000000000 ),
 .UNSPECIFIED. ) ;
#8583 = FILL_AREA_STYLE ('',( #219 ) ) ;
#8584 = VECTOR ( 'NONE', #7283, 1000.000000000000000 ) ;
#8585 = PRESENTATION_STYLE_ASSIGNMENT (( #4878 ) ) ;
#8586 = DIRECTION ( 'NONE',  ( -0.0000000000000000000, -0.0000000000000000000, 1.000000000000000000 ) ) ;
#8587 = SURFACE_STYLE_USAGE ( .BOTH. , #1001 ) ;
#8588 = ORIENTED_EDGE ( 'NONE', *, *, #8940, .T. ) ;
#8589 = CARTESIAN_POINT ( 'NONE',  ( 0.6544676393223475275, 0.8409999996185738569, -2.661103169853078487 ) ) ;
#8590 = ADVANCED_FACE ( 'NONE', ( #5921 ), #4839, .F. ) ;
#8591 = COLOUR_RGB ( '',0.9725490196078431238, 0.9686274509803921573, 1.000000000000000000 ) ;
#8592 = EDGE_LOOP ( 'NONE', ( #2700, #3152, #430, #8193, #6792, #3690, #8367, #11214, #9423, #11868, #9515, #3081 ) ) ;
#8593 = UNCERTAINTY_MEASURE_WITH_UNIT (LENGTH_MEASURE( 1.000000000000000082E-05 ), #5627, 'distance_accuracy_value', 'NONE');
#8594 = SURFACE_STYLE_USAGE ( .BOTH. , #100 ) ;
#8595 = PLANE ( 'NONE',  #7156 ) ;
#8596 = CARTESIAN_POINT ( 'NONE',  ( 0.7146938458888766332, 0.8409999996185738569, -2.060241672484219411 ) ) ;
#8597 = FACE_OUTER_BOUND ( 'NONE', #11930, .T. ) ;
#8598 = PRESENTATION_LAYER_ASSIGNMENT (  '', '', ( #2414 ) ) ;
#8599 = COLOUR_RGB ( '',1.000000000000000000, 1.000000000000000000, 1.000000000000000000 ) ;
#8600 = COLOUR_RGB ( '',1.000000000000000000, 1.000000000000000000, 1.000000000000000000 ) ;
#8601 = VERTEX_POINT ( 'NONE', #11769 ) ;
#8602 = ORIENTED_EDGE ( 'NONE', *, *, #5323, .T. ) ;
#8603 = CARTESIAN_POINT ( 'NONE',  ( 0.3561377831529547455, 0.8409999996185738569, -2.078449601301691985 ) ) ;
#8604 = PRESENTATION_STYLE_ASSIGNMENT (( #290 ) ) ;
#8605 = LINE ( 'NONE', #4011, #3386 ) ;
#8606 = STYLED_ITEM ( 'NONE', ( #3491 ), #9503 ) ;
#8607 =( NAMED_UNIT ( * ) SI_UNIT ( $, .STERADIAN. ) SOLID_ANGLE_UNIT ( ) );
#8608 = ORIENTED_EDGE ( 'NONE', *, *, #3235, .F. ) ;
#8609 = LINE ( 'NONE', #11365, #594 ) ;
#8610 = CARTESIAN_POINT ( 'NONE',  ( -0.7634055814317588506, 0.8409999996185738569, -2.393645782464019600 ) ) ;
#8611 = VECTOR ( 'NONE', #4038, 1000.000000000000000 ) ;
#8612 = EDGE_LOOP ( 'NONE', ( #9856, #3117, #7170, #8136 ) ) ;
#8613 = PRESENTATION_LAYER_ASSIGNMENT (  '', '', ( #3976 ) ) ;
#8614 = EDGE_CURVE ( 'NONE', #5122, #9793, #3432, .T. ) ;
#8615 = DIRECTION ( 'NONE',  ( -0.0000000000000000000, -0.0000000000000000000, 1.000000000000000000 ) ) ;
#8616 = EDGE_CURVE ( 'NONE', #9482, #9705, #10735, .T. ) ;
#8617 = B_SPLINE_SURFACE_WITH_KNOTS ( 'NONE', 3, 1, ( 
 ( #818, #5791 ),
 ( #4706, #5735 ),
 ( #7508, #408 ),
 ( #8479, #10304 ) ),
 .UNSPECIFIED., .F., .F., .F.,
 ( 4, 4 ),
 ( 2, 2 ),
 ( 5.000000000000000000, 6.000000000000000000 ),
 ( 0.0000000000000000000, 1.000000000000000000 ),
 .UNSPECIFIED. ) ;
#8618 = SURFACE_STYLE_USAGE ( .BOTH. , #6855 ) ;
#8619 = FILL_AREA_STYLE ('',( #2916 ) ) ;
#8620 = ORIENTED_EDGE ( 'NONE', *, *, #8990, .T. ) ;
#8621 = LINE ( 'NONE', #7668, #2641 ) ;
#8622 = AXIS2_PLACEMENT_3D ( 'NONE', #8271, #5398, #10274 ) ;
#8623 = CARTESIAN_POINT ( 'NONE',  ( 0.9121797927163823871, 0.8399999996185738560, -2.449611099275401660 ) ) ;
#8624 =( NAMED_UNIT ( * ) PLANE_ANGLE_UNIT ( ) SI_UNIT ( $, .RADIAN. ) );
#8625 = SURFACE_STYLE_USAGE ( .BOTH. , #3898 ) ;
#8626 = MECHANICAL_DESIGN_GEOMETRIC_PRESENTATION_REPRESENTATION (  '', ( #4757 ), #11562 ) ;
#8627 = FACE_OUTER_BOUND ( 'NONE', #3204, .T. ) ;
#8628 = CARTESIAN_POINT ( 'NONE',  ( -1.000735434753270203, 0.8400000000000000799, -2.491840820439746196 ) ) ;
#8629 = VECTOR ( 'NONE', #7896, 1000.000000000000000 ) ;
#8630 =( NAMED_UNIT ( * ) SI_UNIT ( $, .STERADIAN. ) SOLID_ANGLE_UNIT ( ) );
#8631 = EDGE_LOOP ( 'NONE', ( #7090, #5185, #7750, #9094 ) ) ;
#8632 = EDGE_CURVE ( 'NONE', #1592, #8334, #5365, .T. ) ;
#8633 = CARTESIAN_POINT ( 'NONE',  ( -0.2268578226511144547, 0.8400000000000000799, -2.539578715823747501 ) ) ;
#8634 =( GEOMETRIC_REPRESENTATION_CONTEXT ( 3 ) GLOBAL_UNCERTAINTY_ASSIGNED_CONTEXT ( ( #1574 ) ) GLOBAL_UNIT_ASSIGNED_CONTEXT ( ( #11424, #4059, #1598 ) ) REPRESENTATION_CONTEXT ( 'NONE', 'WORKASPACE' ) );
#8635 = ADVANCED_FACE ( 'NONE', ( #4524 ), #11827, .T. ) ;
#8636 = AXIS2_PLACEMENT_3D ( 'NONE', #4110, #7891, #9695 ) ;
#8637 = ORIENTED_EDGE ( 'NONE', *, *, #8057, .F. ) ;
#8638 = LINE ( 'NONE', #4031, #230 ) ;
#8639 = VECTOR ( 'NONE', #223, 1000.000000000000000 ) ;
#8640 = CARTESIAN_POINT ( 'NONE',  ( -0.4084934646901654531, 0.8409999996185738569, -2.632234546528698704 ) ) ;
#8641 = ORIENTED_EDGE ( 'NONE', *, *, #11017, .F. ) ;
#8642 = EDGE_LOOP ( 'NONE', ( #2927, #9083, #4844, #6236 ) ) ;
#8643 =( GEOMETRIC_REPRESENTATION_CONTEXT ( 3 ) GLOBAL_UNCERTAINTY_ASSIGNED_CONTEXT ( ( #8101 ) ) GLOBAL_UNIT_ASSIGNED_CONTEXT ( ( #4028, #2296, #5040 ) ) REPRESENTATION_CONTEXT ( 'NONE', 'WORKASPACE' ) );
#8644 = PRESENTATION_LAYER_ASSIGNMENT (  '', '', ( #4196 ) ) ;
#8645 = LINE ( 'NONE', #9676, #2439 ) ;
#8646 = DIRECTION ( 'NONE',  ( 0.0000000000000000000, 0.0000000000000000000, -1.000000000000000000 ) ) ;
#8647 = SURFACE_STYLE_FILL_AREA ( #8304 ) ;
#8648 = VECTOR ( 'NONE', #8586, 1000.000000000000000 ) ;
#8649 = FACE_OUTER_BOUND ( 'NONE', #8631, .T. ) ;
#8650 = EDGE_CURVE ( 'NONE', #941, #7113, #3380, .T. ) ;
#8651 = CARTESIAN_POINT ( 'NONE',  ( -0.1812348973154007392, 0.8409999996185738569, -2.544715071657143390 ) ) ;
#8652 = CARTESIAN_POINT ( 'NONE',  ( 0.7329017613490935723, 0.8399999996185738560, -2.224112931662733050 ) ) ;
#8653 = VECTOR ( 'NONE', #3493, 1000.000000000000114 ) ;
#8654 = CARTESIAN_POINT ( 'NONE',  ( 0.5466206814636389577, 0.8399999996185738560, -2.005617892709753658 ) ) ;
#8655 = CARTESIAN_POINT ( 'NONE',  ( -0.1922629554259437656, 0.8409999996185738569, -2.551059981802691556 ) ) ;
#8656 = FILL_AREA_STYLE ('',( #222 ) ) ;
#8657 = CARTESIAN_POINT ( 'NONE',  ( -0.9700180126176402018, 0.8409999996185738569, -2.407242018491924096 ) ) ;
#8658 = ORIENTED_EDGE ( 'NONE', *, *, #8892, .F. ) ;
#8659 = B_SPLINE_CURVE_WITH_KNOTS ( 'NONE', 3,
 ( #9823, #2594, #5422, #4477 ),
 .UNSPECIFIED., .F., .F.,
 ( 4, 4 ),
 ( 5.000000000000000000, 6.000000000000000000 ),
 .UNSPECIFIED. ) ;
#8660 = VECTOR ( 'NONE', #6193, 1000.000000000000000 ) ;
#8661 =( NAMED_UNIT ( * ) PLANE_ANGLE_UNIT ( ) SI_UNIT ( $, .RADIAN. ) );
#8662 = ORIENTED_EDGE ( 'NONE', *, *, #3520, .F. ) ;
#8663 = PRESENTATION_LAYER_ASSIGNMENT (  '', '', ( #7100 ) ) ;
#8664 = FILL_AREA_STYLE_COLOUR ( '', #4923 ) ;
#8665 = CARTESIAN_POINT ( 'NONE',  ( 0.7385042215349684191, 0.8409999996185738569, -2.077048992933515859 ) ) ;
#8666 =( LENGTH_UNIT ( ) NAMED_UNIT ( * ) SI_UNIT ( .MILLI., .METRE. ) );
#8667 = SURFACE_SIDE_STYLE ('',( #8319 ) ) ;
#8668 = DIRECTION ( 'NONE',  ( -0.0000000000000000000, -1.000000000000000000, -0.0000000000000000000 ) ) ;
#8669 = LINE ( 'NONE', #6898, #11172 ) ;
#8670 = ORIENTED_EDGE ( 'NONE', *, *, #9984, .F. ) ;
#8671 = DIRECTION ( 'NONE',  ( -0.0000000000000000000, -1.000000000000000000, -0.0000000000000000000 ) ) ;
#8672 = EDGE_CURVE ( 'NONE', #3361, #2684, #4738, .T. ) ;
#8673 = PRESENTATION_STYLE_ASSIGNMENT (( #8494 ) ) ;
#8674 = VERTEX_POINT ( 'NONE', #1707 ) ;
#8675 = STYLED_ITEM ( 'NONE', ( #10012 ), #2636 ) ;
#8676 = CARTESIAN_POINT ( 'NONE',  ( -0.4460090048390730755, 0.8399999996185738560, -2.634248803718319820 ) ) ;
#8677 = CARTESIAN_POINT ( 'NONE',  ( -0.2243903575944334872, 0.8409999996185738569, -2.258791263645847369 ) ) ;
#8678 = DIRECTION ( 'NONE',  ( 1.000000000000000000, 0.0000000000000000000, -0.0000000000000000000 ) ) ;
#8679 = DIRECTION ( 'NONE',  ( -0.0000000000000000000, -1.000000000000000000, -0.0000000000000000000 ) ) ;
#8680 = SURFACE_STYLE_FILL_AREA ( #4966 ) ;
#8681 = ORIENTED_EDGE ( 'NONE', *, *, #5561, .F. ) ;
#8682 = DIRECTION ( 'NONE',  ( -1.000000000000000000, -0.0000000000000000000, -0.0000000000000000000 ) ) ;
#8683 = CARTESIAN_POINT ( 'NONE',  ( -0.5921937203478339073, 0.8409999996185738569, -2.084558016777495748 ) ) ;
#8684 = VECTOR ( 'NONE', #6280, 1000.000000000000000 ) ;
#8685 = COLOUR_RGB ( '',0.9725490196078431238, 0.9686274509803921573, 1.000000000000000000 ) ;
#8686 = ORIENTED_EDGE ( 'NONE', *, *, #3742, .T. ) ;
#8687 = CARTESIAN_POINT ( 'NONE',  ( 0.7315011730168006210, 0.8409999996185738569, -2.661103169853078931 ) ) ;
#8688 =( NAMED_UNIT ( * ) SI_UNIT ( $, .STERADIAN. ) SOLID_ANGLE_UNIT ( ) );
#8689 = ORIENTED_EDGE ( 'NONE', *, *, #10265, .F. ) ;
#8690 =( NAMED_UNIT ( * ) PLANE_ANGLE_UNIT ( ) SI_UNIT ( $, .RADIAN. ) );
#8691 = SURFACE_STYLE_USAGE ( .BOTH. , #7604 ) ;
#8692 = DIRECTION ( 'NONE',  ( -0.0000000000000000000, -1.000000000000000000, -0.0000000000000000000 ) ) ;
#8693 = CARTESIAN_POINT ( 'NONE',  ( -0.01949004502012894463, 0.8409999996185738569, -2.370985389085525252 ) ) ;
#8694 = ORIENTED_EDGE ( 'NONE', *, *, #78, .F. ) ;
#8695 = FILL_AREA_STYLE_COLOUR ( '', #2603 ) ;
#8696 = FILL_AREA_STYLE_COLOUR ( '', #5545 ) ;
#8697 = ORIENTED_EDGE ( 'NONE', *, *, #6381, .F. ) ;
#8698 = DIRECTION ( 'NONE',  ( -0.0000000000000000000, -1.000000000000000000, -0.0000000000000000000 ) ) ;
#8699 = CARTESIAN_POINT ( 'NONE',  ( -0.8208119113251178822, 0.8400000000000000799, -2.524975351202376039 ) ) ;
#8700 = ORIENTED_EDGE ( 'NONE', *, *, #7021, .F. ) ;
#8701 = VERTEX_POINT ( 'NONE', #9871 ) ;
#8702 = EDGE_CURVE ( 'NONE', #1203, #2303, #6146, .T. ) ;
#8703 = MECHANICAL_DESIGN_GEOMETRIC_PRESENTATION_REPRESENTATION (  '', ( #4819 ), #1384 ) ;
#8704 = COLOUR_RGB ( '',1.000000000000000000, 1.000000000000000000, 1.000000000000000000 ) ;
#8705 = SURFACE_SIDE_STYLE ('',( #1283 ) ) ;
#8706 = CARTESIAN_POINT ( 'NONE',  ( -0.7185883589714960884, 0.8409999996185738569, -2.094226451285511104 ) ) ;
#8707 = CARTESIAN_POINT ( 'NONE',  ( -0.6219040138886534619, 0.8399999996185738560, -2.184968737660192506 ) ) ;
#8708 = UNCERTAINTY_MEASURE_WITH_UNIT (LENGTH_MEASURE( 1.000000000000000082E-05 ), #2782, 'distance_accuracy_value', 'NONE');
#8709 = PRESENTATION_STYLE_ASSIGNMENT (( #2124 ) ) ;
#8710 = PRESENTATION_STYLE_ASSIGNMENT (( #9624 ) ) ;
#8711 = CARTESIAN_POINT ( 'NONE',  ( 0.8463511793936773220, 0.8409999996185738569, -2.621886108840380203 ) ) ;
#8712 = CARTESIAN_POINT ( 'NONE',  ( -0.1859684017100659836, 0.8409999996185738569, -2.548945011753727119 ) ) ;
#8713 = CARTESIAN_POINT ( 'NONE',  ( -0.3588923814048951000, 0.8399999996185738560, -2.518731153916178744 ) ) ;
#8714 = B_SPLINE_CURVE_WITH_KNOTS ( 'NONE', 3,
 ( #1899, #6327, #9198, #3557 ),
 .UNSPECIFIED., .F., .F.,
 ( 4, 4 ),
 ( 35.00000000000000000, 36.00000000000000000 ),
 .UNSPECIFIED. ) ;
#8715 = FILL_AREA_STYLE ('',( #11592 ) ) ;
#8716 = COLOUR_RGB ( '',1.000000000000000000, 1.000000000000000000, 1.000000000000000000 ) ;
#8717 = CARTESIAN_POINT ( 'NONE',  ( -0.4719425661496922664, 0.8399999996185738560, -2.541995824450754338 ) ) ;
#8718 = ORIENTED_EDGE ( 'NONE', *, *, #9630, .F. ) ;
#8719 = EDGE_CURVE ( 'NONE', #11825, #3813, #4351, .T. ) ;
#8720 = CARTESIAN_POINT ( 'NONE',  ( 0.4443761837901296086, 0.8409999996185738569, -2.501433749135005602 ) ) ;
#8721 = EDGE_CURVE ( 'NONE', #1321, #3144, #3547, .T. ) ;
#8722 = VERTEX_POINT ( 'NONE', #6318 ) ;
#8723 = UNCERTAINTY_MEASURE_WITH_UNIT (LENGTH_MEASURE( 1.000000000000000082E-05 ), #5857, 'distance_accuracy_value', 'NONE');
#8724 = PLANE ( 'NONE',  #3574 ) ;
#8725 = CARTESIAN_POINT ( 'NONE',  ( -0.6219040138886532398, 0.8409999996185738569, -2.154452741243260583 ) ) ;
#8726 = FILL_AREA_STYLE ('',( #11532 ) ) ;
#8727 =( NAMED_UNIT ( * ) SI_UNIT ( $, .STERADIAN. ) SOLID_ANGLE_UNIT ( ) );
#8728 = CARTESIAN_POINT ( 'NONE',  ( 0.5914402026622125330, 0.8409999996185738569, -2.507036102462834926 ) ) ;
#8729 = FACE_BOUND ( 'NONE', #911, .T. ) ;
#8730 = ORIENTED_EDGE ( 'NONE', *, *, #1036, .T. ) ;
#8731 =( LENGTH_UNIT ( ) NAMED_UNIT ( * ) SI_UNIT ( .MILLI., .METRE. ) );
#8732 = SURFACE_STYLE_USAGE ( .BOTH. , #5014 ) ;
#8733 = VERTEX_POINT ( 'NONE', #9120 ) ;
#8734 = FACE_OUTER_BOUND ( 'NONE', #3220, .T. ) ;
#8735 = CARTESIAN_POINT ( 'NONE',  ( -0.1314323883114438540, 0.8409999996185738569, -2.160696938530807909 ) ) ;
#8736 = FACE_OUTER_BOUND ( 'NONE', #9050, .T. ) ;
#8737 = ORIENTED_EDGE ( 'NONE', *, *, #1263, .F. ) ;
#8738 = DIRECTION ( 'NONE',  ( -1.000000000000000000, 9.240359424592368344E-17, 0.0000000000000000000 ) ) ;
#8739 = FILL_AREA_STYLE ('',( #5022 ) ) ;
#8740 = CARTESIAN_POINT ( 'NONE',  ( -0.6710015328765218667, 0.8409999996185738569, -2.567979742191716763 ) ) ;
#8741 = CARTESIAN_POINT ( 'NONE',  ( -0.7082149344480574982, 0.8399999996185738560, -2.370985389085523032 ) ) ;
#8742 = ORIENTED_EDGE ( 'NONE', *, *, #3192, .F. ) ;
#8743 = CARTESIAN_POINT ( 'NONE',  ( -0.3183554554722334839, 0.8409999996185738569, -2.058473386177186448 ) ) ;
#8744 = DIRECTION ( 'NONE',  ( -0.8863488427958607918, 0.0000000000000000000, 0.4630180653866956542 ) ) ;
#8745 = VERTEX_POINT ( 'NONE', #7674 ) ;
#8746 = CARTESIAN_POINT ( 'NONE',  ( -0.5904816017376011139, 0.8399999996185738560, -2.393645782464020044 ) ) ;
#8747 = DIRECTION ( 'NONE',  ( 0.0000000000000000000, 0.0000000000000000000, -1.000000000000000000 ) ) ;
#8748 = FACE_OUTER_BOUND ( 'NONE', #9145, .T. ) ;
#8749 = CARTESIAN_POINT ( 'NONE',  ( -0.1233753595549827997, 0.8409999996185738569, -2.255467739283381512 ) ) ;
#8750 = CARTESIAN_POINT ( 'NONE',  ( -1.489999999999999991, -0.02999999999999966929, -8.279999999999999361 ) ) ;
#8751 = EDGE_CURVE ( 'NONE', #11864, #1338, #8220, .T. ) ;
#8752 = CARTESIAN_POINT ( 'NONE',  ( 0.3953548975953513067, 0.8399999996185738560, -2.483225780245764458 ) ) ;
#8753 = VERTEX_POINT ( 'NONE', #5486 ) ;
#8754 =( NAMED_UNIT ( * ) SI_UNIT ( $, .STERADIAN. ) SOLID_ANGLE_UNIT ( ) );
#8755 = CARTESIAN_POINT ( 'NONE',  ( 0.3379298676927366407, 0.8399999996185738560, -2.264730687865104120 ) ) ;
#8756 = EDGE_LOOP ( 'NONE', ( #4972, #10868, #713, #4189 ) ) ;
#8757 =( NAMED_UNIT ( * ) PLANE_ANGLE_UNIT ( ) SI_UNIT ( $, .RADIAN. ) );
#8758 = VECTOR ( 'NONE', #10841, 1000.000000000000000 ) ;
#8759 = PRESENTATION_STYLE_ASSIGNMENT (( #2302 ) ) ;
#8760 = DIRECTION ( 'NONE',  ( -0.9306703226357508907, 0.0000000000000000000, 0.3658589216693607371 ) ) ;
#8761 = ORIENTED_EDGE ( 'NONE', *, *, #6455, .F. ) ;
#8762 = VERTEX_POINT ( 'NONE', #5830 ) ;
#8763 = PRESENTATION_STYLE_ASSIGNMENT (( #6989 ) ) ;
#8764 = CARTESIAN_POINT ( 'NONE',  ( -1.028683253254175645, 0.8409999996185738569, -2.567979742191715431 ) ) ;
#8765 = AXIS2_PLACEMENT_3D ( 'NONE', #11495, #10656, #2344 ) ;
#8766 =( NAMED_UNIT ( * ) PLANE_ANGLE_UNIT ( ) SI_UNIT ( $, .RADIAN. ) );
#8767 = SURFACE_SIDE_STYLE ('',( #5051 ) ) ;
#8768 = PLANE ( 'NONE',  #8078 ) ;
#8769 = EDGE_CURVE ( 'NONE', #3880, #2527, #3300, .T. ) ;
#8770 = EDGE_CURVE ( 'NONE', #7391, #9450, #923, .T. ) ;
#8771 = CARTESIAN_POINT ( 'NONE',  ( 0.7315011730168006210, 0.8399999996185738560, -2.661103169853078931 ) ) ;
#8772 = PLANE ( 'NONE',  #3688 ) ;
#8773 = CARTESIAN_POINT ( 'NONE',  ( -0.5951647497025871481, 0.8399999996185738560, -2.179731668968797997 ) ) ;
#8774 = DIRECTION ( 'NONE',  ( -1.000000000000000000, -0.0000000000000000000, -0.0000000000000000000 ) ) ;
#8775 = VERTEX_POINT ( 'NONE', #4862 ) ;
#8776 = COLOUR_RGB ( '',1.000000000000000000, 1.000000000000000000, 1.000000000000000000 ) ;
#8777 = SURFACE_STYLE_FILL_AREA ( #414 ) ;
#8778 = VERTEX_POINT ( 'NONE', #8567 ) ;
#8779 = LINE ( 'NONE', #5007, #2431 ) ;
#8780 = CARTESIAN_POINT ( 'NONE',  ( 0.9471950353051988847, 0.8409999996185738569, -2.343164756462825071 ) ) ;
#8781 = CARTESIAN_POINT ( 'NONE',  ( -0.9265604137585559119, 0.8409999996185738569, -2.514098362380861484 ) ) ;
#8782 = CARTESIAN_POINT ( 'NONE',  ( -0.3652372915511160612, 0.8409999996185738569, -2.526687469812611386 ) ) ;
#8783 = STYLED_ITEM ( 'NONE', ( #347 ), #8505 ) ;
#8784 = MECHANICAL_DESIGN_GEOMETRIC_PRESENTATION_REPRESENTATION (  '', ( #2956 ), #3170 ) ;
#8785 = FACE_OUTER_BOUND ( 'NONE', #4961, .T. ) ;
#8786 = VERTEX_POINT ( 'NONE', #2925 ) ;
#8787 = EDGE_CURVE ( 'NONE', #25, #1985, #1442, .T. ) ;
#8788 = CARTESIAN_POINT ( 'NONE',  ( 0.3379298676927366407, 0.8409999996185738569, -2.264730687865104120 ) ) ;
#8789 = EDGE_CURVE ( 'NONE', #3678, #998, #7315, .T. ) ;
#8790 = ORIENTED_EDGE ( 'NONE', *, *, #6157, .F. ) ;
#8791 = FILL_AREA_STYLE_COLOUR ( '', #209 ) ;
#8792 = CARTESIAN_POINT ( 'NONE',  ( 0.7315011463022886851, 0.8409999996185738569, -2.379580614097772440 ) ) ;
#8793 = PRESENTATION_LAYER_ASSIGNMENT (  '', '', ( #7027 ) ) ;
#8794 = ORIENTED_EDGE ( 'NONE', *, *, #3609, .F. ) ;
#8795 = AXIS2_PLACEMENT_3D ( 'NONE', #11091, #9079, #821 ) ;
#8796 = SURFACE_STYLE_USAGE ( .BOTH. , #10644 ) ;
#8797 = SURFACE_SIDE_STYLE ('',( #4069 ) ) ;
#8798 = COLOUR_RGB ( '',1.000000000000000000, 1.000000000000000000, 1.000000000000000000 ) ;
#8799 = PLANE ( 'NONE',  #10779 ) ;
#8800 = B_SPLINE_SURFACE_WITH_KNOTS ( 'NONE', 3, 1, ( 
 ( #3090, #2200 ),
 ( #4242, #9575 ),
 ( #2375, #1366 ),
 ( #470, #6955 ) ),
 .UNSPECIFIED., .F., .F., .F.,
 ( 4, 4 ),
 ( 2, 2 ),
 ( 10.00000000000000000, 11.00000000000000000 ),
 ( 0.0000000000000000000, 1.000000000000000000 ),
 .UNSPECIFIED. ) ;
#8801 = PRESENTATION_LAYER_ASSIGNMENT (  '', '', ( #7042 ) ) ;
#8802 = B_SPLINE_CURVE_WITH_KNOTS ( 'NONE', 3,
 ( #2457, #7030, #4083, #1566 ),
 .UNSPECIFIED., .F., .F.,
 ( 4, 4 ),
 ( 10.00000000000000000, 11.00000000000000000 ),
 .UNSPECIFIED. ) ;
#8803 = ORIENTED_EDGE ( 'NONE', *, *, #8158, .F. ) ;
#8804 = CARTESIAN_POINT ( 'NONE',  ( -0.4714390018529552306, 0.8399999996185738560, -2.544614358797791631 ) ) ;
#8805 = ADVANCED_FACE ( 'NONE', ( #6607 ), #9292, .F. ) ;
#8806 = CARTESIAN_POINT ( 'NONE',  ( -0.2198582789184624908, 0.8409999996185738569, -2.547232893143493104 ) ) ;
#8807 = COLOUR_RGB ( '',1.000000000000000000, 1.000000000000000000, 1.000000000000000000 ) ;
#8808 = ORIENTED_EDGE ( 'NONE', *, *, #10611, .F. ) ;
#8809 = PRESENTATION_LAYER_ASSIGNMENT (  '', '', ( #2044 ) ) ;
#8810 =( GEOMETRIC_REPRESENTATION_CONTEXT ( 3 ) GLOBAL_UNCERTAINTY_ASSIGNED_CONTEXT ( ( #3529 ) ) GLOBAL_UNIT_ASSIGNED_CONTEXT ( ( #10607, #9670, #3906 ) ) REPRESENTATION_CONTEXT ( 'NONE', 'WORKASPACE' ) );
#8811 = LINE ( 'NONE', #6218, #8386 ) ;
#8812 = FILL_AREA_STYLE ('',( #2289 ) ) ;
#8813 = CARTESIAN_POINT ( 'NONE',  ( -0.9672987654112522593, 0.8409999996185738569, -2.396163603951713128 ) ) ;
#8814 =( LENGTH_UNIT ( ) NAMED_UNIT ( * ) SI_UNIT ( .MILLI., .METRE. ) );
#8815 = CARTESIAN_POINT ( 'NONE',  ( 0.0000000000000000000, 0.8409999996185738569, 0.0000000000000000000 ) ) ;
#8816 = COLOUR_RGB ( '',1.000000000000000000, 1.000000000000000000, 1.000000000000000000 ) ;
#8817 = B_SPLINE_CURVE_WITH_KNOTS ( 'NONE', 3,
 ( #6701, #9684, #3257, #1407 ),
 .UNSPECIFIED., .F., .F.,
 ( 4, 4 ),
 ( 2.000000000000000000, 3.000000000000000000 ),
 .UNSPECIFIED. ) ;
#8818 = ORIENTED_EDGE ( 'NONE', *, *, #2988, .F. ) ;
#8819 = CARTESIAN_POINT ( 'NONE',  ( -0.2243903575944334872, 0.8409999996185738569, -2.258791263645847369 ) ) ;
#8820 = ORIENTED_EDGE ( 'NONE', *, *, #3276, .T. ) ;
#8821 = CARTESIAN_POINT ( 'NONE',  ( 0.7917273795833286165, 0.8399999996185738560, -2.379580614097772884 ) ) ;
#8822 = ADVANCED_FACE ( 'NONE', ( #8627 ), #11044, .F. ) ;
#8823 = COLOUR_RGB ( '',1.000000000000000000, 1.000000000000000000, 1.000000000000000000 ) ;
#8824 = PRESENTATION_STYLE_ASSIGNMENT (( #4331 ) ) ;
#8825 = CARTESIAN_POINT ( 'NONE',  ( -0.4585981122721630721, 0.8399999996185738560, -2.567677603613673476 ) ) ;
#8826 = ORIENTED_EDGE ( 'NONE', *, *, #2416, .T. ) ;
#8827 = PRESENTATION_LAYER_ASSIGNMENT (  '', '', ( #6096 ) ) ;
#8828 = ORIENTED_EDGE ( 'NONE', *, *, #7822, .F. ) ;
#8829 = DIRECTION ( 'NONE',  ( -1.000000000000000000, 0.0000000000000000000, 3.302233253054859739E-15 ) ) ;
#8830 = PRESENTATION_LAYER_ASSIGNMENT (  '', '', ( #5714 ) ) ;
#8831 = COLOUR_RGB ( '',0.0000000000000000000, 0.01960784313725490169, 0.02745098039215686236 ) ;
#8832 = SURFACE_STYLE_FILL_AREA ( #6021 ) ;
#8833 = UNCERTAINTY_MEASURE_WITH_UNIT (LENGTH_MEASURE( 1.000000000000000082E-05 ), #6143, 'distance_accuracy_value', 'NONE');
#8834 = CARTESIAN_POINT ( 'NONE',  ( -0.3460514918241027194, 0.8409999996185738569, -2.510976263737089376 ) ) ;
#8835 = VECTOR ( 'NONE', #3370, 1000.000000000000114 ) ;
#8836 = FILL_AREA_STYLE_COLOUR ( '', #1123 ) ;
#8837 = PRESENTATION_LAYER_ASSIGNMENT (  '', '', ( #7275 ) ) ;
#8838 = EDGE_CURVE ( 'NONE', #9466, #378, #3345, .T. ) ;
#8839 = CARTESIAN_POINT ( 'NONE',  ( 0.7931280213446459948, 0.8409999996185738569, -2.661103169853078931 ) ) ;
#8840 = CARTESIAN_POINT ( 'NONE',  ( 0.6894828551959794050, 0.8399999996185738560, -2.379580614097772440 ) ) ;
#8841 = LINE ( 'NONE', #3430, #6123 ) ;
#8842 = STYLED_ITEM ( 'NONE', ( #2174 ), #11435 ) ;
#8843 = CARTESIAN_POINT ( 'NONE',  ( -0.9076263961799158064, 0.8399999996185738560, -2.567979742191715875 ) ) ;
#8844 = PRESENTATION_LAYER_ASSIGNMENT (  '', '', ( #3807 ) ) ;
#8845 = COLOUR_RGB ( '',1.000000000000000000, 1.000000000000000000, 1.000000000000000000 ) ;
#8846 = DIRECTION ( 'NONE',  ( -0.0000000000000000000, 1.000000000000000000, -0.0000000000000000000 ) ) ;
#8847 = EDGE_LOOP ( 'NONE', ( #7558, #2485, #370, #7654 ) ) ;
#8848 = VERTEX_POINT ( 'NONE', #5953 ) ;
#8849 = SURFACE_STYLE_USAGE ( .BOTH. , #5126 ) ;
#8850 = PRESENTATION_LAYER_ASSIGNMENT (  '', '', ( #8086 ) ) ;
#8851 = VECTOR ( 'NONE', #5670, 1000.000000000000000 ) ;
#8852 = CARTESIAN_POINT ( 'NONE',  ( -0.3838188141220479355, 0.8399999996185738560, -2.430305263309154640 ) ) ;
#8853 = STYLED_ITEM ( 'NONE', ( #8376 ), #10663 ) ;
#8854 = PRESENTATION_STYLE_ASSIGNMENT (( #7007 ) ) ;
#8855 = ORIENTED_EDGE ( 'NONE', *, *, #3502, .F. ) ;
#8856 = CARTESIAN_POINT ( 'NONE',  ( 0.3295262308429499076, 0.8409999996185738569, -2.483225780245764458 ) ) ;
#8857 = FACE_OUTER_BOUND ( 'NONE', #3703, .T. ) ;
#8858 = ORIENTED_EDGE ( 'NONE', *, *, #2283, .F. ) ;
#8859 = CARTESIAN_POINT ( 'NONE',  ( -0.2112473294349347386, 0.8399999996185738560, -2.424061066021605093 ) ) ;
#8860 = DIRECTION ( 'NONE',  ( 0.0000000000000000000, 1.000000000000000000, 0.0000000000000000000 ) ) ;
#8861 = VECTOR ( 'NONE', #4863, 1000.000000000000114 ) ;
#8862 = CARTESIAN_POINT ( 'NONE',  ( 0.8071340649512808163, 0.8409999996185738569, -2.203103786108907780 ) ) ;
#8863 =( GEOMETRIC_REPRESENTATION_CONTEXT ( 3 ) GLOBAL_UNCERTAINTY_ASSIGNED_CONTEXT ( ( #2521 ) ) GLOBAL_UNIT_ASSIGNED_CONTEXT ( ( #9838, #1609, #5211 ) ) REPRESENTATION_CONTEXT ( 'NONE', 'WORKASPACE' ) );
#8864 = ORIENTED_EDGE ( 'NONE', *, *, #697, .F. ) ;
#8865 = CARTESIAN_POINT ( 'NONE',  ( -0.3823081212298362619, 0.8409999996185738569, -2.506444185061117658 ) ) ;
#8866 = EDGE_CURVE ( 'NONE', #9269, #5920, #2154, .T. ) ;
#8867 = CARTESIAN_POINT ( 'NONE',  ( 0.8071340649512808163, 0.8399999996185738560, -2.203103786108907780 ) ) ;
#8868 = EDGE_CURVE ( 'NONE', #11888, #3227, #5450, .T. ) ;
#8869 = PRODUCT_RELATED_PRODUCT_CATEGORY ( 'part', '', ( #9589 ) ) ;
#8870 = ORIENTED_EDGE ( 'NONE', *, *, #4558, .T. ) ;
#8871 = PRESENTATION_LAYER_ASSIGNMENT (  '', '', ( #3829 ) ) ;
#8872 = DIRECTION ( 'NONE',  ( 0.0000000000000000000, -1.000000000000000000, -0.0000000000000000000 ) ) ;
#8873 = CARTESIAN_POINT ( 'NONE',  ( -0.4133276819441733529, 0.8399999996185738560, -2.612192687495897836 ) ) ;
#8874 = VERTEX_POINT ( 'NONE', #9778 ) ;
#8875 = DIRECTION ( 'NONE',  ( -0.0000000000000000000, -1.000000000000000000, -0.0000000000000000000 ) ) ;
#8876 = CARTESIAN_POINT ( 'NONE',  ( 0.2272816797410916190, 0.8399999996185738560, -2.542051345051647093 ) ) ;
#8877 = AXIS2_PLACEMENT_3D ( 'NONE', #6465, #10205, #1911 ) ;
#8878 = LINE ( 'NONE', #3237, #9954 ) ;
#8879 = COLOUR_RGB ( '',1.000000000000000000, 1.000000000000000000, 1.000000000000000000 ) ;
#8880 = EDGE_CURVE ( 'NONE', #3919, #750, #8878, .T. ) ;
#8881 = EDGE_CURVE ( 'NONE', #7103, #9664, #8802, .T. ) ;
#8882 = CARTESIAN_POINT ( 'NONE',  ( -0.1762999672013772223, 0.8399999996185738560, -2.514702639536937401 ) ) ;
#8883 = VERTEX_POINT ( 'NONE', #6171 ) ;
#8884 = CARTESIAN_POINT ( 'NONE',  ( -0.2000682020347047674, 0.8400000000000000799, -2.551059981802691556 ) ) ;
#8885 = DIRECTION ( 'NONE',  ( 0.0000000000000000000, 0.0000000000000000000, 1.000000000000000000 ) ) ;
#8886 = ORIENTED_EDGE ( 'NONE', *, *, #3160, .T. ) ;
#8887 = CARTESIAN_POINT ( 'NONE',  ( 0.7315011730168006210, 0.8399999996185738560, -2.661103169853078931 ) ) ;
#8888 = CARTESIAN_POINT ( 'NONE',  ( -0.3401094331159405515, 0.8409999996185738569, -2.444102925054405517 ) ) ;
#8889 = ORIENTED_EDGE ( 'NONE', *, *, #8565, .T. ) ;
#8890 = ORIENTED_EDGE ( 'NONE', *, *, #6083, .T. ) ;
#8891 = SURFACE_STYLE_FILL_AREA ( #6136 ) ;
#8892 = EDGE_CURVE ( 'NONE', #2263, #3359, #9899, .T. ) ;
#8893 = FILL_AREA_STYLE ('',( #7178 ) ) ;
#8894 =( NAMED_UNIT ( * ) SI_UNIT ( $, .STERADIAN. ) SOLID_ANGLE_UNIT ( ) );
#8895 = LINE ( 'NONE', #6026, #2278 ) ;
#8896 = SURFACE_STYLE_USAGE ( .BOTH. , #9866 ) ;
#8897 = CARTESIAN_POINT ( 'NONE',  ( -0.8100859917926170883, 0.8409999996185738569, -2.255467739283379291 ) ) ;
#8898 = FACE_OUTER_BOUND ( 'NONE', #8276, .T. ) ;
#8899 = ORIENTED_EDGE ( 'NONE', *, *, #831, .F. ) ;
#8900 = VECTOR ( 'NONE', #2572, 1000.000000000000000 ) ;
#8901 = SURFACE_STYLE_USAGE ( .BOTH. , #8122 ) ;
#8902 = ORIENTED_EDGE ( 'NONE', *, *, #3609, .T. ) ;
#8903 = FACE_OUTER_BOUND ( 'NONE', #2294, .T. ) ;
#8904 = LINE ( 'NONE', #641, #636 ) ;
#8905 = EDGE_CURVE ( 'NONE', #6786, #3329, #11622, .T. ) ;
#8906 = CARTESIAN_POINT ( 'NONE',  ( -1.056782141042760026, 0.8399999996185738560, -2.567979742191714987 ) ) ;
#8907 =( NAMED_UNIT ( * ) PLANE_ANGLE_UNIT ( ) SI_UNIT ( $, .RADIAN. ) );
#8908 = ORIENTED_EDGE ( 'NONE', *, *, #4530, .F. ) ;
#8909 = CARTESIAN_POINT ( 'NONE',  ( -0.1645669190740734755, 0.8399999996185738560, -2.201485646611835545 ) ) ;
#8910 = VECTOR ( 'NONE', #525, 1000.000000000000000 ) ;
#8911 = SURFACE_SIDE_STYLE ('',( #5195 ) ) ;
#8912 = ORIENTED_EDGE ( 'NONE', *, *, #9981, .T. ) ;
#8913 = FACE_OUTER_BOUND ( 'NONE', #6747, .T. ) ;
#8914 = LINE ( 'NONE', #8792, #1513 ) ;
#8915 = CARTESIAN_POINT ( 'NONE',  ( 0.1600524246570665388, 0.8409999996185738569, -2.469219683210776672 ) ) ;
#8916 = ORIENTED_EDGE ( 'NONE', *, *, #11475, .F. ) ;
#8917 = CARTESIAN_POINT ( 'NONE',  ( -0.2367780393081682366, 0.8399999996185738560, -2.546225764548683212 ) ) ;
#8918 = LINE ( 'NONE', #3279, #2851 ) ;
#8919 = PRESENTATION_LAYER_ASSIGNMENT (  '', '', ( #11647 ) ) ;
#8920 = CARTESIAN_POINT ( 'NONE',  ( -0.5405783798736232271, 0.8409999996185738569, -2.233008771623575139 ) ) ;
#8921 =( LENGTH_UNIT ( ) NAMED_UNIT ( * ) SI_UNIT ( .MILLI., .METRE. ) );
#8922 = VERTEX_POINT ( 'NONE', #6926 ) ;
#8923 = DIRECTION ( 'NONE',  ( 0.3409177962187251443, -0.0000000000000000000, -0.9400931103999048410 ) ) ;
#8924 = SURFACE_STYLE_USAGE ( .BOTH. , #11557 ) ;
#8925 = ORIENTED_EDGE ( 'NONE', *, *, #2619, .F. ) ;
#8926 = EDGE_CURVE ( 'NONE', #8933, #5282, #6058, .T. ) ;
#8927 =( NAMED_UNIT ( * ) PLANE_ANGLE_UNIT ( ) SI_UNIT ( $, .RADIAN. ) );
#8928 = SURFACE_STYLE_USAGE ( .BOTH. , #4207 ) ;
#8929 = CARTESIAN_POINT ( 'NONE',  ( -0.1153686872275279524, 0.8399999996185738560, -2.456692032487505895 ) ) ;
#8930 = CARTESIAN_POINT ( 'NONE',  ( -0.4869487822111340236, 0.8409999996185738569, -2.081133779555683461 ) ) ;
#8931 = CARTESIAN_POINT ( 'NONE',  ( -0.7078624394389969599, 0.8399999996185738560, -2.058473386177184672 ) ) ;
#8932 = LINE ( 'NONE', #665, #8121 ) ;
#8933 = VERTEX_POINT ( 'NONE', #8929 ) ;
#8934 = CARTESIAN_POINT ( 'NONE',  ( -0.4198236613794138483, 0.8399999996185738560, -2.081133779555683905 ) ) ;
#8935 = UNCERTAINTY_MEASURE_WITH_UNIT (LENGTH_MEASURE( 1.000000000000000082E-05 ), #8177, 'distance_accuracy_value', 'NONE');
#8936 = LINE ( 'NONE', #3352, #10603 ) ;
#8937 = ORIENTED_EDGE ( 'NONE', *, *, #3002, .T. ) ;
#8938 = SURFACE_SIDE_STYLE ('',( #7107 ) ) ;
#8939 = EDGE_CURVE ( 'NONE', #5071, #2494, #491, .T. ) ;
#8940 = EDGE_CURVE ( 'NONE', #3945, #4087, #11691, .T. ) ;
#8941 = CARTESIAN_POINT ( 'NONE',  ( -0.5904816017376016690, 0.8409999996185738569, -2.545520774531908170 ) ) ;
#8942 = CARTESIAN_POINT ( 'NONE',  ( -0.4034074652871189048, 0.8409999996185738569, -2.427283877524723188 ) ) ;
#8943 = ORIENTED_EDGE ( 'NONE', *, *, #2562, .T. ) ;
#8944 = VERTEX_POINT ( 'NONE', #2346 ) ;
#8945 = LINE ( 'NONE', #4279, #7259 ) ;
#8946 = CARTESIAN_POINT ( 'NONE',  ( -0.3336134536800268169, 0.8409999996185738569, -2.445815043665983346 ) ) ;
#8947 = CARTESIAN_POINT ( 'NONE',  ( -0.4477714798796501028, 0.8399999996185738560, -2.593258669917257286 ) ) ;
#8948 = EDGE_CURVE ( 'NONE', #11160, #5838, #7335, .T. ) ;
#8949 = FILL_AREA_STYLE ('',( #9863 ) ) ;
#8950 =( LENGTH_UNIT ( ) NAMED_UNIT ( * ) SI_UNIT ( .MILLI., .METRE. ) );
#8951 =( LENGTH_UNIT ( ) NAMED_UNIT ( * ) SI_UNIT ( .MILLI., .METRE. ) );
#8952 = EDGE_LOOP ( 'NONE', ( #1514, #332, #2850, #6063 ) ) ;
#8953 = VERTEX_POINT ( 'NONE', #6973 ) ;
#8954 =( NAMED_UNIT ( * ) SI_UNIT ( $, .STERADIAN. ) SOLID_ANGLE_UNIT ( ) );
#8955 = B_SPLINE_CURVE_WITH_KNOTS ( 'NONE', 3,
 ( #6645, #2083, #5400, #11350 ),
 .UNSPECIFIED., .F., .F.,
 ( 4, 4 ),
 ( 2.000000000000000000, 3.000000000000000000 ),
 .UNSPECIFIED. ) ;
#8956 = LINE ( 'NONE', #7819, #1961 ) ;
#8957 = CARTESIAN_POINT ( 'NONE',  ( -0.2956950620930667850, 0.8409999996185738569, -2.452764230968955683 ) ) ;
#8958 = B_SPLINE_CURVE_WITH_KNOTS ( 'NONE', 3,
 ( #10038, #675, #9973, #4455 ),
 .UNSPECIFIED., .F., .F.,
 ( 4, 4 ),
 ( 12.00000000000000000, 13.00000000000000000 ),
 .UNSPECIFIED. ) ;
#8959 = CARTESIAN_POINT ( 'NONE',  ( -0.3183554554722341501, 0.8399999996185738560, -2.255467739283381068 ) ) ;
#8960 = FILL_AREA_STYLE ('',( #8063 ) ) ;
#8961 = ORIENTED_EDGE ( 'NONE', *, *, #11583, .F. ) ;
#8962 = PRESENTATION_LAYER_ASSIGNMENT (  '', '', ( #865 ) ) ;
#8963 = FILL_AREA_STYLE_COLOUR ( '', #7286 ) ;
#8964 = EDGE_CURVE ( 'NONE', #6364, #11923, #6581, .T. ) ;
#8965 = ADVANCED_FACE ( 'NONE', ( #8029 ), #8266, .F. ) ;
#8966 = CARTESIAN_POINT ( 'NONE',  ( 0.3225231288964311438, 0.8399999996185738560, -2.109263018785977106 ) ) ;
#8967 = VERTEX_POINT ( 'NONE', #10882 ) ;
#8968 = VERTEX_POINT ( 'NONE', #781 ) ;
#8969 = CARTESIAN_POINT ( 'NONE',  ( -0.1800263430019039823, 0.8399999996185738560, -2.571303266554186617 ) ) ;
#8970 = SURFACE_STYLE_USAGE ( .BOTH. , #5261 ) ;
#8971 = LINE ( 'NONE', #603, #6475 ) ;
#8972 = AXIS2_PLACEMENT_3D ( 'NONE', #475, #11479, #4118 ) ;
#8973 = PLANE ( 'NONE',  #10622 ) ;
#8974 = LINE ( 'NONE', #8019, #8027 ) ;
#8975 = FACE_OUTER_BOUND ( 'NONE', #11399, .T. ) ;
#8976 = EDGE_LOOP ( 'NONE', ( #6351, #3122, #7884, #9455, #10843, #10762 ) ) ;
#8977 = PRESENTATION_STYLE_ASSIGNMENT (( #10879 ) ) ;
#8978 = COLOUR_RGB ( '',1.000000000000000000, 1.000000000000000000, 1.000000000000000000 ) ;
#8979 = MECHANICAL_DESIGN_GEOMETRIC_PRESENTATION_REPRESENTATION (  '', ( #3367 ), #1088 ) ;
#8980 = FACE_OUTER_BOUND ( 'NONE', #8537, .T. ) ;
#8981 = CARTESIAN_POINT ( 'NONE',  ( 1.011623123743585762, 0.8399999996185738560, -2.228314830230158972 ) ) ;
#8982 = CARTESIAN_POINT ( 'NONE',  ( 0.6656725062644027746, 0.8399999996185738560, -2.025226428225242348 ) ) ;
#8983 = CARTESIAN_POINT ( 'NONE',  ( 0.2286823215024052780, 0.8409999996185738569, -2.373978234055434733 ) ) ;
#8984 = EDGE_CURVE ( 'NONE', #2119, #3903, #1290, .T. ) ;
#8985 = CARTESIAN_POINT ( 'NONE',  ( -0.9709747847814358401, 0.8400000000000000799, -2.409961265696968002 ) ) ;
#8986 = AXIS2_PLACEMENT_3D ( 'NONE', #3452, #11788, #10126 ) ;
#8987 = ORIENTED_EDGE ( 'NONE', *, *, #1485, .T. ) ;
#8988 = COLOUR_RGB ( '',1.000000000000000000, 1.000000000000000000, 1.000000000000000000 ) ;
#8989 = CARTESIAN_POINT ( 'NONE',  ( -0.3211250591069507720, 0.8409999996185738569, -2.468676862763179880 ) ) ;
#8990 = EDGE_CURVE ( 'NONE', #9244, #6364, #10028, .T. ) ;
#8991 = CARTESIAN_POINT ( 'NONE',  ( -1.050000000000000044, 0.3500000000000004774, -8.279999999999999361 ) ) ;
#8992 = ORIENTED_EDGE ( 'NONE', *, *, #4197, .T. ) ;
#8993 = UNCERTAINTY_MEASURE_WITH_UNIT (LENGTH_MEASURE( 1.000000000000000082E-05 ), #7270, 'distance_accuracy_value', 'NONE');
#8994 = FILL_AREA_STYLE_COLOUR ( '', #1010 ) ;
#8995 = CARTESIAN_POINT ( 'NONE',  ( -0.2956950620930670071, 0.8399999996185738560, -2.465252625541360487 ) ) ;
#8996 = PRESENTATION_LAYER_ASSIGNMENT (  '', '', ( #8606 ) ) ;
#8997 = ORIENTED_EDGE ( 'NONE', *, *, #8200, .F. ) ;
#8998 = ORIENTED_EDGE ( 'NONE', *, *, #6923, .F. ) ;
#8999 = EDGE_CURVE ( 'NONE', #1393, #9162, #840, .T. ) ;
#9000 = DIRECTION ( 'NONE',  ( -0.0000000000000000000, -1.000000000000000000, -0.0000000000000000000 ) ) ;
#9001 = EDGE_CURVE ( 'NONE', #3797, #916, #298, .T. ) ;
#9002 = EDGE_CURVE ( 'NONE', #11065, #7512, #9498, .T. ) ;
#9003 = CARTESIAN_POINT ( 'NONE',  ( -0.3480657490130525944, 0.8409999996185738569, -2.444102925054405517 ) ) ;
#9004 = CARTESIAN_POINT ( 'NONE',  ( 0.0000000000000000000, 0.0000000000000000000, 0.0000000000000000000 ) ) ;
#9005 = CARTESIAN_POINT ( 'NONE',  ( -0.1628044440334908693, 0.8399999996185738560, -2.461123398304127630 ) ) ;
#9006 = VECTOR ( 'NONE', #1301, 1000.000000000000000 ) ;
#9007 = CARTESIAN_POINT ( 'NONE',  ( 1.489999999999999991, -0.02999999999999972133, -8.279999999999999361 ) ) ;
#9008 = CARTESIAN_POINT ( 'NONE',  ( -0.8686001631401385481, 0.8409999996185738569, -2.466964744152936095 ) ) ;
#9009 = CARTESIAN_POINT ( 'NONE',  ( -0.1490571387172380802, 0.8409999996185738569, -2.530313132753124528 ) ) ;
#9010 = VERTEX_POINT ( 'NONE', #8151 ) ;
#9011 = CARTESIAN_POINT ( 'NONE',  ( -0.3905665757056559495, 0.8409999996185738569, -2.529708855597042838 ) ) ;
#9012 = ORIENTED_EDGE ( 'NONE', *, *, #9433, .T. ) ;
#9013 =( LENGTH_UNIT ( ) NAMED_UNIT ( * ) SI_UNIT ( .MILLI., .METRE. ) );
#9014 = EDGE_CURVE ( 'NONE', #11507, #7775, #1739, .T. ) ;
#9015 =( LENGTH_UNIT ( ) NAMED_UNIT ( * ) SI_UNIT ( .MILLI., .METRE. ) );
#9016 = VECTOR ( 'NONE', #10867, 1000.000000000000000 ) ;
#9017 = FILL_AREA_STYLE_COLOUR ( '', #1887 ) ;
#9018 = CARTESIAN_POINT ( 'NONE',  ( -0.3211250591069507720, 0.8409999996185738569, -2.463036942633053616 ) ) ;
#9019 = DIRECTION ( 'NONE',  ( 1.000000000000000000, -0.0000000000000000000, 0.0000000000000000000 ) ) ;
#9020 = VECTOR ( 'NONE', #9697, 1000.000000000000000 ) ;
#9021 = STYLED_ITEM ( 'NONE', ( #6452 ), #10056 ) ;
#9022 = CARTESIAN_POINT ( 'NONE',  ( -0.8348613552200858656, 0.8409999996185738569, -2.511379115174473764 ) ) ;
#9023 = ORIENTED_EDGE ( 'NONE', *, *, #9663, .F. ) ;
#9024 = FILL_AREA_STYLE_COLOUR ( '', #6489 ) ;
#9025 = ORIENTED_EDGE ( 'NONE', *, *, #9268, .T. ) ;
#9026 = COLOUR_RGB ( '',1.000000000000000000, 1.000000000000000000, 1.000000000000000000 ) ;
#9027 = VECTOR ( 'NONE', #273, 1000.000000000000000 ) ;
#9028 = VERTEX_POINT ( 'NONE', #4381 ) ;
#9029 = DIRECTION ( 'NONE',  ( 0.0000000000000000000, -0.0000000000000000000, 1.000000000000000000 ) ) ;
#9030 = CARTESIAN_POINT ( 'NONE',  ( -0.1581212960691742164, 0.8409999996185738569, -2.159186245637923829 ) ) ;
#9031 = STYLED_ITEM ( 'NONE', ( #4358 ), #11779 ) ;
#9032 = AXIS2_PLACEMENT_3D ( 'NONE', #4355, #8000, #7067 ) ;
#9033 =( LENGTH_UNIT ( ) NAMED_UNIT ( * ) SI_UNIT ( .MILLI., .METRE. ) );
#9034 = EDGE_CURVE ( 'NONE', #2649, #4684, #11855, .T. ) ;
#9035 = CARTESIAN_POINT ( 'NONE',  ( -0.3877969720702685863, 0.8409999996185738569, -2.512688382347322946 ) ) ;
#9036 = CARTESIAN_POINT ( 'NONE',  ( -0.4084934646901653421, 0.8409999996185738569, -2.610279143165626703 ) ) ;
#9037 = ORIENTED_EDGE ( 'NONE', *, *, #2194, .T. ) ;
#9038 = CARTESIAN_POINT ( 'NONE',  ( -0.1314323883114438540, 0.8399999996185738560, -2.160696938530807909 ) ) ;
#9040 = CARTESIAN_POINT ( 'NONE',  ( -0.2451372066433312180, 0.8399999996185738560, -2.424061066021605093 ) ) ;
#9039 = PLANE ( 'NONE',  #7619 ) ;
#9041 = DIRECTION ( 'NONE',  ( -0.0000000000000000000, -1.000000000000000000, -0.0000000000000000000 ) ) ;
#9042 = COLOUR_RGB ( '',1.000000000000000000, 1.000000000000000000, 1.000000000000000000 ) ;
#9043 = CARTESIAN_POINT ( 'NONE',  ( -0.9672987654112523703, 0.8400000000000000799, -2.396163603951712684 ) ) ;
#9044 = SURFACE_STYLE_FILL_AREA ( #10146 ) ;
#9045 = CARTESIAN_POINT ( 'NONE',  ( 0.7623145971803876320, 0.8409999996185738569, -2.467819094879160957 ) ) ;
#9046 = VECTOR ( 'NONE', #10326, 1000.000000000000000 ) ;
#9047 = CARTESIAN_POINT ( 'NONE',  ( 1.050000000000000044, -0.02999999999999968317, -3.279999999999999805 ) ) ;
#9048 = MECHANICAL_DESIGN_GEOMETRIC_PRESENTATION_REPRESENTATION (  '', ( #5569 ), #5576 ) ;
#9049 = SURFACE_STYLE_USAGE ( .BOTH. , #5396 ) ;
#9050 = EDGE_LOOP ( 'NONE', ( #8013, #4387, #469, #850 ) ) ;
#9051 = UNCERTAINTY_MEASURE_WITH_UNIT (LENGTH_MEASURE( 1.000000000000000082E-05 ), #3072, 'distance_accuracy_value', 'NONE');
#9052 = CARTESIAN_POINT ( 'NONE',  ( -0.2789263709930542845, 0.8399999996185738560, -2.247309997666907311 ) ) ;
#9053 = B_SPLINE_CURVE_WITH_KNOTS ( 'NONE', 3,
 ( #11298, #2736, #6402, #1857 ),
 .UNSPECIFIED., .F., .F.,
 ( 4, 4 ),
 ( 34.00000000000000000, 35.00000000000000000 ),
 .UNSPECIFIED. ) ;
#9054 = ORIENTED_EDGE ( 'NONE', *, *, #4669, .F. ) ;
#9055 = CARTESIAN_POINT ( 'NONE',  ( 0.7315011463022886851, 0.8409999996185738569, -2.379580614097772440 ) ) ;
#9056 = STYLED_ITEM ( 'NONE', ( #3926 ), #2737 ) ;
#9057 = CARTESIAN_POINT ( 'NONE',  ( -0.5951647497025869260, 0.8409999996185738569, -2.155157731260029408 ) ) ;
#9058 =( NAMED_UNIT ( * ) SI_UNIT ( $, .STERADIAN. ) SOLID_ANGLE_UNIT ( ) );
#9059 = ORIENTED_EDGE ( 'NONE', *, *, #7564, .T. ) ;
#9060 = ORIENTED_EDGE ( 'NONE', *, *, #8401, .F. ) ;
#9061 = DIRECTION ( 'NONE',  ( -0.3658589216693606816, -0.0000000000000000000, -0.9306703226357508907 ) ) ;
#9062 = AXIS2_PLACEMENT_3D ( 'NONE', #6531, #4727, #5939 ) ;
#9063 =( GEOMETRIC_REPRESENTATION_CONTEXT ( 3 ) GLOBAL_UNCERTAINTY_ASSIGNED_CONTEXT ( ( #1759 ) ) GLOBAL_UNIT_ASSIGNED_CONTEXT ( ( #1854, #4444, #7350 ) ) REPRESENTATION_CONTEXT ( 'NONE', 'WORKASPACE' ) );
#9064 = DIRECTION ( 'NONE',  ( -0.0000000000000000000, -1.000000000000000000, -0.0000000000000000000 ) ) ;
#9065 = PRODUCT_CONTEXT ( 'NONE', #4032, 'mechanical' ) ;
#9066 = EDGE_CURVE ( 'NONE', #7678, #4087, #9958, .T. ) ;
#9067 = CARTESIAN_POINT ( 'NONE',  ( -0.04492004203401943341, 0.8409999996185738569, -2.456692032487506339 ) ) ;
#9068 = CARTESIAN_POINT ( 'NONE',  ( -0.1490571387172380802, 0.8399999996185738560, -2.542902240186215135 ) ) ;
#9069 = VERTEX_POINT ( 'NONE', #3517 ) ;
#9070 = UNCERTAINTY_MEASURE_WITH_UNIT (LENGTH_MEASURE( 1.000000000000000082E-05 ), #5303, 'distance_accuracy_value', 'NONE');
#9071 = SURFACE_STYLE_FILL_AREA ( #5243 ) ;
#9072 = VERTEX_POINT ( 'NONE', #11056 ) ;
#9073 =( LENGTH_UNIT ( ) NAMED_UNIT ( * ) SI_UNIT ( .MILLI., .METRE. ) );
#9074 = LINE ( 'NONE', #1824, #2832 ) ;
#9075 = SURFACE_STYLE_USAGE ( .BOTH. , #11950 ) ;
#9076 = DIRECTION ( 'NONE',  ( 5.703459817243184186E-15, -0.0000000000000000000, 1.000000000000000000 ) ) ;
#9077 = ORIENTED_EDGE ( 'NONE', *, *, #1117, .T. ) ;
#9078 = EDGE_CURVE ( 'NONE', #1845, #3671, #11799, .T. ) ;
#9079 = DIRECTION ( 'NONE',  ( 0.0000000000000000000, 0.0000000000000000000, -1.000000000000000000 ) ) ;
#9080 = EDGE_CURVE ( 'NONE', #7943, #6155, #11105, .T. ) ;
#9081 = SURFACE_STYLE_FILL_AREA ( #1779 ) ;
#9082 = ORIENTED_EDGE ( 'NONE', *, *, #2696, .T. ) ;
#9083 = ORIENTED_EDGE ( 'NONE', *, *, #9694, .F. ) ;
#9084 =( NAMED_UNIT ( * ) SI_UNIT ( $, .STERADIAN. ) SOLID_ANGLE_UNIT ( ) );
#9085 = SURFACE_SIDE_STYLE ('',( #5380 ) ) ;
#9086 = DIRECTION ( 'NONE',  ( 7.132909029509895711E-17, 1.000000000000000000, 0.0000000000000000000 ) ) ;
#9087 = FACE_OUTER_BOUND ( 'NONE', #7207, .T. ) ;
#9088 = B_SPLINE_SURFACE_WITH_KNOTS ( 'NONE', 3, 1, ( 
 ( #11376, #4023 ),
 ( #11441, #10589 ),
 ( #2281, #5951 ),
 ( #6858, #9658 ) ),
 .UNSPECIFIED., .F., .F., .F.,
 ( 4, 4 ),
 ( 2, 2 ),
 ( 12.00000000000000000, 13.00000000000000000 ),
 ( 0.0000000000000000000, 1.000000000000000000 ),
 .UNSPECIFIED. ) ;
#9089 = VECTOR ( 'NONE', #327, 1000.000000000000000 ) ;
#9090 = CARTESIAN_POINT ( 'NONE',  ( -0.1490571387172380802, 0.8409999996185738569, -2.530313132753124528 ) ) ;
#9091 = FILL_AREA_STYLE ('',( #104 ) ) ;
#9092 = B_SPLINE_CURVE_WITH_KNOTS ( 'NONE', 3,
 ( #10501, #9507, #2137, #281 ),
 .UNSPECIFIED., .F., .F.,
 ( 4, 4 ),
 ( 11.00000000000000000, 12.00000000000000000 ),
 .UNSPECIFIED. ) ;
#9093 = CARTESIAN_POINT ( 'NONE',  ( -0.7242786355312943458, 0.8400000000000000799, -2.097449262788629198 ) ) ;
#9094 = ORIENTED_EDGE ( 'NONE', *, *, #5058, .T. ) ;
#9095 = CARTESIAN_POINT ( 'NONE',  ( 0.3603396015781831219, 0.8399999996185738560, -2.166688008617496219 ) ) ;
#9096 = SURFACE_STYLE_USAGE ( .BOTH. , #2561 ) ;
#9097 = DIRECTION ( 'NONE',  ( 0.0000000000000000000, 0.0000000000000000000, 1.000000000000000000 ) ) ;
#9098 = SURFACE_STYLE_USAGE ( .BOTH. , #717 ) ;
#9099 = PRESENTATION_STYLE_ASSIGNMENT (( #8267 ) ) ;
#9100 = PRESENTATION_STYLE_ASSIGNMENT (( #9153 ) ) ;
#9101 = ORIENTED_EDGE ( 'NONE', *, *, #11764, .T. ) ;
#9102 = CARTESIAN_POINT ( 'NONE',  ( -0.2980114578607256925, 0.8409999996185738569, -2.481366683055620914 ) ) ;
#9103 = ORIENTED_EDGE ( 'NONE', *, *, #421, .T. ) ;
#9104 = FACE_OUTER_BOUND ( 'NONE', #8847, .T. ) ;
#9105 = SURFACE_SIDE_STYLE ('',( #123 ) ) ;
#9106 = UNCERTAINTY_MEASURE_WITH_UNIT (LENGTH_MEASURE( 1.000000000000000082E-05 ), #3247, 'distance_accuracy_value', 'NONE');
#9107 = LINE ( 'NONE', #7543, #9875 ) ;
#9108 = SURFACE_SIDE_STYLE ('',( #3718 ) ) ;
#9109 = ADVANCED_FACE ( 'NONE', ( #5392 ), #10175, .F. ) ;
#9110 = CARTESIAN_POINT ( 'NONE',  ( -0.1740842842937340984, 0.8409999996185738569, -2.535046637147782000 ) ) ;
#9111 = ORIENTED_EDGE ( 'NONE', *, *, #1380, .T. ) ;
#9112 = ORIENTED_EDGE ( 'NONE', *, *, #87, .T. ) ;
#9113 = FILL_AREA_STYLE ('',( #7370 ) ) ;
#9114 = ORIENTED_EDGE ( 'NONE', *, *, #1317, .T. ) ;
#9115 =( NAMED_UNIT ( * ) PLANE_ANGLE_UNIT ( ) SI_UNIT ( $, .RADIAN. ) );
#9116 = UNCERTAINTY_MEASURE_WITH_UNIT (LENGTH_MEASURE( 1.000000000000000082E-05 ), #4959, 'distance_accuracy_value', 'NONE');
#9117 = DIRECTION ( 'NONE',  ( -1.000000000000000000, -0.0000000000000000000, -0.0000000000000000000 ) ) ;
#9118 = CARTESIAN_POINT ( 'NONE',  ( 0.2200000000000000011, -0.02999999999999966929, -8.279999999999999361 ) ) ;
#9119 = ORIENTED_EDGE ( 'NONE', *, *, #5901, .F. ) ;
#9120 = CARTESIAN_POINT ( 'NONE',  ( -0.2367780393081682366, 0.8399999996185738560, -2.546225764548683212 ) ) ;
#9121 = SURFACE_SIDE_STYLE ('',( #809 ) ) ;
#9122 = DIRECTION ( 'NONE',  ( 3.272121703647071695E-15, -0.0000000000000000000, 1.000000000000000000 ) ) ;
#9123 = EDGE_CURVE ( 'NONE', #9177, #7678, #2993, .T. ) ;
#9124 = CARTESIAN_POINT ( 'NONE',  ( -0.2112473294349347386, 0.8409999996185738569, -2.424061066021605093 ) ) ;
#9125 =( LENGTH_UNIT ( ) NAMED_UNIT ( * ) SI_UNIT ( .MILLI., .METRE. ) );
#9126 = SURFACE_STYLE_USAGE ( .BOTH. , #3494 ) ;
#9127 = EDGE_CURVE ( 'NONE', #2473, #4447, #4442, .T. ) ;
#9128 = B_SPLINE_CURVE_WITH_KNOTS ( 'NONE', 3,
 ( #8354, #8534, #10433, #1169 ),
 .UNSPECIFIED., .F., .F.,
 ( 4, 4 ),
 ( 5.000000000000000000, 6.000000000000000000 ),
 .UNSPECIFIED. ) ;
#9129 = PLANE ( 'NONE',  #2938 ) ;
#9130 = EDGE_LOOP ( 'NONE', ( #10777, #7450, #2693, #2519 ) ) ;
#9131 = PLANE ( 'NONE',  #1327 ) ;
#9132 =( NAMED_UNIT ( * ) PLANE_ANGLE_UNIT ( ) SI_UNIT ( $, .RADIAN. ) );
#9133 = COLOUR_RGB ( '',1.000000000000000000, 1.000000000000000000, 1.000000000000000000 ) ;
#9134 = ORIENTED_EDGE ( 'NONE', *, *, #98, .T. ) ;
#9135 = EDGE_LOOP ( 'NONE', ( #6150, #11661, #2474, #1423 ) ) ;
#9136 = CARTESIAN_POINT ( 'NONE',  ( 0.4443761837901294420, 0.8399999996185738560, -2.547653805237517055 ) ) ;
#9137 = CARTESIAN_POINT ( 'NONE',  ( -0.2044995678506548731, 0.8409999996185738569, -2.501811393525809724 ) ) ;
#9138 = LINE ( 'NONE', #11168, #5538 ) ;
#9139 = UNCERTAINTY_MEASURE_WITH_UNIT (LENGTH_MEASURE( 1.000000000000000082E-05 ), #2305, 'distance_accuracy_value', 'NONE');
#9140 = EDGE_CURVE ( 'NONE', #11667, #5955, #6659, .T. ) ;
#9141 = ADVANCED_FACE ( 'NONE', ( #10328 ), #8500, .F. ) ;
#9142 =( GEOMETRIC_REPRESENTATION_CONTEXT ( 3 ) GLOBAL_UNCERTAINTY_ASSIGNED_CONTEXT ( ( #862 ) ) GLOBAL_UNIT_ASSIGNED_CONTEXT ( ( #9598, #10708, #9776 ) ) REPRESENTATION_CONTEXT ( 'NONE', 'WORKASPACE' ) );
#9143 = CARTESIAN_POINT ( 'NONE',  ( -0.3905665757056559495, 0.8399999996185738560, -2.529708855597042838 ) ) ;
#9144 = CARTESIAN_POINT ( 'NONE',  ( -0.3732943203082418893, 0.8399999996185738560, -2.447527162276217361 ) ) ;
#9145 = EDGE_LOOP ( 'NONE', ( #6482, #7419, #8641, #11702 ) ) ;
#9146 = CARTESIAN_POINT ( 'NONE',  ( 0.7329017613490935723, 0.8409999996185738569, -2.224112931662733050 ) ) ;
#9147 = CARTESIAN_POINT ( 'NONE',  ( -0.2789263709930540625, 0.8409999996185738569, -2.222937485676831582 ) ) ;
#9148 = SURFACE_STYLE_USAGE ( .BOTH. , #9953 ) ;
#9149 = CARTESIAN_POINT ( 'NONE',  ( -0.9709747847814358401, 0.8400000000000000799, -2.409961265696968002 ) ) ;
#9150 =( NAMED_UNIT ( * ) PLANE_ANGLE_UNIT ( ) SI_UNIT ( $, .RADIAN. ) );
#9151 =( NAMED_UNIT ( * ) SI_UNIT ( $, .STERADIAN. ) SOLID_ANGLE_UNIT ( ) );
#9152 = SURFACE_STYLE_FILL_AREA ( #10270 ) ;
#9153 = SURFACE_STYLE_USAGE ( .BOTH. , #11001 ) ;
#9154 = VECTOR ( 'NONE', #6969, 1000.000000000000000 ) ;
#9155 = DIRECTION ( 'NONE',  ( -0.0000000000000000000, -1.000000000000000000, -0.0000000000000000000 ) ) ;
#9156 = ADVANCED_FACE ( 'NONE', ( #6538 ), #182, .F. ) ;
#9157 = EDGE_LOOP ( 'NONE', ( #7572, #6809, #5196, #6921, #4133, #10978, #922 ) ) ;
#9158 = UNCERTAINTY_MEASURE_WITH_UNIT (LENGTH_MEASURE( 1.000000000000000082E-05 ), #8176, 'distance_accuracy_value', 'NONE');
#9159 =( NAMED_UNIT ( * ) SI_UNIT ( $, .STERADIAN. ) SOLID_ANGLE_UNIT ( ) );
#9160 = ORIENTED_EDGE ( 'NONE', *, *, #9551, .T. ) ;
#9161 = SURFACE_STYLE_FILL_AREA ( #5458 ) ;
#9162 = VERTEX_POINT ( 'NONE', #4190 ) ;
#9163 = LINE ( 'NONE', #3780, #8835 ) ;
#9164 = PRESENTATION_LAYER_ASSIGNMENT (  '', '', ( #5873 ) ) ;
#9165 = VECTOR ( 'NONE', #11668, 1000.000000000000000 ) ;
#9166 = CARTESIAN_POINT ( 'NONE',  ( -0.7173798046579930032, 0.8399999996185738560, -2.097449262788629198 ) ) ;
#9167 = DIRECTION ( 'NONE',  ( -0.0000000000000000000, -1.000000000000000000, -0.0000000000000000000 ) ) ;
#9168 = CARTESIAN_POINT ( 'NONE',  ( -0.6328313591411887096, 0.8409999996185738569, -2.255467739283379736 ) ) ;
#9169 = ORIENTED_EDGE ( 'NONE', *, *, #6664, .F. ) ;
#9170 = ORIENTED_EDGE ( 'NONE', *, *, #2564, .F. ) ;
#9171 =( GEOMETRIC_REPRESENTATION_CONTEXT ( 3 ) GLOBAL_UNCERTAINTY_ASSIGNED_CONTEXT ( ( #1997 ) ) GLOBAL_UNIT_ASSIGNED_CONTEXT ( ( #715, #8927, #889 ) ) REPRESENTATION_CONTEXT ( 'NONE', 'WORKASPACE' ) );
#9172 = FACE_OUTER_BOUND ( 'NONE', #678, .T. ) ;
#9173 = MECHANICAL_DESIGN_GEOMETRIC_PRESENTATION_REPRESENTATION (  '', ( #6077 ), #3968 ) ;
#9174 = CARTESIAN_POINT ( 'NONE',  ( 0.2805048377901227519, 0.8409999996185738569, -2.189097769216112876 ) ) ;
#9175 = ADVANCED_FACE ( 'NONE', ( #6911 ), #5994, .F. ) ;
#9176 = STYLED_ITEM ( 'NONE', ( #1345 ), #325 ) ;
#9177 = VERTEX_POINT ( 'NONE', #8865 ) ;
#9178 = EDGE_CURVE ( 'NONE', #5427, #639, #4123, .T. ) ;
#9179 = DIRECTION ( 'NONE',  ( -0.0000000000000000000, -1.000000000000000000, -0.0000000000000000000 ) ) ;
#9180 = MECHANICAL_DESIGN_GEOMETRIC_PRESENTATION_REPRESENTATION (  '', ( #11731 ), #7045 ) ;
#9181 = CARTESIAN_POINT ( 'NONE',  ( -0.3337141665400489843, 0.8409999996185738569, -2.571303266554186173 ) ) ;
#9182 = SURFACE_STYLE_FILL_AREA ( #1817 ) ;
#9183 = CARTESIAN_POINT ( 'NONE',  ( 0.2200000000000000011, -0.02999999999999966929, -8.279999999999999361 ) ) ;
#9184 = B_SPLINE_SURFACE_WITH_KNOTS ( 'NONE', 3, 1, ( 
 ( #10989, #2847 ),
 ( #9330, #11233 ),
 ( #1963, #10678 ),
 ( #11352, #6527 ) ),
 .UNSPECIFIED., .F., .F., .F.,
 ( 4, 4 ),
 ( 2, 2 ),
 ( 1.000000000000000000, 2.000000000000000000 ),
 ( 0.0000000000000000000, 1.000000000000000000 ),
 .UNSPECIFIED. ) ;
#9185 = EDGE_LOOP ( 'NONE', ( #6477, #699, #5012, #10264 ) ) ;
#9186 = UNCERTAINTY_MEASURE_WITH_UNIT (LENGTH_MEASURE( 1.000000000000000082E-05 ), #9383, 'distance_accuracy_value', 'NONE');
#9187 = CARTESIAN_POINT ( 'NONE',  ( -0.2789263709930535629, 0.8409999996185738569, -2.063206890571847474 ) ) ;
#9188 = FILL_AREA_STYLE_COLOUR ( '', #7650 ) ;
#9189 = LINE ( 'NONE', #10974, #7691 ) ;
#9190 = PRESENTATION_LAYER_ASSIGNMENT (  '', '', ( #7660 ) ) ;
#9191 = MECHANICAL_DESIGN_GEOMETRIC_PRESENTATION_REPRESENTATION (  '', ( #3976 ), #2996 ) ;
#9192 = CARTESIAN_POINT ( 'NONE',  ( -0.4142340976789598561, 0.8409999996185738569, -2.144180029579165758 ) ) ;
#9193 = EDGE_CURVE ( 'NONE', #10099, #4866, #7082, .T. ) ;
#9194 = CARTESIAN_POINT ( 'NONE',  ( -0.1209582509273106204, 0.8409999996185738569, -2.393645782464021821 ) ) ;
#9195 = LINE ( 'NONE', #1600, #2460 ) ;
#9196 = B_SPLINE_CURVE_WITH_KNOTS ( 'NONE', 3,
 ( #3924, #10440, #7636, #11343 ),
 .UNSPECIFIED., .F., .F.,
 ( 4, 4 ),
 ( 0.0000000000000000000, 1.000000000000000000 ),
 .UNSPECIFIED. ) ;
#9197 = VERTEX_POINT ( 'NONE', #6963 ) ;
#9198 = CARTESIAN_POINT ( 'NONE',  ( 0.2006701274317579109, 0.8399999996185738560, -2.214308733195166745 ) ) ;
#9199 = FACE_OUTER_BOUND ( 'NONE', #11008, .T. ) ;
#9200 = PRESENTATION_LAYER_ASSIGNMENT (  '', '', ( #2262 ) ) ;
#9201 = CARTESIAN_POINT ( 'NONE',  ( 1.011623123743585762, 0.8399999996185738560, -2.228314830230158972 ) ) ;
#9202 = ORIENTED_EDGE ( 'NONE', *, *, #8905, .T. ) ;
#9203 = ORIENTED_EDGE ( 'NONE', *, *, #9268, .F. ) ;
#9204 =( LENGTH_UNIT ( ) NAMED_UNIT ( * ) SI_UNIT ( .MILLI., .METRE. ) );
#9205 = CARTESIAN_POINT ( 'NONE',  ( -0.6609302469297738680, 0.8409999996185738569, -2.456692032487504562 ) ) ;
#9206 = PLANE ( 'NONE',  #2824 ) ;
#9207 = CARTESIAN_POINT ( 'NONE',  ( -0.9640759539081357188, 0.8409999996185738569, -2.409961265696968002 ) ) ;
#9208 =( NAMED_UNIT ( * ) SI_UNIT ( $, .STERADIAN. ) SOLID_ANGLE_UNIT ( ) );
#9209 =( GEOMETRIC_REPRESENTATION_CONTEXT ( 3 ) GLOBAL_UNCERTAINTY_ASSIGNED_CONTEXT ( ( #38 ) ) GLOBAL_UNIT_ASSIGNED_CONTEXT ( ( #9015, #1711, #7184 ) ) REPRESENTATION_CONTEXT ( 'NONE', 'WORKASPACE' ) );
#9210 =( NAMED_UNIT ( * ) SI_UNIT ( $, .STERADIAN. ) SOLID_ANGLE_UNIT ( ) );
#9211 = LINE ( 'NONE', #10077, #5101 ) ;
#9212 = DIRECTION ( 'NONE',  ( 0.8863488427958607918, 0.0000000000000000000, -0.4630180653866957097 ) ) ;
#9213 = ORIENTED_EDGE ( 'NONE', *, *, #30, .T. ) ;
#9214 = COLOUR_RGB ( '',1.000000000000000000, 1.000000000000000000, 1.000000000000000000 ) ;
#9215 = COLOUR_RGB ( '',0.0000000000000000000, 0.01960784313725490169, 0.02745098039215686236 ) ;
#9216 = SURFACE_STYLE_FILL_AREA ( #4 ) ;
#9217 = CARTESIAN_POINT ( 'NONE',  ( -0.5904816017376011139, 0.8399999996185738560, -2.393645782464020044 ) ) ;
#9218 = ADVANCED_FACE ( 'NONE', ( #11662 ), #10697, .T. ) ;
#9219 = ADVANCED_FACE ( 'NONE', ( #6387 ), #5379, .T. ) ;
#9220 = VECTOR ( 'NONE', #9698, 1000.000000000000000 ) ;
#9221 = CARTESIAN_POINT ( 'NONE',  ( -0.5921937203478339073, 0.8399999996185738560, -2.084558016777495748 ) ) ;
#9222 = MECHANICAL_DESIGN_GEOMETRIC_PRESENTATION_REPRESENTATION (  '', ( #3807 ), #9808 ) ;
#9223 = EDGE_CURVE ( 'NONE', #6954, #11412, #8247, .T. ) ;
#9224 = PRESENTATION_LAYER_ASSIGNMENT (  '', '', ( #1516 ) ) ;
#9225 = CARTESIAN_POINT ( 'NONE',  ( -0.4677629824827798655, 0.8409999996185738569, -2.533032379959503810 ) ) ;
#9226 = FACE_OUTER_BOUND ( 'NONE', #46, .T. ) ;
#9227 = CARTESIAN_POINT ( 'NONE',  ( 0.3603396015781831219, 0.8399999996185738560, -2.166688008617496219 ) ) ;
#9228 = COLOUR_RGB ( '',1.000000000000000000, 1.000000000000000000, 1.000000000000000000 ) ;
#9229 =( NAMED_UNIT ( * ) PLANE_ANGLE_UNIT ( ) SI_UNIT ( $, .RADIAN. ) );
#9230 = ORIENTED_EDGE ( 'NONE', *, *, #5218, .F. ) ;
#9231 = LINE ( 'NONE', #8206, #723 ) ;
#9232 = CARTESIAN_POINT ( 'NONE',  ( -0.04492004203401965545, 0.8399999996185738560, -2.479251713006657809 ) ) ;
#9233 = VECTOR ( 'NONE', #5910, 1000.000000000000000 ) ;
#9234 = PRESENTATION_LAYER_ASSIGNMENT (  '', '', ( #8274 ) ) ;
#9235 = SURFACE_SIDE_STYLE ('',( #2866 ) ) ;
#9236 = EDGE_LOOP ( 'NONE', ( #1645, #10009, #11813, #7796 ) ) ;
#9237 = SURFACE_STYLE_USAGE ( .BOTH. , #5537 ) ;
#9238 = B_SPLINE_CURVE_WITH_KNOTS ( 'NONE', 3,
 ( #3195, #6696, #4876, #3073 ),
 .UNSPECIFIED., .F., .F.,
 ( 4, 4 ),
 ( 2.000000000000000000, 3.000000000000000000 ),
 .UNSPECIFIED. ) ;
#9239 = EDGE_CURVE ( 'NONE', #4256, #8358, #2604, .T. ) ;
#9240 = COLOUR_RGB ( '',1.000000000000000000, 1.000000000000000000, 1.000000000000000000 ) ;
#9241 = DIRECTION ( 'NONE',  ( -3.302233253054830946E-15, -0.0000000000000000000, -1.000000000000000000 ) ) ;
#9242 = ADVANCED_FACE ( 'NONE', ( #7264 ), #8332, .F. ) ;
#9243 = SURFACE_STYLE_FILL_AREA ( #10097 ) ;
#9244 = VERTEX_POINT ( 'NONE', #6637 ) ;
#9245 = STYLED_ITEM ( 'NONE', ( #4621 ), #2349 ) ;
#9246 = EDGE_LOOP ( 'NONE', ( #8902, #1086, #224, #2974 ) ) ;
#9247 =( LENGTH_UNIT ( ) NAMED_UNIT ( * ) SI_UNIT ( .MILLI., .METRE. ) );
#9248 = SURFACE_STYLE_FILL_AREA ( #1096 ) ;
#9249 = VERTEX_POINT ( 'NONE', #9502 ) ;
#9250 = VECTOR ( 'NONE', #10073, 1000.000000000000000 ) ;
#9251 = UNCERTAINTY_MEASURE_WITH_UNIT (LENGTH_MEASURE( 1.000000000000000082E-05 ), #1448, 'distance_accuracy_value', 'NONE');
#9252 = CARTESIAN_POINT ( 'NONE',  ( 0.9121797927163823871, 0.8409999996185738569, -2.449611099275401660 ) ) ;
#9253 = ORIENTED_EDGE ( 'NONE', *, *, #3520, .T. ) ;
#9254 = ADVANCED_FACE ( 'NONE', ( #10255 ), #6453, .T. ) ;
#9255 = VECTOR ( 'NONE', #3033, 1000.000000000000000 ) ;
#9256 = DIRECTION ( 'NONE',  ( 1.000000000000000000, 0.0000000000000000000, 0.0000000000000000000 ) ) ;
#9257 = MECHANICAL_DESIGN_GEOMETRIC_PRESENTATION_REPRESENTATION (  '', ( #6137 ), #3479 ) ;
#9258 = CARTESIAN_POINT ( 'NONE',  ( -0.2000682020347047674, 0.8400000000000000799, -2.551059981802691556 ) ) ;
#9259 = UNCERTAINTY_MEASURE_WITH_UNIT (LENGTH_MEASURE( 1.000000000000000082E-05 ), #3341, 'distance_accuracy_value', 'NONE');
#9260 = LINE ( 'NONE', #2763, #10211 ) ;
#9261 =( LENGTH_UNIT ( ) NAMED_UNIT ( * ) SI_UNIT ( .MILLI., .METRE. ) );
#9262 = LINE ( 'NONE', #6697, #10791 ) ;
#9263 = ORIENTED_EDGE ( 'NONE', *, *, #10601, .F. ) ;
#9264 = STYLED_ITEM ( 'NONE', ( #4086 ), #528 ) ;
#9265 = FACE_OUTER_BOUND ( 'NONE', #7048, .T. ) ;
#9266 = ORIENTED_EDGE ( 'NONE', *, *, #813, .T. ) ;
#9267 = SURFACE_SIDE_STYLE ('',( #7513 ) ) ;
#9268 = EDGE_CURVE ( 'NONE', #7775, #5233, #1869, .T. ) ;
#9269 = VERTEX_POINT ( 'NONE', #1955 ) ;
#9270 = CARTESIAN_POINT ( 'NONE',  ( 0.4037584810161113369, 0.8409999996185738569, -2.568662950791342769 ) ) ;
#9271 = CARTESIAN_POINT ( 'NONE',  ( -0.4337723924150331256, 0.8399999996185738560, -2.613099103231365294 ) ) ;
#9272 = DIRECTION ( 'NONE',  ( 0.0000000000000000000, -0.0000000000000000000, 1.000000000000000000 ) ) ;
#9273 = LINE ( 'NONE', #3634, #7738 ) ;
#9274 = SURFACE_STYLE_USAGE ( .BOTH. , #7520 ) ;
#9275 =( NAMED_UNIT ( * ) PLANE_ANGLE_UNIT ( ) SI_UNIT ( $, .RADIAN. ) );
#9276 = CARTESIAN_POINT ( 'NONE',  ( 0.9766078844937484682, 0.8399999996185738560, -2.498632465613715770 ) ) ;
#9277 = ORIENTED_EDGE ( 'NONE', *, *, #1570, .F. ) ;
#9278 = EDGE_CURVE ( 'NONE', #9977, #8745, #3872, .T. ) ;
#9279 =( NAMED_UNIT ( * ) SI_UNIT ( $, .STERADIAN. ) SOLID_ANGLE_UNIT ( ) );
#9280 = CARTESIAN_POINT ( 'NONE',  ( -0.3115069810286119067, 0.8399999996185738560, -2.435240193422506749 ) ) ;
#9281 = CARTESIAN_POINT ( 'NONE',  ( -0.6798642645084208569, 0.8399999996185738560, -2.201586359471180643 ) ) ;
#9282 = CARTESIAN_POINT ( 'NONE',  ( -0.5921937203478343514, 0.8409999996185738569, -2.227872415791527061 ) ) ;
#9283 = COLOUR_RGB ( '',1.000000000000000000, 1.000000000000000000, 1.000000000000000000 ) ;
#9284 = CARTESIAN_POINT ( 'NONE',  ( -0.1735807199963326497, 0.8399999996185738560, -2.249827819153257469 ) ) ;
#9285 = CARTESIAN_POINT ( 'NONE',  ( -0.3286281671370029911, 0.8409999996185738569, -2.449339993747145172 ) ) ;
#9286 = FILL_AREA_STYLE_COLOUR ( '', #11355 ) ;
#9287 = B_SPLINE_CURVE_WITH_KNOTS ( 'NONE', 3,
 ( #2341, #9714, #11619, #11734 ),
 .UNSPECIFIED., .F., .F.,
 ( 4, 4 ),
 ( 7.000000000000000000, 8.000000000000000000 ),
 .UNSPECIFIED. ) ;
#9288 = PLANE ( 'NONE',  #10996 ) ;
#9289 = ORIENTED_EDGE ( 'NONE', *, *, #1432, .T. ) ;
#9290 = EDGE_CURVE ( 'NONE', #6155, #9322, #8359, .T. ) ;
#9291 = VECTOR ( 'NONE', #6458, 1000.000000000000000 ) ;
#9292 = B_SPLINE_SURFACE_WITH_KNOTS ( 'NONE', 3, 1, ( 
 ( #5710, #9416 ),
 ( #4025, #1268 ),
 ( #4921, #6374 ),
 ( #6673, #9475 ) ),
 .UNSPECIFIED., .F., .F., .F.,
 ( 4, 4 ),
 ( 2, 2 ),
 ( 5.000000000000000000, 6.000000000000000000 ),
 ( 0.0000000000000000000, 1.000000000000000000 ),
 .UNSPECIFIED. ) ;
#9293 = PRESENTATION_STYLE_ASSIGNMENT (( #7410 ) ) ;
#9294 = CARTESIAN_POINT ( 'NONE',  ( -0.4034074652871189048, 0.8399999996185738560, -2.427283877524723188 ) ) ;
#9295 = EDGE_LOOP ( 'NONE', ( #9359, #5410, #3277, #10122 ) ) ;
#9296 = VECTOR ( 'NONE', #1923, 1000.000000000000000 ) ;
#9297 = CARTESIAN_POINT ( 'NONE',  ( 0.6656725062644027746, 0.8409999996185738569, -2.025226428225242348 ) ) ;
#9298 = MECHANICAL_DESIGN_GEOMETRIC_PRESENTATION_REPRESENTATION (  '', ( #8142 ), #7552 ) ;
#9299 = CARTESIAN_POINT ( 'NONE',  ( 0.4443761837901294975, 0.8409999996185738569, -2.525244071352073405 ) ) ;
#9300 = CARTESIAN_POINT ( 'NONE',  ( 0.7763206675015362768, 0.8399999996185738560, -2.121868500774836352 ) ) ;
#9301 = ORIENTED_EDGE ( 'NONE', *, *, #9078, .F. ) ;
#9302 = FACE_OUTER_BOUND ( 'NONE', #4883, .T. ) ;
#9303 =( NAMED_UNIT ( * ) SI_UNIT ( $, .STERADIAN. ) SOLID_ANGLE_UNIT ( ) );
#9304 = EDGE_CURVE ( 'NONE', #2390, #905, #1060, .T. ) ;
#9305 = ORIENTED_EDGE ( 'NONE', *, *, #11928, .F. ) ;
#9306 =( NAMED_UNIT ( * ) SI_UNIT ( $, .STERADIAN. ) SOLID_ANGLE_UNIT ( ) );
#9307 = PRESENTATION_STYLE_ASSIGNMENT (( #1816 ) ) ;
#9308 =( NAMED_UNIT ( * ) SI_UNIT ( $, .STERADIAN. ) SOLID_ANGLE_UNIT ( ) );
#9309 = ORIENTED_EDGE ( 'NONE', *, *, #8702, .F. ) ;
#9310 = UNCERTAINTY_MEASURE_WITH_UNIT (LENGTH_MEASURE( 1.000000000000000082E-05 ), #7885, 'distance_accuracy_value', 'NONE');
#9311 = FILL_AREA_STYLE_COLOUR ( '', #2467 ) ;
#9312 = CARTESIAN_POINT ( 'NONE',  ( -0.5384634098246597889, 0.8399999996185738560, -2.427283877524722744 ) ) ;
#9313 = EDGE_CURVE ( 'NONE', #1399, #7775, #8422, .T. ) ;
#9314 = PRESENTATION_STYLE_ASSIGNMENT (( #10114 ) ) ;
#9315 = FILL_AREA_STYLE_COLOUR ( '', #375 ) ;
#9316 = DIRECTION ( 'NONE',  ( -0.0000000000000000000, -1.000000000000000000, -0.0000000000000000000 ) ) ;
#9317 = EDGE_LOOP ( 'NONE', ( #26, #10034, #808, #4514 ) ) ;
#9318 = CARTESIAN_POINT ( 'NONE',  ( -0.3330595329536246707, 0.8409999996185738569, -2.506142046483079699 ) ) ;
#9319 = SURFACE_STYLE_USAGE ( .BOTH. , #10250 ) ;
#9320 = ORIENTED_EDGE ( 'NONE', *, *, #4341, .T. ) ;
#9321 = CARTESIAN_POINT ( 'NONE',  ( -0.1936729354588052066, 0.8409999996185738569, -2.571303266554186617 ) ) ;
#9322 = VERTEX_POINT ( 'NONE', #3815 ) ;
#9323 = CARTESIAN_POINT ( 'NONE',  ( 0.4037584810161113369, 0.8399999996185738560, -2.568662950791342769 ) ) ;
#9324 = CARTESIAN_POINT ( 'NONE',  ( 0.9471950353051988847, 0.8399999996185738560, -2.343164756462825071 ) ) ;
#9325 = DIRECTION ( 'NONE',  ( -1.000000000000000000, -0.0000000000000000000, -0.0000000000000000000 ) ) ;
#9326 = B_SPLINE_CURVE_WITH_KNOTS ( 'NONE', 3,
 ( #5421, #3800, #2762, #9258 ),
 .UNSPECIFIED., .F., .F.,
 ( 4, 4 ),
 ( 3.000000000000000000, 4.000000000000000000 ),
 .UNSPECIFIED. ) ;
#9327 = PLANE ( 'NONE',  #9855 ) ;
#9328 = CARTESIAN_POINT ( 'NONE',  ( -0.2621073234627079307, 0.8399999996185738560, -2.567979742191718096 ) ) ;
#9329 = SURFACE_STYLE_USAGE ( .BOTH. , #8254 ) ;
#9330 = CARTESIAN_POINT ( 'NONE',  ( -0.1735807199963326497, 0.8409999996185738569, -2.249827819153257469 ) ) ;
#9331 = CARTESIAN_POINT ( 'NONE',  ( -0.1209582509273106204, 0.8409999996185738569, -2.370985389085524808 ) ) ;
#9332 = VERTEX_POINT ( 'NONE', #2899 ) ;
#9333 = CARTESIAN_POINT ( 'NONE',  ( -0.4627273395100774955, 0.8399999996185738560, -2.619242587658220156 ) ) ;
#9334 = CARTESIAN_POINT ( 'NONE',  ( -0.3009824872148056940, 0.8409999996185738569, -2.442793657881559888 ) ) ;
#9335 =( LENGTH_UNIT ( ) NAMED_UNIT ( * ) SI_UNIT ( .MILLI., .METRE. ) );
#9336 = VECTOR ( 'NONE', #8569, 1000.000000000000000 ) ;
#9337 = FACE_OUTER_BOUND ( 'NONE', #5028, .T. ) ;
#9338 = CARTESIAN_POINT ( 'NONE',  ( -0.2374326728945909681, 0.8399999996185738560, -2.478546722989882767 ) ) ;
#9339 = CARTESIAN_POINT ( 'NONE',  ( -0.4869487822111340236, 0.8409999996185738569, -2.081133779555683461 ) ) ;
#9340 = COLOUR_RGB ( '',1.000000000000000000, 1.000000000000000000, 1.000000000000000000 ) ;
#9341 = MECHANICAL_DESIGN_GEOMETRIC_PRESENTATION_REPRESENTATION (  '', ( #11095 ), #6606 ) ;
#9342 = ORIENTED_EDGE ( 'NONE', *, *, #2709, .F. ) ;
#9343 = SURFACE_SIDE_STYLE ('',( #8333 ) ) ;
#9344 = CARTESIAN_POINT ( 'NONE',  ( -0.2374326728945909681, 0.8400000000000000799, -2.510875550877739393 ) ) ;
#9345 = EDGE_LOOP ( 'NONE', ( #11503, #2318, #560, #2689 ) ) ;
#9346 = CARTESIAN_POINT ( 'NONE',  ( -0.4244060964850521200, 0.8399999996185738560, -2.634248803718319820 ) ) ;
#9347 =( LENGTH_UNIT ( ) NAMED_UNIT ( * ) SI_UNIT ( .MILLI., .METRE. ) );
#9348 =( GEOMETRIC_REPRESENTATION_CONTEXT ( 3 ) GLOBAL_UNCERTAINTY_ASSIGNED_CONTEXT ( ( #9972 ) ) GLOBAL_UNIT_ASSIGNED_CONTEXT ( ( #9802, #7811, #3198 ) ) REPRESENTATION_CONTEXT ( 'NONE', 'WORKASPACE' ) );
#9349 = CARTESIAN_POINT ( 'NONE',  ( -0.8686001631401389922, 0.8399999996185738560, -2.497480740569870683 ) ) ;
#9350 = CARTESIAN_POINT ( 'NONE',  ( -0.1740842842937340984, 0.8400000000000000799, -2.535046637147782000 ) ) ;
#9351 = EDGE_CURVE ( 'NONE', #11227, #4871, #7174, .T. ) ;
#9352 = CARTESIAN_POINT ( 'NONE',  ( -0.5879637802499055876, 0.8399999996185738560, -2.112052627410001993 ) ) ;
#9353 =( NAMED_UNIT ( * ) SI_UNIT ( $, .STERADIAN. ) SOLID_ANGLE_UNIT ( ) );
#9354 = VECTOR ( 'NONE', #6093, 1000.000000000000000 ) ;
#9355 = ORIENTED_EDGE ( 'NONE', *, *, #2817, .F. ) ;
#9356 = COLOUR_RGB ( '',1.000000000000000000, 1.000000000000000000, 1.000000000000000000 ) ;
#9357 =( NAMED_UNIT ( * ) PLANE_ANGLE_UNIT ( ) SI_UNIT ( $, .RADIAN. ) );
#9358 = PRESENTATION_LAYER_ASSIGNMENT (  '', '', ( #4137 ) ) ;
#9359 = ORIENTED_EDGE ( 'NONE', *, *, #8769, .T. ) ;
#9360 = LINE ( 'NONE', #33, #1851 ) ;
#9361 = COLOUR_RGB ( '',1.000000000000000000, 1.000000000000000000, 1.000000000000000000 ) ;
#9362 = LINE ( 'NONE', #4760, #11239 ) ;
#9363 = PLANE ( 'NONE',  #10771 ) ;
#9364 = PRESENTATION_LAYER_ASSIGNMENT (  '', '', ( #10356 ) ) ;
#9365 = ORIENTED_EDGE ( 'NONE', *, *, #168, .T. ) ;
#9366 = EDGE_CURVE ( 'NONE', #9332, #5314, #6711, .T. ) ;
#9368 = EDGE_CURVE ( 'NONE', #4871, #6098, #9196, .T. ) ;
#9367 = STYLED_ITEM ( 'NONE', ( #2412 ), #5581 ) ;
#9369 = ADVANCED_FACE ( 'NONE', ( #277 ), #8724, .F. ) ;
#9370 = SURFACE_SIDE_STYLE ('',( #2181 ) ) ;
#9371 = B_SPLINE_CURVE_WITH_KNOTS ( 'NONE', 3,
 ( #5273, #5221, #8982, #11623 ),
 .UNSPECIFIED., .F., .F.,
 ( 4, 4 ),
 ( 2.000000000000000000, 3.000000000000000000 ),
 .UNSPECIFIED. ) ;
#9372 = CARTESIAN_POINT ( 'NONE',  ( -0.3480657490130525944, 0.8399999996185738560, -2.444102925054405517 ) ) ;
#9373 = UNCERTAINTY_MEASURE_WITH_UNIT (LENGTH_MEASURE( 1.000000000000000082E-05 ), #2452, 'distance_accuracy_value', 'NONE');
#9374 = SURFACE_STYLE_USAGE ( .BOTH. , #3804 ) ;
#9375 =( GEOMETRIC_REPRESENTATION_CONTEXT ( 3 ) GLOBAL_UNCERTAINTY_ASSIGNED_CONTEXT ( ( #3802 ) ) GLOBAL_UNIT_ASSIGNED_CONTEXT ( ( #610, #2342, #9597 ) ) REPRESENTATION_CONTEXT ( 'NONE', 'WORKASPACE' ) );
#9376 = CARTESIAN_POINT ( 'NONE',  ( -0.8686001631401385481, 0.8399999996185738560, -2.466964744152936095 ) ) ;
#9377 = AXIS2_PLACEMENT_3D ( 'NONE', #5960, #1394, #4149 ) ;
#9378 = CARTESIAN_POINT ( 'NONE',  ( 0.7146938458888766332, 0.8399999996185738560, -2.060241672484219411 ) ) ;
#9379 = ORIENTED_EDGE ( 'NONE', *, *, #6708, .T. ) ;
#9380 = DIRECTION ( 'NONE',  ( 0.7193398003386523021, 0.6946583704589960329, 0.0000000000000000000 ) ) ;
#9381 = CARTESIAN_POINT ( 'NONE',  ( -0.8686001631401385481, 0.8409999996185738569, -2.466964744152936095 ) ) ;
#9382 = VERTEX_POINT ( 'NONE', #9745 ) ;
#9383 =( LENGTH_UNIT ( ) NAMED_UNIT ( * ) SI_UNIT ( .MILLI., .METRE. ) );
#9384 = EDGE_CURVE ( 'NONE', #11888, #8968, #2428, .T. ) ;
#9385 = VERTEX_POINT ( 'NONE', #11530 ) ;
#9386 = FILL_AREA_STYLE_COLOUR ( '', #3763 ) ;
#9387 = CARTESIAN_POINT ( 'NONE',  ( -0.1628044440334908693, 0.8399999996185738560, -2.461123398304127630 ) ) ;
#9388 = SURFACE_STYLE_USAGE ( .BOTH. , #4606 ) ;
#9389 = B_SPLINE_SURFACE_WITH_KNOTS ( 'NONE', 3, 1, ( 
 ( #9055, #9908 ),
 ( #787, #8821 ),
 ( #4452, #8157 ),
 ( #7295, #1978 ) ),
 .UNSPECIFIED., .F., .F., .F.,
 ( 4, 4 ),
 ( 2, 2 ),
 ( 16.00000000000000000, 17.00000000000000000 ),
 ( 0.0000000000000000000, 1.000000000000000000 ),
 .UNSPECIFIED. ) ;
#9390 = MECHANICAL_DESIGN_GEOMETRIC_PRESENTATION_REPRESENTATION (  '', ( #6087 ), #2443 ) ;
#9391 = LINE ( 'NONE', #6582, #9478 ) ;
#9392 = CARTESIAN_POINT ( 'NONE',  ( 0.7875255344442593231, 0.8399999996185738560, -2.120467885728703372 ) ) ;
#9393 = FILL_AREA_STYLE_COLOUR ( '', #4376 ) ;
#9394 = SURFACE_STYLE_USAGE ( .BOTH. , #4962 ) ;
#9395 = ORIENTED_EDGE ( 'NONE', *, *, #6232, .T. ) ;
#9396 = CARTESIAN_POINT ( 'NONE',  ( -0.5904816017376014470, 0.8399999996185738560, -2.479251713006656033 ) ) ;
#9397 = CARTESIAN_POINT ( 'NONE',  ( -0.7819871040026904474, 0.8409999996185738569, -2.255467739283379291 ) ) ;
#9398 = FILL_AREA_STYLE ('',( #4729 ) ) ;
#9399 = DIRECTION ( 'NONE',  ( -0.0000000000000000000, -1.000000000000000000, -0.0000000000000000000 ) ) ;
#9400 = LINE ( 'NONE', #237, #864 ) ;
#9401 = CARTESIAN_POINT ( 'NONE',  ( -0.7350549114934644690, 0.8409999996185738569, -2.058473386177184672 ) ) ;
#9402 = ADVANCED_FACE ( 'NONE', ( #8903 ), #5188, .F. ) ;
#9403 = SURFACE_STYLE_FILL_AREA ( #2928 ) ;
#9404 =( GEOMETRIC_REPRESENTATION_CONTEXT ( 3 ) GLOBAL_UNCERTAINTY_ASSIGNED_CONTEXT ( ( #747 ) ) GLOBAL_UNIT_ASSIGNED_CONTEXT ( ( #5289, #11688, #7115 ) ) REPRESENTATION_CONTEXT ( 'NONE', 'WORKASPACE' ) );
#9405 = ORIENTED_EDGE ( 'NONE', *, *, #11566, .F. ) ;
#9406 = VECTOR ( 'NONE', #6298, 1000.000000000000000 ) ;
#9407 = DIRECTION ( 'NONE',  ( -0.0000000000000000000, -1.000000000000000000, -0.0000000000000000000 ) ) ;
#9408 = VECTOR ( 'NONE', #3868, 1000.000000000000000 ) ;
#9409 = CARTESIAN_POINT ( 'NONE',  ( -0.2374326728945910514, 0.8409999996185738569, -2.510875550877739393 ) ) ;
#9410 = EDGE_LOOP ( 'NONE', ( #2350, #10254, #9439, #7224 ) ) ;
#9411 = VECTOR ( 'NONE', #3972, 1000.000000000000000 ) ;
#9412 = CARTESIAN_POINT ( 'NONE',  ( -0.2374326728945911902, 0.8399999996185738560, -2.522457529716027658 ) ) ;
#9413 = AXIS2_PLACEMENT_3D ( 'NONE', #7331, #9272, #879 ) ;
#9414 = PRESENTATION_STYLE_ASSIGNMENT (( #9474 ) ) ;
#9415 = CARTESIAN_POINT ( 'NONE',  ( 0.9766078844937484682, 0.8409999996185738569, -2.498632465613715770 ) ) ;
#9416 = CARTESIAN_POINT ( 'NONE',  ( -0.7623984528382984349, 0.8399999996185738560, -2.567979742191715875 ) ) ;
#9417 =( GEOMETRIC_REPRESENTATION_CONTEXT ( 3 ) GLOBAL_UNCERTAINTY_ASSIGNED_CONTEXT ( ( #3264 ) ) GLOBAL_UNIT_ASSIGNED_CONTEXT ( ( #6571, #4655, #7510 ) ) REPRESENTATION_CONTEXT ( 'NONE', 'WORKASPACE' ) );
#9418 = FACE_OUTER_BOUND ( 'NONE', #7898, .T. ) ;
#9419 = B_SPLINE_CURVE_WITH_KNOTS ( 'NONE', 3,
 ( #11430, #8676, #9333, #1246 ),
 .UNSPECIFIED., .F., .F.,
 ( 4, 4 ),
 ( 1.000000000000000000, 2.000000000000000000 ),
 .UNSPECIFIED. ) ;
#9420 = MECHANICAL_DESIGN_GEOMETRIC_PRESENTATION_REPRESENTATION (  '', ( #11579 ), #1139 ) ;
#9421 = VERTEX_POINT ( 'NONE', #11597 ) ;
#9422 = DIRECTION ( 'NONE',  ( -0.3409177962187251443, 0.0000000000000000000, 0.9400931103999048410 ) ) ;
#9423 = ORIENTED_EDGE ( 'NONE', *, *, #5177, .F. ) ;
#9424 = CARTESIAN_POINT ( 'NONE',  ( -0.1233753595549827997, 0.8399999996185738560, -2.233008771623576916 ) ) ;
#9425 =( GEOMETRIC_REPRESENTATION_CONTEXT ( 3 ) GLOBAL_UNCERTAINTY_ASSIGNED_CONTEXT ( ( #6888 ) ) GLOBAL_UNIT_ASSIGNED_CONTEXT ( ( #8950, #5480, #9989 ) ) REPRESENTATION_CONTEXT ( 'NONE', 'WORKASPACE' ) );
#9426 = COLOUR_RGB ( '',1.000000000000000000, 1.000000000000000000, 1.000000000000000000 ) ;
#9427 = LINE ( 'NONE', #5782, #11733 ) ;
#9428 = ORIENTED_EDGE ( 'NONE', *, *, #10951, .F. ) ;
#9429 = UNCERTAINTY_MEASURE_WITH_UNIT (LENGTH_MEASURE( 1.000000000000000082E-05 ), #7346, 'distance_accuracy_value', 'NONE');
#9430 = LINE ( 'NONE', #4821, #1099 ) ;
#9431 = FILL_AREA_STYLE ('',( #144 ) ) ;
#9432 = CARTESIAN_POINT ( 'NONE',  ( -0.3265131970880389978, 0.8409999996185738569, -2.476129614362882148 ) ) ;
#9433 = EDGE_CURVE ( 'NONE', #3871, #2260, #8779, .T. ) ;
#9434 = ADVANCED_FACE ( 'NONE', ( #2370 ), #4646, .F. ) ;
#9435 = CARTESIAN_POINT ( 'NONE',  ( -0.8686001631401385481, 0.8409999996185738569, -2.466964744152936095 ) ) ;
#9436 = CARTESIAN_POINT ( 'NONE',  ( 0.8687608999211974270, 0.8409999996185738569, -2.119067284039826138 ) ) ;
#9437 = CARTESIAN_POINT ( 'NONE',  ( -0.1153686872275281605, 0.8409999996185738569, -2.479251713006657809 ) ) ;
#9438 = CARTESIAN_POINT ( 'NONE',  ( -0.8586799464824120820, 0.8409999996185738569, -2.414493344372936612 ) ) ;
#9439 = ORIENTED_EDGE ( 'NONE', *, *, #5651, .T. ) ;
#9440 = MECHANICAL_DESIGN_GEOMETRIC_PRESENTATION_REPRESENTATION (  '', ( #9056 ), #5175 ) ;
#9441 = DIRECTION ( 'NONE',  ( 5.286816650646201722E-15, -0.0000000000000000000, 1.000000000000000000 ) ) ;
#9442 = B_SPLINE_CURVE_WITH_KNOTS ( 'NONE', 3,
 ( #1436, #11729, #2448, #6116 ),
 .UNSPECIFIED., .F., .F.,
 ( 4, 4 ),
 ( 5.000000000000000000, 6.000000000000000000 ),
 .UNSPECIFIED. ) ;
#9443 = VERTEX_POINT ( 'NONE', #751 ) ;
#9444 = CARTESIAN_POINT ( 'NONE',  ( -0.2621073234627074866, 0.8409999996185738569, -2.441786529286748664 ) ) ;
#9445 = CARTESIAN_POINT ( 'NONE',  ( 0.9471950353051991067, 0.8399999996185738560, -2.266131222767700848 ) ) ;
#9446 = CARTESIAN_POINT ( 'NONE',  ( -0.3905665757056559495, 0.8409999996185738569, -2.529708855597042838 ) ) ;
#9447 = PRESENTATION_STYLE_ASSIGNMENT (( #9569 ) ) ;
#9448 = SURFACE_SIDE_STYLE ('',( #9571 ) ) ;
#9449 = PLANE ( 'NONE',  #3596 ) ;
#9450 = VERTEX_POINT ( 'NONE', #9926 ) ;
#9451 = SURFACE_SIDE_STYLE ('',( #7523 ) ) ;
#9452 = AXIS2_PLACEMENT_3D ( 'NONE', #10329, #7727, #7592 ) ;
#9453 = ADVANCED_FACE ( 'NONE', ( #5245 ), #3618, .F. ) ;
#9454 = FILL_AREA_STYLE_COLOUR ( '', #5863 ) ;
#9455 = ORIENTED_EDGE ( 'NONE', *, *, #1180, .F. ) ;
#9456 = CARTESIAN_POINT ( 'NONE',  ( -0.3437854524861159722, 0.8399999996185738560, -2.081133779555683905 ) ) ;
#9457 = CARTESIAN_POINT ( 'NONE',  ( -0.01949004502012786216, 0.8399999996185738560, -2.058473386177187336 ) ) ;
#9458 = CARTESIAN_POINT ( 'NONE',  ( 0.7329017880636051752, 0.8399999996185738560, -2.577066694498511001 ) ) ;
#9459 = LINE ( 'NONE', #8557, #1065 ) ;
#9460 = EDGE_LOOP ( 'NONE', ( #7862, #472, #10312, #11743 ) ) ;
#9461 = SURFACE_SIDE_STYLE ('',( #2099 ) ) ;
#9462 = LINE ( 'NONE', #4969, #5763 ) ;
#9463 = SURFACE_STYLE_USAGE ( .BOTH. , #6541 ) ;
#9464 = DIRECTION ( 'NONE',  ( -1.000000000000000000, 0.0000000000000000000, 5.527743468482147539E-15 ) ) ;
#9465 = PLANE ( 'NONE',  #11389 ) ;
#9466 = VERTEX_POINT ( 'NONE', #7064 ) ;
#9467 = CARTESIAN_POINT ( 'NONE',  ( -0.3823081212298362619, 0.8399999996185738560, -2.506444185061117658 ) ) ;
#9468 = SURFACE_STYLE_USAGE ( .BOTH. , #9343 ) ;
#9469 = CARTESIAN_POINT ( 'NONE',  ( -0.7623984528382984349, 0.8399999996185738560, -2.567979742191715875 ) ) ;
#9470 = EDGE_LOOP ( 'NONE', ( #5655, #8397, #1607, #6840 ) ) ;
#9471 = FACE_OUTER_BOUND ( 'NONE', #359, .T. ) ;
#9472 =( LENGTH_UNIT ( ) NAMED_UNIT ( * ) SI_UNIT ( .MILLI., .METRE. ) );
#9473 = MECHANICAL_DESIGN_GEOMETRIC_PRESENTATION_REPRESENTATION (  '', ( #9675 ), #4252 ) ;
#9474 = SURFACE_STYLE_USAGE ( .BOTH. , #2040 ) ;
#9475 = CARTESIAN_POINT ( 'NONE',  ( -0.8388898695979771780, 0.8399999996185738560, -2.540384418699861868 ) ) ;
#9476 = CARTESIAN_POINT ( 'NONE',  ( -0.5951647497025869260, 0.8399999996185738560, -2.130583793551260818 ) ) ;
#9477 = DIRECTION ( 'NONE',  ( 0.0000000000000000000, 1.000000000000000000, 0.0000000000000000000 ) ) ;
#9478 = VECTOR ( 'NONE', #11901, 1000.000000000000000 ) ;
#9479 = PRESENTATION_LAYER_ASSIGNMENT (  '', '', ( #4828 ) ) ;
#9480 = SURFACE_SIDE_STYLE ('',( #10351 ) ) ;
#9481 =( GEOMETRIC_REPRESENTATION_CONTEXT ( 3 ) GLOBAL_UNCERTAINTY_ASSIGNED_CONTEXT ( ( #798 ) ) GLOBAL_UNIT_ASSIGNED_CONTEXT ( ( #10441, #10498, #7771 ) ) REPRESENTATION_CONTEXT ( 'NONE', 'WORKASPACE' ) );
#9482 = VERTEX_POINT ( 'NONE', #10806 ) ;
#9483 = EDGE_CURVE ( 'NONE', #3774, #4215, #10961, .T. ) ;
#9484 = LINE ( 'NONE', #8576, #623 ) ;
#9485 = CARTESIAN_POINT ( 'NONE',  ( -0.4744603876373802431, 0.8399999996185738560, -2.533233805678196671 ) ) ;
#9486 = B_SPLINE_SURFACE_WITH_KNOTS ( 'NONE', 3, 1, ( 
 ( #8545, #11710 ),
 ( #1713, #5248 ),
 ( #6200, #5306 ),
 ( #6260, #811 ) ),
 .UNSPECIFIED., .F., .F., .F.,
 ( 4, 4 ),
 ( 2, 2 ),
 ( 1.000000000000000000, 2.000000000000000000 ),
 ( 0.0000000000000000000, 1.000000000000000000 ),
 .UNSPECIFIED. ) ;
#9487 = ORIENTED_EDGE ( 'NONE', *, *, #9123, .T. ) ;
#9488 = VECTOR ( 'NONE', #11643, 1000.000000000000114 ) ;
#9489 = FILL_AREA_STYLE ('',( #7692 ) ) ;
#9490 = CARTESIAN_POINT ( 'NONE',  ( -0.7622473835479334214, 0.8409999996185738569, -2.545520774531907282 ) ) ;
#9491 = CARTESIAN_POINT ( 'NONE',  ( -0.6119837972322711428, 0.8409999996185738569, -2.209441962509615109 ) ) ;
#9492 = CARTESIAN_POINT ( 'NONE',  ( 1.035433489371399451, 0.8399999996185738560, -2.345966039984117124 ) ) ;
#9493 = DIRECTION ( 'NONE',  ( 1.000000000000000000, -0.0000000000000000000, -0.0000000000000000000 ) ) ;
#9494 = SURFACE_STYLE_USAGE ( .BOTH. , #11464 ) ;
#9495 = SURFACE_SIDE_STYLE ('',( #5792 ) ) ;
#9496 = SURFACE_STYLE_USAGE ( .BOTH. , #10306 ) ;
#9497 = PLANE ( 'NONE',  #7429 ) ;
#9498 = B_SPLINE_CURVE_WITH_KNOTS ( 'NONE', 3,
 ( #7349, #6401, #2734, #893, #963, #4443, #10213 ),
 .UNSPECIFIED., .F., .F.,
 ( 4, 3, 4 ),
 ( 0.0000000000000000000, 1.000000000000000000, 2.000000000000000000 ),
 .UNSPECIFIED. ) ;
#9499 = CARTESIAN_POINT ( 'NONE',  ( -0.4744603876373802431, 0.8399999996185738560, -2.533233805678196671 ) ) ;
#9500 = VERTEX_POINT ( 'NONE', #7131 ) ;
#9501 = ORIENTED_EDGE ( 'NONE', *, *, #4932, .T. ) ;
#9502 = CARTESIAN_POINT ( 'NONE',  ( 0.9766078844937484682, 0.8399999996185738560, -2.498632465613715770 ) ) ;
#9503 = ADVANCED_FACE ( 'NONE', ( #7250 ), #6256, .T. ) ;
#9504 = CARTESIAN_POINT ( 'NONE',  ( 0.2721012009410054833, 0.8409999996185738569, -2.564461132366114615 ) ) ;
#9505 = ADVANCED_FACE ( 'NONE', ( #4766 ), #11267, .F. ) ;
#9506 = LINE ( 'NONE', #6714, #6681 ) ;
#9507 = CARTESIAN_POINT ( 'NONE',  ( -0.2072188150563704090, 0.8409999996185738569, -2.236130870267349469 ) ) ;
#9508 = SURFACE_STYLE_USAGE ( .BOTH. , #5805 ) ;
#9509 = FACE_BOUND ( 'NONE', #10544, .T. ) ;
#9510 = ORIENTED_EDGE ( 'NONE', *, *, #9002, .T. ) ;
#9511 = CARTESIAN_POINT ( 'NONE',  ( -0.1774581650852088688, 0.8409999996185738569, -2.215384021217778443 ) ) ;
#9512 = EDGE_LOOP ( 'NONE', ( #9037, #10042, #7690, #5937 ) ) ;
#9513 = CARTESIAN_POINT ( 'NONE',  ( -0.2200000000000000289, -0.02999999999999966929, -3.279999999999999805 ) ) ;
#9514 = SURFACE_STYLE_FILL_AREA ( #8118 ) ;
#9515 = ORIENTED_EDGE ( 'NONE', *, *, #8838, .F. ) ;
#9516 =( NAMED_UNIT ( * ) SI_UNIT ( $, .STERADIAN. ) SOLID_ANGLE_UNIT ( ) );
#9517 = EDGE_CURVE ( 'NONE', #7447, #592, #143, .T. ) ;
#9518 = CARTESIAN_POINT ( 'NONE',  ( 2.100000000000000089, -0.02999999999999966929, -3.279999999999999805 ) ) ;
#9519 =( NAMED_UNIT ( * ) PLANE_ANGLE_UNIT ( ) SI_UNIT ( $, .RADIAN. ) );
#9520 = EDGE_CURVE ( 'NONE', #11071, #1399, #1162, .T. ) ;
#9521 = CARTESIAN_POINT ( 'NONE',  ( -0.1254399731736046131, 0.8409999996185738569, -2.545520774531909947 ) ) ;
#9522 = LINE ( 'NONE', #8741, #6909 ) ;
#9523 = ORIENTED_EDGE ( 'NONE', *, *, #4301, .F. ) ;
#9524 = FILL_AREA_STYLE ('',( #5823 ) ) ;
#9525 =( NAMED_UNIT ( * ) PLANE_ANGLE_UNIT ( ) SI_UNIT ( $, .RADIAN. ) );
#9526 = DIRECTION ( 'NONE',  ( -0.0000000000000000000, -0.0000000000000000000, 1.000000000000000000 ) ) ;
#9527 = EDGE_LOOP ( 'NONE', ( #4967, #5795, #494, #4218 ) ) ;
#9528 =( NAMED_UNIT ( * ) SI_UNIT ( $, .STERADIAN. ) SOLID_ANGLE_UNIT ( ) );
#9529 = CARTESIAN_POINT ( 'NONE',  ( -0.2029888749591061692, 0.8399999996185738560, -2.055149861814720147 ) ) ;
#9530 = COLOUR_RGB ( '',1.000000000000000000, 1.000000000000000000, 1.000000000000000000 ) ;
#9531 = PRESENTATION_LAYER_ASSIGNMENT (  '', '', ( #856 ) ) ;
#9532 = FILL_AREA_STYLE_COLOUR ( '', #6641 ) ;
#9533 = FACE_OUTER_BOUND ( 'NONE', #3981, .T. ) ;
#9534 = EDGE_CURVE ( 'NONE', #287, #25, #7381, .T. ) ;
#9535 = ORIENTED_EDGE ( 'NONE', *, *, #2817, .T. ) ;
#9536 = CARTESIAN_POINT ( 'NONE',  ( -0.2268578226511144547, 0.8409999996185738569, -2.539578715823747501 ) ) ;
#9537 = DIRECTION ( 'NONE',  ( 0.9345104387438655236, 0.0000000000000000000, -0.3559357243643128110 ) ) ;
#9538 = ORIENTED_EDGE ( 'NONE', *, *, #5147, .T. ) ;
#9539 = CARTESIAN_POINT ( 'NONE',  ( -0.2105423394188307429, 0.8409999996185738569, -2.078112393772600264 ) ) ;
#9540 = VECTOR ( 'NONE', #6590, 1000.000000000000000 ) ;
#9541 = VECTOR ( 'NONE', #11200, 1000.000000000000227 ) ;
#9542 = DIRECTION ( 'NONE',  ( -1.000000000000000000, -0.0000000000000000000, 4.093262511407667181E-15 ) ) ;
#9543 = B_SPLINE_CURVE_WITH_KNOTS ( 'NONE', 3,
 ( #11326, #5840, #4822, #9549 ),
 .UNSPECIFIED., .F., .F.,
 ( 4, 4 ),
 ( 4.000000000000000000, 5.000000000000000000 ),
 .UNSPECIFIED. ) ;
#9544 = SURFACE_STYLE_FILL_AREA ( #3796 ) ;
#9545 = VERTEX_POINT ( 'NONE', #8529 ) ;
#9546 = ORIENTED_EDGE ( 'NONE', *, *, #11871, .T. ) ;
#9547 = CARTESIAN_POINT ( 'NONE',  ( -0.1581212960691742164, 0.8399999996185738560, -2.159186245637923829 ) ) ;
#9548 = MECHANICAL_DESIGN_GEOMETRIC_PRESENTATION_REPRESENTATION (  '', ( #1262 ), #688 ) ;
#9549 = CARTESIAN_POINT ( 'NONE',  ( -0.8202579905973723662, 0.8409999996185738569, -2.412176948605279314 ) ) ;
#9550 = VECTOR ( 'NONE', #9212, 1000.000000000000114 ) ;
#9551 = EDGE_CURVE ( 'NONE', #11060, #7353, #9786, .T. ) ;
#9552 = CARTESIAN_POINT ( 'NONE',  ( -0.5921937203478343514, 0.8399999996185738560, -2.227872415791527061 ) ) ;
#9553 = CARTESIAN_POINT ( 'NONE',  ( -0.3330595329536246707, 0.8409999996185738569, -2.506142046483079699 ) ) ;
#9554 = FILL_AREA_STYLE_COLOUR ( '', #9214 ) ;
#9555 = CARTESIAN_POINT ( 'NONE',  ( 0.6656725062644027746, 0.8409999996185738569, -2.025226428225242348 ) ) ;
#9556 =( GEOMETRIC_REPRESENTATION_CONTEXT ( 3 ) GLOBAL_UNCERTAINTY_ASSIGNED_CONTEXT ( ( #7617 ) ) GLOBAL_UNIT_ASSIGNED_CONTEXT ( ( #1853, #6288, #9151 ) ) REPRESENTATION_CONTEXT ( 'NONE', 'WORKASPACE' ) );
#9557 =( GEOMETRIC_REPRESENTATION_CONTEXT ( 3 ) GLOBAL_UNCERTAINTY_ASSIGNED_CONTEXT ( ( #6435 ) ) GLOBAL_UNIT_ASSIGNED_CONTEXT ( ( #6905, #4362, #5312 ) ) REPRESENTATION_CONTEXT ( 'NONE', 'WORKASPACE' ) );
#9558 =( NAMED_UNIT ( * ) PLANE_ANGLE_UNIT ( ) SI_UNIT ( $, .RADIAN. ) );
#9559 =( NAMED_UNIT ( * ) PLANE_ANGLE_UNIT ( ) SI_UNIT ( $, .RADIAN. ) );
#9560 = STYLED_ITEM ( 'NONE', ( #6459 ), #5424 ) ;
#9561 = CARTESIAN_POINT ( 'NONE',  ( -0.5155512342977920381, 0.8409999996185738569, -2.233008771623575583 ) ) ;
#9562 = SURFACE_STYLE_FILL_AREA ( #10559 ) ;
#9563 = VERTEX_POINT ( 'NONE', #8301 ) ;
#9564 = DIRECTION ( 'NONE',  ( -1.000000000000000000, -0.0000000000000000000, -0.0000000000000000000 ) ) ;
#9565 = ORIENTED_EDGE ( 'NONE', *, *, #8080, .T. ) ;
#9566 = UNCERTAINTY_MEASURE_WITH_UNIT (LENGTH_MEASURE( 1.000000000000000082E-05 ), #2873, 'distance_accuracy_value', 'NONE');
#9567 = DIRECTION ( 'NONE',  ( 1.000000000000000000, -0.0000000000000000000, -0.0000000000000000000 ) ) ;
#9568 = CARTESIAN_POINT ( 'NONE',  ( -0.5904816017376016690, 0.8409999996185738569, -2.545520774531908170 ) ) ;
#9569 = SURFACE_STYLE_USAGE ( .BOTH. , #7393 ) ;
#9570 = MECHANICAL_DESIGN_GEOMETRIC_PRESENTATION_REPRESENTATION (  '', ( #2977 ), #7436 ) ;
#9571 = SURFACE_STYLE_FILL_AREA ( #5802 ) ;
#9572 = CARTESIAN_POINT ( 'NONE',  ( -0.3631223215028233642, 0.8409999996185738569, -2.522256103997332577 ) ) ;
#9573 = SURFACE_STYLE_FILL_AREA ( #1239 ) ;
#9574 = ORIENTED_EDGE ( 'NONE', *, *, #7601, .T. ) ;
#9575 = CARTESIAN_POINT ( 'NONE',  ( 0.6544676393223475275, 0.8399999996185738560, -2.661103169853078487 ) ) ;
#9576 = B_SPLINE_CURVE_WITH_KNOTS ( 'NONE', 3,
 ( #5153, #7151, #659, #11793 ),
 .UNSPECIFIED., .F., .F.,
 ( 4, 4 ),
 ( 5.000000000000000000, 6.000000000000000000 ),
 .UNSPECIFIED. ) ;
#9577 = CARTESIAN_POINT ( 'NONE',  ( -0.5921937203478343514, 0.8409999996185738569, -2.227872415791527061 ) ) ;
#9578 = ORIENTED_EDGE ( 'NONE', *, *, #7693, .F. ) ;
#9579 = CARTESIAN_POINT ( 'NONE',  ( -0.1806306201586561910, 0.8400000000000000799, -2.510472699440351896 ) ) ;
#9580 = CARTESIAN_POINT ( 'NONE',  ( 0.2959115231574019900, 0.8409999996185738569, -2.147079478111145523 ) ) ;
#9581 = STYLED_ITEM ( 'NONE', ( #10732 ), #7441 ) ;
#9582 = CARTESIAN_POINT ( 'NONE',  ( 0.1936670789142624916, 0.8409999996185738569, -2.505635514131208108 ) ) ;
#9583 = ORIENTED_EDGE ( 'NONE', *, *, #7986, .T. ) ;
#9584 = FILL_AREA_STYLE_COLOUR ( '', #3959 ) ;
#9585 = SURFACE_STYLE_USAGE ( .BOTH. , #5874 ) ;
#9586 = CARTESIAN_POINT ( 'NONE',  ( -0.6219040138886532398, 0.8409999996185738569, -2.154452741243260583 ) ) ;
#9587 = EDGE_LOOP ( 'NONE', ( #10202, #4658, #7953, #304, #5227, #7949, #9160 ) ) ;
#9588 = FACE_OUTER_BOUND ( 'NONE', #7106, .T. ) ;
#9589 = PRODUCT ( 'TO-92S-3_L4.1-W1.7-H6.5-P1.27-L', 'TO-92S-3_L4.1-W1.7-H6.5-P1.27-L', '', ( #9065 ) ) ;
#9590 = PLANE ( 'NONE',  #44 ) ;
#9591 = DIRECTION ( 'NONE',  ( -0.0000000000000000000, -1.000000000000000000, -0.0000000000000000000 ) ) ;
#9592 = VERTEX_POINT ( 'NONE', #4699 ) ;
#9593 = DIRECTION ( 'NONE',  ( 0.0000000000000000000, 1.000000000000000000, 0.0000000000000000000 ) ) ;
#9594 = MECHANICAL_DESIGN_GEOMETRIC_PRESENTATION_REPRESENTATION (  '', ( #9979 ), #11316 ) ;
#9595 = EDGE_CURVE ( 'NONE', #2468, #9592, #10239, .T. ) ;
#9596 = CARTESIAN_POINT ( 'NONE',  ( -0.3350737901425666077, 0.8409999996185738569, -2.424061066021604649 ) ) ;
#9597 =( NAMED_UNIT ( * ) SI_UNIT ( $, .STERADIAN. ) SOLID_ANGLE_UNIT ( ) );
#9598 =( LENGTH_UNIT ( ) NAMED_UNIT ( * ) SI_UNIT ( .MILLI., .METRE. ) );
#9599 = PRESENTATION_LAYER_ASSIGNMENT (  '', '', ( #8209 ) ) ;
#9600 = DIRECTION ( 'NONE',  ( 0.0000000000000000000, 0.0000000000000000000, -1.000000000000000000 ) ) ;
#9601 = B_SPLINE_CURVE_WITH_KNOTS ( 'NONE', 3,
 ( #5213, #3402, #6164, #10875 ),
 .UNSPECIFIED., .F., .F.,
 ( 4, 4 ),
 ( 12.00000000000000000, 13.00000000000000000 ),
 .UNSPECIFIED. ) ;
#9602 = FILL_AREA_STYLE_COLOUR ( '', #2877 ) ;
#9603 = VECTOR ( 'NONE', #6906, 1000.000000000000000 ) ;
#9604 = ORIENTED_EDGE ( 'NONE', *, *, #10578, .F. ) ;
#9605 = FILL_AREA_STYLE ('',( #7798 ) ) ;
#9606 = MECHANICAL_DESIGN_GEOMETRIC_PRESENTATION_REPRESENTATION (  '', ( #562 ), #6691 ) ;
#9607 = AXIS2_PLACEMENT_3D ( 'NONE', #10243, #1892, #10113 ) ;
#9608 = VECTOR ( 'NONE', #11230, 1000.000000000000000 ) ;
#9609 = ORIENTED_EDGE ( 'NONE', *, *, #60, .F. ) ;
#9610 = CARTESIAN_POINT ( 'NONE',  ( -0.6328313591411887096, 0.8409999996185738569, -2.255467739283379736 ) ) ;
#9611 = EDGE_CURVE ( 'NONE', #4215, #1626, #7502, .T. ) ;
#9612 = EDGE_CURVE ( 'NONE', #6129, #4763, #9430, .T. ) ;
#9613 = PRESENTATION_LAYER_ASSIGNMENT (  '', '', ( #2629 ) ) ;
#9614 = CARTESIAN_POINT ( 'NONE',  ( -0.4198236613794138483, 0.8399999996185738560, -2.058473386177186004 ) ) ;
#9615 = STYLED_ITEM ( 'NONE', ( #6634 ), #3986 ) ;
#9616 = ORIENTED_EDGE ( 'NONE', *, *, #8258, .T. ) ;
#9617 = VERTEX_POINT ( 'NONE', #7618 ) ;
#9618 = STYLED_ITEM ( 'NONE', ( #2362 ), #11944 ) ;
#9619 = STYLED_ITEM ( 'NONE', ( #666 ), #10614 ) ;
#9620 =( LENGTH_UNIT ( ) NAMED_UNIT ( * ) SI_UNIT ( .MILLI., .METRE. ) );
#9621 = VECTOR ( 'NONE', #10064, 1000.000000000000000 ) ;
#9622 = AXIS2_PLACEMENT_3D ( 'NONE', #3347, #9600, #7031 ) ;
#9623 = CARTESIAN_POINT ( 'NONE',  ( -0.7623984528382984349, 0.8409999996185738569, -2.567979742191715875 ) ) ;
#9624 = SURFACE_STYLE_USAGE ( .BOTH. , #3127 ) ;
#9625 =( GEOMETRIC_REPRESENTATION_CONTEXT ( 3 ) GLOBAL_UNCERTAINTY_ASSIGNED_CONTEXT ( ( #5399 ) ) GLOBAL_UNIT_ASSIGNED_CONTEXT ( ( #8921, #657, #8189 ) ) REPRESENTATION_CONTEXT ( 'NONE', 'WORKASPACE' ) );
#9626 = FILL_AREA_STYLE_COLOUR ( '', #10917 ) ;
#9627 = DIRECTION ( 'NONE',  ( -0.0000000000000000000, -1.000000000000000000, -0.0000000000000000000 ) ) ;
#9628 = SURFACE_STYLE_USAGE ( .BOTH. , #10730 ) ;
#9629 = DIRECTION ( 'NONE',  ( 0.6946583704589961439, -0.7193398003386524131, 0.0000000000000000000 ) ) ;
#9630 = EDGE_CURVE ( 'NONE', #1845, #2088, #4287, .T. ) ;
#9631 = LINE ( 'NONE', #461, #6871 ) ;
#9632 = ORIENTED_EDGE ( 'NONE', *, *, #9014, .F. ) ;
#9633 = STYLED_ITEM ( 'NONE', ( #7345 ), #3666 ) ;
#9634 = SURFACE_STYLE_USAGE ( .BOTH. , #3996 ) ;
#9635 = ORIENTED_EDGE ( 'NONE', *, *, #4916, .T. ) ;
#9636 =( GEOMETRIC_REPRESENTATION_CONTEXT ( 3 ) GLOBAL_UNCERTAINTY_ASSIGNED_CONTEXT ( ( #2319 ) ) GLOBAL_UNIT_ASSIGNED_CONTEXT ( ( #4497, #1077, #3770 ) ) REPRESENTATION_CONTEXT ( 'NONE', 'WORKASPACE' ) );
#9637 = SURFACE_SIDE_STYLE ('',( #5978 ) ) ;
#9638 = SURFACE_SIDE_STYLE ('',( #6035 ) ) ;
#9639 = PRESENTATION_STYLE_ASSIGNMENT (( #7774 ) ) ;
#9640 = SURFACE_STYLE_FILL_AREA ( #3268 ) ;
#9641 = SURFACE_SIDE_STYLE ('',( #4895 ) ) ;
#9642 = ORIENTED_EDGE ( 'NONE', *, *, #1762, .F. ) ;
#9643 = CARTESIAN_POINT ( 'NONE',  ( -0.1929679454427098984, 0.8400000000000000799, -2.503422799278036681 ) ) ;
#9644 = EDGE_LOOP ( 'NONE', ( #1151, #7815, #10701, #5672 ) ) ;
#9645 = COLOUR_RGB ( '',1.000000000000000000, 1.000000000000000000, 1.000000000000000000 ) ;
#9646 = SURFACE_STYLE_FILL_AREA ( #3148 ) ;
#9647 = DIRECTION ( 'NONE',  ( -0.0000000000000000000, -1.000000000000000000, -0.0000000000000000000 ) ) ;
#9648 =( NAMED_UNIT ( * ) PLANE_ANGLE_UNIT ( ) SI_UNIT ( $, .RADIAN. ) );
#9649 = EDGE_LOOP ( 'NONE', ( #9710, #1308, #3383, #435 ) ) ;
#9650 = SURFACE_STYLE_USAGE ( .BOTH. , #11663 ) ;
#9651 = DIRECTION ( 'NONE',  ( -1.000000000000000000, 0.0000000000000000000, 3.302233253054830551E-15 ) ) ;
#9652 = MECHANICAL_DESIGN_GEOMETRIC_PRESENTATION_REPRESENTATION (  '', ( #4419 ), #1521 ) ;
#9653 = LINE ( 'NONE', #5025, #581 ) ;
#9654 = ORIENTED_EDGE ( 'NONE', *, *, #5425, .F. ) ;
#9655 = CARTESIAN_POINT ( 'NONE',  ( -0.5155512342977919271, 0.8400000000000000799, -2.233008771623575139 ) ) ;
#9656 = SURFACE_STYLE_USAGE ( .BOTH. , #10525 ) ;
#9657 = ORIENTED_EDGE ( 'NONE', *, *, #5078, .F. ) ;
#9658 = CARTESIAN_POINT ( 'NONE',  ( -0.2089309336672774686, 0.8399999996185738560, -2.444102925054406406 ) ) ;
#9659 =( GEOMETRIC_REPRESENTATION_CONTEXT ( 3 ) GLOBAL_UNCERTAINTY_ASSIGNED_CONTEXT ( ( #6312 ) ) GLOBAL_UNIT_ASSIGNED_CONTEXT ( ( #3819, #8427, #4547 ) ) REPRESENTATION_CONTEXT ( 'NONE', 'WORKASPACE' ) );
#9660 = CARTESIAN_POINT ( 'NONE',  ( -0.8388898695979771780, 0.8409999996185738569, -2.540384418699861868 ) ) ;
#9661 = LINE ( 'NONE', #8750, #189 ) ;
#9662 = EDGE_CURVE ( 'NONE', #9833, #287, #3730, .T. ) ;
#9663 = EDGE_CURVE ( 'NONE', #4551, #8786, #9728, .T. ) ;
#9664 = VERTEX_POINT ( 'NONE', #9547 ) ;
#9665 = CARTESIAN_POINT ( 'NONE',  ( -0.9652845082229830620, 0.8399999996185738560, -2.406738454195191057 ) ) ;
#9666 = UNCERTAINTY_MEASURE_WITH_UNIT (LENGTH_MEASURE( 1.000000000000000082E-05 ), #4580, 'distance_accuracy_value', 'NONE');
#9667 = FILL_AREA_STYLE ('',( #8696 ) ) ;
#9668 = B_SPLINE_SURFACE_WITH_KNOTS ( 'NONE', 3, 1, ( 
 ( #3411, #5394 ),
 ( #2566, #5527 ),
 ( #5274, #10088 ),
 ( #8268, #4383 ) ),
 .UNSPECIFIED., .F., .F., .F.,
 ( 4, 4 ),
 ( 2, 2 ),
 ( 5.000000000000000000, 6.000000000000000000 ),
 ( 0.0000000000000000000, 1.000000000000000000 ),
 .UNSPECIFIED. ) ;
#9669 = ORIENTED_EDGE ( 'NONE', *, *, #4274, .T. ) ;
#9670 =( NAMED_UNIT ( * ) PLANE_ANGLE_UNIT ( ) SI_UNIT ( $, .RADIAN. ) );
#9671 = LINE ( 'NONE', #4991, #10063 ) ;
#9672 = FILL_AREA_STYLE ('',( #11684 ) ) ;
#9673 = EDGE_LOOP ( 'NONE', ( #7373, #10162, #1829, #3040 ) ) ;
#9674 = ORIENTED_EDGE ( 'NONE', *, *, #8926, .T. ) ;
#9675 = STYLED_ITEM ( 'NONE', ( #1083 ), #28 ) ;
#9676 = CARTESIAN_POINT ( 'NONE',  ( -0.7078624394389969599, 0.8409999996185738569, -2.058473386177184672 ) ) ;
#9677 = EDGE_CURVE ( 'NONE', #9450, #4913, #11403, .T. ) ;
#9678 = EDGE_CURVE ( 'NONE', #9382, #2304, #8645, .T. ) ;
#9679 = PLANE ( 'NONE',  #3223 ) ;
#9680 = UNCERTAINTY_MEASURE_WITH_UNIT (LENGTH_MEASURE( 1.000000000000000082E-05 ), #5331, 'distance_accuracy_value', 'NONE');
#9681 = CARTESIAN_POINT ( 'NONE',  ( -0.4477714798796501028, 0.8409999996185738569, -2.593258669917257286 ) ) ;
#9682 = CARTESIAN_POINT ( 'NONE',  ( -0.2126573094671251329, 0.8409999996185738569, -2.571303266554186617 ) ) ;
#9683 = LINE ( 'NONE', #1534, #11884 ) ;
#9684 = CARTESIAN_POINT ( 'NONE',  ( -0.3631223215028233642, 0.8399999996185738560, -2.522256103997332577 ) ) ;
#9685 = CARTESIAN_POINT ( 'NONE',  ( -0.3546624413076379656, 0.8409999996185738569, -2.515206203835017806 ) ) ;
#9686 =( LENGTH_UNIT ( ) NAMED_UNIT ( * ) SI_UNIT ( .MILLI., .METRE. ) );
#9687 = PRESENTATION_LAYER_ASSIGNMENT (  '', '', ( #2902 ) ) ;
#9688 = ORIENTED_EDGE ( 'NONE', *, *, #4557, .F. ) ;
#9689 = CARTESIAN_POINT ( 'NONE',  ( 0.5914402026622124220, 0.8409999996185738569, -2.521042199499166081 ) ) ;
#9690 = VERTEX_POINT ( 'NONE', #401 ) ;
#9691 = UNCERTAINTY_MEASURE_WITH_UNIT (LENGTH_MEASURE( 1.000000000000000082E-05 ), #5381, 'distance_accuracy_value', 'NONE');
#9692 = FILL_AREA_STYLE_COLOUR ( '', #2240 ) ;
#9693 = CARTESIAN_POINT ( 'NONE',  ( -1.261220445829635439, -0.8400000000000003020, -3.279999999999999805 ) ) ;
#9694 = EDGE_CURVE ( 'NONE', #3431, #6872, #10486, .T. ) ;
#9695 = DIRECTION ( 'NONE',  ( -0.5048830486499268355, 0.0000000000000000000, -0.8631877589412141338 ) ) ;
#9696 = FACE_OUTER_BOUND ( 'NONE', #3811, .T. ) ;
#9697 = DIRECTION ( 'NONE',  ( 2.394945585112192589E-15, -0.0000000000000000000, 1.000000000000000000 ) ) ;
#9698 = DIRECTION ( 'NONE',  ( 0.3416038306815532555, 0.0000000000000000000, 0.9398440417769794442 ) ) ;
#9699 = ORIENTED_EDGE ( 'NONE', *, *, #3381, .T. ) ;
#9700 = FILL_AREA_STYLE_COLOUR ( '', #3337 ) ;
#9701 = ORIENTED_EDGE ( 'NONE', *, *, #4422, .T. ) ;
#9702 = FILL_AREA_STYLE ('',( #8963 ) ) ;
#9703 = CARTESIAN_POINT ( 'NONE',  ( -0.3588923814048951000, 0.8399999996185738560, -2.518731153916178744 ) ) ;
#9704 = CARTESIAN_POINT ( 'NONE',  ( -0.4869487822111346897, 0.8399999996185738560, -2.233008771623575583 ) ) ;
#9705 = VERTEX_POINT ( 'NONE', #5110 ) ;
#9706 = CARTESIAN_POINT ( 'NONE',  ( -0.3115069810286119067, 0.8409999996185738569, -2.435240193422506749 ) ) ;
#9707 = SURFACE_STYLE_USAGE ( .BOTH. , #2333 ) ;
#9708 = CARTESIAN_POINT ( 'NONE',  ( -0.6665198106302211434, 0.8409999996185738569, -2.393645782464019600 ) ) ;
#9709 = CARTESIAN_POINT ( 'NONE',  ( -0.3555185006134269909, 0.8399999996185738560, -2.551160694662033546 ) ) ;
#9710 = ORIENTED_EDGE ( 'NONE', *, *, #3412, .F. ) ;
#9711 = CARTESIAN_POINT ( 'NONE',  ( -0.4128744740764438981, 0.8399999996185738560, -2.633543813701546110 ) ) ;
#9712 = CARTESIAN_POINT ( 'NONE',  ( -0.2268578226511144547, 0.8409999996185738569, -2.539578715823747501 ) ) ;
#9713 = EDGE_LOOP ( 'NONE', ( #11572, #67, #1482, #7689 ) ) ;
#9714 = CARTESIAN_POINT ( 'NONE',  ( 1.035433489371399229, 0.8399999996185738560, -2.401990428126758115 ) ) ;
#9715 = FILL_AREA_STYLE ('',( #11494 ) ) ;
#9716 = LINE ( 'NONE', #1441, #3146 ) ;
#9717 = CARTESIAN_POINT ( 'NONE',  ( -0.2666394021386704338, 0.8399999996185738560, -2.057869109019764053 ) ) ;
#9718 = CARTESIAN_POINT ( 'NONE',  ( 0.7875255611587709259, 0.8409999996185738569, -2.491629470525245083 ) ) ;
#9719 = CARTESIAN_POINT ( 'NONE',  ( -0.1490571387172380802, 0.8409999996185738569, -2.530313132753124528 ) ) ;
#9720 = VERTEX_POINT ( 'NONE', #3305 ) ;
#9721 = SURFACE_STYLE_USAGE ( .BOTH. , #2465 ) ;
#9722 = ORIENTED_EDGE ( 'NONE', *, *, #5377, .T. ) ;
#9723 = B_SPLINE_CURVE_WITH_KNOTS ( 'NONE', 3,
 ( #10200, #3507, #1730, #59 ),
 .UNSPECIFIED., .F., .F.,
 ( 4, 4 ),
 ( 5.000000000000000000, 6.000000000000000000 ),
 .UNSPECIFIED. ) ;
#9724 = MECHANICAL_DESIGN_GEOMETRIC_PRESENTATION_REPRESENTATION (  '', ( #7602 ), #6033 ) ;
#9725 = CARTESIAN_POINT ( 'NONE',  ( -0.3504828576400529361, 0.8409999996185738569, -2.488215157499243269 ) ) ;
#9726 = ORIENTED_EDGE ( 'NONE', *, *, #10281, .F. ) ;
#9727 = EDGE_LOOP ( 'NONE', ( #5459, #2354, #7063, #11670 ) ) ;
#9728 = LINE ( 'NONE', #5048, #5698 ) ;
#9729 = DIRECTION ( 'NONE',  ( -0.9369753459439775778, 0.0000000000000000000, 0.3493954794973221367 ) ) ;
#9730 = COLOUR_RGB ( '',1.000000000000000000, 1.000000000000000000, 1.000000000000000000 ) ;
#9731 = COLOUR_RGB ( '',1.000000000000000000, 1.000000000000000000, 1.000000000000000000 ) ;
#9732 = FILL_AREA_STYLE_COLOUR ( '', #2981 ) ;
#9733 =( NAMED_UNIT ( * ) SI_UNIT ( $, .STERADIAN. ) SOLID_ANGLE_UNIT ( ) );
#9734 = CARTESIAN_POINT ( 'NONE',  ( 0.8085346799974141296, 0.8399999996185738560, -2.119067284039825694 ) ) ;
#9735 = ADVANCED_FACE ( 'NONE', ( #1460 ), #505, .F. ) ;
#9736 = CARTESIAN_POINT ( 'NONE',  ( -0.3361312751670491594, 0.8399999996185738560, -2.551160694662033546 ) ) ;
#9737 = EDGE_CURVE ( 'NONE', #6967, #3828, #5839, .T. ) ;
#9738 = EDGE_CURVE ( 'NONE', #11438, #10445, #2357, .T. ) ;
#9739 = CARTESIAN_POINT ( 'NONE',  ( 0.8841675986457352421, 0.8409999996185738569, -2.203103786108907780 ) ) ;
#9740 = ORIENTED_EDGE ( 'NONE', *, *, #7761, .F. ) ;
#9741 = PRESENTATION_LAYER_ASSIGNMENT (  '', '', ( #5284 ) ) ;
#9742 = VECTOR ( 'NONE', #5686, 1000.000000000000000 ) ;
#9743 = CARTESIAN_POINT ( 'NONE',  ( -0.7242786355312943458, 0.8400000000000000799, -2.097449262788629198 ) ) ;
#9744 = VERTEX_POINT ( 'NONE', #7865 ) ;
#9745 = CARTESIAN_POINT ( 'NONE',  ( -0.7078624394389969599, 0.8409999996185738569, -2.058473386177184672 ) ) ;
#9746 =( NAMED_UNIT ( * ) SI_UNIT ( $, .STERADIAN. ) SOLID_ANGLE_UNIT ( ) );
#9747 = B_SPLINE_CURVE_WITH_KNOTS ( 'NONE', 3,
 ( #9276, #286, #3029, #5811 ),
 .UNSPECIFIED., .F., .F.,
 ( 4, 4 ),
 ( 8.000000000000000000, 9.000000000000000000 ),
 .UNSPECIFIED. ) ;
#9748 = FILL_AREA_STYLE_COLOUR ( '', #7282 ) ;
#9749 = CARTESIAN_POINT ( 'NONE',  ( -0.5167094321802799817, 0.8409999996185738569, -2.081133779555683461 ) ) ;
#9750 = VECTOR ( 'NONE', #7995, 1000.000000000000000 ) ;
#9751 = AXIS2_PLACEMENT_3D ( 'NONE', #5198, #2718, #5499 ) ;
#9752 = ORIENTED_EDGE ( 'NONE', *, *, #8770, .T. ) ;
#9753 = CARTESIAN_POINT ( 'NONE',  ( 0.7581127520413187826, 0.8399999996185738560, -2.098058138486000868 ) ) ;
#9754 =( GEOMETRIC_REPRESENTATION_CONTEXT ( 3 ) GLOBAL_UNCERTAINTY_ASSIGNED_CONTEXT ( ( #5463 ) ) GLOBAL_UNIT_ASSIGNED_CONTEXT ( ( #3509, #7464, #11176 ) ) REPRESENTATION_CONTEXT ( 'NONE', 'WORKASPACE' ) );
#9755 = ORIENTED_EDGE ( 'NONE', *, *, #5890, .T. ) ;
#9756 = ADVANCED_FACE ( 'NONE', ( #7752 ), #11581, .T. ) ;
#9757 = CARTESIAN_POINT ( 'NONE',  ( -0.2451372066433312180, 0.8399999996185738560, -2.424061066021605093 ) ) ;
#9758 = CARTESIAN_POINT ( 'NONE',  ( 0.7623145971803871879, 0.8399999996185738560, -2.577066694498511001 ) ) ;
#9759 = ADVANCED_FACE ( 'NONE', ( #8047 ), #1959, .F. ) ;
#9760 = FACE_OUTER_BOUND ( 'NONE', #4034, .T. ) ;
#9761 = VECTOR ( 'NONE', #6450, 1000.000000000000000 ) ;
#9762 = ORIENTED_EDGE ( 'NONE', *, *, #10884, .F. ) ;
#9763 = SURFACE_STYLE_FILL_AREA ( #1309 ) ;
#9764 = CARTESIAN_POINT ( 'NONE',  ( 0.5452200931313473387, 0.8399999996185738560, -2.089654474922372440 ) ) ;
#9765 =( GEOMETRIC_REPRESENTATION_CONTEXT ( 3 ) GLOBAL_UNCERTAINTY_ASSIGNED_CONTEXT ( ( #1748 ) ) GLOBAL_UNIT_ASSIGNED_CONTEXT ( ( #3254, #9115, #11640 ) ) REPRESENTATION_CONTEXT ( 'NONE', 'WORKASPACE' ) );
#9766 =( NAMED_UNIT ( * ) SI_UNIT ( $, .STERADIAN. ) SOLID_ANGLE_UNIT ( ) );
#9767 =( LENGTH_UNIT ( ) NAMED_UNIT ( * ) SI_UNIT ( .MILLI., .METRE. ) );
#9768 = VECTOR ( 'NONE', #5111, 1000.000000000000000 ) ;
#9769 = ORIENTED_EDGE ( 'NONE', *, *, #1485, .F. ) ;
#9770 = LINE ( 'NONE', #1498, #5485 ) ;
#9771 = LINE ( 'NONE', #11730, #5473 ) ;
#9772 = VECTOR ( 'NONE', #2552, 1000.000000000000114 ) ;
#9773 = ORIENTED_EDGE ( 'NONE', *, *, #5843, .F. ) ;
#9774 = PRESENTATION_LAYER_ASSIGNMENT (  '', '', ( #11331 ) ) ;
#9775 =( GEOMETRIC_REPRESENTATION_CONTEXT ( 3 ) GLOBAL_UNCERTAINTY_ASSIGNED_CONTEXT ( ( #4507 ) ) GLOBAL_UNIT_ASSIGNED_CONTEXT ( ( #5103, #9970, #7166 ) ) REPRESENTATION_CONTEXT ( 'NONE', 'WORKASPACE' ) );
#9776 =( NAMED_UNIT ( * ) SI_UNIT ( $, .STERADIAN. ) SOLID_ANGLE_UNIT ( ) );
#9777 = EDGE_CURVE ( 'NONE', #8356, #9925, #8945, .T. ) ;
#9778 = CARTESIAN_POINT ( 'NONE',  ( -0.2956950620930670071, 0.8399999996185738560, -2.465252625541360487 ) ) ;
#9779 = DIRECTION ( 'NONE',  ( 0.0000000000000000000, 0.0000000000000000000, 1.000000000000000000 ) ) ;
#9780 =( LENGTH_UNIT ( ) NAMED_UNIT ( * ) SI_UNIT ( .MILLI., .METRE. ) );
#9781 =( GEOMETRIC_REPRESENTATION_CONTEXT ( 3 ) GLOBAL_UNCERTAINTY_ASSIGNED_CONTEXT ( ( #11266 ) ) GLOBAL_UNIT_ASSIGNED_CONTEXT ( ( #7561, #210, #2825 ) ) REPRESENTATION_CONTEXT ( 'NONE', 'WORKASPACE' ) );
#9782 = CARTESIAN_POINT ( 'NONE',  ( -0.1740842842937340984, 0.8399999996185738560, -2.520644698245106952 ) ) ;
#9783 = ORIENTED_EDGE ( 'NONE', *, *, #245, .F. ) ;
#9784 = MECHANICAL_DESIGN_GEOMETRIC_PRESENTATION_REPRESENTATION (  '', ( #8052 ), #10959 ) ;
#9785 = CARTESIAN_POINT ( 'NONE',  ( -0.7082149344480574982, 0.8409999996185738569, -2.370985389085523032 ) ) ;
#9786 = B_SPLINE_CURVE_WITH_KNOTS ( 'NONE', 3,
 ( #1046, #6562, #88, #10298 ),
 .UNSPECIFIED., .F., .F.,
 ( 4, 4 ),
 ( 5.000000000000000000, 6.000000000000000000 ),
 .UNSPECIFIED. ) ;
#9787 = ORIENTED_EDGE ( 'NONE', *, *, #9140, .F. ) ;
#9788 = CARTESIAN_POINT ( 'NONE',  ( 0.1418445091968519312, 0.8409999996185738569, -2.372577592294788484 ) ) ;
#9789 = CARTESIAN_POINT ( 'NONE',  ( 0.7329017613490935723, 0.8409999996185738569, -2.224112931662733050 ) ) ;
#9790 = CARTESIAN_POINT ( 'NONE',  ( -0.8418608989513857166, 0.8400000000000000799, -2.467669734168366436 ) ) ;
#9791 = ORIENTED_EDGE ( 'NONE', *, *, #11958, .T. ) ;
#9792 = PRESENTATION_LAYER_ASSIGNMENT (  '', '', ( #2818 ) ) ;
#9793 = VERTEX_POINT ( 'NONE', #2530 ) ;
#9794 = CARTESIAN_POINT ( 'NONE',  ( -0.4179604734794880594, 0.8399999996185738560, -2.613099103231365294 ) ) ;
#9795 = AXIS2_PLACEMENT_3D ( 'NONE', #10739, #2656, #2432 ) ;
#9796 =( LENGTH_UNIT ( ) NAMED_UNIT ( * ) SI_UNIT ( .MILLI., .METRE. ) );
#9797 = UNCERTAINTY_MEASURE_WITH_UNIT (LENGTH_MEASURE( 1.000000000000000082E-05 ), #360, 'distance_accuracy_value', 'NONE');
#9798 = DIRECTION ( 'NONE',  ( -0.0000000000000000000, -1.000000000000000000, -0.0000000000000000000 ) ) ;
#9799 = COLOUR_RGB ( '',1.000000000000000000, 1.000000000000000000, 1.000000000000000000 ) ;
#9800 = CARTESIAN_POINT ( 'NONE',  ( -0.2324977427812310593, 0.8399999996185738560, -2.078112393772600264 ) ) ;
#9801 = COLOUR_RGB ( '',1.000000000000000000, 1.000000000000000000, 1.000000000000000000 ) ;
#9802 =( LENGTH_UNIT ( ) NAMED_UNIT ( * ) SI_UNIT ( .MILLI., .METRE. ) );
#9803 = CARTESIAN_POINT ( 'NONE',  ( -0.5128823435224195704, 0.8399999996185738560, -2.427283877524722744 ) ) ;
#9804 = CARTESIAN_POINT ( 'NONE',  ( -0.3460514918241027194, 0.8409999996185738569, -2.510976263737089376 ) ) ;
#9805 =( GEOMETRIC_REPRESENTATION_CONTEXT ( 3 ) GLOBAL_UNCERTAINTY_ASSIGNED_CONTEXT ( ( #16 ) ) GLOBAL_UNIT_ASSIGNED_CONTEXT ( ( #17, #4450, #9159 ) ) REPRESENTATION_CONTEXT ( 'NONE', 'WORKASPACE' ) );
#9806 =( NAMED_UNIT ( * ) PLANE_ANGLE_UNIT ( ) SI_UNIT ( $, .RADIAN. ) );
#9807 =( NAMED_UNIT ( * ) SI_UNIT ( $, .STERADIAN. ) SOLID_ANGLE_UNIT ( ) );
#9808 =( GEOMETRIC_REPRESENTATION_CONTEXT ( 3 ) GLOBAL_UNCERTAINTY_ASSIGNED_CONTEXT ( ( #9051 ) ) GLOBAL_UNIT_ASSIGNED_CONTEXT ( ( #3072, #8766, #1402 ) ) REPRESENTATION_CONTEXT ( 'NONE', 'WORKASPACE' ) );
#9809 = PRESENTATION_LAYER_ASSIGNMENT (  '', '', ( #4206 ) ) ;
#9810 = CARTESIAN_POINT ( 'NONE',  ( -0.1788177886883991763, 0.8399999996185738560, -2.099967084274983353 ) ) ;
#9811 = ORIENTED_EDGE ( 'NONE', *, *, #1999, .T. ) ;
#9812 = CARTESIAN_POINT ( 'NONE',  ( -2.100000000000000089, -0.03000000000000007869, 0.0000000000000000000 ) ) ;
#9813 = B_SPLINE_CURVE_WITH_KNOTS ( 'NONE', 3,
 ( #6361, #8283, #8105, #6234 ),
 .UNSPECIFIED., .F., .F.,
 ( 4, 4 ),
 ( 14.00000000000000000, 15.00000000000000000 ),
 .UNSPECIFIED. ) ;
#9814 = ORIENTED_EDGE ( 'NONE', *, *, #1367, .F. ) ;
#9815 = CARTESIAN_POINT ( 'NONE',  ( -0.3174993961664460129, 0.8409999996185738569, -2.499897849196874855 ) ) ;
#9816 = VECTOR ( 'NONE', #11157, 1000.000000000000000 ) ;
#9817 = EDGE_CURVE ( 'NONE', #8482, #5288, #2632, .T. ) ;
#9818 = EDGE_CURVE ( 'NONE', #2427, #3880, #8108, .T. ) ;
#9819 = PRESENTATION_LAYER_ASSIGNMENT (  '', '', ( #11578 ) ) ;
#9820 = DIRECTION ( 'NONE',  ( -3.302233253054837651E-15, -0.0000000000000000000, -1.000000000000000000 ) ) ;
#9821 =( GEOMETRIC_REPRESENTATION_CONTEXT ( 3 ) GLOBAL_UNCERTAINTY_ASSIGNED_CONTEXT ( ( #5039 ) ) GLOBAL_UNIT_ASSIGNED_CONTEXT ( ( #10233, #1039, #10166 ) ) REPRESENTATION_CONTEXT ( 'NONE', 'WORKASPACE' ) );
#9822 =( GEOMETRIC_REPRESENTATION_CONTEXT ( 3 ) GLOBAL_UNCERTAINTY_ASSIGNED_CONTEXT ( ( #6353 ) ) GLOBAL_UNIT_ASSIGNED_CONTEXT ( ( #1918, #7408, #5764 ) ) REPRESENTATION_CONTEXT ( 'NONE', 'WORKASPACE' ) );
#9823 = CARTESIAN_POINT ( 'NONE',  ( -0.2789263709930536184, 0.8409999996185738569, -2.063206890571847918 ) ) ;
#9824 = VERTEX_POINT ( 'NONE', #6237 ) ;
#9825 = FACE_OUTER_BOUND ( 'NONE', #1564, .T. ) ;
#9826 = ORIENTED_EDGE ( 'NONE', *, *, #9678, .T. ) ;
#9827 = STYLED_ITEM ( 'NONE', ( #4518 ), #3534 ) ;
#9828 =( NAMED_UNIT ( * ) PLANE_ANGLE_UNIT ( ) SI_UNIT ( $, .RADIAN. ) );
#9829 = FILL_AREA_STYLE ('',( #11717 ) ) ;
#9830 = DIRECTION ( 'NONE',  ( -0.0000000000000000000, -1.000000000000000000, -0.0000000000000000000 ) ) ;
#9831 = PRESENTATION_STYLE_ASSIGNMENT (( #3151 ) ) ;
#9832 =( GEOMETRIC_REPRESENTATION_CONTEXT ( 3 ) GLOBAL_UNCERTAINTY_ASSIGNED_CONTEXT ( ( #11746 ) ) GLOBAL_UNIT_ASSIGNED_CONTEXT ( ( #2080, #10318, #11046 ) ) REPRESENTATION_CONTEXT ( 'NONE', 'WORKASPACE' ) );
#9833 = VERTEX_POINT ( 'NONE', #9978 ) ;
#9834 = SURFACE_STYLE_FILL_AREA ( #6046 ) ;
#9835 =( LENGTH_UNIT ( ) NAMED_UNIT ( * ) SI_UNIT ( .MILLI., .METRE. ) );
#9836 = SURFACE_STYLE_USAGE ( .BOTH. , #10755 ) ;
#9837 = EDGE_CURVE ( 'NONE', #5837, #7905, #1690, .T. ) ;
#9838 =( LENGTH_UNIT ( ) NAMED_UNIT ( * ) SI_UNIT ( .MILLI., .METRE. ) );
#9839 = EDGE_CURVE ( 'NONE', #785, #1378, #4986, .T. ) ;
#9840 = ORIENTED_EDGE ( 'NONE', *, *, #9304, .F. ) ;
#9841 = PRESENTATION_LAYER_ASSIGNMENT (  '', '', ( #8675 ) ) ;
#9842 = CARTESIAN_POINT ( 'NONE',  ( -0.3652372915511160612, 0.8400000000000000799, -2.532125964224043901 ) ) ;
#9843 = DIRECTION ( 'NONE',  ( 0.9903286039881277203, -0.0000000000000000000, -0.1387416884823237384 ) ) ;
#9844 = ORIENTED_EDGE ( 'NONE', *, *, #9837, .F. ) ;
#9845 = CARTESIAN_POINT ( 'NONE',  ( -0.5904816017376014470, 0.8409999996185738569, -2.479251713006656033 ) ) ;
#9846 = LINE ( 'NONE', #4979, #5075 ) ;
#9847 = VECTOR ( 'NONE', #7527, 1000.000000000000000 ) ;
#9848 = CARTESIAN_POINT ( 'NONE',  ( 0.4443761837901294420, 0.8399999996185738560, -2.547653805237517055 ) ) ;
#9849 = CARTESIAN_POINT ( 'NONE',  ( -0.3641798065266340090, 0.8399999996185738560, -2.567576890754330599 ) ) ;
#9850 = CARTESIAN_POINT ( 'NONE',  ( -0.7196458439959781961, 0.8399999996185738560, -2.089593659750196508 ) ) ;
#9851 = ORIENTED_EDGE ( 'NONE', *, *, #4261, .F. ) ;
#9852 = ADVANCED_FACE ( 'NONE', ( #7235 ), #185, .F. ) ;
#9853 = VERTEX_POINT ( 'NONE', #6542 ) ;
#9854 = CARTESIAN_POINT ( 'NONE',  ( -0.6665198106302211434, 0.8409999996185738569, -2.370985389085523476 ) ) ;
#9855 = AXIS2_PLACEMENT_3D ( 'NONE', #948, #8361, #6176 ) ;
#9856 = ORIENTED_EDGE ( 'NONE', *, *, #9839, .T. ) ;
#9857 = ORIENTED_EDGE ( 'NONE', *, *, #1809, .T. ) ;
#9858 =( NAMED_UNIT ( * ) PLANE_ANGLE_UNIT ( ) SI_UNIT ( $, .RADIAN. ) );
#9859 =( NAMED_UNIT ( * ) SI_UNIT ( $, .STERADIAN. ) SOLID_ANGLE_UNIT ( ) );
#9860 = EDGE_CURVE ( 'NONE', #11918, #81, #5573, .T. ) ;
#9861 = CARTESIAN_POINT ( 'NONE',  ( -0.1903494110963444563, 0.8409999996185738569, -2.229181682964377131 ) ) ;
#9862 = CARTESIAN_POINT ( 'NONE',  ( -0.1922629554259437656, 0.8400000000000000799, -2.551059981802691556 ) ) ;
#9863 = FILL_AREA_STYLE_COLOUR ( '', #4127 ) ;
#9864 = LINE ( 'NONE', #4346, #4255 ) ;
#9865 = DIRECTION ( 'NONE',  ( 1.000000000000000000, 0.0000000000000000000, -9.611857504498734521E-15 ) ) ;
#9866 = SURFACE_SIDE_STYLE ('',( #584 ) ) ;
#9867 = DIRECTION ( 'NONE',  ( -3.302233253054859739E-15, -0.0000000000000000000, -1.000000000000000000 ) ) ;
#9868 = STYLED_ITEM ( 'NONE', ( #1962 ), #86 ) ;
#9869 = B_SPLINE_SURFACE_WITH_KNOTS ( 'NONE', 3, 1, ( 
 ( #2615, #2909 ),
 ( #5635, #10512 ),
 ( #11361, #2855 ),
 ( #2205, #292 ) ),
 .UNSPECIFIED., .F., .F., .F.,
 ( 4, 4 ),
 ( 2, 2 ),
 ( 3.000000000000000000, 4.000000000000000000 ),
 ( 0.0000000000000000000, 1.000000000000000000 ),
 .UNSPECIFIED. ) ;
#9870 = ORIENTED_EDGE ( 'NONE', *, *, #8632, .T. ) ;
#9871 = CARTESIAN_POINT ( 'NONE',  ( -0.2621073234627077087, 0.8400000000000000799, -2.477438881537072479 ) ) ;
#9872 = ORIENTED_EDGE ( 'NONE', *, *, #1639, .T. ) ;
#9873 = CARTESIAN_POINT ( 'NONE',  ( -0.1254399731736046131, 0.8409999996185738569, -2.567979742191718540 ) ) ;
#9874 = FILL_AREA_STYLE_COLOUR ( '', #8287 ) ;
#9875 = VECTOR ( 'NONE', #2922, 1000.000000000000000 ) ;
#9876 = VERTEX_POINT ( 'NONE', #8373 ) ;
#9877 = LINE ( 'NONE', #10915, #3215 ) ;
#9878 = STYLED_ITEM ( 'NONE', ( #3319 ), #1100 ) ;
#9879 = DIRECTION ( 'NONE',  ( 0.0000000000000000000, -0.0000000000000000000, 1.000000000000000000 ) ) ;
#9880 = ORIENTED_EDGE ( 'NONE', *, *, #4650, .T. ) ;
#9881 =( NAMED_UNIT ( * ) SI_UNIT ( $, .STERADIAN. ) SOLID_ANGLE_UNIT ( ) );
#9882 = SURFACE_STYLE_FILL_AREA ( #649 ) ;
#9883 =( LENGTH_UNIT ( ) NAMED_UNIT ( * ) SI_UNIT ( .MILLI., .METRE. ) );
#9884 = EDGE_LOOP ( 'NONE', ( #10864, #10413, #8790, #647 ) ) ;
#9885 = CARTESIAN_POINT ( 'NONE',  ( -0.3191108019180085575, 0.8399999996185738560, -2.571303266554186173 ) ) ;
#9886 = ORIENTED_EDGE ( 'NONE', *, *, #2472, .F. ) ;
#9887 = FILL_AREA_STYLE ('',( #769 ) ) ;
#9888 =( LENGTH_UNIT ( ) NAMED_UNIT ( * ) SI_UNIT ( .MILLI., .METRE. ) );
#9889 = FILL_AREA_STYLE_COLOUR ( '', #3054 ) ;
#9890 =( LENGTH_UNIT ( ) NAMED_UNIT ( * ) SI_UNIT ( .MILLI., .METRE. ) );
#9891 = DIRECTION ( 'NONE',  ( -0.0000000000000000000, -1.000000000000000000, -0.0000000000000000000 ) ) ;
#9892 = CARTESIAN_POINT ( 'NONE',  ( -0.4179604734794880594, 0.8409999996185738569, -2.613099103231365294 ) ) ;
#9893 = EDGE_LOOP ( 'NONE', ( #5580, #4007, #11432, #2687 ) ) ;
#9894 = PRESENTATION_STYLE_ASSIGNMENT (( #7093 ) ) ;
#9895 = ADVANCED_FACE ( 'NONE', ( #3837 ), #7471, .F. ) ;
#9896 = EDGE_CURVE ( 'NONE', #2649, #6252, #4622, .T. ) ;
#9897 = CARTESIAN_POINT ( 'NONE',  ( -0.4142340976789598561, 0.8409999996185738569, -2.144180029579165758 ) ) ;
#9898 = EDGE_CURVE ( 'NONE', #2233, #8967, #9053, .T. ) ;
#9899 = LINE ( 'NONE', #11737, #3944 ) ;
#9900 = DIRECTION ( 'NONE',  ( -0.0000000000000000000, -1.000000000000000000, -0.0000000000000000000 ) ) ;
#9901 = CARTESIAN_POINT ( 'NONE',  ( 0.2721012009410058163, 0.8409999996185738569, -2.479023961820537192 ) ) ;
#9902 = FACE_OUTER_BOUND ( 'NONE', #8382, .T. ) ;
#9903 = VERTEX_POINT ( 'NONE', #11057 ) ;
#9904 = PLANE ( 'NONE',  #1876 ) ;
#9905 = UNCERTAINTY_MEASURE_WITH_UNIT (LENGTH_MEASURE( 1.000000000000000082E-05 ), #11817, 'distance_accuracy_value', 'NONE');
#9906 =( LENGTH_UNIT ( ) NAMED_UNIT ( * ) SI_UNIT ( .MILLI., .METRE. ) );
#9907 = ORIENTED_EDGE ( 'NONE', *, *, #11208, .T. ) ;
#9908 = CARTESIAN_POINT ( 'NONE',  ( 0.7315011463022886851, 0.8399999996185738560, -2.379580614097772440 ) ) ;
#9909 = DIRECTION ( 'NONE',  ( -0.0000000000000000000, -0.0000000000000000000, 1.000000000000000000 ) ) ;
#9910 = LINE ( 'NONE', #3248, #672 ) ;
#9911 = EDGE_CURVE ( 'NONE', #886, #1378, #3771, .T. ) ;
#9912 = VERTEX_POINT ( 'NONE', #10271 ) ;
#9913 = ORIENTED_EDGE ( 'NONE', *, *, #14, .F. ) ;
#9914 = SURFACE_SIDE_STYLE ('',( #3477 ) ) ;
#9915 = CARTESIAN_POINT ( 'NONE',  ( 0.9471950353051987737, 0.8399999996185738560, -2.400589759651599486 ) ) ;
#9916 = CARTESIAN_POINT ( 'NONE',  ( -0.7223147347713514410, 0.8399999996185738560, -2.090197936907618903 ) ) ;
#9917 = DIRECTION ( 'NONE',  ( 0.0000000000000000000, 0.0000000000000000000, -1.000000000000000000 ) ) ;
#9918 = LINE ( 'NONE', #858, #5210 ) ;
#9919 =( LENGTH_UNIT ( ) NAMED_UNIT ( * ) SI_UNIT ( .MILLI., .METRE. ) );
#9920 = VERTEX_POINT ( 'NONE', #11120 ) ;
#9921 = UNCERTAINTY_MEASURE_WITH_UNIT (LENGTH_MEASURE( 1.000000000000000082E-05 ), #6576, 'distance_accuracy_value', 'NONE');
#9922 =( NAMED_UNIT ( * ) SI_UNIT ( $, .STERADIAN. ) SOLID_ANGLE_UNIT ( ) );
#9923 = ADVANCED_FACE ( 'NONE', ( #2797 ), #6474, .F. ) ;
#9924 = COLOUR_RGB ( '',1.000000000000000000, 1.000000000000000000, 1.000000000000000000 ) ;
#9925 = VERTEX_POINT ( 'NONE', #8740 ) ;
#9926 = CARTESIAN_POINT ( 'NONE',  ( -0.1209582509273106204, 0.8409999996185738569, -2.393645782464021821 ) ) ;
#9927 = PRESENTATION_LAYER_ASSIGNMENT (  '', '', ( #3147 ) ) ;
#9928 = CARTESIAN_POINT ( 'NONE',  ( -0.04492004203401943341, 0.8409999996185738569, -2.456692032487506339 ) ) ;
#9929 = LINE ( 'NONE', #10859, #11367 ) ;
#9930 = CARTESIAN_POINT ( 'NONE',  ( -0.9346174425170256095, 0.8409999996185738569, -2.491840820439746640 ) ) ;
#9931 = CARTESIAN_POINT ( 'NONE',  ( -0.1957375490774270477, 0.8399999996185738560, -2.484388068838702335 ) ) ;
#9932 = DIRECTION ( 'NONE',  ( -1.000000000000000000, -0.0000000000000000000, -0.0000000000000000000 ) ) ;
#9933 = VERTEX_POINT ( 'NONE', #5083 ) ;
#9934 = PRESENTATION_LAYER_ASSIGNMENT (  '', '', ( #6220 ) ) ;
#9935 = VECTOR ( 'NONE', #3286, 1000.000000000000000 ) ;
#9936 =( LENGTH_UNIT ( ) NAMED_UNIT ( * ) SI_UNIT ( .MILLI., .METRE. ) );
#9937 = SURFACE_STYLE_USAGE ( .BOTH. , #7139 ) ;
#9938 = ORIENTED_EDGE ( 'NONE', *, *, #365, .F. ) ;
#9939 = CARTESIAN_POINT ( 'NONE',  ( 0.3225231288964311438, 0.8399999996185738560, -2.109263018785977106 ) ) ;
#9940 = VERTEX_POINT ( 'NONE', #6851 ) ;
#9941 = SURFACE_SIDE_STYLE ('',( #3631 ) ) ;
#9942 = PRESENTATION_STYLE_ASSIGNMENT (( #8360 ) ) ;
#9943 = CARTESIAN_POINT ( 'NONE',  ( -0.5741157620749829382, 0.8400000000000000799, -2.212463348294041232 ) ) ;
#9944 = VECTOR ( 'NONE', #9564, 1000.000000000000000 ) ;
#9945 = VECTOR ( 'NONE', #9948, 1000.000000000000000 ) ;
#9946 = CARTESIAN_POINT ( 'NONE',  ( 0.3253243589893667354, 0.8399999996185738560, -2.568662950791342769 ) ) ;
#9947 = CARTESIAN_POINT ( 'NONE',  ( -0.1581212960691742164, 0.8409999996185738569, -2.159186245637923829 ) ) ;
#9948 = DIRECTION ( 'NONE',  ( -0.0000000000000000000, -1.000000000000000000, -0.0000000000000000000 ) ) ;
#9949 = ORIENTED_EDGE ( 'NONE', *, *, #6750, .T. ) ;
#9950 = CARTESIAN_POINT ( 'NONE',  ( -0.1490571387172378581, 0.8409999996185738569, -2.504027076434116594 ) ) ;
#9952 =( NAMED_UNIT ( * ) PLANE_ANGLE_UNIT ( ) SI_UNIT ( $, .RADIAN. ) );
#9951 = SURFACE_STYLE_FILL_AREA ( #3461 ) ;
#9953 = SURFACE_SIDE_STYLE ('',( #10830 ) ) ;
#9954 = VECTOR ( 'NONE', #1388, 1000.000000000000000 ) ;
#9955 = COLOUR_RGB ( '',1.000000000000000000, 1.000000000000000000, 1.000000000000000000 ) ;
#9956 = VECTOR ( 'NONE', #1588, 1000.000000000000000 ) ;
#9957 = CARTESIAN_POINT ( 'NONE',  ( -0.6219040138886532398, 0.8399999996185738560, -2.154452741243260583 ) ) ;
#9958 = LINE ( 'NONE', #3647, #3363 ) ;
#9959 = CARTESIAN_POINT ( 'NONE',  ( -0.8388898695979767339, 0.8409999996185738569, -2.397070019685833220 ) ) ;
#9960 = MECHANICAL_DESIGN_GEOMETRIC_PRESENTATION_REPRESENTATION (  '', ( #4725 ), #10160 ) ;
#9961 = SURFACE_STYLE_FILL_AREA ( #898 ) ;
#9962 =( GEOMETRIC_REPRESENTATION_CONTEXT ( 3 ) GLOBAL_UNCERTAINTY_ASSIGNED_CONTEXT ( ( #8120 ) ) GLOBAL_UNIT_ASSIGNED_CONTEXT ( ( #3221, #3396, #1373 ) ) REPRESENTATION_CONTEXT ( 'NONE', 'WORKASPACE' ) );
#9963 = ORIENTED_EDGE ( 'NONE', *, *, #2964, .F. ) ;
#9964 = STYLED_ITEM ( 'NONE', ( #5090 ), #7231 ) ;
#9965 = EDGE_CURVE ( 'NONE', #9925, #874, #3155, .T. ) ;
#9966 = CARTESIAN_POINT ( 'NONE',  ( -0.7082149344480581643, 0.8399999996185738560, -2.567979742191716319 ) ) ;
#9968 = ADVANCED_FACE ( 'NONE', ( #4126 ), #8799, .T. ) ;
#9967 = AXIS2_PLACEMENT_3D ( 'NONE', #6179, #6984, #567 ) ;
#9969 = VERTEX_POINT ( 'NONE', #3950 ) ;
#9970 =( NAMED_UNIT ( * ) PLANE_ANGLE_UNIT ( ) SI_UNIT ( $, .RADIAN. ) );
#9971 = B_SPLINE_CURVE_WITH_KNOTS ( 'NONE', 3,
 ( #4178, #9572, #8782, #4111 ),
 .UNSPECIFIED., .F., .F.,
 ( 4, 4 ),
 ( 2.000000000000000000, 3.000000000000000000 ),
 .UNSPECIFIED. ) ;
#9972 = UNCERTAINTY_MEASURE_WITH_UNIT (LENGTH_MEASURE( 1.000000000000000082E-05 ), #9802, 'distance_accuracy_value', 'NONE');
#9973 = CARTESIAN_POINT ( 'NONE',  ( -0.3236428805939723374, 0.8409999996185738569, -2.452764230968955239 ) ) ;
#9974 = FACE_OUTER_BOUND ( 'NONE', #8068, .T. ) ;
#9975 =( GEOMETRIC_REPRESENTATION_CONTEXT ( 3 ) GLOBAL_UNCERTAINTY_ASSIGNED_CONTEXT ( ( #5301 ) ) GLOBAL_UNIT_ASSIGNED_CONTEXT ( ( #9013, #11706, #2711 ) ) REPRESENTATION_CONTEXT ( 'NONE', 'WORKASPACE' ) );
#9976 = ORIENTED_EDGE ( 'NONE', *, *, #3307, .F. ) ;
#9977 = VERTEX_POINT ( 'NONE', #6966 ) ;
#9978 = CARTESIAN_POINT ( 'NONE',  ( -0.7212068933171907892, 0.8409999996185738569, -2.083651601042033175 ) ) ;
#9979 = STYLED_ITEM ( 'NONE', ( #4804 ), #5047 ) ;
#9980 = CARTESIAN_POINT ( 'NONE',  ( -0.1314323883114438540, 0.8399999996185738560, -2.160696938530807909 ) ) ;
#9981 = EDGE_CURVE ( 'NONE', #1929, #3602, #10232, .T. ) ;
#9982 = EDGE_CURVE ( 'NONE', #3144, #3871, #11485, .T. ) ;
#9983 = PRESENTATION_STYLE_ASSIGNMENT (( #8165 ) ) ;
#9984 = EDGE_CURVE ( 'NONE', #4540, #13, #3280, .T. ) ;
#9985 = CARTESIAN_POINT ( 'NONE',  ( -0.3183554554722334839, 0.8409999996185738569, -2.058473386177186448 ) ) ;
#9986 = APPLICATION_PROTOCOL_DEFINITION ( 'draft international standard', 'automotive_design', 1998, #11948 ) ;
#9987 = VECTOR ( 'NONE', #3600, 1000.000000000000000 ) ;
#9988 =( NAMED_UNIT ( * ) PLANE_ANGLE_UNIT ( ) SI_UNIT ( $, .RADIAN. ) );
#9989 =( NAMED_UNIT ( * ) SI_UNIT ( $, .STERADIAN. ) SOLID_ANGLE_UNIT ( ) );
#9990 = CARTESIAN_POINT ( 'NONE',  ( -0.8208119113251178822, 0.8409999996185738569, -2.524975351202376039 ) ) ;
#9991 = ORIENTED_EDGE ( 'NONE', *, *, #3297, .T. ) ;
#9992 = DIRECTION ( 'NONE',  ( 0.0000000000000000000, 1.000000000000000000, 0.0000000000000000000 ) ) ;
#9993 = COLOUR_RGB ( '',1.000000000000000000, 1.000000000000000000, 1.000000000000000000 ) ;
#9994 = ORIENTED_EDGE ( 'NONE', *, *, #2921, .T. ) ;
#9995 = DIRECTION ( 'NONE',  ( 1.000000000000000000, 1.289467883355211566E-16, 0.0000000000000000000 ) ) ;
#9996 = VECTOR ( 'NONE', #1943, 1000.000000000000000 ) ;
#9997 = COLOUR_RGB ( '',1.000000000000000000, 1.000000000000000000, 1.000000000000000000 ) ;
#9998 = CARTESIAN_POINT ( 'NONE',  ( -0.5128823435224195704, 0.8409999996185738569, -2.427283877524722744 ) ) ;
#9999 = LINE ( 'NONE', #5192, #6698 ) ;
#10000 = LINE ( 'NONE', #758, #5317 ) ;
#10001 = MECHANICAL_DESIGN_GEOMETRIC_PRESENTATION_REPRESENTATION (  '', ( #4196 ), #6286 ) ;
#10002 = ADVANCED_FACE ( 'NONE', ( #297 ), #8228, .F. ) ;
#10003 = PRESENTATION_LAYER_ASSIGNMENT (  '', '', ( #7682 ) ) ;
#10004 =( NAMED_UNIT ( * ) PLANE_ANGLE_UNIT ( ) SI_UNIT ( $, .RADIAN. ) );
#10005 = ORIENTED_EDGE ( 'NONE', *, *, #7518, .F. ) ;
#10006 = CARTESIAN_POINT ( 'NONE',  ( 0.9696047959044858944, 0.8399999996185738560, -2.186296552481105326 ) ) ;
#10007 = ORIENTED_EDGE ( 'NONE', *, *, #6132, .F. ) ;
#10008 = FACE_OUTER_BOUND ( 'NONE', #9236, .T. ) ;
#10009 = ORIENTED_EDGE ( 'NONE', *, *, #1627, .F. ) ;
#10010 = CARTESIAN_POINT ( 'NONE',  ( 0.3953548441663260471, 0.8409999996185738569, -2.403390989743863226 ) ) ;
#10011 = CARTESIAN_POINT ( 'NONE',  ( -0.4243053836250365030, 0.8399999996185738560, -2.233008771623576028 ) ) ;
#10012 = PRESENTATION_STYLE_ASSIGNMENT (( #6273 ) ) ;
#10013 = MECHANICAL_DESIGN_GEOMETRIC_PRESENTATION_REPRESENTATION (  '', ( #9618 ), #6499 ) ;
#10014 = PRESENTATION_STYLE_ASSIGNMENT (( #5146 ) ) ;
#10015 = CARTESIAN_POINT ( 'NONE',  ( -0.1490571387172378581, 0.8399999996185738560, -2.504027076434116594 ) ) ;
#10016 = CARTESIAN_POINT ( 'NONE',  ( -0.04492004203401943341, 0.8399999996185738560, -2.456692032487506339 ) ) ;
#10017 = EDGE_CURVE ( 'NONE', #10278, #8239, #8971, .T. ) ;
#10018 = DIRECTION ( 'NONE',  ( 1.000000000000000000, -0.0000000000000000000, 0.0000000000000000000 ) ) ;
#10019 = ORIENTED_EDGE ( 'NONE', *, *, #3360, .F. ) ;
#10020 = COLOUR_RGB ( '',1.000000000000000000, 1.000000000000000000, 1.000000000000000000 ) ;
#10021 = PRESENTATION_STYLE_ASSIGNMENT (( #10138 ) ) ;
#10023 = DIRECTION ( 'NONE',  ( -0.0000000000000000000, -1.000000000000000000, -0.0000000000000000000 ) ) ;
#10022 = FILL_AREA_STYLE_COLOUR ( '', #7227 ) ;
#10024 = CARTESIAN_POINT ( 'NONE',  ( -0.1936729354588052066, 0.8409999996185738569, -2.571303266554186617 ) ) ;
#10025 = PRESENTATION_LAYER_ASSIGNMENT (  '', '', ( #7304 ) ) ;
#10026 = DIRECTION ( 'NONE',  ( 3.439386710808798836E-15, -0.0000000000000000000, 1.000000000000000000 ) ) ;
#10027 = CARTESIAN_POINT ( 'NONE',  ( -0.1611426818529279881, 0.8409999996185738569, -2.560224852013971653 ) ) ;
#10028 = LINE ( 'NONE', #7157, #8584 ) ;
#10029 = MECHANICAL_DESIGN_GEOMETRIC_PRESENTATION_REPRESENTATION (  '', ( #1719 ), #5720 ) ;
#10030 = FILL_AREA_STYLE ('',( #11801 ) ) ;
#10031 = ORIENTED_EDGE ( 'NONE', *, *, #10069, .F. ) ;
#10032 = CARTESIAN_POINT ( 'NONE',  ( -0.4084934646901654531, 0.8409999996185738569, -2.610279143165627147 ) ) ;
#10033 = CARTESIAN_POINT ( 'NONE',  ( -0.2956950620930670071, 0.8409999996185738569, -2.473913931455910653 ) ) ;
#10034 = ORIENTED_EDGE ( 'NONE', *, *, #5423, .F. ) ;
#10035 = CARTESIAN_POINT ( 'NONE',  ( -0.2374326728945911902, 0.8400000000000000799, -2.522457529716027658 ) ) ;
#10036 = CARTESIAN_POINT ( 'NONE',  ( 0.7763206675015362768, 0.8409999996185738569, -2.121868500774836352 ) ) ;
#10037 = PRESENTATION_LAYER_ASSIGNMENT (  '', '', ( #975 ) ) ;
#10038 = CARTESIAN_POINT ( 'NONE',  ( -0.3211250591069507720, 0.8409999996185738569, -2.463036942633053616 ) ) ;
#10039 = CARTESIAN_POINT ( 'NONE',  ( -0.3330595329536246707, 0.8409999996185738569, -2.506142046483079699 ) ) ;
#10040 = B_SPLINE_CURVE_WITH_KNOTS ( 'NONE', 3,
 ( #4201, #11615, #6968, #10702 ),
 .UNSPECIFIED., .F., .F.,
 ( 4, 4 ),
 ( 10.00000000000000000, 11.00000000000000000 ),
 .UNSPECIFIED. ) ;
#10041 = CARTESIAN_POINT ( 'NONE',  ( -0.1764510364910713835, 0.8400000000000000799, -2.540485131559214960 ) ) ;
#10042 = ORIENTED_EDGE ( 'NONE', *, *, #1102, .F. ) ;
#10043 = ADVANCED_FACE ( 'NONE', ( #9087 ), #2801, .T. ) ;
#10044 = ORIENTED_EDGE ( 'NONE', *, *, #9290, .T. ) ;
#10045 = ADVANCED_FACE ( 'NONE', ( #7202 ), #8017, .F. ) ;
#10046 = CARTESIAN_POINT ( 'NONE',  ( -0.1398419120762781631, 0.8409999996185738569, -2.213974041185583275 ) ) ;
#10047 = PRESENTATION_STYLE_ASSIGNMENT (( #3539 ) ) ;
#10048 = PRESENTATION_STYLE_ASSIGNMENT (( #3782 ) ) ;
#10049 = DIRECTION ( 'NONE',  ( 0.0000000000000000000, 0.0000000000000000000, 1.000000000000000000 ) ) ;
#10050 = FILL_AREA_STYLE ('',( #6369 ) ) ;
#10051 = CARTESIAN_POINT ( 'NONE',  ( -0.3211250591069507720, 0.8409999996185738569, -2.468676862763179880 ) ) ;
#10052 = ORIENTED_EDGE ( 'NONE', *, *, #3885, .F. ) ;
#10053 = UNCERTAINTY_MEASURE_WITH_UNIT (LENGTH_MEASURE( 1.000000000000000082E-05 ), #7544, 'distance_accuracy_value', 'NONE');
#10054 = EDGE_CURVE ( 'NONE', #9500, #4707, #1420, .T. ) ;
#10055 = CARTESIAN_POINT ( 'NONE',  ( -0.7819871040026904474, 0.8409999996185738569, -2.255467739283379291 ) ) ;
#10056 = ADVANCED_FACE ( 'NONE', ( #7579, #6523 ), #9206, .T. ) ;
#10057 = SURFACE_STYLE_USAGE ( .BOTH. , #6433 ) ;
#10058 = PLANE ( 'NONE',  #9607 ) ;
#10059 = SURFACE_SIDE_STYLE ('',( #10860 ) ) ;
#10060 =( GEOMETRIC_REPRESENTATION_CONTEXT ( 3 ) GLOBAL_UNCERTAINTY_ASSIGNED_CONTEXT ( ( #1788 ) ) GLOBAL_UNIT_ASSIGNED_CONTEXT ( ( #10587, #7733, #436 ) ) REPRESENTATION_CONTEXT ( 'NONE', 'WORKASPACE' ) );
#10061 = DIRECTION ( 'NONE',  ( 0.0000000000000000000, 0.0000000000000000000, 1.000000000000000000 ) ) ;
#10062 = VERTEX_POINT ( 'NONE', #1958 ) ;
#10063 = VECTOR ( 'NONE', #10541, 1000.000000000000000 ) ;
#10064 = DIRECTION ( 'NONE',  ( -0.0000000000000000000, -1.000000000000000000, -0.0000000000000000000 ) ) ;
#10065 =( NAMED_UNIT ( * ) PLANE_ANGLE_UNIT ( ) SI_UNIT ( $, .RADIAN. ) );
#10066 = CARTESIAN_POINT ( 'NONE',  ( -0.3437854524861161387, 0.8409999996185738569, -2.144180029579166202 ) ) ;
#10067 = ORIENTED_EDGE ( 'NONE', *, *, #10344, .T. ) ;
#10068 = CARTESIAN_POINT ( 'NONE',  ( 0.1418445091968519312, 0.8399999996185738560, -2.372577592294788484 ) ) ;
#10069 = EDGE_CURVE ( 'NONE', #8922, #9824, #9138, .T. ) ;
#10070 = VERTEX_POINT ( 'NONE', #1062 ) ;
#10071 = DIRECTION ( 'NONE',  ( -1.000000000000000000, 0.0000000000000000000, 0.0000000000000000000 ) ) ;
#10072 = CARTESIAN_POINT ( 'NONE',  ( -0.8058560516946899899, 0.8399999996185738560, -2.399789266892219608 ) ) ;
#10073 = DIRECTION ( 'NONE',  ( -0.0000000000000000000, -1.000000000000000000, -0.0000000000000000000 ) ) ;
#10074 = B_SPLINE_SURFACE_WITH_KNOTS ( 'NONE', 3, 1, ( 
 ( #1427, #11608 ),
 ( #1307, #11481 ),
 ( #5202, #10579 ),
 ( #8862, #478 ) ),
 .UNSPECIFIED., .F., .F., .F.,
 ( 4, 4 ),
 ( 2, 2 ),
 ( 18.00000000000000000, 19.00000000000000000 ),
 ( 0.0000000000000000000, 1.000000000000000000 ),
 .UNSPECIFIED. ) ;
#10075 = MECHANICAL_DESIGN_GEOMETRIC_PRESENTATION_REPRESENTATION (  '', ( #9878 ), #7763 ) ;
#10076 = CARTESIAN_POINT ( 'NONE',  ( -0.1490571387172380802, 0.8399999996185738560, -2.542902240186215135 ) ) ;
#10077 = CARTESIAN_POINT ( 'NONE',  ( -0.6609302469297738680, 0.8409999996185738569, -2.479251713006655589 ) ) ;
#10078 = SURFACE_STYLE_USAGE ( .BOTH. , #61 ) ;
#10079 = ORIENTED_EDGE ( 'NONE', *, *, #783, .F. ) ;
#10080 = FILL_AREA_STYLE_COLOUR ( '', #3252 ) ;
#10081 = CARTESIAN_POINT ( 'NONE',  ( -0.2956950620930667850, 0.8409999996185738569, -2.452764230968955683 ) ) ;
#10082 = FILL_AREA_STYLE ('',( #6168 ) ) ;
#10083 = CARTESIAN_POINT ( 'NONE',  ( -0.6710015328765218667, 0.8409999996185738569, -2.545520774531907726 ) ) ;
#10084 = CARTESIAN_POINT ( 'NONE',  ( -0.3361312751670491594, 0.8409999996185738569, -2.551160694662033546 ) ) ;
#10085 = VECTOR ( 'NONE', #9900, 1000.000000000000000 ) ;
#10086 = FILL_AREA_STYLE_COLOUR ( '', #11711 ) ;
#10087 = SURFACE_STYLE_FILL_AREA ( #6347 ) ;
#10088 = CARTESIAN_POINT ( 'NONE',  ( -0.2980114578607256925, 0.8399999996185738560, -2.481366683055620914 ) ) ;
#10089 = ORIENTED_EDGE ( 'NONE', *, *, #878, .T. ) ;
#10090 = FACE_OUTER_BOUND ( 'NONE', #3203, .T. ) ;
#10091 =( NAMED_UNIT ( * ) SI_UNIT ( $, .STERADIAN. ) SOLID_ANGLE_UNIT ( ) );
#10092 = EDGE_LOOP ( 'NONE', ( #1810, #7070, #10613, #4027 ) ) ;
#10093 = CARTESIAN_POINT ( 'NONE',  ( -0.2280663769646102124, 0.8399999996185738560, -2.236130870267349469 ) ) ;
#10094 = ORIENTED_EDGE ( 'NONE', *, *, #3217, .T. ) ;
#10095 = UNCERTAINTY_MEASURE_WITH_UNIT (LENGTH_MEASURE( 1.000000000000000082E-05 ), #11246, 'distance_accuracy_value', 'NONE');
#10096 = CARTESIAN_POINT ( 'NONE',  ( -0.1153686872275281605, 0.8399999996185738560, -2.479251713006657809 ) ) ;
#10097 = FILL_AREA_STYLE ('',( #11254 ) ) ;
#10098 = ORIENTED_EDGE ( 'NONE', *, *, #9818, .T. ) ;
#10099 = VERTEX_POINT ( 'NONE', #8425 ) ;
#10100 = EDGE_CURVE ( 'NONE', #2088, #4154, #162, .T. ) ;
#10101 = CARTESIAN_POINT ( 'NONE',  ( -0.7872745291237581711, 0.8409999996185738569, -2.545520774531907282 ) ) ;
#10102 = CARTESIAN_POINT ( 'NONE',  ( 0.1432450975291409412, 0.8399999996185738560, -2.288541063511195350 ) ) ;
#10103 = ORIENTED_EDGE ( 'NONE', *, *, #2841, .T. ) ;
#10104 = CARTESIAN_POINT ( 'NONE',  ( -0.04492004203401921830, 0.8409999996185738569, -2.393645782464021821 ) ) ;
#10105 = UNCERTAINTY_MEASURE_WITH_UNIT (LENGTH_MEASURE( 1.000000000000000082E-05 ), #2858, 'distance_accuracy_value', 'NONE');
#10106 = EDGE_CURVE ( 'NONE', #4426, #1260, #120, .T. ) ;
#10107 = DIRECTION ( 'NONE',  ( -0.0000000000000000000, -1.000000000000000000, -0.0000000000000000000 ) ) ;
#10108 = PRESENTATION_STYLE_ASSIGNMENT (( #8296 ) ) ;
#10109 = LINE ( 'NONE', #6316, #10956 ) ;
#10110 = ORIENTED_EDGE ( 'NONE', *, *, #6307, .F. ) ;
#10111 = CARTESIAN_POINT ( 'NONE',  ( -0.5157023035868132377, 0.8399999996185738560, -2.255467739283379736 ) ) ;
#10112 = CARTESIAN_POINT ( 'NONE',  ( -0.3838188141220478800, 0.8409999996185738569, -2.454274923860495505 ) ) ;
#10113 = DIRECTION ( 'NONE',  ( 0.7193398003386525241, -0.6946583704589959218, 0.0000000000000000000 ) ) ;
#10114 = SURFACE_STYLE_USAGE ( .BOTH. , #6510 ) ;
#10115 = EDGE_CURVE ( 'NONE', #5678, #483, #6335, .T. ) ;
#10116 = ADVANCED_FACE ( 'NONE', ( #8318 ), #3699, .F. ) ;
#10117 = SURFACE_STYLE_USAGE ( .BOTH. , #6379 ) ;
#10118 = ORIENTED_EDGE ( 'NONE', *, *, #2211, .T. ) ;
#10119 = PLANE ( 'NONE',  #8795 ) ;
#10120 = AXIS2_PLACEMENT_3D ( 'NONE', #1032, #2923, #6603 ) ;
#10121 = CARTESIAN_POINT ( 'NONE',  ( -0.4244060964850521200, 0.8409999996185738569, -2.634248803718319820 ) ) ;
#10122 = ORIENTED_EDGE ( 'NONE', *, *, #404, .T. ) ;
#10123 = PRESENTATION_LAYER_ASSIGNMENT (  '', '', ( #11095 ) ) ;
#10124 =( NAMED_UNIT ( * ) SI_UNIT ( $, .STERADIAN. ) SOLID_ANGLE_UNIT ( ) );
#10125 = VERTEX_POINT ( 'NONE', #11346 ) ;
#10126 = DIRECTION ( 'NONE',  ( -0.0000000000000000000, 0.0000000000000000000, -1.000000000000000000 ) ) ;
#10127 = FILL_AREA_STYLE_COLOUR ( '', #2531 ) ;
#10128 = CARTESIAN_POINT ( 'NONE',  ( 0.8631584530925782150, 0.8399999996185738560, -2.472020859874013876 ) ) ;
#10129 = UNCERTAINTY_MEASURE_WITH_UNIT (LENGTH_MEASURE( 1.000000000000000082E-05 ), #9247, 'distance_accuracy_value', 'NONE');
#10130 = CARTESIAN_POINT ( 'NONE',  ( -0.1209582509273106204, 0.8399999996185738560, -2.370985389085524808 ) ) ;
#10131 = PRESENTATION_LAYER_ASSIGNMENT (  '', '', ( #11496 ) ) ;
#10132 = DIRECTION ( 'NONE',  ( -0.0000000000000000000, -1.000000000000000000, -0.0000000000000000000 ) ) ;
#10133 = CARTESIAN_POINT ( 'NONE',  ( -0.8068128238598295532, 0.8399999996185738560, -2.538672300089628298 ) ) ;
#10134 = EDGE_CURVE ( 'NONE', #592, #1886, #8543, .T. ) ;
#10135 = ADVANCED_FACE ( 'NONE', ( #8597 ), #355, .F. ) ;
#10136 = SURFACE_STYLE_FILL_AREA ( #3339 ) ;
#10137 = ORIENTED_EDGE ( 'NONE', *, *, #3295, .T. ) ;
#10138 = SURFACE_STYLE_USAGE ( .BOTH. , #6396 ) ;
#10140 = CARTESIAN_POINT ( 'NONE',  ( -0.2374326728945909681, 0.8409999996185738569, -2.478546722989882767 ) ) ;
#10139 =( NAMED_UNIT ( * ) PLANE_ANGLE_UNIT ( ) SI_UNIT ( $, .RADIAN. ) );
#10141 = SURFACE_STYLE_USAGE ( .BOTH. , #959 ) ;
#10142 = FILL_AREA_STYLE_COLOUR ( '', #9240 ) ;
#10143 = PRESENTATION_STYLE_ASSIGNMENT (( #2563 ) ) ;
#10144 = MECHANICAL_DESIGN_GEOMETRIC_PRESENTATION_REPRESENTATION (  '', ( #8783 ), #10545 ) ;
#10145 = AXIS2_PLACEMENT_3D ( 'NONE', #10324, #5940, #3149 ) ;
#10146 = FILL_AREA_STYLE ('',( #10086 ) ) ;
#10147 = DIRECTION ( 'NONE',  ( 1.000000000000000000, -0.0000000000000000000, 0.0000000000000000000 ) ) ;
#10148 = PRESENTATION_STYLE_ASSIGNMENT (( #11369 ) ) ;
#10149 = ORIENTED_EDGE ( 'NONE', *, *, #2144, .T. ) ;
#10150 = CARTESIAN_POINT ( 'NONE',  ( -0.6219040138886532398, 0.8399999996185738560, -2.125246012000519436 ) ) ;
#10151 = CARTESIAN_POINT ( 'NONE',  ( -0.2280663769646102124, 0.8409999996185738569, -2.236130870267349469 ) ) ;
#10152 = CARTESIAN_POINT ( 'NONE',  ( -0.2789263709930540069, 0.8399999996185738560, -2.222937485676831582 ) ) ;
#10153 = VECTOR ( 'NONE', #2617, 1000.000000000000000 ) ;
#10154 = ORIENTED_EDGE ( 'NONE', *, *, #7758, .F. ) ;
#10155 = FILL_AREA_STYLE ('',( #6411 ) ) ;
#10156 = MECHANICAL_DESIGN_GEOMETRIC_PRESENTATION_REPRESENTATION (  '', ( #5674 ), #9557 ) ;
#10157 = EDGE_CURVE ( 'NONE', #3045, #4868, #9506, .T. ) ;
#10158 = LINE ( 'NONE', #4633, #11635 ) ;
#10159 = LINE ( 'NONE', #5348, #5657 ) ;
#10160 =( GEOMETRIC_REPRESENTATION_CONTEXT ( 3 ) GLOBAL_UNCERTAINTY_ASSIGNED_CONTEXT ( ( #8188 ) ) GLOBAL_UNIT_ASSIGNED_CONTEXT ( ( #1224, #8472, #7694 ) ) REPRESENTATION_CONTEXT ( 'NONE', 'WORKASPACE' ) );
#10161 = ORIENTED_EDGE ( 'NONE', *, *, #8129, .F. ) ;
#10162 = ORIENTED_EDGE ( 'NONE', *, *, #1559, .F. ) ;
#10163 = PRESENTATION_LAYER_ASSIGNMENT (  '', '', ( #2977 ) ) ;
#10164 =( NAMED_UNIT ( * ) PLANE_ANGLE_UNIT ( ) SI_UNIT ( $, .RADIAN. ) );
#10165 = STYLED_ITEM ( 'NONE', ( #10538 ), #5719 ) ;
#10166 =( NAMED_UNIT ( * ) SI_UNIT ( $, .STERADIAN. ) SOLID_ANGLE_UNIT ( ) );
#10167 = VERTEX_POINT ( 'NONE', #4890 ) ;
#10168 = SURFACE_SIDE_STYLE ('',( #5475 ) ) ;
#10169 = EDGE_CURVE ( 'NONE', #8922, #11412, #1417, .T. ) ;
#10170 = MECHANICAL_DESIGN_GEOMETRIC_PRESENTATION_REPRESENTATION (  '', ( #3193 ), #9975 ) ;
#10171 = VECTOR ( 'NONE', #9867, 1000.000000000000000 ) ;
#10172 = SURFACE_SIDE_STYLE ('',( #2932 ) ) ;
#10173 = CARTESIAN_POINT ( 'NONE',  ( -0.7336449314612686345, 0.8409999996185738569, -2.393645782464019600 ) ) ;
#10174 =( GEOMETRIC_REPRESENTATION_CONTEXT ( 3 ) GLOBAL_UNCERTAINTY_ASSIGNED_CONTEXT ( ( #11926 ) ) GLOBAL_UNIT_ASSIGNED_CONTEXT ( ( #10277, #5535, #1747 ) ) REPRESENTATION_CONTEXT ( 'NONE', 'WORKASPACE' ) );
#10175 = B_SPLINE_SURFACE_WITH_KNOTS ( 'NONE', 3, 1, ( 
 ( #8370, #7531 ),
 ( #2025, #3098 ),
 ( #1969, #1252 ),
 ( #4015, #4734 ) ),
 .UNSPECIFIED., .F., .F., .F.,
 ( 4, 4 ),
 ( 2, 2 ),
 ( 4.000000000000000000, 5.000000000000000000 ),
 ( 0.0000000000000000000, 1.000000000000000000 ),
 .UNSPECIFIED. ) ;
#10176 = VERTEX_POINT ( 'NONE', #8781 ) ;
#10177 = UNCERTAINTY_MEASURE_WITH_UNIT (LENGTH_MEASURE( 1.000000000000000082E-05 ), #7818, 'distance_accuracy_value', 'NONE');
#10178 = CARTESIAN_POINT ( 'NONE',  ( -0.4869487822111346897, 0.8409999996185738569, -2.233008771623575583 ) ) ;
#10179 = LINE ( 'NONE', #927, #2097 ) ;
#10180 =( GEOMETRIC_REPRESENTATION_CONTEXT ( 3 ) GLOBAL_UNCERTAINTY_ASSIGNED_CONTEXT ( ( #3728 ) ) GLOBAL_UNIT_ASSIGNED_CONTEXT ( ( #5904, #453, #7928 ) ) REPRESENTATION_CONTEXT ( 'NONE', 'WORKASPACE' ) );
#10181 = VECTOR ( 'NONE', #4992, 1000.000000000000000 ) ;
#10182 = PRESENTATION_STYLE_ASSIGNMENT (( #9374 ) ) ;
#10183 =( NAMED_UNIT ( * ) PLANE_ANGLE_UNIT ( ) SI_UNIT ( $, .RADIAN. ) );
#10184 = MECHANICAL_DESIGN_GEOMETRIC_PRESENTATION_REPRESENTATION (  '', ( #7856 ), #11744 ) ;
#10185 = CARTESIAN_POINT ( 'NONE',  ( -0.6665198106302211434, 0.8399999996185738560, -2.393645782464019600 ) ) ;
#10186 = FACE_OUTER_BOUND ( 'NONE', #6184, .T. ) ;
#10187 = EDGE_LOOP ( 'NONE', ( #5950, #731, #3531, #452 ) ) ;
#10188 = CARTESIAN_POINT ( 'NONE',  ( -0.01949004502012938178, 0.8409999996185738569, -2.567979742191718984 ) ) ;
#10189 = SURFACE_STYLE_USAGE ( .BOTH. , #3448 ) ;
#10190 = VERTEX_POINT ( 'NONE', #526 ) ;
#10191 = ORIENTED_EDGE ( 'NONE', *, *, #3412, .T. ) ;
#10192 = VECTOR ( 'NONE', #5133, 1000.000000000000000 ) ;
#10193 = ADVANCED_FACE ( 'NONE', ( #4175 ), #7638, .T. ) ;
#10194 = CARTESIAN_POINT ( 'NONE',  ( -0.9709747847814358401, 0.8400000000000000799, -2.409961265696968002 ) ) ;
#10195 =( NAMED_UNIT ( * ) SI_UNIT ( $, .STERADIAN. ) SOLID_ANGLE_UNIT ( ) );
#10196 = EDGE_CURVE ( 'NONE', #8420, #1622, #5247, .T. ) ;
#10197 =( NAMED_UNIT ( * ) SI_UNIT ( $, .STERADIAN. ) SOLID_ANGLE_UNIT ( ) );
#10198 = DIRECTION ( 'NONE',  ( 1.000000000000000000, 0.0000000000000000000, 0.0000000000000000000 ) ) ;
#10199 = CARTESIAN_POINT ( 'NONE',  ( -2.100000000000000089, 0.8400000000000000799, -3.279999999999999805 ) ) ;
#10200 = CARTESIAN_POINT ( 'NONE',  ( 0.8085346799974141296, 0.8399999996185738560, -2.119067284039825694 ) ) ;
#10201 = FACE_OUTER_BOUND ( 'NONE', #9673, .T. ) ;
#10202 = ORIENTED_EDGE ( 'NONE', *, *, #4238, .T. ) ;
#10203 = PRESENTATION_LAYER_ASSIGNMENT (  '', '', ( #3413 ) ) ;
#10204 = PRESENTATION_LAYER_ASSIGNMENT (  '', '', ( #2267 ) ) ;
#10205 = DIRECTION ( 'NONE',  ( 1.000000000000000000, 0.0000000000000000000, -3.272121703647071695E-15 ) ) ;
#10207 = FACE_OUTER_BOUND ( 'NONE', #3562, .T. ) ;
#10206 = CARTESIAN_POINT ( 'NONE',  ( -1.028683253254175645, 0.8409999996185738569, -2.567979742191715431 ) ) ;
#10208 = SURFACE_STYLE_USAGE ( .BOTH. , #2965 ) ;
#10209 = CARTESIAN_POINT ( 'NONE',  ( -0.9679030425686762085, 0.8400000000000000799, -2.396163603951713128 ) ) ;
#10210 = CARTESIAN_POINT ( 'NONE',  ( -0.7819871040026904474, 0.8409999996185738569, -2.255467739283379291 ) ) ;
#10211 = VECTOR ( 'NONE', #3685, 1000.000000000000000 ) ;
#10212 = COLOUR_RGB ( '',1.000000000000000000, 1.000000000000000000, 1.000000000000000000 ) ;
#10213 = CARTESIAN_POINT ( 'NONE',  ( 0.7329017880636055082, 0.8399999996185738560, -2.467819094879160957 ) ) ;
#10214 = SURFACE_STYLE_USAGE ( .BOTH. , #6472 ) ;
#10215 = DIRECTION ( 'NONE',  ( 4.283268065624016817E-15, 0.0000000000000000000, 1.000000000000000000 ) ) ;
#10216 = EDGE_CURVE ( 'NONE', #5427, #122, #7154, .T. ) ;
#10217 =( GEOMETRIC_REPRESENTATION_CONTEXT ( 3 ) GLOBAL_UNCERTAINTY_ASSIGNED_CONTEXT ( ( #7887 ) ) GLOBAL_UNIT_ASSIGNED_CONTEXT ( ( #1408, #9559, #10556 ) ) REPRESENTATION_CONTEXT ( 'NONE', 'WORKASPACE' ) );
#10218 = ORIENTED_EDGE ( 'NONE', *, *, #6232, .F. ) ;
#10219 = AXIS2_PLACEMENT_3D ( 'NONE', #10741, #6097, #3388 ) ;
#10220 = B_SPLINE_CURVE_WITH_KNOTS ( 'NONE', 3,
 ( #412, #8657, #3258, #10684 ),
 .UNSPECIFIED., .F., .F.,
 ( 4, 4 ),
 ( 1.000000000000000000, 2.000000000000000000 ),
 .UNSPECIFIED. ) ;
#10221 = COLOUR_RGB ( '',1.000000000000000000, 1.000000000000000000, 1.000000000000000000 ) ;
#10222 = CARTESIAN_POINT ( 'NONE',  ( 0.3603396015781831219, 0.8409999996185738569, -2.166688008617496219 ) ) ;
#10223 = CARTESIAN_POINT ( 'NONE',  ( 0.8085346799974141296, 0.8409999996185738569, -2.119067284039825694 ) ) ;
#10224 = VERTEX_POINT ( 'NONE', #5190 ) ;
#10225 =( NAMED_UNIT ( * ) SI_UNIT ( $, .STERADIAN. ) SOLID_ANGLE_UNIT ( ) );
#10226 = FILL_AREA_STYLE_COLOUR ( '', #5064 ) ;
#10227 =( NAMED_UNIT ( * ) PLANE_ANGLE_UNIT ( ) SI_UNIT ( $, .RADIAN. ) );
#10228 = ORIENTED_EDGE ( 'NONE', *, *, #11317, .F. ) ;
#10229 = STYLED_ITEM ( 'NONE', ( #9414 ), #2032 ) ;
#10230 = EDGE_CURVE ( 'NONE', #5571, #1861, #2268, .T. ) ;
#10231 = CARTESIAN_POINT ( 'NONE',  ( -2.100000000000000089, 0.8400000000000000799, -3.279999999999999805 ) ) ;
#10232 = B_SPLINE_CURVE_WITH_KNOTS ( 'NONE', 3,
 ( #7907, #7840, #10461, #8559 ),
 .UNSPECIFIED., .F., .F.,
 ( 4, 4 ),
 ( 28.00000000000000000, 29.00000000000000000 ),
 .UNSPECIFIED. ) ;
#10233 =( LENGTH_UNIT ( ) NAMED_UNIT ( * ) SI_UNIT ( .MILLI., .METRE. ) );
#10234 = ORIENTED_EDGE ( 'NONE', *, *, #3262, .F. ) ;
#10235 =( GEOMETRIC_REPRESENTATION_CONTEXT ( 3 ) GLOBAL_UNCERTAINTY_ASSIGNED_CONTEXT ( ( #3135 ) ) GLOBAL_UNIT_ASSIGNED_CONTEXT ( ( #4853, #9519, #6847 ) ) REPRESENTATION_CONTEXT ( 'NONE', 'WORKASPACE' ) );
#10236 = UNCERTAINTY_MEASURE_WITH_UNIT (LENGTH_MEASURE( 1.000000000000000082E-05 ), #3357, 'distance_accuracy_value', 'NONE');
#10237 = CARTESIAN_POINT ( 'NONE',  ( -1.000735434753270203, 0.8399999996185738560, -2.491840820439746196 ) ) ;
#10238 = EDGE_LOOP ( 'NONE', ( #4104, #8484, #9604, #3353 ) ) ;
#10239 = LINE ( 'NONE', #2061, #6258 ) ;
#10240 =( GEOMETRIC_REPRESENTATION_CONTEXT ( 3 ) GLOBAL_UNCERTAINTY_ASSIGNED_CONTEXT ( ( #1042 ) ) GLOBAL_UNIT_ASSIGNED_CONTEXT ( ( #7218, #1740, #1970 ) ) REPRESENTATION_CONTEXT ( 'NONE', 'WORKASPACE' ) );
#10241 = CARTESIAN_POINT ( 'NONE',  ( -0.1153686872275279524, 0.8399999996185738560, -2.456692032487505895 ) ) ;
#10242 = UNCERTAINTY_MEASURE_WITH_UNIT (LENGTH_MEASURE( 1.000000000000000082E-05 ), #8511, 'distance_accuracy_value', 'NONE');
#10243 = CARTESIAN_POINT ( 'NONE',  ( -1.261220445829635439, -0.8400000000000003020, -3.279999999999999805 ) ) ;
#10244 = DIRECTION ( 'NONE',  ( 0.0000000000000000000, 1.000000000000000000, 0.0000000000000000000 ) ) ;
#10245 = SURFACE_SIDE_STYLE ('',( #2829 ) ) ;
#10246 =( LENGTH_UNIT ( ) NAMED_UNIT ( * ) SI_UNIT ( .MILLI., .METRE. ) );
#10247 = ORIENTED_EDGE ( 'NONE', *, *, #1728, .T. ) ;
#10248 = STYLED_ITEM ( 'NONE', ( #2461 ), #460 ) ;
#10249 = CARTESIAN_POINT ( 'NONE',  ( -0.1764510364910713835, 0.8409999996185738569, -2.540485131559214960 ) ) ;
#10250 = SURFACE_SIDE_STYLE ('',( #8417 ) ) ;
#10251 =( NAMED_UNIT ( * ) SI_UNIT ( $, .STERADIAN. ) SOLID_ANGLE_UNIT ( ) );
#10252 = ORIENTED_EDGE ( 'NONE', *, *, #5395, .T. ) ;
#10253 = DIRECTION ( 'NONE',  ( 1.000000000000000000, 0.0000000000000000000, -5.286816650646201722E-15 ) ) ;
#10254 = ORIENTED_EDGE ( 'NONE', *, *, #3711, .F. ) ;
#10255 = FACE_OUTER_BOUND ( 'NONE', #4180, .T. ) ;
#10256 = CARTESIAN_POINT ( 'NONE',  ( -0.5475779236062666699, 0.8409999996185738569, -2.058473386177185116 ) ) ;
#10257 = SURFACE_SIDE_STYLE ('',( #8424 ) ) ;
#10258 = CARTESIAN_POINT ( 'NONE',  ( -0.1788177886883991763, 0.8399999996185738560, -2.099967084274983353 ) ) ;
#10259 = CARTESIAN_POINT ( 'NONE',  ( 0.7917273795833286165, 0.8399999996185738560, -2.379580614097772884 ) ) ;
#10260 = B_SPLINE_CURVE_WITH_KNOTS ( 'NONE', 3,
 ( #10919, #3866, #7762, #1171 ),
 .UNSPECIFIED., .F., .F.,
 ( 4, 4 ),
 ( 1.000000000000000000, 2.000000000000000000 ),
 .UNSPECIFIED. ) ;
#10261 = SURFACE_STYLE_FILL_AREA ( #1014 ) ;
#10262 = CARTESIAN_POINT ( 'NONE',  ( 0.7763206675015362768, 0.8409999996185738569, -2.121868500774836352 ) ) ;
#10263 = CARTESIAN_POINT ( 'NONE',  ( -0.7233218633661550045, 0.8409999996185738569, -2.094730015583587068 ) ) ;
#10264 = ORIENTED_EDGE ( 'NONE', *, *, #10157, .T. ) ;
#10265 = EDGE_CURVE ( 'NONE', #2766, #3792, #4564, .T. ) ;
#10266 = CARTESIAN_POINT ( 'NONE',  ( 0.2286823215024055000, 0.8399999996185738560, -2.313752027488907625 ) ) ;
#10267 = CARTESIAN_POINT ( 'NONE',  ( -0.8686001631401385481, 0.8409999996185738569, -2.437758014908855131 ) ) ;
#10268 =( GEOMETRIC_REPRESENTATION_CONTEXT ( 3 ) GLOBAL_UNCERTAINTY_ASSIGNED_CONTEXT ( ( #11076 ) ) GLOBAL_UNIT_ASSIGNED_CONTEXT ( ( #11263, #1990, #2703 ) ) REPRESENTATION_CONTEXT ( 'NONE', 'WORKASPACE' ) );
#10269 = FILL_AREA_STYLE_COLOUR ( '', #8978 ) ;
#10270 = FILL_AREA_STYLE ('',( #3769 ) ) ;
#10271 = CARTESIAN_POINT ( 'NONE',  ( -0.1153686872275281605, 0.8399999996185738560, -2.479251713006657809 ) ) ;
#10272 =( NAMED_UNIT ( * ) SI_UNIT ( $, .STERADIAN. ) SOLID_ANGLE_UNIT ( ) );
#10273 = VERTEX_POINT ( 'NONE', #9928 ) ;
#10274 = DIRECTION ( 'NONE',  ( 0.0000000000000000000, 0.0000000000000000000, -1.000000000000000000 ) ) ;
#10275 = B_SPLINE_SURFACE_WITH_KNOTS ( 'NONE', 3, 1, ( 
 ( #7402, #5521 ),
 ( #110, #3832 ),
 ( #4673, #11360 ),
 ( #4796, #8498 ),
 ( #1192, #3883 ),
 ( #7589, #9458 ) ),
 .UNSPECIFIED., .F., .F., .F.,
 ( 4, 2, 4 ),
 ( 2, 2 ),
 ( 2.000000000000000000, 3.000000000000000000, 4.000000000000000000 ),
 ( 0.0000000000000000000, 1.000000000000000000 ),
 .UNSPECIFIED. ) ;
#10276 = CARTESIAN_POINT ( 'NONE',  ( -0.1957375490774270477, 0.8409999996185738569, -2.484388068838702335 ) ) ;
#10277 =( LENGTH_UNIT ( ) NAMED_UNIT ( * ) SI_UNIT ( .MILLI., .METRE. ) );
#10278 = VERTEX_POINT ( 'NONE', #3436 ) ;
#10279 = CARTESIAN_POINT ( 'NONE',  ( -0.4746114569264017757, 0.8409999996185738569, -2.589230155538022160 ) ) ;
#10280 = ADVANCED_FACE ( 'NONE', ( #4239 ), #3320, .F. ) ;
#10281 = EDGE_CURVE ( 'NONE', #8874, #8786, #3988, .T. ) ;
#10282 = PRESENTATION_LAYER_ASSIGNMENT (  '', '', ( #807 ) ) ;
#10283 = LINE ( 'NONE', #1981, #4506 ) ;
#10284 = EDGE_CURVE ( 'NONE', #2007, #1648, #2490, .T. ) ;
#10285 = PRESENTATION_STYLE_ASSIGNMENT (( #11067 ) ) ;
#10286 =( LENGTH_UNIT ( ) NAMED_UNIT ( * ) SI_UNIT ( .MILLI., .METRE. ) );
#10287 = DIRECTION ( 'NONE',  ( 0.9445574604294399990, 0.0000000000000000000, -0.3283461648125144405 ) ) ;
#10288 = CARTESIAN_POINT ( 'NONE',  ( 0.3925536675024140498, 0.8409999996185738569, -2.483225780245764458 ) ) ;
#10289 = SURFACE_STYLE_FILL_AREA ( #5472 ) ;
#10290 = ORIENTED_EDGE ( 'NONE', *, *, #1217, .F. ) ;
#10291 = DIRECTION ( 'NONE',  ( -0.0000000000000000000, -1.000000000000000000, -0.0000000000000000000 ) ) ;
#10292 = EDGE_CURVE ( 'NONE', #11629, #9853, #11830, .T. ) ;
#10293 = LINE ( 'NONE', #3610, #4453 ) ;
#10294 = DIRECTION ( 'NONE',  ( 4.283268065624126469E-15, 0.0000000000000000000, 1.000000000000000000 ) ) ;
#10295 = CARTESIAN_POINT ( 'NONE',  ( 0.3953548441663260471, 0.8399999996185738560, -2.403390989743863226 ) ) ;
#10296 = ORIENTED_EDGE ( 'NONE', *, *, #8478, .F. ) ;
#10297 = UNCERTAINTY_MEASURE_WITH_UNIT (LENGTH_MEASURE( 1.000000000000000082E-05 ), #965, 'distance_accuracy_value', 'NONE');
#10298 = CARTESIAN_POINT ( 'NONE',  ( -0.7634055814317587396, 0.8400000000000000799, -2.393645782464019156 ) ) ;
#10299 = SURFACE_STYLE_USAGE ( .BOTH. , #9370 ) ;
#10300 = CARTESIAN_POINT ( 'NONE',  ( -0.5904816017376016690, 0.8399999996185738560, -2.545520774531908170 ) ) ;
#10301 = CARTESIAN_POINT ( 'NONE',  ( -0.3350737901425666077, 0.8399999996185738560, -2.424061066021604649 ) ) ;
#10302 = DIRECTION ( 'NONE',  ( 0.0000000000000000000, 0.0000000000000000000, 1.000000000000000000 ) ) ;
#10303 = CARTESIAN_POINT ( 'NONE',  ( -0.5650516047230479399, 0.8409999996185738569, -2.567979742191716763 ) ) ;
#10304 = CARTESIAN_POINT ( 'NONE',  ( 0.9696047959044858944, 0.8399999996185738560, -2.186296552481105326 ) ) ;
#10305 = EDGE_LOOP ( 'NONE', ( #2665, #1602, #284, #4411 ) ) ;
#10306 = SURFACE_SIDE_STYLE ('',( #5675 ) ) ;
#10307 = DIRECTION ( 'NONE',  ( 0.0000000000000000000, 0.0000000000000000000, -1.000000000000000000 ) ) ;
#10308 = EDGE_CURVE ( 'NONE', #233, #4868, #9326, .T. ) ;
#10309 = CARTESIAN_POINT ( 'NONE',  ( -0.3735461024566137933, 0.8399999996185738560, -2.426075323211226209 ) ) ;
#10310 = ORIENTED_EDGE ( 'NONE', *, *, #8632, .F. ) ;
#10311 = CARTESIAN_POINT ( 'NONE',  ( 0.4009573043522013380, 0.8409999996185738569, -2.481825191914147410 ) ) ;
#10312 = ORIENTED_EDGE ( 'NONE', *, *, #4650, .F. ) ;
#10313 = CARTESIAN_POINT ( 'NONE',  ( -0.4719425661496922664, 0.8399999996185738560, -2.541995824450754338 ) ) ;
#10314 = CARTESIAN_POINT ( 'NONE',  ( 0.3491347346354610748, 0.8409999996185738569, -2.264730687865104120 ) ) ;
#10315 = CARTESIAN_POINT ( 'NONE',  ( -0.3747043003404401107, 0.8409999996185738569, -2.560124139154628331 ) ) ;
#10316 =( NAMED_UNIT ( * ) PLANE_ANGLE_UNIT ( ) SI_UNIT ( $, .RADIAN. ) );
#10317 = FACE_OUTER_BOUND ( 'NONE', #5364, .T. ) ;
#10318 =( NAMED_UNIT ( * ) PLANE_ANGLE_UNIT ( ) SI_UNIT ( $, .RADIAN. ) );
#10319 =( NAMED_UNIT ( * ) SI_UNIT ( $, .STERADIAN. ) SOLID_ANGLE_UNIT ( ) );
#10320 = SURFACE_STYLE_FILL_AREA ( #2145 ) ;
#10321 = ORIENTED_EDGE ( 'NONE', *, *, #8044, .T. ) ;
#10322 = VECTOR ( 'NONE', #11334, 1000.000000000000114 ) ;
#10323 = CARTESIAN_POINT ( 'NONE',  ( -0.7082149344480581643, 0.8399999996185738560, -2.567979742191716319 ) ) ;
#10324 = CARTESIAN_POINT ( 'NONE',  ( -0.8795275083899873891, 0.8409999996185738569, -2.567979742191715875 ) ) ;
#10325 = PRESENTATION_STYLE_ASSIGNMENT (( #10208 ) ) ;
#10326 = DIRECTION ( 'NONE',  ( 8.896925954345478095E-15, -0.0000000000000000000, 1.000000000000000000 ) ) ;
#10327 = CARTESIAN_POINT ( 'NONE',  ( -0.3437854524861161387, 0.8399999996185738560, -2.144180029579166202 ) ) ;
#10328 = FACE_OUTER_BOUND ( 'NONE', #10634, .T. ) ;
#10329 = CARTESIAN_POINT ( 'NONE',  ( -0.2544153788213788236, 0.8409999996185738569, -2.255920947151279776 ) ) ;
#10330 =( NAMED_UNIT ( * ) SI_UNIT ( $, .STERADIAN. ) SOLID_ANGLE_UNIT ( ) );
#10331 =( GEOMETRIC_REPRESENTATION_CONTEXT ( 3 ) GLOBAL_UNCERTAINTY_ASSIGNED_CONTEXT ( ( #9259 ) ) GLOBAL_UNIT_ASSIGNED_CONTEXT ( ( #3341, #778, #661 ) ) REPRESENTATION_CONTEXT ( 'NONE', 'WORKASPACE' ) );
#10332 = CARTESIAN_POINT ( 'NONE',  ( -0.01949004502012894463, 0.8399999996185738560, -2.370985389085525252 ) ) ;
#10333 = ORIENTED_EDGE ( 'NONE', *, *, #1465, .T. ) ;
#10334 = CARTESIAN_POINT ( 'NONE',  ( -0.5921937203478339073, 0.8399999996185738560, -2.084558016777495748 ) ) ;
#10335 = FACE_OUTER_BOUND ( 'NONE', #7366, .T. ) ;
#10336 =( NAMED_UNIT ( * ) PLANE_ANGLE_UNIT ( ) SI_UNIT ( $, .RADIAN. ) );
#10337 = EDGE_LOOP ( 'NONE', ( #6227, #2548, #7777, #9907 ) ) ;
#10338 = DIRECTION ( 'NONE',  ( 0.9910683662997872290, 0.0000000000000000000, -0.1333547648937626617 ) ) ;
#10339 = CARTESIAN_POINT ( 'NONE',  ( -0.5384634098246597889, 0.8409999996185738569, -2.427283877524722744 ) ) ;
#10340 = VECTOR ( 'NONE', #716, 1000.000000000000114 ) ;
#10341 = MECHANICAL_DESIGN_GEOMETRIC_PRESENTATION_REPRESENTATION (  '', ( #7420 ), #10928 ) ;
#10342 = DIRECTION ( 'NONE',  ( -1.000000000000000000, -0.0000000000000000000, -0.0000000000000000000 ) ) ;
#10343 = SURFACE_STYLE_FILL_AREA ( #2926 ) ;
#10344 = EDGE_CURVE ( 'NONE', #804, #5959, #9074, .T. ) ;
#10345 = CARTESIAN_POINT ( 'NONE',  ( 0.5914402026622124220, 0.8409999996185738569, -2.521042199499166081 ) ) ;
#10346 = EDGE_CURVE ( 'NONE', #11617, #3797, #3683, .T. ) ;
#10347 = PRESENTATION_LAYER_ASSIGNMENT (  '', '', ( #5859 ) ) ;
#10348 = ORIENTED_EDGE ( 'NONE', *, *, #5201, .F. ) ;
#10349 =( GEOMETRIC_REPRESENTATION_CONTEXT ( 3 ) GLOBAL_UNCERTAINTY_ASSIGNED_CONTEXT ( ( #5616 ) ) GLOBAL_UNIT_ASSIGNED_CONTEXT ( ( #6633, #7629, #1352 ) ) REPRESENTATION_CONTEXT ( 'NONE', 'WORKASPACE' ) );
#10350 = CARTESIAN_POINT ( 'NONE',  ( -0.2000682020347047674, 0.8409999996185738569, -2.551059981802691556 ) ) ;
#10351 = SURFACE_STYLE_FILL_AREA ( #852 ) ;
#10352 = VECTOR ( 'NONE', #10466, 1000.000000000000000 ) ;
#10353 = ORIENTED_EDGE ( 'NONE', *, *, #8866, .F. ) ;
#10354 = SURFACE_STYLE_USAGE ( .BOTH. , #10168 ) ;
#10355 = CARTESIAN_POINT ( 'NONE',  ( -1.050000000000000044, -0.02999999999999966929, -3.279999999999999805 ) ) ;
#10356 = STYLED_ITEM ( 'NONE', ( #7470 ), #9141 ) ;
#10357 = ORIENTED_EDGE ( 'NONE', *, *, #98, .F. ) ;
#10358 = VECTOR ( 'NONE', #6242, 1000.000000000000227 ) ;
#10359 = DIRECTION ( 'NONE',  ( 0.0000000000000000000, -1.000000000000000000, 0.0000000000000000000 ) ) ;
#10360 = EDGE_CURVE ( 'NONE', #2758, #5402, #994, .T. ) ;
#10361 = EDGE_CURVE ( 'NONE', #3654, #11080, #10179, .T. ) ;
#10362 = AXIS2_PLACEMENT_3D ( 'NONE', #10231, #2045, #199 ) ;
#10363 = DIRECTION ( 'NONE',  ( 1.000000000000000000, -0.0000000000000000000, 0.0000000000000000000 ) ) ;
#10364 = UNCERTAINTY_MEASURE_WITH_UNIT (LENGTH_MEASURE( 1.000000000000000082E-05 ), #8355, 'distance_accuracy_value', 'NONE');
#10365 = AXIS2_PLACEMENT_3D ( 'NONE', #6108, #5021, #8738 ) ;
#10366 = MECHANICAL_DESIGN_GEOMETRIC_PRESENTATION_REPRESENTATION (  '', ( #2044 ), #4357 ) ;
#10367 = CARTESIAN_POINT ( 'NONE',  ( -0.2112473294349347386, 0.8399999996185738560, -2.424061066021605093 ) ) ;
#10368 = PRESENTATION_LAYER_ASSIGNMENT (  '', '', ( #10165 ) ) ;
#10369 = CARTESIAN_POINT ( 'NONE',  ( -0.8388898695979771780, 0.8409999996185738569, -2.540384418699861868 ) ) ;
#10370 = CARTESIAN_POINT ( 'NONE',  ( -0.3624676879157273102, 0.8409999996185738569, -2.424061066021604649 ) ) ;
#10371 = EDGE_LOOP ( 'NONE', ( #374, #10835, #10031, #264 ) ) ;
#10372 = EDGE_LOOP ( 'NONE', ( #4693, #11122, #3282, #9213 ) ) ;
#10373 = VECTOR ( 'NONE', #6249, 1000.000000000000000 ) ;
#10374 = CARTESIAN_POINT ( 'NONE',  ( -0.8418608989513857166, 0.8399999996185738560, -2.443095796459593849 ) ) ;
#10375 = CARTESIAN_POINT ( 'NONE',  ( -0.01949004502012894463, 0.8409999996185738569, -2.370985389085525252 ) ) ;
#10376 = FILL_AREA_STYLE_COLOUR ( '', #10787 ) ;
#10377 = B_SPLINE_SURFACE_WITH_KNOTS ( 'NONE', 3, 1, ( 
 ( #6799, #3167 ),
 ( #488, #8623 ),
 ( #440, #10527 ),
 ( #253, #2218 ) ),
 .UNSPECIFIED., .F., .F., .F.,
 ( 4, 4 ),
 ( 2, 2 ),
 ( 17.00000000000000000, 18.00000000000000000 ),
 ( 0.0000000000000000000, 1.000000000000000000 ),
 .UNSPECIFIED. ) ;
#10378 = AXIS2_PLACEMENT_3D ( 'NONE', #7736, #9593, #8450 ) ;
#10379 = FILL_AREA_STYLE ('',( #4841 ) ) ;
#10380 = ORIENTED_EDGE ( 'NONE', *, *, #7074, .T. ) ;
#10381 = CARTESIAN_POINT ( 'NONE',  ( -0.3838188141220479355, 0.8409999996185738569, -2.430305263309154640 ) ) ;
#10382 = ORIENTED_EDGE ( 'NONE', *, *, #1180, .T. ) ;
#10383 = LINE ( 'NONE', #9396, #2497 ) ;
#10384 = CARTESIAN_POINT ( 'NONE',  ( -0.2789263709930540625, 0.8409999996185738569, -2.222937485676831582 ) ) ;
#10385 = LINE ( 'NONE', #7653, #9540 ) ;
#10386 = EDGE_LOOP ( 'NONE', ( #349, #6682, #5945, #1937 ) ) ;
#10387 = B_SPLINE_CURVE_WITH_KNOTS ( 'NONE', 3,
 ( #2946, #8357, #3695, #4601 ),
 .UNSPECIFIED., .F., .F.,
 ( 4, 4 ),
 ( 24.00000000000000000, 25.00000000000000000 ),
 .UNSPECIFIED. ) ;
#10388 = DIRECTION ( 'NONE',  ( -0.0000000000000000000, -1.000000000000000000, -0.0000000000000000000 ) ) ;
#10389 = SURFACE_STYLE_USAGE ( .BOTH. , #6731 ) ;
#10390 = SURFACE_SIDE_STYLE ('',( #4676 ) ) ;
#10391 = PRESENTATION_LAYER_ASSIGNMENT (  '', '', ( #2454 ) ) ;
#10392 =( LENGTH_UNIT ( ) NAMED_UNIT ( * ) SI_UNIT ( .MILLI., .METRE. ) );
#10393 = FACE_OUTER_BOUND ( 'NONE', #9345, .T. ) ;
#10394 = ADVANCED_FACE ( 'NONE', ( #8175 ), #2998, .F. ) ;
#10395 = VERTEX_POINT ( 'NONE', #4702 ) ;
#10396 = VERTEX_POINT ( 'NONE', #4528 ) ;
#10397 = VERTEX_POINT ( 'NONE', #10300 ) ;
#10398 = FACE_OUTER_BOUND ( 'NONE', #63, .T. ) ;
#10399 = MECHANICAL_DESIGN_GEOMETRIC_PRESENTATION_REPRESENTATION (  '', ( #5724 ), #11378 ) ;
#10400 = SURFACE_STYLE_FILL_AREA ( #3233 ) ;
#10401 = MECHANICAL_DESIGN_GEOMETRIC_PRESENTATION_REPRESENTATION (  '', ( #8853 ), #191 ) ;
#10402 = CARTESIAN_POINT ( 'NONE',  ( -0.2322459606321946035, 0.8399999996185738560, -2.055149861814719703 ) ) ;
#10403 = CARTESIAN_POINT ( 'NONE',  ( -0.1800263430019039823, 0.8399999996185738560, -2.571303266554186617 ) ) ;
#10404 = VECTOR ( 'NONE', #762, 1000.000000000000000 ) ;
#10405 =( NAMED_UNIT ( * ) PLANE_ANGLE_UNIT ( ) SI_UNIT ( $, .RADIAN. ) );
#10406 = PLANE ( 'NONE',  #8001 ) ;
#10407 = MECHANICAL_DESIGN_GEOMETRIC_PRESENTATION_REPRESENTATION (  '', ( #6895 ), #7491 ) ;
#10408 = STYLED_ITEM ( 'NONE', ( #11019 ), #11372 ) ;
#10409 =( GEOMETRIC_REPRESENTATION_CONTEXT ( 3 ) GLOBAL_UNCERTAINTY_ASSIGNED_CONTEXT ( ( #2650 ) ) GLOBAL_UNIT_ASSIGNED_CONTEXT ( ( #8233, #1773, #89 ) ) REPRESENTATION_CONTEXT ( 'NONE', 'WORKASPACE' ) );
#10410 = EDGE_LOOP ( 'NONE', ( #10149, #10896, #10821, #3938 ) ) ;
#10411 = DIRECTION ( 'NONE',  ( -0.3559357243643127555, 0.0000000000000000000, -0.9345104387438654125 ) ) ;
#10412 = B_SPLINE_CURVE_WITH_KNOTS ( 'NONE', 3,
 ( #6818, #3005, #1286, #3255 ),
 .UNSPECIFIED., .F., .F.,
 ( 4, 4 ),
 ( 1.000000000000000000, 2.000000000000000000 ),
 .UNSPECIFIED. ) ;
#10413 = ORIENTED_EDGE ( 'NONE', *, *, #5869, .F. ) ;
#10414 = B_SPLINE_CURVE_WITH_KNOTS ( 'NONE', 3,
 ( #6612, #11315, #11260, #11502 ),
 .UNSPECIFIED., .F., .F.,
 ( 4, 4 ),
 ( 11.00000000000000000, 12.00000000000000000 ),
 .UNSPECIFIED. ) ;
#10415 = COLOUR_RGB ( '',1.000000000000000000, 1.000000000000000000, 1.000000000000000000 ) ;
#10416 = PRESENTATION_LAYER_ASSIGNMENT (  '', '', ( #2655 ) ) ;
#10417 = EDGE_CURVE ( 'NONE', #10224, #6446, #1995, .T. ) ;
#10418 = CARTESIAN_POINT ( 'NONE',  ( -0.3301388600292162190, 0.8399999996185738560, -2.479352425865998910 ) ) ;
#10419 = EDGE_CURVE ( 'NONE', #9912, #8933, #3620, .T. ) ;
#10420 = AXIS2_PLACEMENT_3D ( 'NONE', #9004, #4344, #6138 ) ;
#10421 = LINE ( 'NONE', #1160, #3394 ) ;
#10422 = VECTOR ( 'NONE', #10649, 1000.000000000000000 ) ;
#10423 = ORIENTED_EDGE ( 'NONE', *, *, #9677, .T. ) ;
#10424 = UNCERTAINTY_MEASURE_WITH_UNIT (LENGTH_MEASURE( 1.000000000000000082E-05 ), #6428, 'distance_accuracy_value', 'NONE');
#10425 = CARTESIAN_POINT ( 'NONE',  ( -0.2374326728945907738, 0.8409999996185738569, -2.455584191033351349 ) ) ;
#10426 = LINE ( 'NONE', #1047, #10748 ) ;
#10427 = STYLED_ITEM ( 'NONE', ( #7728 ), #2438 ) ;
#10428 = CARTESIAN_POINT ( 'NONE',  ( -0.5921937203478343514, 0.8409999996185738569, -2.227872415791527061 ) ) ;
#10429 = DIRECTION ( 'NONE',  ( -0.0000000000000000000, -1.000000000000000000, -0.0000000000000000000 ) ) ;
#10430 = CARTESIAN_POINT ( 'NONE',  ( -0.3026946058257109495, 0.8409999996185738569, -2.487510167482475776 ) ) ;
#10431 = CARTESIAN_POINT ( 'NONE',  ( 0.5466206814636389577, 0.8409999996185738569, -2.005617892709753658 ) ) ;
#10432 = PLANE ( 'NONE',  #2139 ) ;
#10433 = CARTESIAN_POINT ( 'NONE',  ( -0.5401755284348924713, 0.8399999996185738560, -2.081133779555683017 ) ) ;
#10434 = EDGE_CURVE ( 'NONE', #11732, #4866, #1941, .T. ) ;
#10435 = FACE_OUTER_BOUND ( 'NONE', #6255, .T. ) ;
#10436 = EDGE_LOOP ( 'NONE', ( #6317, #9857, #330, #4236, #3451, #9701, #9616, #9699, #11785, #7661, #2153, #1028 ) ) ;
#10437 =( GEOMETRIC_REPRESENTATION_CONTEXT ( 3 ) GLOBAL_UNCERTAINTY_ASSIGNED_CONTEXT ( ( #918 ) ) GLOBAL_UNIT_ASSIGNED_CONTEXT ( ( #5858, #5683, #8544 ) ) REPRESENTATION_CONTEXT ( 'NONE', 'WORKASPACE' ) );
#10438 = ORIENTED_EDGE ( 'NONE', *, *, #11154, .T. ) ;
#10439 = UNCERTAINTY_MEASURE_WITH_UNIT (LENGTH_MEASURE( 1.000000000000000082E-05 ), #958, 'distance_accuracy_value', 'NONE');
#10440 = CARTESIAN_POINT ( 'NONE',  ( -0.1929175890130389592, 0.8409999996185738569, -2.424061066021605093 ) ) ;
#10441 =( LENGTH_UNIT ( ) NAMED_UNIT ( * ) SI_UNIT ( .MILLI., .METRE. ) );
#10442 = SURFACE_STYLE_USAGE ( .BOTH. , #1178 ) ;
#10443 =( NAMED_UNIT ( * ) PLANE_ANGLE_UNIT ( ) SI_UNIT ( $, .RADIAN. ) );
#10444 = LINE ( 'NONE', #1183, #4579 ) ;
#10445 = VERTEX_POINT ( 'NONE', #7251 ) ;
#10446 = CARTESIAN_POINT ( 'NONE',  ( 2.100000000000000089, 0.8400000000000000799, 0.0000000000000000000 ) ) ;
#10447 = VECTOR ( 'NONE', #1620, 1000.000000000000000 ) ;
#10448 = CARTESIAN_POINT ( 'NONE',  ( -0.8388898695979767339, 0.8399999996185738560, -2.397070019685833220 ) ) ;
#10449 = CARTESIAN_POINT ( 'NONE',  ( -0.3073273973610270438, 0.8399999996185738560, -2.493653651909332858 ) ) ;
#10450 = ORIENTED_EDGE ( 'NONE', *, *, #9777, .F. ) ;
#10451 = CARTESIAN_POINT ( 'NONE',  ( -0.9265604137585559119, 0.8409999996185738569, -2.514098362380861484 ) ) ;
#10452 = CARTESIAN_POINT ( 'NONE',  ( 0.7315011463022886851, 0.8409999996185738569, -2.379580614097772440 ) ) ;
#10453 = EDGE_CURVE ( 'NONE', #6958, #6777, #9189, .T. ) ;
#10454 = CARTESIAN_POINT ( 'NONE',  ( -0.04492004203401965545, 0.8399999996185738560, -2.479251713006657809 ) ) ;
#10455 = CARTESIAN_POINT ( 'NONE',  ( -0.1767028186394361822, 0.8409999996185738569, -2.449843558043874658 ) ) ;
#10456 = DIRECTION ( 'NONE',  ( 0.3897582650654505820, -0.0000000000000000000, -0.9209172030172798618 ) ) ;
#10457 = ORIENTED_EDGE ( 'NONE', *, *, #9982, .T. ) ;
#10458 = SURFACE_STYLE_USAGE ( .BOTH. , #9461 ) ;
#10459 =( NAMED_UNIT ( * ) PLANE_ANGLE_UNIT ( ) SI_UNIT ( $, .RADIAN. ) );
#10460 = CARTESIAN_POINT ( 'NONE',  ( -0.3480657490130525944, 0.8409999996185738569, -2.444102925054405517 ) ) ;
#10461 = CARTESIAN_POINT ( 'NONE',  ( 0.4261682683305830777, 0.8409999996185738569, -2.567262362459724834 ) ) ;
#10462 = FILL_AREA_STYLE ('',( #4073 ) ) ;
#10463 = EDGE_LOOP ( 'NONE', ( #1965, #7845, #4851, #11304 ) ) ;
#10464 = SURFACE_STYLE_USAGE ( .BOTH. , #11244 ) ;
#10465 = FILL_AREA_STYLE_COLOUR ( '', #3669 ) ;
#10466 = DIRECTION ( 'NONE',  ( -0.0000000000000000000, -1.000000000000000000, -0.0000000000000000000 ) ) ;
#10467 = ORIENTED_EDGE ( 'NONE', *, *, #4931, .F. ) ;
#10468 = VECTOR ( 'NONE', #7043, 1000.000000000000000 ) ;
#10469 = FACE_OUTER_BOUND ( 'NONE', #7197, .T. ) ;
#10470 = CARTESIAN_POINT ( 'NONE',  ( -0.2955439928040459185, 0.8409999996185738569, -2.537564458635475972 ) ) ;
#10471 = CARTESIAN_POINT ( 'NONE',  ( -0.7173798046579930032, 0.8399999996185738560, -2.097449262788629198 ) ) ;
#10472 = CARTESIAN_POINT ( 'NONE',  ( -0.5921937203478339073, 0.8399999996185738560, -2.084558016777495748 ) ) ;
#10473 = FILL_AREA_STYLE_COLOUR ( '', #11916 ) ;
#10474 = MECHANICAL_DESIGN_GEOMETRIC_PRESENTATION_REPRESENTATION (  '', ( #9868 ), #1957 ) ;
#10475 = EDGE_LOOP ( 'NONE', ( #1056, #10161, #2838, #912 ) ) ;
#10476 = COLOUR_RGB ( '',1.000000000000000000, 1.000000000000000000, 1.000000000000000000 ) ;
#10477 =( LENGTH_UNIT ( ) NAMED_UNIT ( * ) SI_UNIT ( .MILLI., .METRE. ) );
#10478 = SURFACE_STYLE_USAGE ( .BOTH. , #3059 ) ;
#10479 = ORIENTED_EDGE ( 'NONE', *, *, #6574, .F. ) ;
#10480 = FILL_AREA_STYLE_COLOUR ( '', #3374 ) ;
#10481 = CARTESIAN_POINT ( 'NONE',  ( -0.2475543152703384153, 0.8409999996185738569, -2.236130870267349469 ) ) ;
#10482 = B_SPLINE_SURFACE_WITH_KNOTS ( 'NONE', 3, 1, ( 
 ( #10675, #8463 ),
 ( #1813, #10102 ),
 ( #1756, #6310 ),
 ( #9174, #984 ) ),
 .UNSPECIFIED., .F., .F., .F.,
 ( 4, 4 ),
 ( 2, 2 ),
 ( 35.00000000000000000, 36.00000000000000000 ),
 ( 0.0000000000000000000, 1.000000000000000000 ),
 .UNSPECIFIED. ) ;
#10483 = VERTEX_POINT ( 'NONE', #5668 ) ;
#10484 = ORIENTED_EDGE ( 'NONE', *, *, #612, .F. ) ;
#10485 = COLOUR_RGB ( '',1.000000000000000000, 1.000000000000000000, 1.000000000000000000 ) ;
#10486 = LINE ( 'NONE', #334, #910 ) ;
#10487 =( NAMED_UNIT ( * ) SI_UNIT ( $, .STERADIAN. ) SOLID_ANGLE_UNIT ( ) );
#10488 = SURFACE_STYLE_FILL_AREA ( #3910 ) ;
#10489 = DIRECTION ( 'NONE',  ( 1.000000000000000000, 0.0000000000000000000, -6.544243407293499679E-15 ) ) ;
#10490 = FILL_AREA_STYLE ('',( #7874 ) ) ;
#10491 = CARTESIAN_POINT ( 'NONE',  ( -0.6609302469297732019, 0.8409999996185738569, -2.255467739283379736 ) ) ;
#10492 = LINE ( 'NONE', #8416, #8648 ) ;
#10493 = DIRECTION ( 'NONE',  ( -0.0000000000000000000, -1.000000000000000000, -0.0000000000000000000 ) ) ;
#10494 = CARTESIAN_POINT ( 'NONE',  ( -0.3624676879157273102, 0.8399999996185738560, -2.424061066021604649 ) ) ;
#10495 = VERTEX_POINT ( 'NONE', #1110 ) ;
#10496 = FILL_AREA_STYLE_COLOUR ( '', #8392 ) ;
#10497 = ORIENTED_EDGE ( 'NONE', *, *, #11402, .T. ) ;
#10498 =( NAMED_UNIT ( * ) PLANE_ANGLE_UNIT ( ) SI_UNIT ( $, .RADIAN. ) );
#10499 = B_SPLINE_CURVE_WITH_KNOTS ( 'NONE', 3,
 ( #2740, #5533, #2685, #10032 ),
 .UNSPECIFIED., .F., .F.,
 ( 4, 4 ),
 ( 4.000000000000000000, 5.000000000000000000 ),
 .UNSPECIFIED. ) ;
#10500 = SURFACE_STYLE_FILL_AREA ( #4838 ) ;
#10501 = CARTESIAN_POINT ( 'NONE',  ( -0.2280663769646102124, 0.8409999996185738569, -2.236130870267349469 ) ) ;
#10502 = ADVANCED_FACE ( 'NONE', ( #11885 ), #3550, .F. ) ;
#10503 = FILL_AREA_STYLE_COLOUR ( '', #739 ) ;
#10504 = FACE_BOUND ( 'NONE', #2999, .T. ) ;
#10505 = ORIENTED_EDGE ( 'NONE', *, *, #1694, .F. ) ;
#10506 = CARTESIAN_POINT ( 'NONE',  ( 0.7146938458888766332, 0.8399999996185738560, -2.060241672484219411 ) ) ;
#10507 = CARTESIAN_POINT ( 'NONE',  ( -0.2044995678506547898, 0.8400000000000000799, -2.501811393525809724 ) ) ;
#10508 = EDGE_LOOP ( 'NONE', ( #3049, #11654, #426, #8620 ) ) ;
#10509 =( NAMED_UNIT ( * ) PLANE_ANGLE_UNIT ( ) SI_UNIT ( $, .RADIAN. ) );
#10510 = CARTESIAN_POINT ( 'NONE',  ( 0.8435499225855567218, 0.8409999996185738569, -2.418797675110472056 ) ) ;
#10511 = SURFACE_STYLE_USAGE ( .BOTH. , #11822 ) ;
#10512 = CARTESIAN_POINT ( 'NONE',  ( -0.5881652059699430390, 0.8400000000000000799, -2.198867112266137180 ) ) ;
#10513 = SURFACE_SIDE_STYLE ('',( #6908 ) ) ;
#10514 = EDGE_LOOP ( 'NONE', ( #10650, #5964, #8689, #11375 ) ) ;
#10515 = CARTESIAN_POINT ( 'NONE',  ( -0.6798642645084208569, 0.8409999996185738569, -2.201586359471180643 ) ) ;
#10516 = PLANE ( 'NONE',  #5987 ) ;
#10517 = DIRECTION ( 'NONE',  ( -0.0000000000000000000, -1.000000000000000000, -0.0000000000000000000 ) ) ;
#10518 = DIRECTION ( 'NONE',  ( -0.0000000000000000000, -0.0000000000000000000, 1.000000000000000000 ) ) ;
#10519 = PRODUCT_DEFINITION ( 'н╢ж╙', '', #6713, #2399 ) ;
#10520 = SURFACE_STYLE_USAGE ( .BOTH. , #11437 ) ;
#10521 = ADVANCED_FACE ( 'NONE', ( #5841 ), #139, .T. ) ;
#10522 = ORIENTED_EDGE ( 'NONE', *, *, #3922, .F. ) ;
#10523 = SURFACE_STYLE_FILL_AREA ( #2915 ) ;
#10524 = CARTESIAN_POINT ( 'NONE',  ( -0.4244060964850521200, 0.8399999996185738560, -2.634248803718319820 ) ) ;
#10525 = SURFACE_SIDE_STYLE ('',( #3958 ) ) ;
#10526 = ORIENTED_EDGE ( 'NONE', *, *, #4406, .F. ) ;
#10527 = CARTESIAN_POINT ( 'NONE',  ( 0.9471950353051987737, 0.8399999996185738560, -2.400589759651599486 ) ) ;
#10528 = SURFACE_SIDE_STYLE ('',( #3407 ) ) ;
#10529 = AXIS2_PLACEMENT_3D ( 'NONE', #5465, #1870, #6302 ) ;
#10530 = VECTOR ( 'NONE', #4944, 1000.000000000000000 ) ;
#10531 = CARTESIAN_POINT ( 'NONE',  ( -0.5724036434634053316, 0.8399999996185738560, -2.246302869072096975 ) ) ;
#10532 = SURFACE_SIDE_STYLE ('',( #5648 ) ) ;
#10533 = CARTESIAN_POINT ( 'NONE',  ( -0.5177165607764262489, 0.8399999996185738560, -2.058473386177185560 ) ) ;
#10534 = ORIENTED_EDGE ( 'NONE', *, *, #7695, .T. ) ;
#10535 = CARTESIAN_POINT ( 'NONE',  ( -0.7623984528382984349, 0.8409999996185738569, -2.567979742191716319 ) ) ;
#10536 = EDGE_CURVE ( 'NONE', #11720, #1438, #10773, .T. ) ;
#10537 = EDGE_LOOP ( 'NONE', ( #10234, #7864, #6029, #4641 ) ) ;
#10538 = PRESENTATION_STYLE_ASSIGNMENT (( #4930 ) ) ;
#10539 = STYLED_ITEM ( 'NONE', ( #4188 ), #8377 ) ;
#10540 = COLOUR_RGB ( '',1.000000000000000000, 1.000000000000000000, 1.000000000000000000 ) ;
#10541 = DIRECTION ( 'NONE',  ( -1.000000000000000000, -0.0000000000000000000, -0.0000000000000000000 ) ) ;
#10542 = CARTESIAN_POINT ( 'NONE',  ( -0.1788177886883991763, 0.8409999996185738569, -2.099967084274983353 ) ) ;
#10543 = ORIENTED_EDGE ( 'NONE', *, *, #1226, .T. ) ;
#10544 = EDGE_LOOP ( 'NONE', ( #2215, #6930, #3467, #11162, #3510, #3145, #6899, #11539, #2720, #2269, #10980, #7412 ) ) ;
#10545 =( GEOMETRIC_REPRESENTATION_CONTEXT ( 3 ) GLOBAL_UNCERTAINTY_ASSIGNED_CONTEXT ( ( #1706 ) ) GLOBAL_UNIT_ASSIGNED_CONTEXT ( ( #11526, #8661, #1412 ) ) REPRESENTATION_CONTEXT ( 'NONE', 'WORKASPACE' ) );
#10546 = SURFACE_STYLE_USAGE ( .BOTH. , #6813 ) ;
#10547 = PRESENTATION_LAYER_ASSIGNMENT (  '', '', ( #6421 ) ) ;
#10548 = PLANE ( 'NONE',  #2029 ) ;
#10549 = COLOUR_RGB ( '',1.000000000000000000, 1.000000000000000000, 1.000000000000000000 ) ;
#10550 = EDGE_CURVE ( 'NONE', #2436, #2367, #6126, .T. ) ;
#10551 = UNCERTAINTY_MEASURE_WITH_UNIT (LENGTH_MEASURE( 1.000000000000000082E-05 ), #1261, 'distance_accuracy_value', 'NONE');
#10552 = DIRECTION ( 'NONE',  ( 1.000000000000000000, 0.0000000000000000000, -0.0000000000000000000 ) ) ;
#10553 =( NAMED_UNIT ( * ) SI_UNIT ( $, .STERADIAN. ) SOLID_ANGLE_UNIT ( ) );
#10554 = AXIS2_PLACEMENT_3D ( 'NONE', #6254, #9992, #11881 ) ;
#10555 = STYLED_ITEM ( 'NONE', ( #1591 ), #7147 ) ;
#10556 =( NAMED_UNIT ( * ) SI_UNIT ( $, .STERADIAN. ) SOLID_ANGLE_UNIT ( ) );
#10557 =( GEOMETRIC_REPRESENTATION_CONTEXT ( 3 ) GLOBAL_UNCERTAINTY_ASSIGNED_CONTEXT ( ( #6300 ) ) GLOBAL_UNIT_ASSIGNED_CONTEXT ( ( #6793, #4075, #4742 ) ) REPRESENTATION_CONTEXT ( 'NONE', 'WORKASPACE' ) );
#10558 = B_SPLINE_SURFACE_WITH_KNOTS ( 'NONE', 3, 1, ( 
 ( #6912, #2667 ),
 ( #7199, #10072 ),
 ( #6272, #3748 ),
 ( #5507, #7452 ) ),
 .UNSPECIFIED., .F., .F., .F.,
 ( 4, 4 ),
 ( 2, 2 ),
 ( 5.000000000000000000, 6.000000000000000000 ),
 ( 0.0000000000000000000, 1.000000000000000000 ),
 .UNSPECIFIED. ) ;
#10559 = FILL_AREA_STYLE ('',( #4232 ) ) ;
#10560 = ORIENTED_EDGE ( 'NONE', *, *, #1334, .T. ) ;
#10561 = ORIENTED_EDGE ( 'NONE', *, *, #6690, .T. ) ;
#10562 = UNCERTAINTY_MEASURE_WITH_UNIT (LENGTH_MEASURE( 1.000000000000000082E-05 ), #6348, 'distance_accuracy_value', 'NONE');
#10563 = FILL_AREA_STYLE_COLOUR ( '', #3385 ) ;
#10564 = CARTESIAN_POINT ( 'NONE',  ( 0.3225231288964311438, 0.8409999996185738569, -2.109263018785977106 ) ) ;
#10565 = STYLED_ITEM ( 'NONE', ( #2011 ), #9254 ) ;
#10566 = MECHANICAL_DESIGN_GEOMETRIC_PRESENTATION_REPRESENTATION (  '', ( #4731 ), #129 ) ;
#10567 = AXIS2_PLACEMENT_3D ( 'NONE', #5550, #135, #2701 ) ;
#10568 = ORIENTED_EDGE ( 'NONE', *, *, #5107, .T. ) ;
#10569 = PRESENTATION_STYLE_ASSIGNMENT (( #5194 ) ) ;
#10570 = CARTESIAN_POINT ( 'NONE',  ( -0.8418608989513860497, 0.8400000000000000799, -2.492243671877132805 ) ) ;
#10571 = ORIENTED_EDGE ( 'NONE', *, *, #11463, .F. ) ;
#10572 = B_SPLINE_CURVE_WITH_KNOTS ( 'NONE', 3,
 ( #6292, #10033, #9102, #1745 ),
 .UNSPECIFIED., .F., .F.,
 ( 4, 4 ),
 ( 5.000000000000000000, 6.000000000000000000 ),
 .UNSPECIFIED. ) ;
#10573 = CARTESIAN_POINT ( 'NONE',  ( -1.008591037790359080, 0.8409999996185738569, -2.514098362380861484 ) ) ;
#10574 =( GEOMETRIC_REPRESENTATION_CONTEXT ( 3 ) GLOBAL_UNCERTAINTY_ASSIGNED_CONTEXT ( ( #1820 ) ) GLOBAL_UNIT_ASSIGNED_CONTEXT ( ( #9073, #4525, #1108 ) ) REPRESENTATION_CONTEXT ( 'NONE', 'WORKASPACE' ) );
#10575 =( NAMED_UNIT ( * ) PLANE_ANGLE_UNIT ( ) SI_UNIT ( $, .RADIAN. ) );
#10576 =( GEOMETRIC_REPRESENTATION_CONTEXT ( 3 ) GLOBAL_UNCERTAINTY_ASSIGNED_CONTEXT ( ( #1890 ) ) GLOBAL_UNIT_ASSIGNED_CONTEXT ( ( #6090, #10799, #9807 ) ) REPRESENTATION_CONTEXT ( 'NONE', 'WORKASPACE' ) );
#10577 = EDGE_CURVE ( 'NONE', #10176, #8171, #1163, .T. ) ;
#10578 = EDGE_CURVE ( 'NONE', #395, #7447, #1984, .T. ) ;
#10579 = CARTESIAN_POINT ( 'NONE',  ( 0.8841675986457352421, 0.8399999996185738560, -2.203103786108907780 ) ) ;
#10580 = ORIENTED_EDGE ( 'NONE', *, *, #11416, .T. ) ;
#10581 = DIRECTION ( 'NONE',  ( 1.543409377115608514E-14, -0.0000000000000000000, 1.000000000000000000 ) ) ;
#10582 =( GEOMETRIC_REPRESENTATION_CONTEXT ( 3 ) GLOBAL_UNCERTAINTY_ASSIGNED_CONTEXT ( ( #3368 ) ) GLOBAL_UNIT_ASSIGNED_CONTEXT ( ( #5705, #1980, #5884 ) ) REPRESENTATION_CONTEXT ( 'NONE', 'WORKASPACE' ) );
#10583 = SURFACE_STYLE_USAGE ( .BOTH. , #11553 ) ;
#10584 = CARTESIAN_POINT ( 'NONE',  ( -0.3183554554722341501, 0.8400000000000000799, -2.255467739283381068 ) ) ;
#10585 = ORIENTED_EDGE ( 'NONE', *, *, #7149, .T. ) ;
#10586 = LINE ( 'NONE', #5880, #6669 ) ;
#10587 =( LENGTH_UNIT ( ) NAMED_UNIT ( * ) SI_UNIT ( .MILLI., .METRE. ) );
#10588 = ORIENTED_EDGE ( 'NONE', *, *, #11679, .T. ) ;
#10589 = CARTESIAN_POINT ( 'NONE',  ( -0.1767028186394361822, 0.8399999996185738560, -2.449843558043874658 ) ) ;
#10590 =( GEOMETRIC_REPRESENTATION_CONTEXT ( 3 ) GLOBAL_UNCERTAINTY_ASSIGNED_CONTEXT ( ( #10677 ) ) GLOBAL_UNIT_ASSIGNED_CONTEXT ( ( #1928, #3663, #8389 ) ) REPRESENTATION_CONTEXT ( 'NONE', 'WORKASPACE' ) );
#10591 = PLANE ( 'NONE',  #7036 ) ;
#10592 = ADVANCED_FACE ( 'NONE', ( #268 ), #1205, .T. ) ;
#10593 = EDGE_CURVE ( 'NONE', #225, #3298, #7809, .T. ) ;
#10594 = CARTESIAN_POINT ( 'NONE',  ( -0.2322459606321946035, 0.8409999996185738569, -2.055149861814719703 ) ) ;
#10595 = CARTESIAN_POINT ( 'NONE',  ( -0.3437854524861159722, 0.8409999996185738569, -2.081133779555683905 ) ) ;
#10596 =( GEOMETRIC_REPRESENTATION_CONTEXT ( 3 ) GLOBAL_UNCERTAINTY_ASSIGNED_CONTEXT ( ( #3126 ) ) GLOBAL_UNIT_ASSIGNED_CONTEXT ( ( #3196, #2363, #11517 ) ) REPRESENTATION_CONTEXT ( 'NONE', 'WORKASPACE' ) );
#10597 = DIRECTION ( 'NONE',  ( 3.439386710808917165E-15, -0.0000000000000000000, 1.000000000000000000 ) ) ;
#10598 =( GEOMETRIC_REPRESENTATION_CONTEXT ( 3 ) GLOBAL_UNCERTAINTY_ASSIGNED_CONTEXT ( ( #5050 ) ) GLOBAL_UNIT_ASSIGNED_CONTEXT ( ( #1119, #8536, #11337 ) ) REPRESENTATION_CONTEXT ( 'NONE', 'WORKASPACE' ) );
#10599 = VERTEX_POINT ( 'NONE', #6349 ) ;
#10600 = FACE_OUTER_BOUND ( 'NONE', #9135, .T. ) ;
#10601 = EDGE_CURVE ( 'NONE', #37, #4426, #721, .T. ) ;
#10602 = CARTESIAN_POINT ( 'NONE',  ( -0.4746114569264016647, 0.8409999996185738569, -2.589230155538022604 ) ) ;
#10603 = VECTOR ( 'NONE', #10662, 1000.000000000000000 ) ;
#10604 = VECTOR ( 'NONE', #11600, 1000.000000000000000 ) ;
#10605 = MECHANICAL_DESIGN_GEOMETRIC_PRESENTATION_REPRESENTATION (  '', ( #5918 ), #6884 ) ;
#10606 = ORIENTED_EDGE ( 'NONE', *, *, #10674, .T. ) ;
#10607 =( LENGTH_UNIT ( ) NAMED_UNIT ( * ) SI_UNIT ( .MILLI., .METRE. ) );
#10608 = SURFACE_SIDE_STYLE ('',( #1395 ) ) ;
#10609 = MECHANICAL_DESIGN_GEOMETRIC_PRESENTATION_REPRESENTATION (  '', ( #8086 ), #6496 ) ;
#10610 =( NAMED_UNIT ( * ) SI_UNIT ( $, .STERADIAN. ) SOLID_ANGLE_UNIT ( ) );
#10611 = EDGE_CURVE ( 'NONE', #2304, #10190, #10945, .T. ) ;
#10612 = ORIENTED_EDGE ( 'NONE', *, *, #6705, .F. ) ;
#10613 = ORIENTED_EDGE ( 'NONE', *, *, #5441, .F. ) ;
#10614 = ADVANCED_FACE ( 'NONE', ( #6290 ), #4076, .T. ) ;
#10615 = STYLED_ITEM ( 'NONE', ( #7382 ), #10394 ) ;
#10616 =( NAMED_UNIT ( * ) PLANE_ANGLE_UNIT ( ) SI_UNIT ( $, .RADIAN. ) );
#10617 = FILL_AREA_STYLE_COLOUR ( '', #9361 ) ;
#10618 = MECHANICAL_DESIGN_GEOMETRIC_PRESENTATION_REPRESENTATION (  '', ( #9827 ), #9425 ) ;
#10619 = SURFACE_SIDE_STYLE ('',( #6875 ) ) ;
#10620 = VECTOR ( 'NONE', #1446, 1000.000000000000000 ) ;
#10621 = CARTESIAN_POINT ( 'NONE',  ( -0.2268578226511144547, 0.8400000000000000799, -2.539578715823747501 ) ) ;
#10622 = AXIS2_PLACEMENT_3D ( 'NONE', #8253, #11727, #6210 ) ;
#10623 = CARTESIAN_POINT ( 'NONE',  ( 0.7315011463022886851, 0.8409999996185738569, -2.379580614097772440 ) ) ;
#10624 = CARTESIAN_POINT ( 'NONE',  ( -0.1314323883114438540, 0.8399999996185738560, -2.160696938530807909 ) ) ;
#10625 = EDGE_LOOP ( 'NONE', ( #9762, #1988, #2405, #10571 ) ) ;
#10626 = EDGE_CURVE ( 'NONE', #11429, #5074, #8269, .T. ) ;
#10627 = ORIENTED_EDGE ( 'NONE', *, *, #2549, .F. ) ;
#10628 = COLOUR_RGB ( '',1.000000000000000000, 1.000000000000000000, 1.000000000000000000 ) ;
#10629 = PRESENTATION_STYLE_ASSIGNMENT (( #524 ) ) ;
#10630 = B_SPLINE_CURVE_WITH_KNOTS ( 'NONE', 3,
 ( #4219, #11681, #7041, #622 ),
 .UNSPECIFIED., .F., .F.,
 ( 4, 4 ),
 ( 11.00000000000000000, 12.00000000000000000 ),
 .UNSPECIFIED. ) ;
#10631 = CARTESIAN_POINT ( 'NONE',  ( 0.5914402026622124220, 0.8399999996185738560, -2.521042199499166081 ) ) ;
#10632 = FILL_AREA_STYLE_COLOUR ( '', #1924 ) ;
#10633 = LINE ( 'NONE', #3088, #9220 ) ;
#10634 = EDGE_LOOP ( 'NONE', ( #627, #7182, #6662, #1540 ) ) ;
#10635 = LINE ( 'NONE', #4296, #3588 ) ;
#10636 = DIRECTION ( 'NONE',  ( -0.0000000000000000000, -0.0000000000000000000, -1.000000000000000000 ) ) ;
#10637 = ORIENTED_EDGE ( 'NONE', *, *, #2176, .F. ) ;
#10638 = COLOUR_RGB ( '',1.000000000000000000, 1.000000000000000000, 1.000000000000000000 ) ;
#10639 = PRESENTATION_STYLE_ASSIGNMENT (( #6904 ) ) ;
#10640 = B_SPLINE_CURVE_WITH_KNOTS ( 'NONE', 3,
 ( #2478, #854, #9916, #4465 ),
 .UNSPECIFIED., .F., .F.,
 ( 4, 4 ),
 ( 1.000000000000000000, 2.000000000000000000 ),
 .UNSPECIFIED. ) ;
#10641 = CARTESIAN_POINT ( 'NONE',  ( -0.6879212932655470736, 0.8409999996185738569, -2.179328817530069351 ) ) ;
#10642 =( NAMED_UNIT ( * ) SI_UNIT ( $, .STERADIAN. ) SOLID_ANGLE_UNIT ( ) );
#10643 = ORIENTED_EDGE ( 'NONE', *, *, #9223, .F. ) ;
#10644 = SURFACE_SIDE_STYLE ('',( #1492 ) ) ;
#10645 = SURFACE_STYLE_FILL_AREA ( #8739 ) ;
#10646 = CARTESIAN_POINT ( 'NONE',  ( 0.7329017613490935723, 0.8409999996185738569, -2.224112931662733050 ) ) ;
#10647 = SURFACE_SIDE_STYLE ('',( #6913 ) ) ;
#10648 = VECTOR ( 'NONE', #5136, 1000.000000000000000 ) ;
#10649 = DIRECTION ( 'NONE',  ( -0.0000000000000000000, -1.000000000000000000, -0.0000000000000000000 ) ) ;
#10650 = ORIENTED_EDGE ( 'NONE', *, *, #11564, .T. ) ;
#10651 = LINE ( 'NONE', #11792, #11521 ) ;
#10652 = LINE ( 'NONE', #7024, #7228 ) ;
#10653 = EDGE_LOOP ( 'NONE', ( #463, #1146, #6016, #5065 ) ) ;
#10654 = EDGE_CURVE ( 'NONE', #276, #9720, #7352, .T. ) ;
#10655 = CARTESIAN_POINT ( 'NONE',  ( -0.3337141665400489843, 0.8409999996185738569, -2.571303266554186173 ) ) ;
#10656 = DIRECTION ( 'NONE',  ( 1.000000000000000000, 0.0000000000000000000, -2.394945585112191800E-15 ) ) ;
#10657 = CARTESIAN_POINT ( 'NONE',  ( -0.3183554554722334839, 0.8409999996185738569, -2.058473386177186448 ) ) ;
#10658 = SURFACE_SIDE_STYLE ('',( #6927 ) ) ;
#10659 = LINE ( 'NONE', #4084, #10620 ) ;
#10660 = ORIENTED_EDGE ( 'NONE', *, *, #11659, .T. ) ;
#10661 = UNCERTAINTY_MEASURE_WITH_UNIT (LENGTH_MEASURE( 1.000000000000000082E-05 ), #4003, 'distance_accuracy_value', 'NONE');
#10662 = DIRECTION ( 'NONE',  ( 0.0000000000000000000, 1.000000000000000000, 0.0000000000000000000 ) ) ;
#10663 = ADVANCED_FACE ( 'NONE', ( #1201 ), #2798, .F. ) ;
#10664 = EDGE_CURVE ( 'NONE', #5071, #8107, #7659, .T. ) ;
#10665 = B_SPLINE_SURFACE_WITH_KNOTS ( 'NONE', 3, 1, ( 
 ( #4635, #6362 ),
 ( #9110, #9350 ),
 ( #6487, #10041 ),
 ( #1091, #7415 ) ),
 .UNSPECIFIED., .F., .F., .F.,
 ( 4, 4 ),
 ( 2, 2 ),
 ( 2.000000000000000000, 3.000000000000000000 ),
 ( 0.0000000000000000000, 1.000000000000000000 ),
 .UNSPECIFIED. ) ;
#10666 = ORIENTED_EDGE ( 'NONE', *, *, #2127, .T. ) ;
#10667 = SURFACE_STYLE_USAGE ( .BOTH. , #1159 ) ;
#10668 = VECTOR ( 'NONE', #920, 1000.000000000000000 ) ;
#10669 = ORIENTED_EDGE ( 'NONE', *, *, #5258, .T. ) ;
#10670 = ORIENTED_EDGE ( 'NONE', *, *, #1840, .F. ) ;
#10671 = VECTOR ( 'NONE', #4583, 1000.000000000000000 ) ;
#10672 = CARTESIAN_POINT ( 'NONE',  ( -0.7082149344480581643, 0.8409999996185738569, -2.567979742191716319 ) ) ;
#10673 = SURFACE_SIDE_STYLE ('',( #8891 ) ) ;
#10674 = EDGE_CURVE ( 'NONE', #536, #7171, #187, .T. ) ;
#10675 = CARTESIAN_POINT ( 'NONE',  ( 0.1418445091968519312, 0.8409999996185738569, -2.372577592294788484 ) ) ;
#10676 = ADVANCED_FACE ( 'NONE', ( #4802 ), #9288, .F. ) ;
#10677 = UNCERTAINTY_MEASURE_WITH_UNIT (LENGTH_MEASURE( 1.000000000000000082E-05 ), #1928, 'distance_accuracy_value', 'NONE');
#10678 = CARTESIAN_POINT ( 'NONE',  ( -0.1961404005154839814, 0.8399999996185738560, -2.258791263645847369 ) ) ;
#10679 =( NAMED_UNIT ( * ) PLANE_ANGLE_UNIT ( ) SI_UNIT ( $, .RADIAN. ) );
#10680 = CARTESIAN_POINT ( 'NONE',  ( 0.2286823215024052780, 0.8409999996185738569, -2.373978234055434733 ) ) ;
#10681 = CARTESIAN_POINT ( 'NONE',  ( -0.1936729354588052066, 0.8399999996185738560, -2.571303266554186617 ) ) ;
#10682 = CARTESIAN_POINT ( 'NONE',  ( -0.3330595329536246707, 0.8399999996185738560, -2.506142046483079699 ) ) ;
#10683 =( GEOMETRIC_REPRESENTATION_CONTEXT ( 3 ) GLOBAL_UNCERTAINTY_ASSIGNED_CONTEXT ( ( #8292 ) ) GLOBAL_UNIT_ASSIGNED_CONTEXT ( ( #10767, #4382, #5160 ) ) REPRESENTATION_CONTEXT ( 'NONE', 'WORKASPACE' ) );
#10684 = CARTESIAN_POINT ( 'NONE',  ( -0.9679030425686760974, 0.8409999996185738569, -2.396163603951712684 ) ) ;
#10685 = ORIENTED_EDGE ( 'NONE', *, *, #10578, .T. ) ;
#10686 = ORIENTED_EDGE ( 'NONE', *, *, #7985, .F. ) ;
#10687 = LINE ( 'NONE', #5981, #9020 ) ;
#10688 = DIRECTION ( 'NONE',  ( -0.0000000000000000000, -1.000000000000000000, -0.0000000000000000000 ) ) ;
#10689 = ORIENTED_EDGE ( 'NONE', *, *, #4098, .T. ) ;
#10690 = LINE ( 'NONE', #1484, #10192 ) ;
#10691 = VERTEX_POINT ( 'NONE', #2863 ) ;
#10692 = SURFACE_SIDE_STYLE ('',( #11478 ) ) ;
#10693 = DIRECTION ( 'NONE',  ( -1.000000000000000000, -0.0000000000000000000, -0.0000000000000000000 ) ) ;
#10694 = FILL_AREA_STYLE ('',( #5255 ) ) ;
#10695 =( LENGTH_UNIT ( ) NAMED_UNIT ( * ) SI_UNIT ( .MILLI., .METRE. ) );
#10696 = VERTEX_POINT ( 'NONE', #6543 ) ;
#10697 = PLANE ( 'NONE',  #8986 ) ;
#10698 = CARTESIAN_POINT ( 'NONE',  ( -0.2374326728945912734, 0.8409999996185738569, -2.567979742191718096 ) ) ;
#10699 = CARTESIAN_POINT ( 'NONE',  ( -0.5921937203478343514, 0.8399999996185738560, -2.227872415791527061 ) ) ;
#10700 =( NAMED_UNIT ( * ) PLANE_ANGLE_UNIT ( ) SI_UNIT ( $, .RADIAN. ) );
#10701 = ORIENTED_EDGE ( 'NONE', *, *, #7973, .F. ) ;
#10702 = CARTESIAN_POINT ( 'NONE',  ( -0.3838188141220478800, 0.8409999996185738569, -2.454274923860495505 ) ) ;
#10703 = ADVANCED_FACE ( 'NONE', ( #10393 ), #9465, .F. ) ;
#10704 = LINE ( 'NONE', #4434, #4898 ) ;
#10705 = VERTEX_POINT ( 'NONE', #10584 ) ;
#10706 = SURFACE_SIDE_STYLE ('',( #7913 ) ) ;
#10707 = DIRECTION ( 'NONE',  ( 1.000000000000000000, 0.0000000000000000000, -3.272121703647071695E-15 ) ) ;
#10708 =( NAMED_UNIT ( * ) PLANE_ANGLE_UNIT ( ) SI_UNIT ( $, .RADIAN. ) );
#10709 = CARTESIAN_POINT ( 'NONE',  ( -0.4142340976789598561, 0.8399999996185738560, -2.166739710098317229 ) ) ;
#10710 = SURFACE_STYLE_USAGE ( .BOTH. , #2348 ) ;
#10711 = CARTESIAN_POINT ( 'NONE',  ( -0.1490571387172380802, 0.8409999996185738569, -2.542902240186215135 ) ) ;
#10712 = ORIENTED_EDGE ( 'NONE', *, *, #5958, .F. ) ;
#10713 = FACE_OUTER_BOUND ( 'NONE', #2369, .T. ) ;
#10714 = FILL_AREA_STYLE_COLOUR ( '', #7879 ) ;
#10715 = EDGE_LOOP ( 'NONE', ( #2602, #8742, #2539, #4654 ) ) ;
#10716 = CARTESIAN_POINT ( 'NONE',  ( 0.1418445091968517091, 0.8409999996185738569, -2.421598931918591546 ) ) ;
#10717 = PRESENTATION_LAYER_ASSIGNMENT (  '', '', ( #7602 ) ) ;
#10718 =( GEOMETRIC_REPRESENTATION_CONTEXT ( 3 ) GLOBAL_UNCERTAINTY_ASSIGNED_CONTEXT ( ( #2571 ) ) GLOBAL_UNIT_ASSIGNED_CONTEXT ( ( #1486, #5251, #6041 ) ) REPRESENTATION_CONTEXT ( 'NONE', 'WORKASPACE' ) );
#10719 = CARTESIAN_POINT ( 'NONE',  ( -0.3336134536800268169, 0.8409999996185738569, -2.445815043665983346 ) ) ;
#10720 = DIRECTION ( 'NONE',  ( -0.0000000000000000000, -0.0000000000000000000, 1.000000000000000000 ) ) ;
#10721 = ORIENTED_EDGE ( 'NONE', *, *, #3362, .T. ) ;
#10722 = EDGE_CURVE ( 'NONE', #2323, #4913, #3159, .T. ) ;
#10723 = ORIENTED_EDGE ( 'NONE', *, *, #5281, .F. ) ;
#10724 = EDGE_CURVE ( 'NONE', #7678, #259, #2728, .T. ) ;
#10725 = DIRECTION ( 'NONE',  ( -0.0000000000000000000, -1.000000000000000000, -0.0000000000000000000 ) ) ;
#10726 = PRESENTATION_LAYER_ASSIGNMENT (  '', '', ( #103 ) ) ;
#10727 = CARTESIAN_POINT ( 'NONE',  ( -0.2243903575944334872, 0.8409999996185738569, -2.258791263645847369 ) ) ;
#10728 = PRESENTATION_STYLE_ASSIGNMENT (( #513 ) ) ;
#10729 = DIRECTION ( 'NONE',  ( -0.0000000000000000000, -0.0000000000000000000, 1.000000000000000000 ) ) ;
#10730 = SURFACE_SIDE_STYLE ('',( #4101 ) ) ;
#10731 = CARTESIAN_POINT ( 'NONE',  ( -0.1788681451180696991, 0.8409999996185738569, -2.064818296322736391 ) ) ;
#10732 = PRESENTATION_STYLE_ASSIGNMENT (( #10511 ) ) ;
#10733 =( NAMED_UNIT ( * ) SI_UNIT ( $, .STERADIAN. ) SOLID_ANGLE_UNIT ( ) );
#10734 = ORIENTED_EDGE ( 'NONE', *, *, #8232, .F. ) ;
#10735 = LINE ( 'NONE', #7129, #4136 ) ;
#10736 = EDGE_CURVE ( 'NONE', #4256, #1886, #2274, .T. ) ;
#10737 = ORIENTED_EDGE ( 'NONE', *, *, #9223, .T. ) ;
#10738 = DIRECTION ( 'NONE',  ( 0.0000000000000000000, -0.0000000000000000000, -1.000000000000000000 ) ) ;
#10739 = CARTESIAN_POINT ( 'NONE',  ( -0.5157023035868132377, 0.8409999996185738569, -2.255467739283380180 ) ) ;
#10740 = VECTOR ( 'NONE', #4947, 1000.000000000000000 ) ;
#10741 = CARTESIAN_POINT ( 'NONE',  ( -0.2200000000000000289, -0.02999999999999966929, -8.279999999999999361 ) ) ;
#10742 = ORIENTED_EDGE ( 'NONE', *, *, #5425, .T. ) ;
#10743 = DIRECTION ( 'NONE',  ( 0.3385350343141476093, 0.0000000000000000000, -0.9409537876760573072 ) ) ;
#10744 = VECTOR ( 'NONE', #5266, 1000.000000000000000 ) ;
#10745 = VERTEX_POINT ( 'NONE', #7908 ) ;
#10746 = PRESENTATION_STYLE_ASSIGNMENT (( #8010 ) ) ;
#10747 = CARTESIAN_POINT ( 'NONE',  ( -0.9640759539081356078, 0.8409999996185738569, -2.409961265696968447 ) ) ;
#10748 = VECTOR ( 'NONE', #1109, 1000.000000000000000 ) ;
#10749 = CARTESIAN_POINT ( 'NONE',  ( 0.3561377831529547455, 0.8399999996185738560, -2.078449601301691985 ) ) ;
#10750 = SURFACE_SIDE_STYLE ('',( #5019 ) ) ;
#10751 = ORIENTED_EDGE ( 'NONE', *, *, #9014, .T. ) ;
#10752 = CARTESIAN_POINT ( 'NONE',  ( -0.6609302469297732019, 0.8409999996185738569, -2.255467739283379736 ) ) ;
#10753 = PRESENTATION_LAYER_ASSIGNMENT (  '', '', ( #11137 ) ) ;
#10754 = B_SPLINE_CURVE_WITH_KNOTS ( 'NONE', 3,
 ( #11282, #11101, #9271, #2950 ),
 .UNSPECIFIED., .F., .F.,
 ( 4, 4 ),
 ( 5.000000000000000000, 6.000000000000000000 ),
 .UNSPECIFIED. ) ;
#10755 = SURFACE_SIDE_STYLE ('',( #4253 ) ) ;
#10756 = B_SPLINE_SURFACE_WITH_KNOTS ( 'NONE', 3, 1, ( 
 ( #4604, #6638 ),
 ( #2949, #6577 ),
 ( #10256, #11344 ),
 ( #8541, #11420 ) ),
 .UNSPECIFIED., .F., .F., .F.,
 ( 4, 4 ),
 ( 2, 2 ),
 ( 2.000000000000000000, 3.000000000000000000 ),
 ( 0.0000000000000000000, 1.000000000000000000 ),
 .UNSPECIFIED. ) ;
#10757 = SURFACE_STYLE_USAGE ( .BOTH. , #2555 ) ;
#10758 = ORIENTED_EDGE ( 'NONE', *, *, #9193, .T. ) ;
#10759 = CARTESIAN_POINT ( 'NONE',  ( -0.4182122556278534686, 0.8399999996185738560, -2.634248803718319820 ) ) ;
#10760 = CARTESIAN_POINT ( 'NONE',  ( -0.2621073234627077087, 0.8409999996185738569, -2.477438881537072923 ) ) ;
#10761 = PRESENTATION_LAYER_ASSIGNMENT (  '', '', ( #3193 ) ) ;
#10762 = ORIENTED_EDGE ( 'NONE', *, *, #1398, .F. ) ;
#10763 = VECTOR ( 'NONE', #7749, 1000.000000000000000 ) ;
#10764 =( NAMED_UNIT ( * ) PLANE_ANGLE_UNIT ( ) SI_UNIT ( $, .RADIAN. ) );
#10765 = LINE ( 'NONE', #489, #3343 ) ;
#10766 = CARTESIAN_POINT ( 'NONE',  ( 0.4443761837901294975, 0.8399999996185738560, -2.525244071352073405 ) ) ;
#10767 =( LENGTH_UNIT ( ) NAMED_UNIT ( * ) SI_UNIT ( .MILLI., .METRE. ) );
#10768 = CARTESIAN_POINT ( 'NONE',  ( -0.3337141665400489843, 0.8399999996185738560, -2.571303266554186173 ) ) ;
#10769 = EDGE_CURVE ( 'NONE', #7261, #11065, #9653, .T. ) ;
#10770 = COLOUR_RGB ( '',1.000000000000000000, 1.000000000000000000, 1.000000000000000000 ) ;
#10771 = AXIS2_PLACEMENT_3D ( 'NONE', #5170, #8760, #7111 ) ;
#10772 = CARTESIAN_POINT ( 'NONE',  ( 0.4009573043522013380, 0.8409999996185738569, -2.481825191914147410 ) ) ;
#10773 = LINE ( 'NONE', #2122, #8462 ) ;
#10774 = ORIENTED_EDGE ( 'NONE', *, *, #5621, .F. ) ;
#10775 = PRESENTATION_STYLE_ASSIGNMENT (( #9721 ) ) ;
#10776 = SURFACE_SIDE_STYLE ('',( #10890 ) ) ;
#10777 = ORIENTED_EDGE ( 'NONE', *, *, #4372, .F. ) ;
#10778 = SURFACE_STYLE_FILL_AREA ( #10892 ) ;
#10779 = AXIS2_PLACEMENT_3D ( 'NONE', #8610, #7658, #372 ) ;
#10780 = CARTESIAN_POINT ( 'NONE',  ( 0.7805224859260933012, 0.8399999996185738560, -2.203103786108907780 ) ) ;
#10781 =( NAMED_UNIT ( * ) SI_UNIT ( $, .STERADIAN. ) SOLID_ANGLE_UNIT ( ) );
#10782 = EDGE_LOOP ( 'NONE', ( #9769, #8916, #2834, #3719 ) ) ;
#10783 =( GEOMETRIC_REPRESENTATION_CONTEXT ( 3 ) GLOBAL_UNCERTAINTY_ASSIGNED_CONTEXT ( ( #8708 ) ) GLOBAL_UNIT_ASSIGNED_CONTEXT ( ( #2782, #7462, #5630 ) ) REPRESENTATION_CONTEXT ( 'NONE', 'WORKASPACE' ) );
#10784 = VERTEX_POINT ( 'NONE', #6791 ) ;
#10785 = DIRECTION ( 'NONE',  ( -1.000000000000000000, 0.0000000000000000000, -0.0000000000000000000 ) ) ;
#10786 = CARTESIAN_POINT ( 'NONE',  ( -0.5401755284348924713, 0.8409999996185738569, -2.081133779555683017 ) ) ;
#10787 = COLOUR_RGB ( '',1.000000000000000000, 1.000000000000000000, 1.000000000000000000 ) ;
#10788 = UNCERTAINTY_MEASURE_WITH_UNIT (LENGTH_MEASURE( 1.000000000000000082E-05 ), #4998, 'distance_accuracy_value', 'NONE');
#10789 = CARTESIAN_POINT ( 'NONE',  ( -0.2072188150563704090, 0.8399999996185738560, -2.236130870267349469 ) ) ;
#10790 =( NAMED_UNIT ( * ) SI_UNIT ( $, .STERADIAN. ) SOLID_ANGLE_UNIT ( ) );
#10791 = VECTOR ( 'NONE', #11332, 1000.000000000000000 ) ;
#10792 = EDGE_CURVE ( 'NONE', #8131, #1517, #9522, .T. ) ;
#10793 = FACE_OUTER_BOUND ( 'NONE', #6205, .T. ) ;
#10794 = AXIS2_PLACEMENT_3D ( 'NONE', #5138, #8860, #11660 ) ;
#10795 = CARTESIAN_POINT ( 'NONE',  ( 0.4765901962866804231, 0.8399999996185738560, -2.005617892709753658 ) ) ;
#10796 = CARTESIAN_POINT ( 'NONE',  ( -0.1581212960691744385, 0.8409999996185738569, -2.182753054751883859 ) ) ;
#10797 = CARTESIAN_POINT ( 'NONE',  ( -0.3460514918241027194, 0.8399999996185738560, -2.510976263737089376 ) ) ;
#10798 = CARTESIAN_POINT ( 'NONE',  ( 1.050000000000000044, -0.02999999999999968317, -8.279999999999999361 ) ) ;
#10799 =( NAMED_UNIT ( * ) PLANE_ANGLE_UNIT ( ) SI_UNIT ( $, .RADIAN. ) );
#10800 = VECTOR ( 'NONE', #3985, 1000.000000000000000 ) ;
#10801 = VECTOR ( 'NONE', #5369, 1000.000000000000000 ) ;
#10802 = CARTESIAN_POINT ( 'NONE',  ( -0.5475779236062666699, 0.8409999996185738569, -2.058473386177185116 ) ) ;
#10803 = ORIENTED_EDGE ( 'NONE', *, *, #10611, .T. ) ;
#10804 = DIRECTION ( 'NONE',  ( -0.3493954794691455090, -0.0000000000000000000, -0.9369753459544845064 ) ) ;
#10805 = ORIENTED_EDGE ( 'NONE', *, *, #501, .F. ) ;
#10806 = CARTESIAN_POINT ( 'NONE',  ( -0.2200000000000000289, -0.02999999999999966929, -8.279999999999999361 ) ) ;
#10807 = CARTESIAN_POINT ( 'NONE',  ( -0.7644127100265689645, 0.8409999996185738569, -2.370985389085523032 ) ) ;
#10808 = VECTOR ( 'NONE', #1942, 1000.000000000000000 ) ;
#10809 = COLOUR_RGB ( '',1.000000000000000000, 1.000000000000000000, 1.000000000000000000 ) ;
#10810 = FILL_AREA_STYLE ('',( #695 ) ) ;
#10811 = ORIENTED_EDGE ( 'NONE', *, *, #10292, .F. ) ;
#10812 = ADVANCED_FACE ( 'NONE', ( #1257 ), #7664, .F. ) ;
#10813 = PLANE ( 'NONE',  #1511 ) ;
#10814 = ADVANCED_FACE ( 'NONE', ( #1434 ), #11347, .F. ) ;
#10815 = ORIENTED_EDGE ( 'NONE', *, *, #5738, .F. ) ;
#10816 = AXIS2_PLACEMENT_3D ( 'NONE', #10083, #7279, #4674 ) ;
#10817 = CARTESIAN_POINT ( 'NONE',  ( 0.7875255611587705928, 0.8399999996185738560, -2.553256318852417994 ) ) ;
#10818 = FILL_AREA_STYLE_COLOUR ( '', #9801 ) ;
#10819 = MECHANICAL_DESIGN_GEOMETRIC_PRESENTATION_REPRESENTATION (  '', ( #7100 ), #2839 ) ;
#10820 = CARTESIAN_POINT ( 'NONE',  ( -0.3191108019180085575, 0.8409999996185738569, -2.571303266554186173 ) ) ;
#10821 = ORIENTED_EDGE ( 'NONE', *, *, #4051, .F. ) ;
#10822 =( NAMED_UNIT ( * ) PLANE_ANGLE_UNIT ( ) SI_UNIT ( $, .RADIAN. ) );
#10823 = CARTESIAN_POINT ( 'NONE',  ( -0.1650201269418044014, 0.8409999996185738569, -2.114671161757042839 ) ) ;
#10824 = SURFACE_SIDE_STYLE ('',( #3334 ) ) ;
#10825 = COLOUR_RGB ( '',1.000000000000000000, 1.000000000000000000, 1.000000000000000000 ) ;
#10826 = CARTESIAN_POINT ( 'NONE',  ( 0.2200000000000000011, 0.3500000000000004774, -8.279999999999999361 ) ) ;
#10827 = ADVANCED_FACE ( 'NONE', ( #5263 ), #8973, .F. ) ;
#10828 =( NAMED_UNIT ( * ) PLANE_ANGLE_UNIT ( ) SI_UNIT ( $, .RADIAN. ) );
#10829 = EDGE_LOOP ( 'NONE', ( #7735, #9428, #3869, #7040, #8864, #9657, #4065 ) ) ;
#10830 = SURFACE_STYLE_FILL_AREA ( #10082 ) ;
#10831 = COLOUR_RGB ( '',1.000000000000000000, 1.000000000000000000, 1.000000000000000000 ) ;
#10832 = CARTESIAN_POINT ( 'NONE',  ( -1.050000000000000044, -0.02999999999999966929, -8.279999999999999361 ) ) ;
#10833 = FILL_AREA_STYLE ('',( #492 ) ) ;
#10834 = SURFACE_SIDE_STYLE ('',( #55 ) ) ;
#10835 = ORIENTED_EDGE ( 'NONE', *, *, #1613, .F. ) ;
#10836 =( NAMED_UNIT ( * ) PLANE_ANGLE_UNIT ( ) SI_UNIT ( $, .RADIAN. ) );
#10837 = ORIENTED_EDGE ( 'NONE', *, *, #8616, .F. ) ;
#10838 = SURFACE_STYLE_USAGE ( .BOTH. , #7923 ) ;
#10839 = EDGE_CURVE ( 'NONE', #8753, #6303, #2606, .T. ) ;
#10840 = UNCERTAINTY_MEASURE_WITH_UNIT (LENGTH_MEASURE( 1.000000000000000082E-05 ), #3827, 'distance_accuracy_value', 'NONE');
#10841 = DIRECTION ( 'NONE',  ( 9.611857504498734521E-15, -0.0000000000000000000, 1.000000000000000000 ) ) ;
#10842 = ORIENTED_EDGE ( 'NONE', *, *, #9662, .F. ) ;
#10843 = ORIENTED_EDGE ( 'NONE', *, *, #1202, .F. ) ;
#10844 = CARTESIAN_POINT ( 'NONE',  ( -0.8686001631401389922, 0.8409999996185738569, -2.497480740569870683 ) ) ;
#10845 = LINE ( 'NONE', #6239, #6650 ) ;
#10846 = FILL_AREA_STYLE_COLOUR ( '', #8452 ) ;
#10847 = SURFACE_STYLE_USAGE ( .BOTH. , #5236 ) ;
#10848 = CARTESIAN_POINT ( 'NONE',  ( -0.2000682020347047674, 0.8400000000000000799, -2.551059981802691556 ) ) ;
#10849 = B_SPLINE_CURVE_WITH_KNOTS ( 'NONE', 3,
 ( #6804, #9476, #9352, #7546 ),
 .UNSPECIFIED., .F., .F.,
 ( 4, 4 ),
 ( 4.000000000000000000, 5.000000000000000000 ),
 .UNSPECIFIED. ) ;
#10850 = EDGE_CURVE ( 'NONE', #5920, #9933, #4432, .T. ) ;
#10851 = FILL_AREA_STYLE ('',( #10965 ) ) ;
#10852 = SURFACE_STYLE_FILL_AREA ( #10050 ) ;
#10853 = FACE_OUTER_BOUND ( 'NONE', #7895, .T. ) ;
#10854 = ORIENTED_EDGE ( 'NONE', *, *, #4177, .F. ) ;
#10855 = VECTOR ( 'NONE', #10049, 1000.000000000000000 ) ;
#10856 = ORIENTED_EDGE ( 'NONE', *, *, #3577, .T. ) ;
#10857 = DIRECTION ( 'NONE',  ( -7.740930036919607162E-15, 0.0000000000000000000, -1.000000000000000000 ) ) ;
#10858 = CARTESIAN_POINT ( 'NONE',  ( 0.5466206814636389577, 0.8399999996185738560, -2.005617892709753658 ) ) ;
#10859 = CARTESIAN_POINT ( 'NONE',  ( 0.2200000000000000011, -0.02999999999999966929, -8.279999999999999361 ) ) ;
#10860 = SURFACE_STYLE_FILL_AREA ( #10810 ) ;
#10861 = CARTESIAN_POINT ( 'NONE',  ( 0.9079780010063374096, 0.8399999996185738560, -2.554656853755019608 ) ) ;
#10862 = COLOUR_RGB ( '',1.000000000000000000, 1.000000000000000000, 1.000000000000000000 ) ;
#10863 = LINE ( 'NONE', #7952, #7998 ) ;
#10864 = ORIENTED_EDGE ( 'NONE', *, *, #6215, .T. ) ;
#10865 = CARTESIAN_POINT ( 'NONE',  ( -0.1254399731736046131, 0.8409999996185738569, -2.545520774531909947 ) ) ;
#10866 = DIRECTION ( 'NONE',  ( -0.0000000000000000000, -1.000000000000000000, -0.0000000000000000000 ) ) ;
#10867 = DIRECTION ( 'NONE',  ( -0.0000000000000000000, -1.000000000000000000, -0.0000000000000000000 ) ) ;
#10868 = ORIENTED_EDGE ( 'NONE', *, *, #7916, .F. ) ;
#10869 = CARTESIAN_POINT ( 'NONE',  ( 0.2959115231574019900, 0.8399999996185738560, -2.147079478111145523 ) ) ;
#10870 = ORIENTED_EDGE ( 'NONE', *, *, #7976, .F. ) ;
#10871 = ADVANCED_FACE ( 'NONE', ( #8083 ), #6275, .T. ) ;
#10872 = FILL_AREA_STYLE ('',( #4306 ) ) ;
#10873 = ADVANCED_FACE ( 'NONE', ( #7581 ), #11284, .F. ) ;
#10874 = SURFACE_STYLE_USAGE ( .BOTH. , #5208 ) ;
#10875 = CARTESIAN_POINT ( 'NONE',  ( -0.4714390018529552306, 0.8409999996185738569, -2.544614358797791631 ) ) ;
#10876 = DIRECTION ( 'NONE',  ( -0.0000000000000000000, -1.000000000000000000, -0.0000000000000000000 ) ) ;
#10877 = EDGE_LOOP ( 'NONE', ( #200, #4418, #1132, #5256 ) ) ;
#10878 = CARTESIAN_POINT ( 'NONE',  ( -0.1764510364910713835, 0.8399999996185738560, -2.540485131559214960 ) ) ;
#10879 = SURFACE_STYLE_USAGE ( .BOTH. , #7092 ) ;
#10880 = PLANE ( 'NONE',  #337 ) ;
#10881 = CARTESIAN_POINT ( 'NONE',  ( -0.2789263709930536184, 0.8399999996185738560, -2.063206890571847918 ) ) ;
#10882 = CARTESIAN_POINT ( 'NONE',  ( 0.1418445091968519312, 0.8399999996185738560, -2.372577592294788484 ) ) ;
#10883 = CARTESIAN_POINT ( 'NONE',  ( 0.6782780149684399795, 0.8409999996185738569, -2.491629470525244638 ) ) ;
#10884 = EDGE_CURVE ( 'NONE', #1612, #6962, #5514, .T. ) ;
#10885 = EDGE_CURVE ( 'NONE', #7963, #2597, #2881, .T. ) ;
#10886 =( NAMED_UNIT ( * ) PLANE_ANGLE_UNIT ( ) SI_UNIT ( $, .RADIAN. ) );
#10887 = ORIENTED_EDGE ( 'NONE', *, *, #7599, .T. ) ;
#10888 = CARTESIAN_POINT ( 'NONE',  ( -0.3229378905772063990, 0.8399999996185738560, -2.473007515720450300 ) ) ;
#10889 = UNCERTAINTY_MEASURE_WITH_UNIT (LENGTH_MEASURE( 1.000000000000000082E-05 ), #2477, 'distance_accuracy_value', 'NONE');
#10890 = SURFACE_STYLE_FILL_AREA ( #619 ) ;
#10891 = ORIENTED_EDGE ( 'NONE', *, *, #1202, .T. ) ;
#10892 = FILL_AREA_STYLE ('',( #11865 ) ) ;
#10893 = CARTESIAN_POINT ( 'NONE',  ( 0.7805224859260933012, 0.8409999996185738569, -2.203103786108907780 ) ) ;
#10894 = FACE_OUTER_BOUND ( 'NONE', #5557, .T. ) ;
#10895 = ORIENTED_EDGE ( 'NONE', *, *, #8881, .T. ) ;
#10896 = ORIENTED_EDGE ( 'NONE', *, *, #10115, .F. ) ;
#10897 = FILL_AREA_STYLE_COLOUR ( '', #1458 ) ;
#10898 = PLANE ( 'NONE',  #3964 ) ;
#10899 = B_SPLINE_CURVE_WITH_KNOTS ( 'NONE', 3,
 ( #1733, #777, #9950, #1673 ),
 .UNSPECIFIED., .F., .F.,
 ( 4, 4 ),
 ( 9.000000000000000000, 10.00000000000000000 ),
 .UNSPECIFIED. ) ;
#10900 = FACE_OUTER_BOUND ( 'NONE', #4602, .T. ) ;
#10901 = B_SPLINE_CURVE_WITH_KNOTS ( 'NONE', 3,
 ( #1041, #4642, #917, #8222 ),
 .UNSPECIFIED., .F., .F.,
 ( 4, 4 ),
 ( 18.00000000000000000, 19.00000000000000000 ),
 .UNSPECIFIED. ) ;
#10902 = CARTESIAN_POINT ( 'NONE',  ( -1.028683253254175645, 0.8409999996185738569, -2.567979742191715431 ) ) ;
#10903 =( NAMED_UNIT ( * ) SI_UNIT ( $, .STERADIAN. ) SOLID_ANGLE_UNIT ( ) );
#10904 = CARTESIAN_POINT ( 'NONE',  ( -0.7336449314612686345, 0.8409999996185738569, -2.393645782464019600 ) ) ;
#10905 = CARTESIAN_POINT ( 'NONE',  ( -0.1611426818529279881, 0.8399999996185738560, -2.560224852013971653 ) ) ;
#10906 = VERTEX_POINT ( 'NONE', #9328 ) ;
#10907 = UNCERTAINTY_MEASURE_WITH_UNIT (LENGTH_MEASURE( 1.000000000000000082E-05 ), #7364, 'distance_accuracy_value', 'NONE');
#10908 = CARTESIAN_POINT ( 'NONE',  ( -0.3905665757056559495, 0.8399999996185738560, -2.542600101608178065 ) ) ;
#10909 = EDGE_LOOP ( 'NONE', ( #11685, #5150, #11713, #9114 ) ) ;
#10910 = FILL_AREA_STYLE ('',( #10973 ) ) ;
#10911 = VECTOR ( 'NONE', #11837, 1000.000000000000000 ) ;
#10912 = ADVANCED_FACE ( 'NONE', ( #8428 ), #9449, .T. ) ;
#10913 = CARTESIAN_POINT ( 'NONE',  ( -0.8190997927148838675, 0.8409999996185738569, -2.379646695000072310 ) ) ;
#10914 = DIRECTION ( 'NONE',  ( 0.0000000000000000000, -0.0000000000000000000, 1.000000000000000000 ) ) ;
#10915 = CARTESIAN_POINT ( 'NONE',  ( 1.489999999999999991, 0.3500000000000003109, -8.279999999999999361 ) ) ;
#10916 = ORIENTED_EDGE ( 'NONE', *, *, #2549, .T. ) ;
#10917 = COLOUR_RGB ( '',1.000000000000000000, 1.000000000000000000, 1.000000000000000000 ) ;
#10918 = SURFACE_STYLE_USAGE ( .BOTH. , #11781 ) ;
#10919 = CARTESIAN_POINT ( 'NONE',  ( -0.3652372915511160612, 0.8400000000000000799, -2.532125964224043901 ) ) ;
#10920 = CARTESIAN_POINT ( 'NONE',  ( -0.01949004502012786216, 0.8399999996185738560, -2.058473386177187336 ) ) ;
#10921 = ORIENTED_EDGE ( 'NONE', *, *, #10196, .F. ) ;
#10922 = DIRECTION ( 'NONE',  ( -0.0000000000000000000, -0.0000000000000000000, 1.000000000000000000 ) ) ;
#10923 = B_SPLINE_CURVE_WITH_KNOTS ( 'NONE', 3,
 ( #2183, #9682, #1404, #6761 ),
 .UNSPECIFIED., .F., .F.,
 ( 4, 4 ),
 ( 6.000000000000000000, 7.000000000000000000 ),
 .UNSPECIFIED. ) ;
#10924 = ORIENTED_EDGE ( 'NONE', *, *, #1049, .T. ) ;
#10925 =( NAMED_UNIT ( * ) PLANE_ANGLE_UNIT ( ) SI_UNIT ( $, .RADIAN. ) );
#10926 = CARTESIAN_POINT ( 'NONE',  ( -0.1788177886883991763, 0.8409999996185738569, -2.099967084274983353 ) ) ;
#10927 = FILL_AREA_STYLE ('',( #3400 ) ) ;
#10928 =( GEOMETRIC_REPRESENTATION_CONTEXT ( 3 ) GLOBAL_UNCERTAINTY_ASSIGNED_CONTEXT ( ( #90 ) ) GLOBAL_UNIT_ASSIGNED_CONTEXT ( ( #3705, #7400, #11111 ) ) REPRESENTATION_CONTEXT ( 'NONE', 'WORKASPACE' ) );
#10929 = AXIS2_PLACEMENT_3D ( 'NONE', #6856, #1381, #8744 ) ;
#10930 = CARTESIAN_POINT ( 'NONE',  ( -0.1957375490774270199, 0.8399999996185738560, -2.484388068838702335 ) ) ;
#10931 = CARTESIAN_POINT ( 'NONE',  ( 0.4247676799982919027, 0.8409999996185738569, -2.481825191914147410 ) ) ;
#10932 = PRESENTATION_LAYER_ASSIGNMENT (  '', '', ( #4141 ) ) ;
#10933 = ORIENTED_EDGE ( 'NONE', *, *, #4421, .F. ) ;
#10934 = ADVANCED_FACE ( 'NONE', ( #2138 ), #3142, .F. ) ;
#10935 = PRESENTATION_STYLE_ASSIGNMENT (( #1019 ) ) ;
#10937 = CARTESIAN_POINT ( 'NONE',  ( 0.4443761837901296086, 0.8399999996185738560, -2.501433749135005602 ) ) ;
#10936 = FILL_AREA_STYLE_COLOUR ( '', #2008 ) ;
#10938 = MECHANICAL_DESIGN_GEOMETRIC_PRESENTATION_REPRESENTATION (  '', ( #10356 ), #5492 ) ;
#10939 = PRESENTATION_LAYER_ASSIGNMENT (  '', '', ( #2408 ) ) ;
#10940 = MECHANICAL_DESIGN_GEOMETRIC_PRESENTATION_REPRESENTATION (  '', ( #9367 ), #3554 ) ;
#10941 = SURFACE_STYLE_FILL_AREA ( #7095 ) ;
#10942 = CARTESIAN_POINT ( 'NONE',  ( -0.6710015328765218667, 0.8399999996185738560, -2.545520774531907726 ) ) ;
#10943 = SURFACE_STYLE_USAGE ( .BOTH. , #5448 ) ;
#10944 = FILL_AREA_STYLE_COLOUR ( '', #198 ) ;
#10945 = LINE ( 'NONE', #4386, #6295 ) ;
#10946 = ORIENTED_EDGE ( 'NONE', *, *, #2564, .T. ) ;
#10947 = DIRECTION ( 'NONE',  ( -3.302233253054859739E-15, -0.0000000000000000000, -1.000000000000000000 ) ) ;
#10948 = STYLED_ITEM ( 'NONE', ( #1518 ), #5756 ) ;
#10949 = B_SPLINE_SURFACE_WITH_KNOTS ( 'NONE', 3, 1, ( 
 ( #11066, #9346 ),
 ( #305, #6740 ),
 ( #6547, #439 ),
 ( #10279, #6600 ) ),
 .UNSPECIFIED., .F., .F., .F.,
 ( 4, 4 ),
 ( 2, 2 ),
 ( 1.000000000000000000, 2.000000000000000000 ),
 ( 0.0000000000000000000, 1.000000000000000000 ),
 .UNSPECIFIED. ) ;
#10950 = ORIENTED_EDGE ( 'NONE', *, *, #150, .T. ) ;
#10951 = EDGE_CURVE ( 'NONE', #4670, #1278, #4002, .T. ) ;
#10952 = UNCERTAINTY_MEASURE_WITH_UNIT (LENGTH_MEASURE( 1.000000000000000082E-05 ), #4910, 'distance_accuracy_value', 'NONE');
#10953 = FILL_AREA_STYLE_COLOUR ( '', #8517 ) ;
#10954 = VECTOR ( 'NONE', #6504, 1000.000000000000000 ) ;
#10955 = ORIENTED_EDGE ( 'NONE', *, *, #7135, .T. ) ;
#10956 = VECTOR ( 'NONE', #3676, 1000.000000000000000 ) ;
#10957 = EDGE_LOOP ( 'NONE', ( #10992, #8558, #7249, #9059 ) ) ;
#10958 = CARTESIAN_POINT ( 'NONE',  ( -0.4224925521547822083, 0.8399999996185738560, -2.613099103231365294 ) ) ;
#10959 =( GEOMETRIC_REPRESENTATION_CONTEXT ( 3 ) GLOBAL_UNCERTAINTY_ASSIGNED_CONTEXT ( ( #6876 ) ) GLOBAL_UNIT_ASSIGNED_CONTEXT ( ( #7289, #2865, #11123 ) ) REPRESENTATION_CONTEXT ( 'NONE', 'WORKASPACE' ) );
#10960 =( NAMED_UNIT ( * ) SI_UNIT ( $, .STERADIAN. ) SOLID_ANGLE_UNIT ( ) );
#10961 = B_SPLINE_CURVE_WITH_KNOTS ( 'NONE', 3,
 ( #1772, #2488, #2590, #7317 ),
 .UNSPECIFIED., .F., .F.,
 ( 4, 4 ),
 ( 5.000000000000000000, 6.000000000000000000 ),
 .UNSPECIFIED. ) ;
#10962 = CARTESIAN_POINT ( 'NONE',  ( -0.4477714798796501028, 0.8409999996185738569, -2.593258669917257286 ) ) ;
#10963 = UNCERTAINTY_MEASURE_WITH_UNIT (LENGTH_MEASURE( 1.000000000000000082E-05 ), #11308, 'distance_accuracy_value', 'NONE');
#10964 = EDGE_CURVE ( 'NONE', #6178, #8378, #9971, .T. ) ;
#10965 = FILL_AREA_STYLE_COLOUR ( '', #9731 ) ;
#10966 = PRESENTATION_LAYER_ASSIGNMENT (  '', '', ( #919 ) ) ;
#10967 = CARTESIAN_POINT ( 'NONE',  ( -0.6710015328765218667, 0.8399999996185738560, -2.567979742191716763 ) ) ;
#10968 = CARTESIAN_POINT ( 'NONE',  ( -0.1490571387172380802, 0.8399999996185738560, -2.530313132753124528 ) ) ;
#10969 = ORIENTED_EDGE ( 'NONE', *, *, #2017, .T. ) ;
#10970 = MECHANICAL_DESIGN_GEOMETRIC_PRESENTATION_REPRESENTATION (  '', ( #5333 ), #1506 ) ;
#10971 = VECTOR ( 'NONE', #7406, 1000.000000000000000 ) ;
#10972 = ORIENTED_EDGE ( 'NONE', *, *, #1586, .T. ) ;
#10973 = FILL_AREA_STYLE_COLOUR ( '', #1860 ) ;
#10974 = CARTESIAN_POINT ( 'NONE',  ( -0.6879212932655470736, 0.8409999996185738569, -2.179328817530069351 ) ) ;
#10975 = STYLED_ITEM ( 'NONE', ( #6996 ), #4667 ) ;
#10976 = FILL_AREA_STYLE ('',( #9017 ) ) ;
#10977 =( NAMED_UNIT ( * ) PLANE_ANGLE_UNIT ( ) SI_UNIT ( $, .RADIAN. ) );
#10978 = ORIENTED_EDGE ( 'NONE', *, *, #8278, .F. ) ;
#10979 = CARTESIAN_POINT ( 'NONE',  ( -0.3504828576400529361, 0.8399999996185738560, -2.488215157499243269 ) ) ;
#10980 = ORIENTED_EDGE ( 'NONE', *, *, #8006, .F. ) ;
#10981 = COLOUR_RGB ( '',1.000000000000000000, 1.000000000000000000, 1.000000000000000000 ) ;
#10982 = ORIENTED_EDGE ( 'NONE', *, *, #8488, .F. ) ;
#10983 = CARTESIAN_POINT ( 'NONE',  ( -0.2112473294349347386, 0.8409999996185738569, -2.424061066021605093 ) ) ;
#10984 =( GEOMETRIC_REPRESENTATION_CONTEXT ( 3 ) GLOBAL_UNCERTAINTY_ASSIGNED_CONTEXT ( ( #8935 ) ) GLOBAL_UNIT_ASSIGNED_CONTEXT ( ( #8177, #10977, #644 ) ) REPRESENTATION_CONTEXT ( 'NONE', 'WORKASPACE' ) );
#10985 = STYLED_ITEM ( 'NONE', ( #3179 ), #11415 ) ;
#10986 =( NAMED_UNIT ( * ) PLANE_ANGLE_UNIT ( ) SI_UNIT ( $, .RADIAN. ) );
#10987 = UNCERTAINTY_MEASURE_WITH_UNIT (LENGTH_MEASURE( 1.000000000000000082E-05 ), #11511, 'distance_accuracy_value', 'NONE');
#10988 = B_SPLINE_CURVE_WITH_KNOTS ( 'NONE', 3,
 ( #1391, #3904, #8572, #10602 ),
 .UNSPECIFIED., .F., .F.,
 ( 4, 4 ),
 ( 1.000000000000000000, 2.000000000000000000 ),
 .UNSPECIFIED. ) ;
#10989 = CARTESIAN_POINT ( 'NONE',  ( -0.1567113160363055313, 0.8409999996185738569, -2.231900930169421482 ) ) ;
#10990 = COLOUR_RGB ( '',1.000000000000000000, 1.000000000000000000, 1.000000000000000000 ) ;
#10991 = CARTESIAN_POINT ( 'NONE',  ( -0.8208119113251178822, 0.8400000000000000799, -2.524975351202376039 ) ) ;
#10992 = ORIENTED_EDGE ( 'NONE', *, *, #10346, .T. ) ;
#10993 = PRESENTATION_LAYER_ASSIGNMENT (  '', '', ( #10229 ) ) ;
#10994 = CARTESIAN_POINT ( 'NONE',  ( -0.1740842842937340984, 0.8400000000000000799, -2.528298875564845449 ) ) ;
#10995 = CARTESIAN_POINT ( 'NONE',  ( 0.7763206675015362768, 0.8409999996185738569, -2.121868500774836352 ) ) ;
#10996 = AXIS2_PLACEMENT_3D ( 'NONE', #1027, #6661, #7473 ) ;
#10997 = FACE_OUTER_BOUND ( 'NONE', #6902, .T. ) ;
#10998 = CARTESIAN_POINT ( 'NONE',  ( 0.5914402026622124220, 0.8399999996185738560, -2.521042199499166081 ) ) ;
#10999 = PRESENTATION_STYLE_ASSIGNMENT (( #9098 ) ) ;
#11000 = CARTESIAN_POINT ( 'NONE',  ( -0.3211250591069507720, 0.8409999996185738569, -2.463036942633053616 ) ) ;
#11001 = SURFACE_SIDE_STYLE ('',( #65 ) ) ;
#11002 = VECTOR ( 'NONE', #1916, 1000.000000000000000 ) ;
#11003 = CARTESIAN_POINT ( 'NONE',  ( -0.7872745291237581711, 0.8409999996185738569, -2.545520774531907282 ) ) ;
#11004 = ORIENTED_EDGE ( 'NONE', *, *, #2918, .F. ) ;
#11005 = CARTESIAN_POINT ( 'NONE',  ( -0.2324977427812310593, 0.8409999996185738569, -2.078112393772600264 ) ) ;
#11006 = UNCERTAINTY_MEASURE_WITH_UNIT (LENGTH_MEASURE( 1.000000000000000082E-05 ), #1079, 'distance_accuracy_value', 'NONE');
#11007 = CARTESIAN_POINT ( 'NONE',  ( -0.4744603876373802431, 0.8409999996185738569, -2.533233805678196671 ) ) ;
#11008 = EDGE_LOOP ( 'NONE', ( #1688, #2992, #8961, #4896 ) ) ;
#11009 = DIRECTION ( 'NONE',  ( 0.3559357243643127555, -0.0000000000000000000, 0.9345104387438654125 ) ) ;
#11010 = DIRECTION ( 'NONE',  ( 0.0000000000000000000, 0.0000000000000000000, 1.000000000000000000 ) ) ;
#11011 = MECHANICAL_DESIGN_GEOMETRIC_PRESENTATION_REPRESENTATION (  '', ( #5176 ), #10437 ) ;
#11012 = FACE_OUTER_BOUND ( 'NONE', #11941, .T. ) ;
#11013 = ORIENTED_EDGE ( 'NONE', *, *, #6321, .T. ) ;
#11014 = ORIENTED_EDGE ( 'NONE', *, *, #5870, .T. ) ;
#11015 = EDGE_CURVE ( 'NONE', #9177, #3945, #7823, .T. ) ;
#11016 = EDGE_CURVE ( 'NONE', #8547, #7294, #7203, .T. ) ;
#11017 = EDGE_CURVE ( 'NONE', #4259, #11227, #10687, .T. ) ;
#11018 = VECTOR ( 'NONE', #5980, 1000.000000000000000 ) ;
#11019 = PRESENTATION_STYLE_ASSIGNMENT (( #6492 ) ) ;
#11020 = ORIENTED_EDGE ( 'NONE', *, *, #10292, .T. ) ;
#11021 = PLANE ( 'NONE',  #10567 ) ;
#11022 = CARTESIAN_POINT ( 'NONE',  ( -0.6219040138886532398, 0.8409999996185738569, -2.154452741243260583 ) ) ;
#11023 = FILL_AREA_STYLE_COLOUR ( '', #5741 ) ;
#11024 = LINE ( 'NONE', #8402, #1478 ) ;
#11025 = ORIENTED_EDGE ( 'NONE', *, *, #5773, .T. ) ;
#11026 = UNCERTAINTY_MEASURE_WITH_UNIT (LENGTH_MEASURE( 1.000000000000000082E-05 ), #875, 'distance_accuracy_value', 'NONE');
#11027 = CARTESIAN_POINT ( 'NONE',  ( -0.1209582509273106204, 0.8409999996185738569, -2.393645782464021821 ) ) ;
#11028 = CARTESIAN_POINT ( 'NONE',  ( -0.1314323883114438540, 0.8409999996185738569, -2.160696938530807909 ) ) ;
#11029 = EDGE_CURVE ( 'NONE', #2433, #2275, #5069, .T. ) ;
#11030 = EDGE_CURVE ( 'NONE', #3213, #11923, #3024, .T. ) ;
#11031 = DIRECTION ( 'NONE',  ( 9.611857504498734521E-15, -0.0000000000000000000, 1.000000000000000000 ) ) ;
#11032 = FACE_BOUND ( 'NONE', #7323, .T. ) ;
#11033 = CARTESIAN_POINT ( 'NONE',  ( 0.9079780010063374096, 0.8409999996185738569, -2.554656853755019608 ) ) ;
#11034 = FILL_AREA_STYLE ('',( #7322 ) ) ;
#11035 = ORIENTED_EDGE ( 'NONE', *, *, #6846, .T. ) ;
#11036 = VECTOR ( 'NONE', #6557, 1000.000000000000000 ) ;
#11037 = FILL_AREA_STYLE ('',( #6266 ) ) ;
#11038 =( NAMED_UNIT ( * ) SI_UNIT ( $, .STERADIAN. ) SOLID_ANGLE_UNIT ( ) );
#11039 = ORIENTED_EDGE ( 'NONE', *, *, #8186, .T. ) ;
#11040 = B_SPLINE_CURVE_WITH_KNOTS ( 'NONE', 3,
 ( #2853, #1734, #8369, #109 ),
 .UNSPECIFIED., .F., .F.,
 ( 4, 4 ),
 ( 26.00000000000000000, 27.00000000000000000 ),
 .UNSPECIFIED. ) ;
#11041 = ORIENTED_EDGE ( 'NONE', *, *, #11848, .T. ) ;
#11042 =( NAMED_UNIT ( * ) SI_UNIT ( $, .STERADIAN. ) SOLID_ANGLE_UNIT ( ) );
#11043 = CARTESIAN_POINT ( 'NONE',  ( -0.1929175890130389592, 0.8409999996185738569, -2.424061066021605093 ) ) ;
#11044 = B_SPLINE_SURFACE_WITH_KNOTS ( 'NONE', 3, 1, ( 
 ( #9187, #2395 ),
 ( #1617, #9717 ),
 ( #7918, #5220 ),
 ( #10594, #7969 ) ),
 .UNSPECIFIED., .F., .F., .F.,
 ( 4, 4 ),
 ( 2, 2 ),
 ( 5.000000000000000000, 6.000000000000000000 ),
 ( 0.0000000000000000000, 1.000000000000000000 ),
 .UNSPECIFIED. ) ;
#11045 = FILL_AREA_STYLE ('',( #7333 ) ) ;
#11046 =( NAMED_UNIT ( * ) SI_UNIT ( $, .STERADIAN. ) SOLID_ANGLE_UNIT ( ) );
#11047 = MECHANICAL_DESIGN_GEOMETRIC_PRESENTATION_REPRESENTATION (  '', ( #446 ), #9481 ) ;
#11048 = ADVANCED_FACE ( 'NONE', ( #420 ), #9486, .F. ) ;
#11049 = CARTESIAN_POINT ( 'NONE',  ( 0.4443761837901294975, 0.8409999996185738569, -2.525244071352073405 ) ) ;
#11050 =( LENGTH_UNIT ( ) NAMED_UNIT ( * ) SI_UNIT ( .MILLI., .METRE. ) );
#11051 = EDGE_LOOP ( 'NONE', ( #904, #11893, #1158, #5397 ) ) ;
#11053 = CARTESIAN_POINT ( 'NONE',  ( 0.9261858897520449663, 0.8409999996185738569, -2.142877646327320473 ) ) ;
#11052 = CARTESIAN_POINT ( 'NONE',  ( 0.3491347346354610748, 0.8399999996185738560, -2.264730687865104120 ) ) ;
#11054 = FILL_AREA_STYLE_COLOUR ( '', #6259 ) ;
#11055 = CARTESIAN_POINT ( 'NONE',  ( 0.7315011730168006210, 0.8399999996185738560, -2.661103169853078931 ) ) ;
#11056 = CARTESIAN_POINT ( 'NONE',  ( -2.100000000000000089, -0.03000000000000007869, -3.279999999999999805 ) ) ;
#11057 = CARTESIAN_POINT ( 'NONE',  ( -0.1254399731736046131, 0.8399999996185738560, -2.567979742191718540 ) ) ;
#11058 = CARTESIAN_POINT ( 'NONE',  ( -0.8068128238598295532, 0.8400000000000000799, -2.538672300089628298 ) ) ;
#11059 = EDGE_CURVE ( 'NONE', #1867, #11828, #7254, .T. ) ;
#11060 = VERTEX_POINT ( 'NONE', #3437 ) ;
#11061 = CARTESIAN_POINT ( 'NONE',  ( -0.1650201269418044014, 0.8399999996185738560, -2.114671161757042839 ) ) ;
#11062 = CARTESIAN_POINT ( 'NONE',  ( -0.2789263709930542290, 0.8409999996185738569, -2.247309997666907311 ) ) ;
#11063 = ORIENTED_EDGE ( 'NONE', *, *, #5149, .F. ) ;
#11064 = PRESENTATION_STYLE_ASSIGNMENT (( #7476 ) ) ;
#11065 = VERTEX_POINT ( 'NONE', #8062 ) ;
#11066 = CARTESIAN_POINT ( 'NONE',  ( -0.4244060964850521200, 0.8409999996185738569, -2.634248803718319820 ) ) ;
#11067 = SURFACE_STYLE_USAGE ( .BOTH. , #7484 ) ;
#11068 = CARTESIAN_POINT ( 'NONE',  ( -0.3115069810286119067, 0.8399999996185738560, -2.435240193422506749 ) ) ;
#11069 = FILL_AREA_STYLE ('',( #75 ) ) ;
#11070 = ORIENTED_EDGE ( 'NONE', *, *, #402, .F. ) ;
#11071 = VERTEX_POINT ( 'NONE', #9998 ) ;
#11072 = B_SPLINE_CURVE_WITH_KNOTS ( 'NONE', 3,
 ( #8652, #6023, #3074, #407 ),
 .UNSPECIFIED., .F., .F.,
 ( 4, 4 ),
 ( 20.00000000000000000, 21.00000000000000000 ),
 .UNSPECIFIED. ) ;
#11073 = CARTESIAN_POINT ( 'NONE',  ( -0.7212068933171906782, 0.8409999996185738569, -2.083651601042033619 ) ) ;
#11074 = ORIENTED_EDGE ( 'NONE', *, *, #9982, .F. ) ;
#11075 = FILL_AREA_STYLE ('',( #4759 ) ) ;
#11076 = UNCERTAINTY_MEASURE_WITH_UNIT (LENGTH_MEASURE( 1.000000000000000082E-05 ), #11263, 'distance_accuracy_value', 'NONE');
#11077 = CARTESIAN_POINT ( 'NONE',  ( -0.2789263709930540625, 0.8409999996185738569, -2.222937485676831582 ) ) ;
#11078 = ADVANCED_FACE ( 'NONE', ( #11653 ), #3492, .F. ) ;
#11079 =( NAMED_UNIT ( * ) PLANE_ANGLE_UNIT ( ) SI_UNIT ( $, .RADIAN. ) );
#11080 = VERTEX_POINT ( 'NONE', #8852 ) ;
#11081 = DIRECTION ( 'NONE',  ( -0.0000000000000000000, -1.000000000000000000, -0.0000000000000000000 ) ) ;
#11082 = CARTESIAN_POINT ( 'NONE',  ( -0.04492004203401965545, 0.8409999996185738569, -2.479251713006657809 ) ) ;
#11083 = UNCERTAINTY_MEASURE_WITH_UNIT (LENGTH_MEASURE( 1.000000000000000082E-05 ), #7278, 'distance_accuracy_value', 'NONE');
#11084 = LINE ( 'NONE', #41, #5917 ) ;
#11085 = CARTESIAN_POINT ( 'NONE',  ( -0.3747043003404401107, 0.8409999996185738569, -2.560124139154628331 ) ) ;
#11086 = CARTESIAN_POINT ( 'NONE',  ( 0.6894828551959794050, 0.8399999996185738560, -2.379580614097772440 ) ) ;
#11087 = FACE_OUTER_BOUND ( 'NONE', #4793, .T. ) ;
#11088 = ORIENTED_EDGE ( 'NONE', *, *, #1691, .T. ) ;
#11089 = EDGE_CURVE ( 'NONE', #2494, #10705, #6323, .T. ) ;
#11090 = CARTESIAN_POINT ( 'NONE',  ( 0.3295262308429499076, 0.8399999996185738560, -2.483225780245764902 ) ) ;
#11091 = CARTESIAN_POINT ( 'NONE',  ( -0.9545585886891390093, 0.8409999996185738569, -2.370985389085522144 ) ) ;
#11092 = EDGE_CURVE ( 'NONE', #1457, #9482, #9929, .T. ) ;
#11093 = CARTESIAN_POINT ( 'NONE',  ( -0.1254399731736046131, 0.8399999996185738560, -2.545520774531909947 ) ) ;
#11094 = ORIENTED_EDGE ( 'NONE', *, *, #9366, .T. ) ;
#11095 = STYLED_ITEM ( 'NONE', ( #471 ), #6267 ) ;
#11096 = CARTESIAN_POINT ( 'NONE',  ( -0.6710015328765218667, 0.8399999996185738560, -2.567979742191716763 ) ) ;
#11097 = ORIENTED_EDGE ( 'NONE', *, *, #6032, .T. ) ;
#11098 = CARTESIAN_POINT ( 'NONE',  ( -0.2955439928040459185, 0.8409999996185738569, -2.563044812078359325 ) ) ;
#11099 =( LENGTH_UNIT ( ) NAMED_UNIT ( * ) SI_UNIT ( .MILLI., .METRE. ) );
#11100 = STYLED_ITEM ( 'NONE', ( #3967 ), #456 ) ;
#11101 = CARTESIAN_POINT ( 'NONE',  ( -0.4421819161798750675, 0.8399999996185738560, -2.606552767365779122 ) ) ;
#11102 =( NAMED_UNIT ( * ) SI_UNIT ( $, .STERADIAN. ) SOLID_ANGLE_UNIT ( ) );
#11103 = SURFACE_STYLE_USAGE ( .BOTH. , #10834 ) ;
#11104 =( NAMED_UNIT ( * ) PLANE_ANGLE_UNIT ( ) SI_UNIT ( $, .RADIAN. ) );
#11105 = B_SPLINE_CURVE_WITH_KNOTS ( 'NONE', 3,
 ( #4619, #5524, #1075, #5692 ),
 .UNSPECIFIED., .F., .F.,
 ( 4, 4 ),
 ( 0.0000000000000000000, 1.000000000000000000 ),
 .UNSPECIFIED. ) ;
#11106 = VECTOR ( 'NONE', #3516, 1000.000000000000000 ) ;
#11107 = CARTESIAN_POINT ( 'NONE',  ( -0.7206026161611112091, 0.8409999996185738569, -2.083651601042033619 ) ) ;
#11108 = CARTESIAN_POINT ( 'NONE',  ( -0.3614102028919178866, 0.8399999996185738560, -2.444102925054405517 ) ) ;
#11109 = CARTESIAN_POINT ( 'NONE',  ( -0.2374326728945912734, 0.8409999996185738569, -2.567979742191718096 ) ) ;
#11110 = ORIENTED_EDGE ( 'NONE', *, *, #5621, .T. ) ;
#11112 = DIRECTION ( 'NONE',  ( -0.0000000000000000000, -1.000000000000000000, -0.0000000000000000000 ) ) ;
#11111 =( NAMED_UNIT ( * ) SI_UNIT ( $, .STERADIAN. ) SOLID_ANGLE_UNIT ( ) );
#11113 = PRESENTATION_STYLE_ASSIGNMENT (( #10141 ) ) ;
#11114 =( NAMED_UNIT ( * ) SI_UNIT ( $, .STERADIAN. ) SOLID_ANGLE_UNIT ( ) );
#11115 = CARTESIAN_POINT ( 'NONE',  ( -0.8586799464824120820, 0.8399999996185738560, -2.414493344372936612 ) ) ;
#11116 = PRESENTATION_LAYER_ASSIGNMENT (  '', '', ( #5091 ) ) ;
#11117 = CARTESIAN_POINT ( 'NONE',  ( -0.2374326728945911902, 0.8409999996185738569, -2.522457529716027658 ) ) ;
#11118 = PLANE ( 'NONE',  #5373 ) ;
#11119 = MECHANICAL_DESIGN_GEOMETRIC_PRESENTATION_REPRESENTATION (  '', ( #6422 ), #4330 ) ;
#11120 = CARTESIAN_POINT ( 'NONE',  ( -0.6219040138886532398, 0.8399999996185738560, -2.154452741243260583 ) ) ;
#11121 = CARTESIAN_POINT ( 'NONE',  ( -1.056782141042760026, 0.8409999996185738569, -2.567979742191714987 ) ) ;
#11122 = ORIENTED_EDGE ( 'NONE', *, *, #3295, .F. ) ;
#11123 =( NAMED_UNIT ( * ) SI_UNIT ( $, .STERADIAN. ) SOLID_ANGLE_UNIT ( ) );
#11124 = ORIENTED_EDGE ( 'NONE', *, *, #1953, .F. ) ;
#11125 = CARTESIAN_POINT ( 'NONE',  ( -0.2339077228134305297, 0.8409999996185738569, -2.532025251364700580 ) ) ;
#11126 = ORIENTED_EDGE ( 'NONE', *, *, #11250, .F. ) ;
#11127 = CARTESIAN_POINT ( 'NONE',  ( 0.7875255344442593231, 0.8409999996185738569, -2.120467885728703372 ) ) ;
#11128 = VECTOR ( 'NONE', #6052, 1000.000000000000000 ) ;
#11129 = CARTESIAN_POINT ( 'NONE',  ( -0.5951647497025869260, 0.8399999996185738560, -2.130583793551260818 ) ) ;
#11130 = SURFACE_STYLE_FILL_AREA ( #74 ) ;
#11131 = ADVANCED_FACE ( 'NONE', ( #643 ), #10058, .T. ) ;
#11132 = CARTESIAN_POINT ( 'NONE',  ( -0.2324977427812310593, 0.8409999996185738569, -2.078112393772600264 ) ) ;
#11133 = STYLED_ITEM ( 'NONE', ( #11404 ), #241 ) ;
#11134 = ORIENTED_EDGE ( 'NONE', *, *, #4457, .F. ) ;
#11135 = VECTOR ( 'NONE', #5434, 1000.000000000000114 ) ;
#11136 = DIRECTION ( 'NONE',  ( -0.0000000000000000000, -1.000000000000000000, -0.0000000000000000000 ) ) ;
#11137 = STYLED_ITEM ( 'NONE', ( #7747 ), #5717 ) ;
#11138 = CARTESIAN_POINT ( 'NONE',  ( -0.8190997927148838675, 0.8399999996185738560, -2.379646695000072310 ) ) ;
#11139 = VERTEX_POINT ( 'NONE', #9312 ) ;
#11140 = CARTESIAN_POINT ( 'NONE',  ( -0.2955439928040459185, 0.8399999996185738560, -2.563044812078359325 ) ) ;
#11141 = CARTESIAN_POINT ( 'NONE',  ( -0.7082149344480574982, 0.8400000000000000799, -2.370985389085523032 ) ) ;
#11142 =( LENGTH_UNIT ( ) NAMED_UNIT ( * ) SI_UNIT ( .MILLI., .METRE. ) );
#11143 = CARTESIAN_POINT ( 'NONE',  ( -0.3229378905772063990, 0.8409999996185738569, -2.473007515720450300 ) ) ;
#11144 = B_SPLINE_SURFACE_WITH_KNOTS ( 'NONE', 3, 1, ( 
 ( #7163, #4324 ),
 ( #1515, #10888 ),
 ( #8989, #4271 ),
 ( #7037, #2520 ) ),
 .UNSPECIFIED., .F., .F., .F.,
 ( 4, 4 ),
 ( 2, 2 ),
 ( 13.00000000000000000, 14.00000000000000000 ),
 ( 0.0000000000000000000, 1.000000000000000000 ),
 .UNSPECIFIED. ) ;
#11145 = ORIENTED_EDGE ( 'NONE', *, *, #4134, .T. ) ;
#11146 = UNCERTAINTY_MEASURE_WITH_UNIT (LENGTH_MEASURE( 1.000000000000000082E-05 ), #9890, 'distance_accuracy_value', 'NONE');
#11147 = CARTESIAN_POINT ( 'NONE',  ( -0.7212068933171907892, 0.8409999996185738569, -2.083651601042033175 ) ) ;
#11148 = CARTESIAN_POINT ( 'NONE',  ( -0.8100859917926170883, 0.8409999996185738569, -2.255467739283379291 ) ) ;
#11149 = EDGE_CURVE ( 'NONE', #2191, #1214, #11084, .T. ) ;
#11150 = CARTESIAN_POINT ( 'NONE',  ( -0.9672987654112522593, 0.8409999996185738569, -2.396163603951713128 ) ) ;
#11151 = LINE ( 'NONE', #8476, #10808 ) ;
#11152 = MECHANICAL_DESIGN_GEOMETRIC_PRESENTATION_REPRESENTATION (  '', ( #2245 ), #11548 ) ;
#11153 = CARTESIAN_POINT ( 'NONE',  ( 0.6264554185365150962, 0.8399999996185738560, -2.427201338675438969 ) ) ;
#11154 = EDGE_CURVE ( 'NONE', #8156, #11265, #2940, .T. ) ;
#11155 = SURFACE_STYLE_FILL_AREA ( #7442 ) ;
#11156 = ORIENTED_EDGE ( 'NONE', *, *, #4629, .F. ) ;
#11157 = DIRECTION ( 'NONE',  ( -0.0000000000000000000, -1.000000000000000000, -0.0000000000000000000 ) ) ;
#11158 = STYLED_ITEM ( 'NONE', ( #6790 ), #9968 ) ;
#11159 = CARTESIAN_POINT ( 'NONE',  ( -0.7082149344480581643, 0.8409999996185738569, -2.567979742191716319 ) ) ;
#11160 = VERTEX_POINT ( 'NONE', #11150 ) ;
#11161 = FILL_AREA_STYLE_COLOUR ( '', #2023 ) ;
#11162 = ORIENTED_EDGE ( 'NONE', *, *, #150, .F. ) ;
#11163 = CARTESIAN_POINT ( 'NONE',  ( -0.8202579905973723662, 0.8399999996185738560, -2.412176948605279314 ) ) ;
#11164 = AXIS2_PLACEMENT_3D ( 'NONE', #7585, #11353, #5685 ) ;
#11165 =( LENGTH_UNIT ( ) NAMED_UNIT ( * ) SI_UNIT ( .MILLI., .METRE. ) );
#11166 = FILL_AREA_STYLE_COLOUR ( '', #7917 ) ;
#11167 = MECHANICAL_DESIGN_GEOMETRIC_PRESENTATION_REPRESENTATION (  '', ( #2267 ), #1318 ) ;
#11168 = CARTESIAN_POINT ( 'NONE',  ( -0.9076263961799158064, 0.8409999996185738569, -2.567979742191715875 ) ) ;
#11169 = CARTESIAN_POINT ( 'NONE',  ( 1.489999999999999991, -0.02999999999999972133, -8.279999999999999361 ) ) ;
#11170 = EDGE_CURVE ( 'NONE', #9322, #5601, #9260, .T. ) ;
#11171 = EDGE_CURVE ( 'NONE', #4868, #11895, #6180, .T. ) ;
#11172 = VECTOR ( 'NONE', #10688, 1000.000000000000000 ) ;
#11173 = SURFACE_STYLE_FILL_AREA ( #7459 ) ;
#11174 = ADVANCED_FACE ( 'NONE', ( #3622 ), #4771, .F. ) ;
#11175 = DIRECTION ( 'NONE',  ( -0.0000000000000000000, -1.000000000000000000, -0.0000000000000000000 ) ) ;
#11176 =( NAMED_UNIT ( * ) SI_UNIT ( $, .STERADIAN. ) SOLID_ANGLE_UNIT ( ) );
#11177 = ORIENTED_EDGE ( 'NONE', *, *, #8751, .F. ) ;
#11178 = VECTOR ( 'NONE', #3373, 1000.000000000000000 ) ;
#11179 = DIRECTION ( 'NONE',  ( -0.3667976789509209135, -0.0000000000000000000, 0.9303007377811849388 ) ) ;
#11180 = FACE_OUTER_BOUND ( 'NONE', #5086, .T. ) ;
#11181 = PLANE ( 'NONE',  #3194 ) ;
#11182 =( GEOMETRIC_REPRESENTATION_CONTEXT ( 3 ) GLOBAL_UNCERTAINTY_ASSIGNED_CONTEXT ( ( #11501 ) ) GLOBAL_UNIT_ASSIGNED_CONTEXT ( ( #9261, #5494, #11220 ) ) REPRESENTATION_CONTEXT ( 'NONE', 'WORKASPACE' ) );
#11183 = CARTESIAN_POINT ( 'NONE',  ( -0.5724036434634053316, 0.8409999996185738569, -2.246302869072096975 ) ) ;
#11184 = B_SPLINE_CURVE_WITH_KNOTS ( 'NONE', 3,
 ( #6841, #7954, #9757, #8859 ),
 .UNSPECIFIED., .F., .F.,
 ( 4, 4 ),
 ( 1.000000000000000000, 2.000000000000000000 ),
 .UNSPECIFIED. ) ;
#11185 = STYLED_ITEM ( 'NONE', ( #914 ), #11357 ) ;
#11186 = MECHANICAL_DESIGN_GEOMETRIC_PRESENTATION_REPRESENTATION (  '', ( #9619 ), #2288 ) ;
#11187 = DIRECTION ( 'NONE',  ( 0.9434452330824955046, -0.0000000000000000000, 0.3315284183503969251 ) ) ;
#11188 = CARTESIAN_POINT ( 'NONE',  ( -0.3236428805939723374, 0.8399999996185738560, -2.452764230968955239 ) ) ;
#11189 = SURFACE_STYLE_USAGE ( .BOTH. , #4737 ) ;
#11190 = SURFACE_STYLE_FILL_AREA ( #66 ) ;
#11191 = EDGE_CURVE ( 'NONE', #7193, #11139, #215, .T. ) ;
#11192 = VERTEX_POINT ( 'NONE', #7435 ) ;
#11193 = VECTOR ( 'NONE', #4982, 1000.000000000000000 ) ;
#11194 = CARTESIAN_POINT ( 'NONE',  ( -0.6119837972322706987, 0.8399999996185738560, -2.101981341464599584 ) ) ;
#11195 = STYLED_ITEM ( 'NONE', ( #10047 ), #5898 ) ;
#11196 = DIRECTION ( 'NONE',  ( -0.0000000000000000000, -1.000000000000000000, -0.0000000000000000000 ) ) ;
#11197 = CARTESIAN_POINT ( 'NONE',  ( -0.2374326728945909681, 0.8409999996185738569, -2.510875550877739393 ) ) ;
#11198 = ORIENTED_EDGE ( 'NONE', *, *, #11092, .T. ) ;
#11199 = CARTESIAN_POINT ( 'NONE',  ( 0.0000000000000000000, 0.8409999996185736348, 0.0000000000000000000 ) ) ;
#11200 = DIRECTION ( 'NONE',  ( -0.3667976789509209135, -0.0000000000000000000, 0.9303007377811849388 ) ) ;
#11201 = STYLED_ITEM ( 'NONE', ( #10108 ), #3549 ) ;
#11202 = DIRECTION ( 'NONE',  ( -0.3493954794973220812, -0.0000000000000000000, -0.9369753459439774668 ) ) ;
#11203 =( NAMED_UNIT ( * ) SI_UNIT ( $, .STERADIAN. ) SOLID_ANGLE_UNIT ( ) );
#11204 = VECTOR ( 'NONE', #3222, 1000.000000000000000 ) ;
#11205 = CARTESIAN_POINT ( 'NONE',  ( -0.5475779236062666699, 0.8399999996185738560, -2.058473386177185116 ) ) ;
#11206 = SURFACE_STYLE_USAGE ( .BOTH. , #1213 ) ;
#11207 = ORIENTED_EDGE ( 'NONE', *, *, #4773, .F. ) ;
#11208 = EDGE_CURVE ( 'NONE', #4871, #4565, #3861, .T. ) ;
#11209 = ORIENTED_EDGE ( 'NONE', *, *, #5231, .F. ) ;
#11210 =( LENGTH_UNIT ( ) NAMED_UNIT ( * ) SI_UNIT ( .MILLI., .METRE. ) );
#11211 = COLOUR_RGB ( '',1.000000000000000000, 1.000000000000000000, 1.000000000000000000 ) ;
#11212 = SURFACE_STYLE_USAGE ( .BOTH. , #6140 ) ;
#11213 = SURFACE_STYLE_USAGE ( .BOTH. , #11320 ) ;
#11214 = ORIENTED_EDGE ( 'NONE', *, *, #3002, .F. ) ;
#11215 = DIRECTION ( 'NONE',  ( 0.0000000000000000000, -0.0000000000000000000, 1.000000000000000000 ) ) ;
#11216 = STYLED_ITEM ( 'NONE', ( #9099 ), #735 ) ;
#11217 = CARTESIAN_POINT ( 'NONE',  ( -0.3265131970880389978, 0.8409999996185738569, -2.476129614362882148 ) ) ;
#11218 = UNCERTAINTY_MEASURE_WITH_UNIT (LENGTH_MEASURE( 1.000000000000000082E-05 ), #6055, 'distance_accuracy_value', 'NONE');
#11219 = LINE ( 'NONE', #9192, #379 ) ;
#11220 =( NAMED_UNIT ( * ) SI_UNIT ( $, .STERADIAN. ) SOLID_ANGLE_UNIT ( ) );
#11221 = CARTESIAN_POINT ( 'NONE',  ( 0.6516663825148983902, 0.8399999996185738560, -2.397788529557989712 ) ) ;
#11222 = ORIENTED_EDGE ( 'NONE', *, *, #5411, .T. ) ;
#11223 = FILL_AREA_STYLE_COLOUR ( '', #10981 ) ;
#11224 =( NAMED_UNIT ( * ) PLANE_ANGLE_UNIT ( ) SI_UNIT ( $, .RADIAN. ) );
#11225 = CARTESIAN_POINT ( 'NONE',  ( -0.3735461024566137933, 0.8409999996185738569, -2.426075323211226209 ) ) ;
#11226 = EDGE_LOOP ( 'NONE', ( #7855, #4778, #4472, #8506 ) ) ;
#11227 = VERTEX_POINT ( 'NONE', #930 ) ;
#11228 = CARTESIAN_POINT ( 'NONE',  ( -0.8418608989513857166, 0.8399999996185738560, -2.467669734168366436 ) ) ;
#11229 = SURFACE_SIDE_STYLE ('',( #1125 ) ) ;
#11230 = DIRECTION ( 'NONE',  ( -0.0000000000000000000, -1.000000000000000000, -0.0000000000000000000 ) ) ;
#11231 = CARTESIAN_POINT ( 'NONE',  ( 0.5914402026622125330, 0.8399999996185738560, -2.507036102462834481 ) ) ;
#11232 = LINE ( 'NONE', #3756, #2706 ) ;
#11233 = CARTESIAN_POINT ( 'NONE',  ( -0.1735807199963326497, 0.8399999996185738560, -2.249827819153257469 ) ) ;
#11234 = SURFACE_STYLE_USAGE ( .BOTH. , #3757 ) ;
#11235 = VERTEX_POINT ( 'NONE', #6377 ) ;
#11236 = DIRECTION ( 'NONE',  ( 3.272121703647071695E-15, -0.0000000000000000000, 1.000000000000000000 ) ) ;
#11237 = EDGE_CURVE ( 'NONE', #7113, #8289, #11219, .T. ) ;
#11238 = EDGE_CURVE ( 'NONE', #998, #639, #4623, .T. ) ;
#11239 = VECTOR ( 'NONE', #1101, 1000.000000000000000 ) ;
#11240 = CARTESIAN_POINT ( 'NONE',  ( -0.3504828576400529361, 0.8409999996185738569, -2.488215157499243269 ) ) ;
#11241 =( LENGTH_UNIT ( ) NAMED_UNIT ( * ) SI_UNIT ( .MILLI., .METRE. ) );
#11242 = STYLED_ITEM ( 'NONE', ( #6158 ), #846 ) ;
#11243 = ORIENTED_EDGE ( 'NONE', *, *, #5351, .F. ) ;
#11244 = SURFACE_SIDE_STYLE ('',( #7538 ) ) ;
#11245 = B_SPLINE_SURFACE_WITH_KNOTS ( 'NONE', 3, 1, ( 
 ( #741, #5179 ),
 ( #7052, #10789 ),
 ( #9861, #4402 ),
 ( #11818, #11872 ) ),
 .UNSPECIFIED., .F., .F., .F.,
 ( 4, 4 ),
 ( 2, 2 ),
 ( 11.00000000000000000, 12.00000000000000000 ),
 ( 0.0000000000000000000, 1.000000000000000000 ),
 .UNSPECIFIED. ) ;
#11246 =( LENGTH_UNIT ( ) NAMED_UNIT ( * ) SI_UNIT ( .MILLI., .METRE. ) );
#11247 = ORIENTED_EDGE ( 'NONE', *, *, #8488, .T. ) ;
#11248 = FILL_AREA_STYLE_COLOUR ( '', #8236 ) ;
#11249 = CARTESIAN_POINT ( 'NONE',  ( -0.4869487822111346897, 0.8409999996185738569, -2.233008771623575583 ) ) ;
#11250 = EDGE_CURVE ( 'NONE', #9421, #4540, #1826, .T. ) ;
#11251 = CARTESIAN_POINT ( 'NONE',  ( -0.5879637802499055876, 0.8399999996185738560, -2.112052627410001993 ) ) ;
#11252 = DIRECTION ( 'NONE',  ( 0.0000000000000000000, 0.0000000000000000000, -1.000000000000000000 ) ) ;
#11253 = ADVANCED_FACE ( 'NONE', ( #6437 ), #9679, .F. ) ;
#11254 = FILL_AREA_STYLE_COLOUR ( '', #8248 ) ;
#11255 = CARTESIAN_POINT ( 'NONE',  ( -0.1611426818529279881, 0.8399999996185738560, -2.560224852013971653 ) ) ;
#11256 = CARTESIAN_POINT ( 'NONE',  ( -0.1806306201586561910, 0.8409999996185738569, -2.510472699440351896 ) ) ;
#11257 = CARTESIAN_POINT ( 'NONE',  ( -0.5157023035868132377, 0.8409999996185738569, -2.255467739283379736 ) ) ;
#11258 = ORIENTED_EDGE ( 'NONE', *, *, #11566, .T. ) ;
#11259 = CARTESIAN_POINT ( 'NONE',  ( -0.4744603876373801876, 0.8409999996185738569, -2.533233805678196671 ) ) ;
#11260 = CARTESIAN_POINT ( 'NONE',  ( -0.1903494110963444563, 0.8399999996185738560, -2.229181682964377131 ) ) ;
#11261 = B_SPLINE_CURVE_WITH_KNOTS ( 'NONE', 3,
 ( #2190, #8589, #11650, #6827 ),
 .UNSPECIFIED., .F., .F.,
 ( 4, 4 ),
 ( 10.00000000000000000, 11.00000000000000000 ),
 .UNSPECIFIED. ) ;
#11262 = ORIENTED_EDGE ( 'NONE', *, *, #1413, .T. ) ;
#11263 =( LENGTH_UNIT ( ) NAMED_UNIT ( * ) SI_UNIT ( .MILLI., .METRE. ) );
#11264 = CARTESIAN_POINT ( 'NONE',  ( 0.9766078844937484682, 0.8409999996185738569, -2.498632465613715770 ) ) ;
#11265 = VERTEX_POINT ( 'NONE', #2239 ) ;
#11266 = UNCERTAINTY_MEASURE_WITH_UNIT (LENGTH_MEASURE( 1.000000000000000082E-05 ), #7561, 'distance_accuracy_value', 'NONE');
#11267 = PLANE ( 'NONE',  #11340 ) ;
#11268 = CARTESIAN_POINT ( 'NONE',  ( -0.7206026161611113201, 0.8409999996185738569, -2.083651601042033175 ) ) ;
#11269 = B_SPLINE_CURVE_WITH_KNOTS ( 'NONE', 3,
 ( #8867, #7960, #1558, #11664 ),
 .UNSPECIFIED., .F., .F.,
 ( 4, 4 ),
 ( 19.00000000000000000, 20.00000000000000000 ),
 .UNSPECIFIED. ) ;
#11270 = CARTESIAN_POINT ( 'NONE',  ( -0.3115069810286119067, 0.8399999996185738560, -2.435240193422506749 ) ) ;
#11271 = CARTESIAN_POINT ( 'NONE',  ( -0.8054280220423031267, 0.8409999996185738569, -2.377493957628517673 ) ) ;
#11272 = FACE_OUTER_BOUND ( 'NONE', #5780, .T. ) ;
#11273 = PRESENTATION_STYLE_ASSIGNMENT (( #1167 ) ) ;
#11274 = CARTESIAN_POINT ( 'NONE',  ( -0.5128823435224195704, 0.8409999996185738569, -2.427283877524722744 ) ) ;
#11275 = CARTESIAN_POINT ( 'NONE',  ( -0.3747043003404401107, 0.8409999996185738569, -2.560124139154628331 ) ) ;
#11276 = ORIENTED_EDGE ( 'NONE', *, *, #2735, .F. ) ;
#11277 = CARTESIAN_POINT ( 'NONE',  ( -0.2367780393081682366, 0.8399999996185738560, -2.546225764548683212 ) ) ;
#11278 = B_SPLINE_CURVE_WITH_KNOTS ( 'NONE', 3,
 ( #2953, #6642, #2078, #5068 ),
 .UNSPECIFIED., .F., .F.,
 ( 4, 4 ),
 ( 3.000000000000000000, 4.000000000000000000 ),
 .UNSPECIFIED. ) ;
#11279 = ADVANCED_FACE ( 'NONE', ( #8649 ), #2162, .F. ) ;
#11280 = ORIENTED_EDGE ( 'NONE', *, *, #257, .T. ) ;
#11281 = LINE ( 'NONE', #1416, #1198 ) ;
#11282 = CARTESIAN_POINT ( 'NONE',  ( -0.4477714798796501028, 0.8399999996185738560, -2.593258669917257286 ) ) ;
#11283 = PLANE ( 'NONE',  #4234 ) ;
#11284 = PLANE ( 'NONE',  #6883 ) ;
#11285 = DIRECTION ( 'NONE',  ( 0.0000000000000000000, 0.0000000000000000000, 1.000000000000000000 ) ) ;
#11286 = ORIENTED_EDGE ( 'NONE', *, *, #4588, .T. ) ;
#11287 = CARTESIAN_POINT ( 'NONE',  ( 0.8085346799974141296, 0.8409999996185738569, -2.119067284039825694 ) ) ;
#11288 = CARTESIAN_POINT ( 'NONE',  ( 0.7146938458888766332, 0.8399999996185738560, -2.060241672484219411 ) ) ;
#11289 = FACE_OUTER_BOUND ( 'NONE', #6074, .T. ) ;
#11290 = ORIENTED_EDGE ( 'NONE', *, *, #3761, .T. ) ;
#11291 = MECHANICAL_DESIGN_GEOMETRIC_PRESENTATION_REPRESENTATION (  '', ( #2203 ), #484 ) ;
#11292 = CARTESIAN_POINT ( 'NONE',  ( -0.1929679454427098984, 0.8399999996185738560, -2.503422799278036681 ) ) ;
#11293 = CARTESIAN_POINT ( 'NONE',  ( 0.7917273795833286165, 0.8409999996185738569, -2.379580614097772884 ) ) ;
#11294 = FILL_AREA_STYLE_COLOUR ( '', #7215 ) ;
#11295 = ORIENTED_EDGE ( 'NONE', *, *, #4071, .F. ) ;
#11296 = CARTESIAN_POINT ( 'NONE',  ( -0.2243903575944334872, 0.8399999996185738560, -2.258791263645847369 ) ) ;
#11297 = SURFACE_STYLE_FILL_AREA ( #2209 ) ;
#11298 = CARTESIAN_POINT ( 'NONE',  ( 0.1936670789142624916, 0.8400000000000000799, -2.505635514131208108 ) ) ;
#11299 = VERTEX_POINT ( 'NONE', #7869 ) ;
#11300 = EDGE_CURVE ( 'NONE', #10395, #5687, #1225, .T. ) ;
#11301 = CARTESIAN_POINT ( 'NONE',  ( -0.3877969720702685863, 0.8399999996185738560, -2.512688382347322946 ) ) ;
#11302 = LINE ( 'NONE', #2976, #5982 ) ;
#11303 = CARTESIAN_POINT ( 'NONE',  ( 0.1936670789142624916, 0.8400000000000000799, -2.505635514131208108 ) ) ;
#11304 = ORIENTED_EDGE ( 'NONE', *, *, #1627, .T. ) ;
#11305 = CARTESIAN_POINT ( 'NONE',  ( 0.2200000000000000011, 0.3500000000000004774, -8.279999999999999361 ) ) ;
#11306 = PRESENTATION_LAYER_ASSIGNMENT (  '', '', ( #1454 ) ) ;
#11307 = COLOUR_RGB ( '',1.000000000000000000, 1.000000000000000000, 1.000000000000000000 ) ;
#11308 =( LENGTH_UNIT ( ) NAMED_UNIT ( * ) SI_UNIT ( .MILLI., .METRE. ) );
#11309 = MECHANICAL_DESIGN_GEOMETRIC_PRESENTATION_REPRESENTATION (  '', ( #4137 ), #5658 ) ;
#11310 = PRESENTATION_LAYER_ASSIGNMENT (  '', '', ( #1872 ) ) ;
#11311 = ORIENTED_EDGE ( 'NONE', *, *, #7056, .T. ) ;
#11312 = VECTOR ( 'NONE', #4656, 1000.000000000000000 ) ;
#11313 = ADVANCED_FACE ( 'NONE', ( #4942 ), #356, .F. ) ;
#11314 = DIRECTION ( 'NONE',  ( 0.0000000000000000000, 0.0000000000000000000, 1.000000000000000000 ) ) ;
#11315 = CARTESIAN_POINT ( 'NONE',  ( -0.2072188150563704090, 0.8399999996185738560, -2.236130870267349469 ) ) ;
#11316 =( GEOMETRIC_REPRESENTATION_CONTEXT ( 3 ) GLOBAL_UNCERTAINTY_ASSIGNED_CONTEXT ( ( #10952 ) ) GLOBAL_UNIT_ASSIGNED_CONTEXT ( ( #4910, #190, #376 ) ) REPRESENTATION_CONTEXT ( 'NONE', 'WORKASPACE' ) );
#11317 = EDGE_CURVE ( 'NONE', #2597, #4014, #7964, .T. ) ;
#11318 = EDGE_LOOP ( 'NONE', ( #8034, #11198, #2447, #5879 ) ) ;
#11319 = CARTESIAN_POINT ( 'NONE',  ( -0.4615187851965711352, 0.8409999996185738569, -2.058473386177185560 ) ) ;
#11320 = SURFACE_SIDE_STYLE ('',( #9544 ) ) ;
#11321 = AXIS2_PLACEMENT_3D ( 'NONE', #11896, #10071, #2666 ) ;
#11322 = VERTEX_POINT ( 'NONE', #4343 ) ;
#11323 = VECTOR ( 'NONE', #9041, 1000.000000000000000 ) ;
#11324 = VECTOR ( 'NONE', #10291, 1000.000000000000000 ) ;
#11325 = FILL_AREA_STYLE_COLOUR ( '', #5304 ) ;
#11326 = CARTESIAN_POINT ( 'NONE',  ( -0.8418608989513857166, 0.8409999996185738569, -2.467669734168366436 ) ) ;
#11327 =( GEOMETRIC_REPRESENTATION_CONTEXT ( 3 ) GLOBAL_UNCERTAINTY_ASSIGNED_CONTEXT ( ( #10987 ) ) GLOBAL_UNIT_ASSIGNED_CONTEXT ( ( #11511, #5469, #6187 ) ) REPRESENTATION_CONTEXT ( 'NONE', 'WORKASPACE' ) );
#11328 = SURFACE_SIDE_STYLE ('',( #7753 ) ) ;
#11329 = ADVANCED_FACE ( 'NONE', ( #10900, #6079 ), #3480, .F. ) ;
#11330 = VECTOR ( 'NONE', #9256, 1000.000000000000000 ) ;
#11331 = STYLED_ITEM ( 'NONE', ( #7181 ), #7535 ) ;
#11332 = DIRECTION ( 'NONE',  ( -0.0000000000000000000, -1.000000000000000000, -0.0000000000000000000 ) ) ;
#11333 = PRESENTATION_LAYER_ASSIGNMENT (  '', '', ( #5690 ) ) ;
#11334 = DIRECTION ( 'NONE',  ( 0.3283461648125144405, -0.0000000000000000000, 0.9445574604294399990 ) ) ;
#11335 = CARTESIAN_POINT ( 'NONE',  ( -0.2044995678506550951, 0.8400000000000000799, -2.501811393525809724 ) ) ;
#11336 = FILL_AREA_STYLE_COLOUR ( '', #9228 ) ;
#11337 =( NAMED_UNIT ( * ) SI_UNIT ( $, .STERADIAN. ) SOLID_ANGLE_UNIT ( ) );
#11338 = ORIENTED_EDGE ( 'NONE', *, *, #4197, .F. ) ;
#11339 = CARTESIAN_POINT ( 'NONE',  ( 0.4247676799982919027, 0.8409999996185738569, -2.481825191914147410 ) ) ;
#11340 = AXIS2_PLACEMENT_3D ( 'NONE', #6432, #10359, #3680 ) ;
#11341 = ORIENTED_EDGE ( 'NONE', *, *, #4773, .T. ) ;
#11342 =( GEOMETRIC_REPRESENTATION_CONTEXT ( 3 ) GLOBAL_UNCERTAINTY_ASSIGNED_CONTEXT ( ( #3488 ) ) GLOBAL_UNIT_ASSIGNED_CONTEXT ( ( #676, #5230, #10610 ) ) REPRESENTATION_CONTEXT ( 'NONE', 'WORKASPACE' ) );
#11343 = CARTESIAN_POINT ( 'NONE',  ( -0.1628044440334906473, 0.8409999996185738569, -2.437153737751434068 ) ) ;
#11344 = CARTESIAN_POINT ( 'NONE',  ( -0.5475779236062666699, 0.8399999996185738560, -2.058473386177185116 ) ) ;
#11345 = CARTESIAN_POINT ( 'NONE',  ( 1.261220445829635661, -0.8399999999999999689, -3.279999999999999805 ) ) ;
#11346 = CARTESIAN_POINT ( 'NONE',  ( -0.2044995678506548731, 0.8409999996185738569, -2.501811393525809724 ) ) ;
#11347 = B_SPLINE_SURFACE_WITH_KNOTS ( 'NONE', 3, 1, ( 
 ( #6734, #10930 ),
 ( #5319, #1789 ),
 ( #11847, #10015 ),
 ( #9090, #3506 ) ),
 .UNSPECIFIED., .F., .F., .F.,
 ( 4, 4 ),
 ( 2, 2 ),
 ( 9.000000000000000000, 10.00000000000000000 ),
 ( 0.0000000000000000000, 1.000000000000000000 ),
 .UNSPECIFIED. ) ;
#11348 = FILL_AREA_STYLE_COLOUR ( '', #8685 ) ;
#11349 = DIRECTION ( 'NONE',  ( 1.000000000000000000, 0.0000000000000000000, -0.0000000000000000000 ) ) ;
#11350 = CARTESIAN_POINT ( 'NONE',  ( -0.7644127100265689645, 0.8399999996185738560, -2.370985389085523032 ) ) ;
#11351 = ORIENTED_EDGE ( 'NONE', *, *, #10792, .F. ) ;
#11352 = CARTESIAN_POINT ( 'NONE',  ( -0.2243903575944334872, 0.8409999996185738569, -2.258791263645847369 ) ) ;
#11353 = DIRECTION ( 'NONE',  ( 6.559195981702329985E-15, -0.0000000000000000000, 1.000000000000000000 ) ) ;
#11354 = ADVANCED_FACE ( 'NONE', ( #6940 ), #10482, .F. ) ;
#11355 = COLOUR_RGB ( '',1.000000000000000000, 1.000000000000000000, 1.000000000000000000 ) ;
#11356 = CARTESIAN_POINT ( 'NONE',  ( -0.3026946058257109495, 0.8399999996185738560, -2.487510167482475776 ) ) ;
#11357 = ADVANCED_FACE ( 'NONE', ( #3607 ), #6774, .F. ) ;
#11358 = VERTEX_POINT ( 'NONE', #2699 ) ;
#11359 = CARTESIAN_POINT ( 'NONE',  ( 0.5466206814636389577, 0.8409999996185738569, -2.005617892709753658 ) ) ;
#11360 = CARTESIAN_POINT ( 'NONE',  ( 0.7875255611587709259, 0.8399999996185738560, -2.491629470525245083 ) ) ;
#11361 = CARTESIAN_POINT ( 'NONE',  ( -0.5951647497025871481, 0.8409999996185738569, -2.179731668968797997 ) ) ;
#11362 = MECHANICAL_DESIGN_GEOMETRIC_PRESENTATION_REPRESENTATION (  '', ( #2818 ), #2266 ) ;
#11363 = ORIENTED_EDGE ( 'NONE', *, *, #1317, .F. ) ;
#11364 =( LENGTH_UNIT ( ) NAMED_UNIT ( * ) SI_UNIT ( .MILLI., .METRE. ) );
#11365 = CARTESIAN_POINT ( 'NONE',  ( -0.6609302469297738680, 0.8409999996185738569, -2.456692032487504562 ) ) ;
#11366 = CARTESIAN_POINT ( 'NONE',  ( -0.5904816017376016690, 0.8409999996185738569, -2.545520774531908170 ) ) ;
#11367 = VECTOR ( 'NONE', #1545, 1000.000000000000000 ) ;
#11368 = PRESENTATION_STYLE_ASSIGNMENT (( #10583 ) ) ;
#11369 = SURFACE_STYLE_USAGE ( .BOTH. , #3951 ) ;
#11370 = ORIENTED_EDGE ( 'NONE', *, *, #5461, .T. ) ;
#11371 = CARTESIAN_POINT ( 'NONE',  ( -0.6665198106302211434, 0.8409999996185738569, -2.370985389085523476 ) ) ;
#11372 = ADVANCED_FACE ( 'NONE', ( #7372 ), #1878, .F. ) ;
#11373 = CARTESIAN_POINT ( 'NONE',  ( -0.4128744740764438981, 0.8409999996185738569, -2.633543813701546110 ) ) ;
#11374 = CARTESIAN_POINT ( 'NONE',  ( -0.01949004502012786216, 0.8409999996185738569, -2.058473386177187336 ) ) ;
#11375 = ORIENTED_EDGE ( 'NONE', *, *, #6535, .T. ) ;
#11376 = CARTESIAN_POINT ( 'NONE',  ( -0.1628044440334908693, 0.8409999996185738569, -2.461123398304127630 ) ) ;
#11377 = COLOUR_RGB ( '',1.000000000000000000, 1.000000000000000000, 1.000000000000000000 ) ;
#11378 =( GEOMETRIC_REPRESENTATION_CONTEXT ( 3 ) GLOBAL_UNCERTAINTY_ASSIGNED_CONTEXT ( ( #11862 ) ) GLOBAL_UNIT_ASSIGNED_CONTEXT ( ( #9796, #11694, #1587 ) ) REPRESENTATION_CONTEXT ( 'NONE', 'WORKASPACE' ) );
#11379 = CARTESIAN_POINT ( 'NONE',  ( -0.3220818312720886145, 0.8409999996185738569, -2.427787441821460224 ) ) ;
#11380 = STYLED_ITEM ( 'NONE', ( #8473 ), #10521 ) ;
#11381 = DIRECTION ( 'NONE',  ( -0.0000000000000000000, -1.000000000000000000, -0.0000000000000000000 ) ) ;
#11382 = CARTESIAN_POINT ( 'NONE',  ( -0.3216286234043526093, 0.8409999996185738569, -2.551160694662033546 ) ) ;
#11383 = CARTESIAN_POINT ( 'NONE',  ( -0.5921937203478343514, 0.8399999996185738560, -2.227872415791527061 ) ) ;
#11384 = MECHANICAL_DESIGN_GEOMETRIC_PRESENTATION_REPRESENTATION (  '', ( #4582 ), #10217 ) ;
#11385 = LINE ( 'NONE', #3056, #6304 ) ;
#11386 =( NAMED_UNIT ( * ) SI_UNIT ( $, .STERADIAN. ) SOLID_ANGLE_UNIT ( ) );
#11387 = PRESENTATION_LAYER_ASSIGNMENT (  '', '', ( #573 ) ) ;
#11388 = B_SPLINE_CURVE_WITH_KNOTS ( 'NONE', 3,
 ( #5757, #10455, #7529, #5868 ),
 .UNSPECIFIED., .F., .F.,
 ( 4, 4 ),
 ( 12.00000000000000000, 13.00000000000000000 ),
 .UNSPECIFIED. ) ;
#11389 = AXIS2_PLACEMENT_3D ( 'NONE', #2384, #3226, #6852 ) ;
#11390 = ORIENTED_EDGE ( 'NONE', *, *, #9384, .F. ) ;
#11391 = FILL_AREA_STYLE_COLOUR ( '', #8988 ) ;
#11392 = FACE_OUTER_BOUND ( 'NONE', #10877, .T. ) ;
#11393 = ORIENTED_EDGE ( 'NONE', *, *, #10577, .T. ) ;
#11394 = CARTESIAN_POINT ( 'NONE',  ( -0.2324977427812310593, 0.8399999996185738560, -2.078112393772600264 ) ) ;
#11395 = AXIS2_PLACEMENT_3D ( 'NONE', #3764, #4440, #8326 ) ;
#11396 = CARTESIAN_POINT ( 'NONE',  ( -0.04492004203401835094, 0.8409999996185738569, -2.058473386177187336 ) ) ;
#11397 = CARTESIAN_POINT ( 'NONE',  ( 0.7315011463022886851, 0.8409999996185738569, -2.379580614097772440 ) ) ;
#11398 = MECHANICAL_DESIGN_GEOMETRIC_PRESENTATION_REPRESENTATION (  '', ( #5714 ), #6128 ) ;
#11399 = EDGE_LOOP ( 'NONE', ( #1752, #825, #10526, #10423 ) ) ;
#11400 = ADVANCED_FACE ( 'NONE', ( #3790 ), #7493, .F. ) ;
#11401 = ORIENTED_EDGE ( 'NONE', *, *, #7794, .F. ) ;
#11402 = EDGE_CURVE ( 'NONE', #3887, #11429, #10988, .T. ) ;
#11403 = LINE ( 'NONE', #4995, #7252 ) ;
#11404 = PRESENTATION_STYLE_ASSIGNMENT (( #4767 ) ) ;
#11405 = FILL_AREA_STYLE ('',( #5907 ) ) ;
#11406 = SURFACE_STYLE_FILL_AREA ( #10490 ) ;
#11407 =( NAMED_UNIT ( * ) SI_UNIT ( $, .STERADIAN. ) SOLID_ANGLE_UNIT ( ) );
#11408 = LINE ( 'NONE', #5056, #9488 ) ;
#11409 = CARTESIAN_POINT ( 'NONE',  ( 0.7315011730168006210, 0.8409999996185738569, -2.661103169853078931 ) ) ;
#11410 = CARTESIAN_POINT ( 'NONE',  ( -0.1774581650852088688, 0.8399999996185738560, -2.215384021217778443 ) ) ;
#11411 =( LENGTH_UNIT ( ) NAMED_UNIT ( * ) SI_UNIT ( .MILLI., .METRE. ) );
#11412 = VERTEX_POINT ( 'NONE', #5779 ) ;
#11413 = EDGE_CURVE ( 'NONE', #916, #7103, #10414, .T. ) ;
#11414 = VECTOR ( 'NONE', #4852, 1000.000000000000000 ) ;
#11415 = ADVANCED_FACE ( 'NONE', ( #6679 ), #2113, .F. ) ;
#11416 = EDGE_CURVE ( 'NONE', #6384, #7443, #6808, .T. ) ;
#11417 = ORIENTED_EDGE ( 'NONE', *, *, #5293, .F. ) ;
#11418 = UNCERTAINTY_MEASURE_WITH_UNIT (LENGTH_MEASURE( 1.000000000000000082E-05 ), #2558, 'distance_accuracy_value', 'NONE');
#11419 = SURFACE_STYLE_USAGE ( .BOTH. , #3318 ) ;
#11420 = CARTESIAN_POINT ( 'NONE',  ( -0.5177165607764263600, 0.8399999996185738560, -2.058473386177185116 ) ) ;
#11421 = CARTESIAN_POINT ( 'NONE',  ( 0.7581127520413187826, 0.8399999996185738560, -2.098058138486000868 ) ) ;
#11422 = PRESENTATION_STYLE_ASSIGNMENT (( #1237 ) ) ;
#11423 = CARTESIAN_POINT ( 'NONE',  ( -0.3115069810286119067, 0.8399999996185738560, -2.435240193422506749 ) ) ;
#11424 =( LENGTH_UNIT ( ) NAMED_UNIT ( * ) SI_UNIT ( .MILLI., .METRE. ) );
#11425 = ORIENTED_EDGE ( 'NONE', *, *, #10536, .T. ) ;
#11426 = MECHANICAL_DESIGN_GEOMETRIC_PRESENTATION_REPRESENTATION (  '', ( #4996 ), #9659 ) ;
#11427 = LINE ( 'NONE', #4063, #9006 ) ;
#11428 = CARTESIAN_POINT ( 'NONE',  ( -0.2044995678506547898, 0.8409999996185738569, -2.501811393525809724 ) ) ;
#11429 = VERTEX_POINT ( 'NONE', #7680 ) ;
#11430 = CARTESIAN_POINT ( 'NONE',  ( -0.4244060964850521200, 0.8399999996185738560, -2.634248803718319820 ) ) ;
#11431 = CARTESIAN_POINT ( 'NONE',  ( -0.7336449314612693007, 0.8409999996185738569, -2.545520774531907726 ) ) ;
#11432 = ORIENTED_EDGE ( 'NONE', *, *, #4774, .F. ) ;
#11433 = CARTESIAN_POINT ( 'NONE',  ( -0.2789263709930535629, 0.8399999996185738560, -2.089795085468891145 ) ) ;
#11434 = CARTESIAN_POINT ( 'NONE',  ( -0.2621073234627079307, 0.8409999996185738569, -2.567979742191718096 ) ) ;
#11435 = ADVANCED_FACE ( 'NONE', ( #11392 ), #3116, .F. ) ;
#11436 =( NAMED_UNIT ( * ) SI_UNIT ( $, .STERADIAN. ) SOLID_ANGLE_UNIT ( ) );
#11437 = SURFACE_SIDE_STYLE ('',( #4908 ) ) ;
#11438 = VERTEX_POINT ( 'NONE', #11571 ) ;
#11439 = CARTESIAN_POINT ( 'NONE',  ( 0.2721012009410054833, 0.8399999996185738560, -2.564461132366114615 ) ) ;
#11440 = ORIENTED_EDGE ( 'NONE', *, *, #9366, .F. ) ;
#11441 = CARTESIAN_POINT ( 'NONE',  ( -0.1767028186394361822, 0.8409999996185738569, -2.449843558043874658 ) ) ;
#11442 = PLANE ( 'NONE',  #11910 ) ;
#11443 = PRESENTATION_LAYER_ASSIGNMENT (  '', '', ( #1755 ) ) ;
#11444 = FILL_AREA_STYLE ('',( #9532 ) ) ;
#11445 = SURFACE_SIDE_STYLE ('',( #10343 ) ) ;
#11446 = DIRECTION ( 'NONE',  ( -1.000000000000000000, 0.0000000000000000000, 4.274056736461001627E-15 ) ) ;
#11447 = VECTOR ( 'NONE', #10132, 1000.000000000000000 ) ;
#11448 = VERTEX_POINT ( 'NONE', #8755 ) ;
#11449 = SURFACE_STYLE_FILL_AREA ( #3058 ) ;
#11450 = DIRECTION ( 'NONE',  ( 1.000000000000000000, -0.0000000000000000000, 0.0000000000000000000 ) ) ;
#11451 = ORIENTED_EDGE ( 'NONE', *, *, #2991, .T. ) ;
#11452 = SURFACE_SIDE_STYLE ('',( #3061 ) ) ;
#11453 = LINE ( 'NONE', #2177, #5404 ) ;
#11454 = B_SPLINE_SURFACE_WITH_KNOTS ( 'NONE', 3, 1, ( 
 ( #7374, #5835 ),
 ( #4869, #8574 ),
 ( #9539, #11573 ),
 ( #262, #11394 ) ),
 .UNSPECIFIED., .F., .F., .F.,
 ( 4, 4 ),
 ( 2, 2 ),
 ( 8.000000000000000000, 9.000000000000000000 ),
 ( 0.0000000000000000000, 1.000000000000000000 ),
 .UNSPECIFIED. ) ;
#11455 = ORIENTED_EDGE ( 'NONE', *, *, #669, .T. ) ;
#11456 = VERTEX_POINT ( 'NONE', #9785 ) ;
#11457 = FILL_AREA_STYLE_COLOUR ( '', #4519 ) ;
#11458 = CARTESIAN_POINT ( 'NONE',  ( -0.01949004502012851442, 0.8409999996185738569, -2.255467739283381956 ) ) ;
#11459 = PRESENTATION_STYLE_ASSIGNMENT (( #405 ) ) ;
#11460 = CARTESIAN_POINT ( 'NONE',  ( -0.6219040138886534619, 0.8409999996185738569, -2.184968737660192506 ) ) ;
#11461 = CARTESIAN_POINT ( 'NONE',  ( -0.3546624413076379656, 0.8409999996185738569, -2.515206203835017806 ) ) ;
#11462 = EDGE_CURVE ( 'NONE', #4327, #5765, #726, .T. ) ;
#11463 = EDGE_CURVE ( 'NONE', #6962, #2551, #8936, .T. ) ;
#11464 = SURFACE_SIDE_STYLE ('',( #2892 ) ) ;
#11465 =( NAMED_UNIT ( * ) SI_UNIT ( $, .STERADIAN. ) SOLID_ANGLE_UNIT ( ) );
#11466 = SURFACE_STYLE_USAGE ( .BOTH. , #6703 ) ;
#11467 = LINE ( 'NONE', #2249, #732 ) ;
#11468 = ORIENTED_EDGE ( 'NONE', *, *, #8080, .F. ) ;
#11469 = SURFACE_SIDE_STYLE ('',( #8777 ) ) ;
#11470 = ORIENTED_EDGE ( 'NONE', *, *, #1483, .F. ) ;
#11471 =( NAMED_UNIT ( * ) PLANE_ANGLE_UNIT ( ) SI_UNIT ( $, .RADIAN. ) );
#11472 = SURFACE_SIDE_STYLE ('',( #5928 ) ) ;
#11473 = CARTESIAN_POINT ( 'NONE',  ( -2.100000000000000089, 0.8400000000000000799, -3.279999999999999805 ) ) ;
#11474 = EDGE_LOOP ( 'NONE', ( #3089, #6094, #7314, #3744, #8573, #2749, #11110, #9752, #3890, #5872, #10972, #2896 ) ) ;
#11475 = EDGE_CURVE ( 'NONE', #11934, #2189, #4326, .T. ) ;
#11476 = CARTESIAN_POINT ( 'NONE',  ( -0.3588923814048951000, 0.8409999996185738569, -2.518731153916178744 ) ) ;
#11477 = ORIENTED_EDGE ( 'NONE', *, *, #7134, .T. ) ;
#11478 = SURFACE_STYLE_FILL_AREA ( #2378 ) ;
#11479 = DIRECTION ( 'NONE',  ( 0.0000000000000000000, 0.0000000000000000000, -1.000000000000000000 ) ) ;
#11480 = CARTESIAN_POINT ( 'NONE',  ( -0.4869487822111346897, 0.8409999996185738569, -2.233008771623575583 ) ) ;
#11481 = CARTESIAN_POINT ( 'NONE',  ( 0.9471950353051991067, 0.8399999996185738560, -2.266131222767700848 ) ) ;
#11482 = ORIENTED_EDGE ( 'NONE', *, *, #5665, .T. ) ;
#11483 = PRESENTATION_STYLE_ASSIGNMENT (( #5204 ) ) ;
#11484 =( LENGTH_UNIT ( ) NAMED_UNIT ( * ) SI_UNIT ( .MILLI., .METRE. ) );
#11485 = LINE ( 'NONE', #9521, #7673 ) ;
#11486 = CARTESIAN_POINT ( 'NONE',  ( -0.3361312751670491594, 0.8409999996185738569, -2.551160694662033546 ) ) ;
#11487 = ORIENTED_EDGE ( 'NONE', *, *, #6551, .F. ) ;
#11488 = CARTESIAN_POINT ( 'NONE',  ( -0.3905665757056559495, 0.8409999996185738569, -2.529708855597042838 ) ) ;
#11489 = ADVANCED_FACE ( 'NONE', ( #8037 ), #6982, .F. ) ;
#11490 = CARTESIAN_POINT ( 'NONE',  ( -0.4182122556278534686, 0.8399999996185738560, -2.634248803718319820 ) ) ;
#11491 = CARTESIAN_POINT ( 'NONE',  ( -0.01949004502012938178, 0.8409999996185738569, -2.567979742191718984 ) ) ;
#11492 = EDGE_LOOP ( 'NONE', ( #9669, #5302, #11156, #3995 ) ) ;
#11493 = CARTESIAN_POINT ( 'NONE',  ( -0.2955439928040459185, 0.8409999996185738569, -2.563044812078359325 ) ) ;
#11494 = FILL_AREA_STYLE_COLOUR ( '', #891 ) ;
#11495 = CARTESIAN_POINT ( 'NONE',  ( -0.2621073234627077087, 0.8409999996185738569, -2.477438881537072923 ) ) ;
#11496 = STYLED_ITEM ( 'NONE', ( #5889 ), #8126 ) ;
#11497 = CARTESIAN_POINT ( 'NONE',  ( 1.035433489371399673, 0.8399999996185738560, -2.285739833418932498 ) ) ;
#11498 =( NAMED_UNIT ( * ) PLANE_ANGLE_UNIT ( ) SI_UNIT ( $, .RADIAN. ) );
#11499 = CARTESIAN_POINT ( 'NONE',  ( 0.3953548975953513067, 0.8409999996185738569, -2.483225780245764458 ) ) ;
#11500 = VERTEX_POINT ( 'NONE', #7975 ) ;
#11501 = UNCERTAINTY_MEASURE_WITH_UNIT (LENGTH_MEASURE( 1.000000000000000082E-05 ), #9261, 'distance_accuracy_value', 'NONE');
#11502 = CARTESIAN_POINT ( 'NONE',  ( -0.1774581650852088688, 0.8399999996185738560, -2.215384021217778443 ) ) ;
#11503 = ORIENTED_EDGE ( 'NONE', *, *, #5281, .T. ) ;
#11504 = ADVANCED_FACE ( 'NONE', ( #7858 ), #3105, .F. ) ;
#11505 = CARTESIAN_POINT ( 'NONE',  ( -0.3504828576400529361, 0.8399999996185738560, -2.488215157499243269 ) ) ;
#11506 = SURFACE_STYLE_FILL_AREA ( #9672 ) ;
#11507 = VERTEX_POINT ( 'NONE', #11007 ) ;
#11508 = ORIENTED_EDGE ( 'NONE', *, *, #7112, .F. ) ;
#11509 = MECHANICAL_DESIGN_GEOMETRIC_PRESENTATION_REPRESENTATION (  '', ( #3169 ), #2586 ) ;
#11510 = VECTOR ( 'NONE', #1135, 1000.000000000000000 ) ;
#11511 =( LENGTH_UNIT ( ) NAMED_UNIT ( * ) SI_UNIT ( .MILLI., .METRE. ) );
#11512 = MECHANICAL_DESIGN_GEOMETRIC_PRESENTATION_REPRESENTATION (  '', ( #3171 ), #2402 ) ;
#11513 = SURFACE_STYLE_USAGE ( .BOTH. , #11328 ) ;
#11514 = UNCERTAINTY_MEASURE_WITH_UNIT (LENGTH_MEASURE( 1.000000000000000082E-05 ), #5099, 'distance_accuracy_value', 'NONE');
#11515 = PRESENTATION_LAYER_ASSIGNMENT (  '', '', ( #6241 ) ) ;
#11516 = LINE ( 'NONE', #2182, #9233 ) ;
#11517 =( NAMED_UNIT ( * ) SI_UNIT ( $, .STERADIAN. ) SOLID_ANGLE_UNIT ( ) );
#11518 = PRESENTATION_LAYER_ASSIGNMENT (  '', '', ( #4721 ) ) ;
#11519 = DIRECTION ( 'NONE',  ( 0.0000000000000000000, 0.0000000000000000000, -1.000000000000000000 ) ) ;
#11520 = CARTESIAN_POINT ( 'NONE',  ( -0.5741157620749829382, 0.8400000000000000799, -2.212463348294041232 ) ) ;
#11521 = VECTOR ( 'NONE', #709, 1000.000000000000000 ) ;
#11522 = FILL_AREA_STYLE ('',( #4102 ) ) ;
#11523 = B_SPLINE_SURFACE_WITH_KNOTS ( 'NONE', 3, 1, ( 
 ( #1866, #1319 ),
 ( #11373, #7787 ),
 ( #6795, #11490 ),
 ( #2163, #10524 ) ),
 .UNSPECIFIED., .F., .F., .F.,
 ( 4, 4 ),
 ( 2, 2 ),
 ( 2.000000000000000000, 3.000000000000000000 ),
 ( 0.0000000000000000000, 1.000000000000000000 ),
 .UNSPECIFIED. ) ;
#11524 = SURFACE_SIDE_STYLE ('',( #9562 ) ) ;
#11525 = VERTEX_POINT ( 'NONE', #9232 ) ;
#11526 =( LENGTH_UNIT ( ) NAMED_UNIT ( * ) SI_UNIT ( .MILLI., .METRE. ) );
#11527 = COLOUR_RGB ( '',1.000000000000000000, 1.000000000000000000, 1.000000000000000000 ) ;
#11528 = EDGE_LOOP ( 'NONE', ( #1656, #208, #6395, #4846 ) ) ;
#11529 = UNCERTAINTY_MEASURE_WITH_UNIT (LENGTH_MEASURE( 1.000000000000000082E-05 ), #820, 'distance_accuracy_value', 'NONE');
#11530 = CARTESIAN_POINT ( 'NONE',  ( -0.2374326728945910514, 0.8409999996185738569, -2.497380027709188433 ) ) ;
#11531 = DIRECTION ( 'NONE',  ( -0.0000000000000000000, -0.0000000000000000000, 1.000000000000000000 ) ) ;
#11532 = FILL_AREA_STYLE_COLOUR ( '', #9645 ) ;
#11533 = DIRECTION ( 'NONE',  ( -0.0000000000000000000, -1.000000000000000000, -0.0000000000000000000 ) ) ;
#11534 = MECHANICAL_DESIGN_GEOMETRIC_PRESENTATION_REPRESENTATION (  '', ( #2414 ), #9962 ) ;
#11535 = CARTESIAN_POINT ( 'NONE',  ( -0.9672987654112522593, 0.8409999996185738569, -2.396163603951713128 ) ) ;
#11536 = STYLED_ITEM ( 'NONE', ( #3514 ), #7306 ) ;
#11537 = CARTESIAN_POINT ( 'NONE',  ( -0.1800263430019039823, 0.8409999996185738569, -2.571303266554186617 ) ) ;
#11538 = B_SPLINE_CURVE_WITH_KNOTS ( 'NONE', 3,
 ( #4231, #7935, #634, #9008 ),
 .UNSPECIFIED., .F., .F.,
 ( 4, 4 ),
 ( 4.000000000000000000, 5.000000000000000000 ),
 .UNSPECIFIED. ) ;
#11539 = ORIENTED_EDGE ( 'NONE', *, *, #1974, .F. ) ;
#11540 =( NAMED_UNIT ( * ) SI_UNIT ( $, .STERADIAN. ) SOLID_ANGLE_UNIT ( ) );
#11541 =( NAMED_UNIT ( * ) PLANE_ANGLE_UNIT ( ) SI_UNIT ( $, .RADIAN. ) );
#11542 = ORIENTED_EDGE ( 'NONE', *, *, #1021, .T. ) ;
#11543 = DIRECTION ( 'NONE',  ( 0.3416038306902477450, 0.0000000000000000000, 0.9398440417738193053 ) ) ;
#11544 = VECTOR ( 'NONE', #3001, 1000.000000000000000 ) ;
#11545 = DIRECTION ( 'NONE',  ( -0.0000000000000000000, -1.000000000000000000, -0.0000000000000000000 ) ) ;
#11546 = VECTOR ( 'NONE', #4468, 1000.000000000000000 ) ;
#11547 = ORIENTED_EDGE ( 'NONE', *, *, #4753, .T. ) ;
#11548 =( GEOMETRIC_REPRESENTATION_CONTEXT ( 3 ) GLOBAL_UNCERTAINTY_ASSIGNED_CONTEXT ( ( #10551 ) ) GLOBAL_UNIT_ASSIGNED_CONTEXT ( ( #1261, #6798, #5826 ) ) REPRESENTATION_CONTEXT ( 'NONE', 'WORKASPACE' ) );
#11549 = CARTESIAN_POINT ( 'NONE',  ( -0.2270592483704722830, 0.8399999996185738560, -2.562944099219015115 ) ) ;
#11550 = CARTESIAN_POINT ( 'NONE',  ( 0.7062902090390903442, 0.8399999996185738560, -2.145678863063671393 ) ) ;
#11551 = ADVANCED_FACE ( 'NONE', ( #5456, #8546 ), #8155, .T. ) ;
#11552 = EDGE_CURVE ( 'NONE', #6573, #5122, #10444, .T. ) ;
#11553 = SURFACE_SIDE_STYLE ('',( #7729 ) ) ;
#11554 = CARTESIAN_POINT ( 'NONE',  ( -0.3652372915511160612, 0.8409999996185738569, -2.544815784516484936 ) ) ;
#11555 = ORIENTED_EDGE ( 'NONE', *, *, #10054, .T. ) ;
#11556 = CARTESIAN_POINT ( 'NONE',  ( -0.5405783798736232271, 0.8409999996185738569, -2.233008771623575139 ) ) ;
#11557 = SURFACE_SIDE_STYLE ('',( #7911 ) ) ;
#11558 = EDGE_LOOP ( 'NONE', ( #11341, #3067, #2002, #7553 ) ) ;
#11559 = COLOUR_RGB ( '',1.000000000000000000, 1.000000000000000000, 1.000000000000000000 ) ;
#11560 = CARTESIAN_POINT ( 'NONE',  ( -0.3191108019180085575, 0.8409999996185738569, -2.571303266554186173 ) ) ;
#11561 = PRESENTATION_STYLE_ASSIGNMENT (( #11671 ) ) ;
#11562 =( GEOMETRIC_REPRESENTATION_CONTEXT ( 3 ) GLOBAL_UNCERTAINTY_ASSIGNED_CONTEXT ( ( #4587 ) ) GLOBAL_UNIT_ASSIGNED_CONTEXT ( ( #8081, #5318, #3567 ) ) REPRESENTATION_CONTEXT ( 'NONE', 'WORKASPACE' ) );
#11563 = CARTESIAN_POINT ( 'NONE',  ( -0.7623984528382984349, 0.8409999996185738569, -2.567979742191715875 ) ) ;
#11564 = EDGE_CURVE ( 'NONE', #4200, #8131, #8955, .T. ) ;
#11565 = CARTESIAN_POINT ( 'NONE',  ( 0.1936670789142624916, 0.8400000000000000799, -2.505635514131208108 ) ) ;
#11566 = EDGE_CURVE ( 'NONE', #11139, #1399, #7223, .T. ) ;
#11567 =( NAMED_UNIT ( * ) SI_UNIT ( $, .STERADIAN. ) SOLID_ANGLE_UNIT ( ) );
#11568 = PRESENTATION_LAYER_ASSIGNMENT (  '', '', ( #4761 ) ) ;
#11569 = ORIENTED_EDGE ( 'NONE', *, *, #8556, .F. ) ;
#11570 = PLANE ( 'NONE',  #8622 ) ;
#11571 = CARTESIAN_POINT ( 'NONE',  ( -0.4585981122721630721, 0.8409999996185738569, -2.567677603613673476 ) ) ;
#11572 = ORIENTED_EDGE ( 'NONE', *, *, #4915, .T. ) ;
#11573 = CARTESIAN_POINT ( 'NONE',  ( -0.2105423394188307429, 0.8399999996185738560, -2.078112393772600264 ) ) ;
#11574 = COLOUR_RGB ( '',1.000000000000000000, 1.000000000000000000, 1.000000000000000000 ) ;
#11575 = DIRECTION ( 'NONE',  ( -2.484773319089557227E-15, 0.0000000000000000000, -1.000000000000000000 ) ) ;
#11576 = ORIENTED_EDGE ( 'NONE', *, *, #7693, .T. ) ;
#11577 = ORIENTED_EDGE ( 'NONE', *, *, #1568, .T. ) ;
#11578 = STYLED_ITEM ( 'NONE', ( #1546 ), #11690 ) ;
#11579 = STYLED_ITEM ( 'NONE', ( #2048 ), #11400 ) ;
#11580 = VECTOR ( 'NONE', #11031, 1000.000000000000000 ) ;
#11581 = PLANE ( 'NONE',  #4933 ) ;
#11582 = DIRECTION ( 'NONE',  ( 1.000000000000000000, -0.0000000000000000000, -0.0000000000000000000 ) ) ;
#11583 = EDGE_CURVE ( 'NONE', #10495, #8356, #5750, .T. ) ;
#11584 = PRESENTATION_STYLE_ASSIGNMENT (( #5049 ) ) ;
#11585 = VECTOR ( 'NONE', #11381, 1000.000000000000000 ) ;
#11586 = SURFACE_SIDE_STYLE ('',( #11406 ) ) ;
#11587 = CARTESIAN_POINT ( 'NONE',  ( 0.2777036611262096444, 0.8399999996185738560, -2.264730687865103675 ) ) ;
#11588 = MECHANICAL_DESIGN_GEOMETRIC_PRESENTATION_REPRESENTATION (  '', ( #7304 ), #8863 ) ;
#11589 = CARTESIAN_POINT ( 'NONE',  ( -0.4084934646901654531, 0.8399999996185738560, -2.632234546528698704 ) ) ;
#11590 = CARTESIAN_POINT ( 'NONE',  ( 0.6894828551959794050, 0.8409999996185738569, -2.379580614097772440 ) ) ;
#11591 = DIRECTION ( 'NONE',  ( -1.000000000000000000, 0.0000000000000000000, 5.842212190022146014E-15 ) ) ;
#11592 = FILL_AREA_STYLE_COLOUR ( '', #9955 ) ;
#11593 = CARTESIAN_POINT ( 'NONE',  ( 0.9471950353051988847, 0.8399999996185738560, -2.343164756462825071 ) ) ;
#11594 = VERTEX_POINT ( 'NONE', #5342 ) ;
#11595 = ORIENTED_EDGE ( 'NONE', *, *, #9351, .F. ) ;
#11596 = MECHANICAL_DESIGN_GEOMETRIC_PRESENTATION_REPRESENTATION (  '', ( #3829 ), #9636 ) ;
#11597 = CARTESIAN_POINT ( 'NONE',  ( 1.489999999999999991, 0.3500000000000003109, -8.279999999999999361 ) ) ;
#11598 = CARTESIAN_POINT ( 'NONE',  ( 0.2286823215024050837, 0.8409999996185738569, -2.431403237244207372 ) ) ;
#11599 = CARTESIAN_POINT ( 'NONE',  ( -0.7942740728564093855, 0.8409999996185738569, -2.370985389085522588 ) ) ;
#11600 = DIRECTION ( 'NONE',  ( -0.0000000000000000000, -1.000000000000000000, -0.0000000000000000000 ) ) ;
#11601 = ORIENTED_EDGE ( 'NONE', *, *, #9612, .F. ) ;
#11602 = SURFACE_STYLE_FILL_AREA ( #534 ) ;
#11603 = CARTESIAN_POINT ( 'NONE',  ( -0.1806306201586561910, 0.8409999996185738569, -2.510472699440351896 ) ) ;
#11604 = VERTEX_POINT ( 'NONE', #6717 ) ;
#11605 = DIRECTION ( 'NONE',  ( -1.000000000000000000, 0.0000000000000000000, 6.155985935670711641E-15 ) ) ;
#11606 = CARTESIAN_POINT ( 'NONE',  ( 0.7623145971803876320, 0.8399999996185738560, -2.467819094879160957 ) ) ;
#11607 = DIRECTION ( 'NONE',  ( -1.000000000000000000, 0.0000000000000000000, 0.0000000000000000000 ) ) ;
#11608 = CARTESIAN_POINT ( 'NONE',  ( 0.9471950353051988847, 0.8399999996185738560, -2.343164756462825071 ) ) ;
#11609 = EDGE_LOOP ( 'NONE', ( #823, #7977, #9642, #6729 ) ) ;
#11610 = CARTESIAN_POINT ( 'NONE',  ( -0.1936729354588052066, 0.8399999996185738560, -2.571303266554186617 ) ) ;
#11611 = CARTESIAN_POINT ( 'NONE',  ( 0.7062902090390903442, 0.8409999996185738569, -2.145678863063671393 ) ) ;
#11612 = DIRECTION ( 'NONE',  ( -0.0000000000000000000, -1.000000000000000000, -0.0000000000000000000 ) ) ;
#11613 = PRESENTATION_LAYER_ASSIGNMENT (  '', '', ( #4611 ) ) ;
#11614 = ORIENTED_EDGE ( 'NONE', *, *, #1680, .T. ) ;
#11615 = CARTESIAN_POINT ( 'NONE',  ( -0.3614102028919178866, 0.8409999996185738569, -2.444102925054405517 ) ) ;
#11616 = FILL_AREA_STYLE_COLOUR ( '', #6231 ) ;
#11617 = VERTEX_POINT ( 'NONE', #9052 ) ;
#11618 = EDGE_CURVE ( 'NONE', #122, #4551, #10572, .T. ) ;
#11619 = CARTESIAN_POINT ( 'NONE',  ( 1.014424343818915775, 0.8399999996185738560, -2.456614227936432471 ) ) ;
#11620 = CARTESIAN_POINT ( 'NONE',  ( 0.7329017880636051752, 0.8409999996185738569, -2.577066694498511001 ) ) ;
#11621 = B_SPLINE_CURVE_WITH_KNOTS ( 'NONE', 3,
 ( #6796, #11439, #3048, #11303 ),
 .UNSPECIFIED., .F., .F.,
 ( 4, 4 ),
 ( 33.00000000000000000, 34.00000000000000000 ),
 .UNSPECIFIED. ) ;
#11622 = LINE ( 'NONE', #8749, #1459 ) ;
#11623 = CARTESIAN_POINT ( 'NONE',  ( 0.7146938458888766332, 0.8399999996185738560, -2.060241672484219411 ) ) ;
#11624 = DIRECTION ( 'NONE',  ( 0.0000000000000000000, -1.000000000000000000, 0.0000000000000000000 ) ) ;
#11625 = CARTESIAN_POINT ( 'NONE',  ( 0.4009573043522013380, 0.8399999996185738560, -2.481825191914147410 ) ) ;
#11626 = ORIENTED_EDGE ( 'NONE', *, *, #4177, .T. ) ;
#11627 = SURFACE_STYLE_USAGE ( .BOTH. , #724 ) ;
#11628 = FILL_AREA_STYLE_COLOUR ( '', #11951 ) ;
#11629 = VERTEX_POINT ( 'NONE', #2622 ) ;
#11630 = ADVANCED_FACE ( 'NONE', ( #4502 ), #8208, .T. ) ;
#11631 = B_SPLINE_CURVE_WITH_KNOTS ( 'NONE', 3,
 ( #1552, #11606, #7076, #10817, #9758, #8011 ),
 .UNSPECIFIED., .F., .F.,
 ( 4, 2, 4 ),
 ( 2.000000000000000000, 3.000000000000000000, 4.000000000000000000 ),
 .UNSPECIFIED. ) ;
#11632 = CARTESIAN_POINT ( 'NONE',  ( 1.489999999999999991, -0.02999999999999972133, -3.279999999999999805 ) ) ;
#11633 = ORIENTED_EDGE ( 'NONE', *, *, #9368, .T. ) ;
#11634 = ORIENTED_EDGE ( 'NONE', *, *, #501, .T. ) ;
#11635 = VECTOR ( 'NONE', #8337, 1000.000000000000000 ) ;
#11636 = DIRECTION ( 'NONE',  ( -0.0000000000000000000, -1.000000000000000000, -0.0000000000000000000 ) ) ;
#11637 = CARTESIAN_POINT ( 'NONE',  ( -0.5167094321802800927, 0.8409999996185738569, -2.081133779555683017 ) ) ;
#11638 = PRESENTATION_STYLE_ASSIGNMENT (( #7929 ) ) ;
#11639 = UNCERTAINTY_MEASURE_WITH_UNIT (LENGTH_MEASURE( 1.000000000000000082E-05 ), #9883, 'distance_accuracy_value', 'NONE');
#11640 =( NAMED_UNIT ( * ) SI_UNIT ( $, .STERADIAN. ) SOLID_ANGLE_UNIT ( ) );
#11641 = CARTESIAN_POINT ( 'NONE',  ( -0.5167094321802800927, 0.8409999996185738569, -2.081133779555683017 ) ) ;
#11642 = FACE_OUTER_BOUND ( 'NONE', #2107, .T. ) ;
#11643 = DIRECTION ( 'NONE',  ( 0.3559357243698721418, -0.0000000000000000000, -0.9345104387417479952 ) ) ;
#11644 = DIRECTION ( 'NONE',  ( -0.0000000000000000000, -1.000000000000000000, -0.0000000000000000000 ) ) ;
#11645 = DIRECTION ( 'NONE',  ( 0.0000000000000000000, 0.0000000000000000000, -1.000000000000000000 ) ) ;
#11646 = CARTESIAN_POINT ( 'NONE',  ( 0.5914402026622125330, 0.8409999996185738569, -2.507036102462834481 ) ) ;
#11647 = STYLED_ITEM ( 'NONE', ( #4268 ), #1282 ) ;
#11648 = CARTESIAN_POINT ( 'NONE',  ( -0.5177165607764262489, 0.8409999996185738569, -2.058473386177185560 ) ) ;
#11649 = ORIENTED_EDGE ( 'NONE', *, *, #307, .T. ) ;
#11650 = CARTESIAN_POINT ( 'NONE',  ( 0.5914402026622121999, 0.8409999996185738569, -2.598075733194288084 ) ) ;
#11651 = VERTEX_POINT ( 'NONE', #3321 ) ;
#11652 = FACE_OUTER_BOUND ( 'NONE', #9884, .T. ) ;
#11653 = FACE_OUTER_BOUND ( 'NONE', #1538, .T. ) ;
#11654 = ORIENTED_EDGE ( 'NONE', *, *, #11030, .F. ) ;
#11655 = CARTESIAN_POINT ( 'NONE',  ( 0.3421316861179652946, 0.8409999996185738569, -2.264730687865104120 ) ) ;
#11656 = PRESENTATION_STYLE_ASSIGNMENT (( #535 ) ) ;
#11657 = VERTEX_POINT ( 'NONE', #1421 ) ;
#11658 =( NAMED_UNIT ( * ) PLANE_ANGLE_UNIT ( ) SI_UNIT ( $, .RADIAN. ) );
#11659 = EDGE_CURVE ( 'NONE', #5402, #11525, #8669, .T. ) ;
#11660 = DIRECTION ( 'NONE',  ( 0.0000000000000000000, -0.0000000000000000000, 1.000000000000000000 ) ) ;
#11661 = ORIENTED_EDGE ( 'NONE', *, *, #10157, .F. ) ;
#11662 = FACE_OUTER_BOUND ( 'NONE', #3628, .T. ) ;
#11663 = SURFACE_SIDE_STYLE ('',( #5260 ) ) ;
#11664 = CARTESIAN_POINT ( 'NONE',  ( 0.7329017613490935723, 0.8399999996185738560, -2.224112931662733050 ) ) ;
#11665 = FILL_AREA_STYLE ('',( #1495 ) ) ;
#11666 = CARTESIAN_POINT ( 'NONE',  ( 0.3953548441663260471, 0.8409999996185738569, -2.403390989743863226 ) ) ;
#11667 = VERTEX_POINT ( 'NONE', #5808 ) ;
#11668 = DIRECTION ( 'NONE',  ( -0.0000000000000000000, -1.000000000000000000, -0.0000000000000000000 ) ) ;
#11669 = CARTESIAN_POINT ( 'NONE',  ( -0.4224925521547822083, 0.8399999996185738560, -2.613099103231365294 ) ) ;
#11670 = ORIENTED_EDGE ( 'NONE', *, *, #9817, .T. ) ;
#11671 = SURFACE_STYLE_USAGE ( .BOTH. , #4135 ) ;
#11672 = CARTESIAN_POINT ( 'NONE',  ( 0.7329017880636051752, 0.8409999996185738569, -2.577066694498511001 ) ) ;
#11673 = EDGE_CURVE ( 'NONE', #3694, #3251, #10633, .T. ) ;
#11674 = DIRECTION ( 'NONE',  ( -4.274056736461001627E-15, 0.0000000000000000000, -1.000000000000000000 ) ) ;
#11675 = ADVANCED_FACE ( 'NONE', ( #468, #6776, #2259, #5070, #4240, #7714, #8785, #5131, #8729, #3208, #532, #9509, #4112, #10504 ), #6837, .T. ) ;
#11676 = CARTESIAN_POINT ( 'NONE',  ( -0.7185883589714960884, 0.8399999996185738560, -2.094226451285511104 ) ) ;
#11677 = ORIENTED_EDGE ( 'NONE', *, *, #11673, .F. ) ;
#11678 = CARTESIAN_POINT ( 'NONE',  ( 0.7931280213446459948, 0.8399999996185738560, -2.661103169853078931 ) ) ;
#11679 = EDGE_CURVE ( 'NONE', #156, #6129, #8659, .T. ) ;
#11680 = ORIENTED_EDGE ( 'NONE', *, *, #8348, .F. ) ;
#11681 = CARTESIAN_POINT ( 'NONE',  ( 0.5914402026622124220, 0.8399999996185738560, -2.516840381073930821 ) ) ;
#11682 =( GEOMETRIC_REPRESENTATION_CONTEXT ( 3 ) GLOBAL_UNCERTAINTY_ASSIGNED_CONTEXT ( ( #5419 ) ) GLOBAL_UNIT_ASSIGNED_CONTEXT ( ( #10286, #1982, #3111 ) ) REPRESENTATION_CONTEXT ( 'NONE', 'WORKASPACE' ) );
#11683 = CARTESIAN_POINT ( 'NONE',  ( 0.7329017613490935723, 0.8399999996185738560, -2.224112931662733050 ) ) ;
#11684 = FILL_AREA_STYLE_COLOUR ( '', #6403 ) ;
#11685 = ORIENTED_EDGE ( 'NONE', *, *, #9551, .F. ) ;
#11686 = EDGE_LOOP ( 'NONE', ( #10969, #9787, #5565, #5132 ) ) ;
#11687 =( GEOMETRIC_REPRESENTATION_CONTEXT ( 3 ) GLOBAL_UNCERTAINTY_ASSIGNED_CONTEXT ( ( #4546 ) ) GLOBAL_UNIT_ASSIGNED_CONTEXT ( ( #130, #5600, #11386 ) ) REPRESENTATION_CONTEXT ( 'NONE', 'WORKASPACE' ) );
#11688 =( NAMED_UNIT ( * ) PLANE_ANGLE_UNIT ( ) SI_UNIT ( $, .RADIAN. ) );
#11689 = EDGE_CURVE ( 'NONE', #6196, #11934, #757, .T. ) ;
#11690 = ADVANCED_FACE ( 'NONE', ( #6262 ), #11834, .F. ) ;
#11691 = B_SPLINE_CURVE_WITH_KNOTS ( 'NONE', 3,
 ( #662, #6006, #1445, #4316 ),
 .UNSPECIFIED., .F., .F.,
 ( 4, 4 ),
 ( 15.00000000000000000, 16.00000000000000000 ),
 .UNSPECIFIED. ) ;
#11692 = COLOUR_RGB ( '',1.000000000000000000, 1.000000000000000000, 1.000000000000000000 ) ;
#11693 = STYLED_ITEM ( 'NONE', ( #3310 ), #6476 ) ;
#11694 =( NAMED_UNIT ( * ) PLANE_ANGLE_UNIT ( ) SI_UNIT ( $, .RADIAN. ) );
#11695 =( LENGTH_UNIT ( ) NAMED_UNIT ( * ) SI_UNIT ( .MILLI., .METRE. ) );
#11696 = LINE ( 'NONE', #8335, #4768 ) ;
#11697 =( LENGTH_UNIT ( ) NAMED_UNIT ( * ) SI_UNIT ( .MILLI., .METRE. ) );
#11698 = CARTESIAN_POINT ( 'NONE',  ( -0.6665198106302211434, 0.8409999996185738569, -2.393645782464019600 ) ) ;
#11699 = PRESENTATION_STYLE_ASSIGNMENT (( #8896 ) ) ;
#11700 = PRESENTATION_LAYER_ASSIGNMENT (  '', '', ( #3169 ) ) ;
#11701 = CARTESIAN_POINT ( 'NONE',  ( -0.4714390018529552306, 0.8409999996185738569, -2.544614358797791631 ) ) ;
#11702 = ORIENTED_EDGE ( 'NONE', *, *, #4096, .T. ) ;
#11703 = VECTOR ( 'NONE', #1247, 1000.000000000000000 ) ;
#11704 = VECTOR ( 'NONE', #9591, 1000.000000000000000 ) ;
#11705 = EDGE_LOOP ( 'NONE', ( #7130, #11338, #9654, #6979 ) ) ;
#11706 =( NAMED_UNIT ( * ) PLANE_ANGLE_UNIT ( ) SI_UNIT ( $, .RADIAN. ) );
#11707 = CARTESIAN_POINT ( 'NONE',  ( -0.9679030425686762085, 0.8400000000000000799, -2.396163603951713128 ) ) ;
#11708 = EDGE_CURVE ( 'NONE', #4350, #9690, #5370, .T. ) ;
#11709 = CARTESIAN_POINT ( 'NONE',  ( -0.2956950620930670071, 0.8399999996185738560, -2.465252625541360487 ) ) ;
#11710 = CARTESIAN_POINT ( 'NONE',  ( 0.3561377831529547455, 0.8399999996185738560, -2.078449601301691985 ) ) ;
#11711 = COLOUR_RGB ( '',1.000000000000000000, 1.000000000000000000, 1.000000000000000000 ) ;
#11712 =( GEOMETRIC_REPRESENTATION_CONTEXT ( 3 ) GLOBAL_UNCERTAINTY_ASSIGNED_CONTEXT ( ( #10364 ) ) GLOBAL_UNIT_ASSIGNED_CONTEXT ( ( #8355, #9132, #5567 ) ) REPRESENTATION_CONTEXT ( 'NONE', 'WORKASPACE' ) );
#11713 = ORIENTED_EDGE ( 'NONE', *, *, #9483, .T. ) ;
#11714 = PRESENTATION_LAYER_ASSIGNMENT (  '', '', ( #1655 ) ) ;
#11715 = EDGE_LOOP ( 'NONE', ( #8937, #4953, #7008, #6449 ) ) ;
#11716 = LINE ( 'NONE', #1488, #10648 ) ;
#11717 = FILL_AREA_STYLE_COLOUR ( '', #3739 ) ;
#11718 = CARTESIAN_POINT ( 'NONE',  ( 0.3225231288964311438, 0.8409999996185738569, -2.109263018785977106 ) ) ;
#11719 = MECHANICAL_DESIGN_GEOMETRIC_PRESENTATION_REPRESENTATION (  '', ( #4730 ), #6246 ) ;
#11720 = VERTEX_POINT ( 'NONE', #9018 ) ;
#11721 =( GEOMETRIC_REPRESENTATION_CONTEXT ( 3 ) GLOBAL_UNCERTAINTY_ASSIGNED_CONTEXT ( ( #3684 ) ) GLOBAL_UNIT_ASSIGNED_CONTEXT ( ( #3287, #380, #7026 ) ) REPRESENTATION_CONTEXT ( 'NONE', 'WORKASPACE' ) );
#11722 = CARTESIAN_POINT ( 'NONE',  ( -0.1153686872275279524, 0.8409999996185738569, -2.456692032487505895 ) ) ;
#11723 = CARTESIAN_POINT ( 'NONE',  ( -0.2112473294349347386, 0.8399999996185738560, -2.424061066021605093 ) ) ;
#11724 =( GEOMETRIC_REPRESENTATION_CONTEXT ( 3 ) GLOBAL_UNCERTAINTY_ASSIGNED_CONTEXT ( ( #5346 ) ) GLOBAL_UNIT_ASSIGNED_CONTEXT ( ( #6748, #5042, #448 ) ) REPRESENTATION_CONTEXT ( 'NONE', 'WORKASPACE' ) );
#11725 = CARTESIAN_POINT ( 'NONE',  ( -0.3747043003404401107, 0.8399999996185738560, -2.560124139154628331 ) ) ;
#11726 = B_SPLINE_SURFACE_WITH_KNOTS ( 'NONE', 3, 1, ( 
 ( #2006, #9499 ),
 ( #1230, #3078 ),
 ( #4657, #8717 ),
 ( #11701, #7883 ) ),
 .UNSPECIFIED., .F., .F., .F.,
 ( 4, 4 ),
 ( 2, 2 ),
 ( 12.00000000000000000, 13.00000000000000000 ),
 ( 0.0000000000000000000, 1.000000000000000000 ),
 .UNSPECIFIED. ) ;
#11727 = DIRECTION ( 'NONE',  ( 0.9303007377811850498, -0.0000000000000000000, 0.3667976789509209690 ) ) ;
#11728 = EDGE_CURVE ( 'NONE', #7912, #11438, #8125, .T. ) ;
#11729 = CARTESIAN_POINT ( 'NONE',  ( -0.5591599024432111209, 0.8409999996185738569, -2.087277263982539655 ) ) ;
#11730 = CARTESIAN_POINT ( 'NONE',  ( -0.6710015328765218667, 0.8409999996185738569, -2.567979742191716763 ) ) ;
#11731 = STYLED_ITEM ( 'NONE', ( #6197 ), #9453 ) ;
#11732 = VERTEX_POINT ( 'NONE', #7069 ) ;
#11733 = VECTOR ( 'NONE', #138, 1000.000000000000000 ) ;
#11734 = CARTESIAN_POINT ( 'NONE',  ( 0.9766078844937484682, 0.8399999996185738560, -2.498632465613715770 ) ) ;
#11735 = DIRECTION ( 'NONE',  ( -1.000000000000000000, 0.0000000000000000000, 9.046454121468000086E-15 ) ) ;
#11736 = CARTESIAN_POINT ( 'NONE',  ( 0.3211225405641394137, 0.8399999996185738560, -2.568662950791342769 ) ) ;
#11737 = CARTESIAN_POINT ( 'NONE',  ( -0.5167094321802799817, 0.8399999996185738560, -2.081133779555683461 ) ) ;
#11738 = CARTESIAN_POINT ( 'NONE',  ( -0.8418608989513857166, 0.8399999996185738560, -2.443095796459593849 ) ) ;
#11739 = VECTOR ( 'NONE', #7806, 1000.000000000000114 ) ;
#11740 = VECTOR ( 'NONE', #3119, 1000.000000000000000 ) ;
#11741 = CARTESIAN_POINT ( 'NONE',  ( -0.5157023035868132377, 0.8409999996185738569, -2.255467739283379736 ) ) ;
#11742 = SURFACE_STYLE_USAGE ( .BOTH. , #5223 ) ;
#11743 = ORIENTED_EDGE ( 'NONE', *, *, #7916, .T. ) ;
#11744 =( GEOMETRIC_REPRESENTATION_CONTEXT ( 3 ) GLOBAL_UNCERTAINTY_ASSIGNED_CONTEXT ( ( #2307 ) ) GLOBAL_UNIT_ASSIGNED_CONTEXT ( ( #7354, #901, #6407 ) ) REPRESENTATION_CONTEXT ( 'NONE', 'WORKASPACE' ) );
#11745 =( NAMED_UNIT ( * ) PLANE_ANGLE_UNIT ( ) SI_UNIT ( $, .RADIAN. ) );
#11746 = UNCERTAINTY_MEASURE_WITH_UNIT (LENGTH_MEASURE( 1.000000000000000082E-05 ), #2080, 'distance_accuracy_value', 'NONE');
#11747 = ORIENTED_EDGE ( 'NONE', *, *, #11859, .F. ) ;
#11748 = PRESENTATION_STYLE_ASSIGNMENT (( #2624 ) ) ;
#11749 = PRESENTATION_LAYER_ASSIGNMENT (  '', '', ( #11158 ) ) ;
#11750 = CARTESIAN_POINT ( 'NONE',  ( -0.5951647497025869260, 0.8409999996185738569, -2.155157731260029408 ) ) ;
#11751 = CARTESIAN_POINT ( 'NONE',  ( -0.8348613552200858656, 0.8399999996185738560, -2.511379115174473764 ) ) ;
#11752 = EDGE_LOOP ( 'NONE', ( #1045, #4581, #7328, #11020 ) ) ;
#11753 = MECHANICAL_DESIGN_GEOMETRIC_PRESENTATION_REPRESENTATION (  '', ( #8437 ), #10783 ) ;
#11754 = ORIENTED_EDGE ( 'NONE', *, *, #459, .F. ) ;
#11755 = PRESENTATION_STYLE_ASSIGNMENT (( #2476 ) ) ;
#11756 = CARTESIAN_POINT ( 'NONE',  ( -0.7082149344480574982, 0.8409999996185738569, -2.370985389085523032 ) ) ;
#11757 = STYLED_ITEM ( 'NONE', ( #6013 ), #11489 ) ;
#11758 = STYLED_ITEM ( 'NONE', ( #9447 ), #10116 ) ;
#11759 = CARTESIAN_POINT ( 'NONE',  ( -0.1209582509273106204, 0.8399999996185738560, -2.370985389085524808 ) ) ;
#11760 = SHAPE_DEFINITION_REPRESENTATION ( #7773, #5898 ) ;
#11761 = AXIS2_PLACEMENT_3D ( 'NONE', #3256, #7755, #4097 ) ;
#11762 = COLOUR_RGB ( '',1.000000000000000000, 1.000000000000000000, 1.000000000000000000 ) ;
#11763 = LINE ( 'NONE', #8115, #2761 ) ;
#11764 = EDGE_CURVE ( 'NONE', #11265, #2398, #9999, .T. ) ;
#11765 = SURFACE_SIDE_STYLE ('',( #10852 ) ) ;
#11766 = AXIS2_PLACEMENT_3D ( 'NONE', #9194, #10302, #2828 ) ;
#11767 = MECHANICAL_DESIGN_GEOMETRIC_PRESENTATION_REPRESENTATION (  '', ( #6692 ), #1703 ) ;
#11768 = ORIENTED_EDGE ( 'NONE', *, *, #10216, .T. ) ;
#11769 = CARTESIAN_POINT ( 'NONE',  ( -0.3905665757056559495, 0.8399999996185738560, -2.529708855597042838 ) ) ;
#11770 = ORIENTED_EDGE ( 'NONE', *, *, #5308, .F. ) ;
#11771 = DIRECTION ( 'NONE',  ( 1.000000000000000000, -0.0000000000000000000, -0.0000000000000000000 ) ) ;
#11772 = PRESENTATION_LAYER_ASSIGNMENT (  '', '', ( #4008 ) ) ;
#11773 = CARTESIAN_POINT ( 'NONE',  ( 0.7329017613490935723, 0.8409999996185738569, -2.224112931662733050 ) ) ;
#11774 = SURFACE_SIDE_STYLE ('',( #755 ) ) ;
#11775 = MECHANICAL_DESIGN_GEOMETRIC_PRESENTATION_REPRESENTATION (  '', ( #5163 ), #7094 ) ;
#11776 = FILL_AREA_STYLE ('',( #931 ) ) ;
#11777 = SURFACE_STYLE_FILL_AREA ( #7897 ) ;
#11778 = EDGE_LOOP ( 'NONE', ( #7596, #6034, #8244, #5352 ) ) ;
#11779 = ADVANCED_FACE ( 'NONE', ( #11886 ), #7255, .F. ) ;
#11780 = STYLED_ITEM ( 'NONE', ( #989 ), #3595 ) ;
#11781 = SURFACE_SIDE_STYLE ('',( #8240 ) ) ;
#11782 = DIRECTION ( 'NONE',  ( -0.9409537876827110958, 0.0000000000000000000, -0.3385350342956536807 ) ) ;
#11783 = ADVANCED_FACE ( 'NONE', ( #3735, #11032 ), #42, .T. ) ;
#11784 = CARTESIAN_POINT ( 'NONE',  ( -0.3661940637162552914, 0.8399999996185738560, -2.494056503348062837 ) ) ;
#11785 = ORIENTED_EDGE ( 'NONE', *, *, #5738, .T. ) ;
#11786 = FACE_OUTER_BOUND ( 'NONE', #3132, .T. ) ;
#11787 = VERTEX_POINT ( 'NONE', #11085 ) ;
#11788 = DIRECTION ( 'NONE',  ( 1.000000000000000000, 0.0000000000000000000, -0.0000000000000000000 ) ) ;
#11789 = CARTESIAN_POINT ( 'NONE',  ( -0.1936729354588052066, 0.8399999996185738560, -2.571303266554186617 ) ) ;
#11790 = FILL_AREA_STYLE ('',( #5382 ) ) ;
#11791 = AXIS2_PLACEMENT_3D ( 'NONE', #9401, #243, #3948 ) ;
#11792 = CARTESIAN_POINT ( 'NONE',  ( -0.4677629824827798655, 0.8409999996185738569, -2.533032379959503810 ) ) ;
#11793 = CARTESIAN_POINT ( 'NONE',  ( -0.4224925521547822083, 0.8409999996185738569, -2.613099103231365294 ) ) ;
#11794 = ORIENTED_EDGE ( 'NONE', *, *, #8435, .F. ) ;
#11795 = FILL_AREA_STYLE_COLOUR ( '', #11307 ) ;
#11796 = CARTESIAN_POINT ( 'NONE',  ( -0.7336449314612686345, 0.8409999996185738569, -2.393645782464019600 ) ) ;
#11797 = EDGE_CURVE ( 'NONE', #8289, #295, #11151, .T. ) ;
#11798 =( GEOMETRIC_REPRESENTATION_CONTEXT ( 3 ) GLOBAL_UNCERTAINTY_ASSIGNED_CONTEXT ( ( #8593 ) ) GLOBAL_UNIT_ASSIGNED_CONTEXT ( ( #5627, #6639, #10195 ) ) REPRESENTATION_CONTEXT ( 'NONE', 'WORKASPACE' ) );
#11799 = LINE ( 'NONE', #7217, #10153 ) ;
#11800 = CARTESIAN_POINT ( 'NONE',  ( 0.7329017880636055082, 0.8409999996185738569, -2.467819094879160957 ) ) ;
#11801 = FILL_AREA_STYLE_COLOUR ( '', #10020 ) ;
#11802 = CARTESIAN_POINT ( 'NONE',  ( -0.7196458439959781961, 0.8409999996185738569, -2.089593659750196508 ) ) ;
#11803 = ORIENTED_EDGE ( 'NONE', *, *, #10626, .T. ) ;
#11804 = FILL_AREA_STYLE_COLOUR ( '', #5522 ) ;
#11805 =( NAMED_UNIT ( * ) PLANE_ANGLE_UNIT ( ) SI_UNIT ( $, .RADIAN. ) );
#11806 = EDGE_LOOP ( 'NONE', ( #11814, #4746, #7073, #10052, #1782, #4289, #7715, #3425, #11177, #2404, #8329, #3844, #2745, #5006 ) ) ;
#11807 = CARTESIAN_POINT ( 'NONE',  ( -0.5904816017376014470, 0.8409999996185738569, -2.479251713006656033 ) ) ;
#11808 = MECHANICAL_DESIGN_GEOMETRIC_PRESENTATION_REPRESENTATION (  '', ( #10248 ), #6145 ) ;
#11809 = UNCERTAINTY_MEASURE_WITH_UNIT (LENGTH_MEASURE( 1.000000000000000082E-05 ), #10246, 'distance_accuracy_value', 'NONE');
#11810 = PRESENTATION_STYLE_ASSIGNMENT (( #4393 ) ) ;
#11811 = CARTESIAN_POINT ( 'NONE',  ( -0.2956950620930667850, 0.8399999996185738560, -2.452764230968955683 ) ) ;
#11812 = ADVANCED_FACE ( 'NONE', ( #5563 ), #6627, .F. ) ;
#11813 = ORIENTED_EDGE ( 'NONE', *, *, #6690, .F. ) ;
#11814 = ORIENTED_EDGE ( 'NONE', *, *, #973, .F. ) ;
#11815 = B_SPLINE_CURVE_WITH_KNOTS ( 'NONE', 3,
 ( #9149, #6, #3706, #10209 ),
 .UNSPECIFIED., .F., .F.,
 ( 4, 4 ),
 ( 1.000000000000000000, 2.000000000000000000 ),
 .UNSPECIFIED. ) ;
#11816 = DIRECTION ( 'NONE',  ( -1.000000000000000000, -0.0000000000000000000, 8.003925951628641812E-15 ) ) ;
#11817 =( LENGTH_UNIT ( ) NAMED_UNIT ( * ) SI_UNIT ( .MILLI., .METRE. ) );
#11818 = CARTESIAN_POINT ( 'NONE',  ( -0.1774581650852088688, 0.8409999996185738569, -2.215384021217778443 ) ) ;
#11819 = CARTESIAN_POINT ( 'NONE',  ( -0.1812348973154007392, 0.8400000000000000799, -2.544715071657143390 ) ) ;
#11820 = DIRECTION ( 'NONE',  ( -0.0000000000000000000, -1.000000000000000000, -0.0000000000000000000 ) ) ;
#11821 = FACE_OUTER_BOUND ( 'NONE', #2464, .T. ) ;
#11822 = SURFACE_SIDE_STYLE ('',( #1248 ) ) ;
#11823 = VECTOR ( 'NONE', #11196, 1000.000000000000000 ) ;
#11824 = B_SPLINE_SURFACE_WITH_KNOTS ( 'NONE', 3, 1, ( 
 ( #9725, #11505 ),
 ( #1455, #5836 ),
 ( #7614, #10418 ),
 ( #2117, #5781 ) ),
 .UNSPECIFIED., .F., .F., .F.,
 ( 4, 4 ),
 ( 2, 2 ),
 ( 14.00000000000000000, 15.00000000000000000 ),
 ( 0.0000000000000000000, 1.000000000000000000 ),
 .UNSPECIFIED. ) ;
#11825 = VERTEX_POINT ( 'NONE', #4651 ) ;
#11826 = STYLED_ITEM ( 'NONE', ( #6998 ), #1411 ) ;
#11827 = PLANE ( 'NONE',  #10554 ) ;
#11828 = VERTEX_POINT ( 'NONE', #7438 ) ;
#11829 = SURFACE_STYLE_USAGE ( .BOTH. , #9121 ) ;
#11830 = LINE ( 'NONE', #6257, #10801 ) ;
#11831 = EDGE_CURVE ( 'NONE', #9744, #5814, #5730, .T. ) ;
#11832 = EDGE_CURVE ( 'NONE', #6502, #9876, #270, .T. ) ;
#11833 = PRESENTATION_STYLE_ASSIGNMENT (( #4416 ) ) ;
#11834 = PLANE ( 'NONE',  #11961 ) ;
#11835 = SURFACE_STYLE_FILL_AREA ( #11776 ) ;
#11836 = VECTOR ( 'NONE', #8249, 1000.000000000000000 ) ;
#11837 = DIRECTION ( 'NONE',  ( -0.0000000000000000000, -0.0000000000000000000, -1.000000000000000000 ) ) ;
#11838 = ORIENTED_EDGE ( 'NONE', *, *, #6978, .T. ) ;
#11839 = SURFACE_STYLE_USAGE ( .BOTH. , #2768 ) ;
#11840 = PLANE ( 'NONE',  #4708 ) ;
#11841 = CARTESIAN_POINT ( 'NONE',  ( -0.3504828576400529361, 0.8409999996185738569, -2.488215157499243269 ) ) ;
#11842 = ORIENTED_EDGE ( 'NONE', *, *, #3158, .T. ) ;
#11843 = FILL_AREA_STYLE_COLOUR ( '', #113 ) ;
#11844 = VERTEX_POINT ( 'NONE', #9376 ) ;
#11845 = CARTESIAN_POINT ( 'NONE',  ( 0.4443761837901294975, 0.8399999996185738560, -2.525244071352073405 ) ) ;
#11846 = FILL_AREA_STYLE ('',( #9889 ) ) ;
#11847 = CARTESIAN_POINT ( 'NONE',  ( -0.1490571387172378581, 0.8409999996185738569, -2.504027076434116594 ) ) ;
#11848 = EDGE_CURVE ( 'NONE', #259, #8762, #216, .T. ) ;
#11849 = LINE ( 'NONE', #5383, #5291 ) ;
#11850 = FILL_AREA_STYLE ('',( #6277 ) ) ;
#11851 = ORIENTED_EDGE ( 'NONE', *, *, #10964, .T. ) ;
#11852 = PLANE ( 'NONE',  #6623 ) ;
#11853 = CARTESIAN_POINT ( 'NONE',  ( -0.3183554554722341501, 0.8409999996185738569, -2.255467739283381068 ) ) ;
#11854 = CARTESIAN_POINT ( 'NONE',  ( -0.5157023035868132377, 0.8409999996185738569, -2.255467739283379736 ) ) ;
#11855 = LINE ( 'NONE', #9225, #2223 ) ;
#11856 = CARTESIAN_POINT ( 'NONE',  ( -0.3211250591069505500, 0.8399999996185738560, -2.457397022504271611 ) ) ;
#11857 = PLANE ( 'NONE',  #11791 ) ;
#11858 = CARTESIAN_POINT ( 'NONE',  ( -0.9679030425686760974, 0.8409999996185738569, -2.396163603951712684 ) ) ;
#11859 = EDGE_CURVE ( 'NONE', #4106, #2473, #9238, .T. ) ;
#11860 = ORIENTED_EDGE ( 'NONE', *, *, #3726, .T. ) ;
#11861 = CARTESIAN_POINT ( 'NONE',  ( -0.6219040138886532398, 0.8409999996185738569, -2.154452741243260583 ) ) ;
#11862 = UNCERTAINTY_MEASURE_WITH_UNIT (LENGTH_MEASURE( 1.000000000000000082E-05 ), #9796, 'distance_accuracy_value', 'NONE');
#11863 = FILL_AREA_STYLE_COLOUR ( '', #8065 ) ;
#11864 = VERTEX_POINT ( 'NONE', #4826 ) ;
#11865 = FILL_AREA_STYLE_COLOUR ( '', #1281 ) ;
#11866 = FILL_AREA_STYLE ('',( #10953 ) ) ;
#11867 = CARTESIAN_POINT ( 'NONE',  ( -1.261220445829635439, -0.8400000000000003020, -3.279999999999999805 ) ) ;
#11868 = ORIENTED_EDGE ( 'NONE', *, *, #3140, .F. ) ;
#11869 = EDGE_LOOP ( 'NONE', ( #5903, #11440, #8899, #2146 ) ) ;
#11870 = CARTESIAN_POINT ( 'NONE',  ( -0.4142340976789598561, 0.8399999996185738560, -2.166739710098317229 ) ) ;
#11871 = EDGE_CURVE ( 'NONE', #5314, #9466, #11516, .T. ) ;
#11872 = CARTESIAN_POINT ( 'NONE',  ( -0.1774581650852088688, 0.8399999996185738560, -2.215384021217778443 ) ) ;
#11873 = PRESENTATION_LAYER_ASSIGNMENT (  '', '', ( #2570 ) ) ;
#11874 = MECHANICAL_DESIGN_GEOMETRIC_PRESENTATION_REPRESENTATION (  '', ( #856 ), #10718 ) ;
#11875 = CARTESIAN_POINT ( 'NONE',  ( -0.3286281671370029911, 0.8399999996185738560, -2.449339993747145172 ) ) ;
#11876 =( NAMED_UNIT ( * ) SI_UNIT ( $, .STERADIAN. ) SOLID_ANGLE_UNIT ( ) );
#11877 = CARTESIAN_POINT ( 'NONE',  ( 0.8085346799974141296, 0.8409999996185738569, -2.119067284039825694 ) ) ;
#11878 = CARTESIAN_POINT ( 'NONE',  ( -0.3265131970880389978, 0.8409999996185738569, -2.476129614362882148 ) ) ;
#11879 = ORIENTED_EDGE ( 'NONE', *, *, #1483, .T. ) ;
#11880 = UNCERTAINTY_MEASURE_WITH_UNIT (LENGTH_MEASURE( 1.000000000000000082E-05 ), #7820, 'distance_accuracy_value', 'NONE');
#11881 = DIRECTION ( 'NONE',  ( 0.0000000000000000000, -0.0000000000000000000, 1.000000000000000000 ) ) ;
#11882 = MECHANICAL_DESIGN_GEOMETRIC_PRESENTATION_REPRESENTATION (  '', ( #11496 ), #9142 ) ;
#11883 = ORIENTED_EDGE ( 'NONE', *, *, #6760, .T. ) ;
#11884 = VECTOR ( 'NONE', #8051, 1000.000000000000000 ) ;
#11885 = FACE_OUTER_BOUND ( 'NONE', #5108, .T. ) ;
#11886 = FACE_OUTER_BOUND ( 'NONE', #637, .T. ) ;
#11887 =( NAMED_UNIT ( * ) PLANE_ANGLE_UNIT ( ) SI_UNIT ( $, .RADIAN. ) );
#11888 = VERTEX_POINT ( 'NONE', #9623 ) ;
#11889 =( GEOMETRIC_REPRESENTATION_CONTEXT ( 3 ) GLOBAL_UNCERTAINTY_ASSIGNED_CONTEXT ( ( #9186 ) ) GLOBAL_UNIT_ASSIGNED_CONTEXT ( ( #9383, #6707, #275 ) ) REPRESENTATION_CONTEXT ( 'NONE', 'WORKASPACE' ) );
#11890 = VECTOR ( 'NONE', #1020, 1000.000000000000000 ) ;
#11891 = DIRECTION ( 'NONE',  ( -0.0000000000000000000, -0.0000000000000000000, 1.000000000000000000 ) ) ;
#11892 = SURFACE_STYLE_FILL_AREA ( #1000 ) ;
#11893 = ORIENTED_EDGE ( 'NONE', *, *, #6800, .F. ) ;
#11894 = EDGE_CURVE ( 'NONE', #5571, #11651, #7699, .T. ) ;
#11895 = VERTEX_POINT ( 'NONE', #10621 ) ;
#11896 = CARTESIAN_POINT ( 'NONE',  ( -2.100000000000000089, -0.03000000000000007869, -3.279999999999999805 ) ) ;
#11897 = CARTESIAN_POINT ( 'NONE',  ( -0.1806306201586561910, 0.8409999996185738569, -2.510472699440351896 ) ) ;
#11898 = CARTESIAN_POINT ( 'NONE',  ( -0.3504828576400531581, 0.8399999996185738560, -2.571303266554185729 ) ) ;
#11899 = STYLED_ITEM ( 'NONE', ( #11957 ), #8439 ) ;
#11900 = PRESENTATION_LAYER_ASSIGNMENT (  '', '', ( #3936 ) ) ;
#11901 = DIRECTION ( 'NONE',  ( -0.8840949502478792077, 0.0000000000000000000, 0.4673073067545595594 ) ) ;
#11902 = SURFACE_STYLE_FILL_AREA ( #11850 ) ;
#11903 = ORIENTED_EDGE ( 'NONE', *, *, #7482, .T. ) ;
#11904 =( NAMED_UNIT ( * ) SI_UNIT ( $, .STERADIAN. ) SOLID_ANGLE_UNIT ( ) );
#11906 = FILL_AREA_STYLE ('',( #1912 ) ) ;
#11905 = CARTESIAN_POINT ( 'NONE',  ( -0.2956950620930667850, 0.8399999996185738560, -2.452764230968955683 ) ) ;
#11907 = CARTESIAN_POINT ( 'NONE',  ( -0.1628044440334908693, 0.8409999996185738569, -2.461123398304127630 ) ) ;
#11908 = VECTOR ( 'NONE', #2651, 1000.000000000000000 ) ;
#11909 = SURFACE_SIDE_STYLE ('',( #8262 ) ) ;
#11910 = AXIS2_PLACEMENT_3D ( 'NONE', #3168, #8747, #6801 ) ;
#11912 = EDGE_CURVE ( 'NONE', #6870, #10745, #5844, .T. ) ;
#11911 =( GEOMETRIC_REPRESENTATION_CONTEXT ( 3 ) GLOBAL_UNCERTAINTY_ASSIGNED_CONTEXT ( ( #8993 ) ) GLOBAL_UNIT_ASSIGNED_CONTEXT ( ( #7270, #9275, #1130 ) ) REPRESENTATION_CONTEXT ( 'NONE', 'WORKASPACE' ) );
#11913 = DIRECTION ( 'NONE',  ( 3.439386710808798836E-15, -0.0000000000000000000, 1.000000000000000000 ) ) ;
#11914 = B_SPLINE_CURVE_WITH_KNOTS ( 'NONE', 3,
 ( #8480, #1115, #2003, #11409 ),
 .UNSPECIFIED., .F., .F.,
 ( 4, 4 ),
 ( 9.000000000000000000, 10.00000000000000000 ),
 .UNSPECIFIED. ) ;
#11915 = EDGE_CURVE ( 'NONE', #8004, #6178, #1170, .T. ) ;
#11916 = COLOUR_RGB ( '',0.9725490196078431238, 0.9686274509803921573, 1.000000000000000000 ) ;
#11917 = COLOUR_RGB ( '',0.9725490196078431238, 0.9686274509803921573, 1.000000000000000000 ) ;
#11918 = VERTEX_POINT ( 'NONE', #6877 ) ;
#11919 =( GEOMETRIC_REPRESENTATION_CONTEXT ( 3 ) GLOBAL_UNCERTAINTY_ASSIGNED_CONTEXT ( ( #8408 ) ) GLOBAL_UNIT_ASSIGNED_CONTEXT ( ( #4811, #7797, #8754 ) ) REPRESENTATION_CONTEXT ( 'NONE', 'WORKASPACE' ) );
#11920 = CARTESIAN_POINT ( 'NONE',  ( -0.1788177886883991763, 0.8399999996185738560, -2.099967084274983353 ) ) ;
#11921 = FILL_AREA_STYLE_COLOUR ( '', #11377 ) ;
#11922 = B_SPLINE_SURFACE_WITH_KNOTS ( 'NONE', 3, 1, ( 
 ( #7530, #3943 ),
 ( #10267, #5636 ),
 ( #1072, #11115 ),
 ( #7590, #4733 ) ),
 .UNSPECIFIED., .F., .F., .F.,
 ( 4, 4 ),
 ( 2, 2 ),
 ( 3.000000000000000000, 4.000000000000000000 ),
 ( 0.0000000000000000000, 1.000000000000000000 ),
 .UNSPECIFIED. ) ;
#11923 = VERTEX_POINT ( 'NONE', #9492 ) ;
#11924 = PRESENTATION_STYLE_ASSIGNMENT (( #2688 ) ) ;
#11925 = CARTESIAN_POINT ( 'NONE',  ( 0.3925536675024140498, 0.8399999996185738560, -2.483225780245764902 ) ) ;
#11926 = UNCERTAINTY_MEASURE_WITH_UNIT (LENGTH_MEASURE( 1.000000000000000082E-05 ), #10277, 'distance_accuracy_value', 'NONE');
#11927 = ADVANCED_FACE ( 'NONE', ( #1403 ), #8768, .F. ) ;
#11928 = EDGE_CURVE ( 'NONE', #9617, #11604, #10412, .T. ) ;
#11929 = DIRECTION ( 'NONE',  ( -0.3283461648125144405, 0.0000000000000000000, -0.9445574604294399990 ) ) ;
#11930 = EDGE_LOOP ( 'NONE', ( #1687, #8154, #6853, #1382 ) ) ;
#11931 =( GEOMETRIC_REPRESENTATION_CONTEXT ( 3 ) GLOBAL_UNCERTAINTY_ASSIGNED_CONTEXT ( ( #5490 ) ) GLOBAL_UNIT_ASSIGNED_CONTEXT ( ( #176, #6468, #4616 ) ) REPRESENTATION_CONTEXT ( 'NONE', 'WORKASPACE' ) );
#11932 = EDGE_LOOP ( 'NONE', ( #6599, #9632, #10348, #6887 ) ) ;
#11933 = VECTOR ( 'NONE', #6854, 1000.000000000000000 ) ;
#11934 = VERTEX_POINT ( 'NONE', #1227 ) ;
#11935 = FILL_AREA_STYLE ('',( #82 ) ) ;
#11936 = UNCERTAINTY_MEASURE_WITH_UNIT (LENGTH_MEASURE( 1.000000000000000082E-05 ), #6821, 'distance_accuracy_value', 'NONE');
#11937 = B_SPLINE_CURVE_WITH_KNOTS ( 'NONE', 3,
 ( #10506, #6040, #9753, #7009 ),
 .UNSPECIFIED., .F., .F.,
 ( 4, 4 ),
 ( 3.000000000000000000, 4.000000000000000000 ),
 .UNSPECIFIED. ) ;
#11938 = AXIS2_PLACEMENT_3D ( 'NONE', #24, #10287, #11929 ) ;
#11939 = PLANE ( 'NONE',  #8095 ) ;
#11940 = CARTESIAN_POINT ( 'NONE',  ( -0.1611426818529279881, 0.8409999996185738569, -2.560224852013971653 ) ) ;
#11941 = EDGE_LOOP ( 'NONE', ( #9355, #2812, #5934, #1581 ) ) ;
#11942 = CARTESIAN_POINT ( 'NONE',  ( -0.3747043003404401107, 0.8399999996185738560, -2.560124139154628331 ) ) ;
#11943 = MECHANICAL_DESIGN_GEOMETRIC_PRESENTATION_REPRESENTATION (  '', ( #924 ), #9832 ) ;
#11944 = ADVANCED_FACE ( 'NONE', ( #4943 ), #1298, .T. ) ;
#11945 = CARTESIAN_POINT ( 'NONE',  ( -0.1314323883114438540, 0.8399999996185738560, -2.128972387800373678 ) ) ;
#11946 = DIRECTION ( 'NONE',  ( 8.896925954345478095E-15, -0.0000000000000000000, 1.000000000000000000 ) ) ;
#11947 = VECTOR ( 'NONE', #3006, 1000.000000000000000 ) ;
#11948 = APPLICATION_CONTEXT ( 'automotive_design' ) ;
#11949 = DIRECTION ( 'NONE',  ( -0.0000000000000000000, -1.000000000000000000, -0.0000000000000000000 ) ) ;
#11950 = SURFACE_SIDE_STYLE ('',( #5250 ) ) ;
#11951 = COLOUR_RGB ( '',0.9725490196078431238, 0.9686274509803921573, 1.000000000000000000 ) ;
#11952 = COLOUR_RGB ( '',1.000000000000000000, 1.000000000000000000, 1.000000000000000000 ) ;
#11953 = CARTESIAN_POINT ( 'NONE',  ( -0.8418608989513857166, 0.8409999996185738569, -2.467669734168366436 ) ) ;
#11954 = ORIENTED_EDGE ( 'NONE', *, *, #5923, .T. ) ;
#11955 = EDGE_LOOP ( 'NONE', ( #8309, #11074, #1746, #5287 ) ) ;
#11956 = PRESENTATION_LAYER_ASSIGNMENT (  '', '', ( #5729 ) ) ;
#11957 = PRESENTATION_STYLE_ASSIGNMENT (( #8135 ) ) ;
#11958 = EDGE_CURVE ( 'NONE', #9969, #2630, #4227, .T. ) ;
#11959 = ORIENTED_EDGE ( 'NONE', *, *, #8490, .F. ) ;
#11960 = PLANE ( 'NONE',  #2862 ) ;
#11961 = AXIS2_PLACEMENT_3D ( 'NONE', #6201, #10914, #1599 ) ;
#11962 = COLOUR_RGB ( '',1.000000000000000000, 1.000000000000000000, 1.000000000000000000 ) ;
#11963 = FILL_AREA_STYLE ('',( #8251 ) ) ;
#11964 = COLOUR_RGB ( '',1.000000000000000000, 1.000000000000000000, 1.000000000000000000 ) ;
#11965 = UNCERTAINTY_MEASURE_WITH_UNIT (LENGTH_MEASURE( 1.000000000000000082E-05 ), #7336, 'distance_accuracy_value', 'NONE');
#11966 = CARTESIAN_POINT ( 'NONE',  ( -1.050000000000000044, -0.02999999999999966929, -3.279999999999999805 ) ) ;
ENDSEC;
END-ISO-10303-21;
