#VRML V2.0 utf8
# 3D model generated by easyeda2kicad.py (https://github.com/uPesy/easyeda2kicad.py)

Shape{
    appearance Appearance {
        material  Material 	{
            diffuseColor 0.25098039215686274 0.25098039215686274 0.25098039215686274
            specularColor 0.12549019607843137 0.12549019607843137 0.12549019607843137
            ambientIntensity 0.251
            transparency 0.0
            shininess 0.5
        }
    }
    geometry IndexedFaceSet {
        ccw TRUE
        solid FALSE
        coord DEF co Coordinate {
            point [
                1.1791 0.1181 1.5984, 1.1791 0.1181 0.811, 1.1762 0.1444 0.811, 1.1762 0.1444 1.5984, 1.1674 0.1694 0.811, 1.1674 0.1694 1.5984, 1.1534 0.1918 0.811, 1.1534 0.1918 1.5984, 1.1347 0.2105 0.811, 1.1347 0.2105 1.5984, 1.1123 0.2245 0.811, 1.1123 0.2245 1.5984, 1.0873 0.2333 0.811, 1.0873 0.2333 1.5984, 1.061 0.2362 0.811, 1.061 0.2362 1.5984, -1.065 0.2362 1.5984, -1.065 0.2362 0.811, -1.0912 0.2333 0.811, -1.0912 0.2333 1.5984, -1.1162 0.2245 0.811, -1.1162 0.2245 1.5984, -1.1386 0.2105 0.811, -1.1386 0.2105 1.5984, -1.1573 0.1918 0.811, -1.1573 0.1918 1.5984, -1.1714 0.1694 0.811, -1.1714 0.1694 1.5984, -1.1801 0.1444 0.811, -1.1801 0.1444 1.5984, -1.1831 0.1181 0.811, -1.1831 0.1181 1.5984, -1.1831 -0.1181 1.5984, -1.1831 -0.1181 0.811, -1.1801 -0.1444 0.811, -1.1801 -0.1444 1.5984, -1.1714 -0.1694 0.811, -1.1714 -0.1694 1.5984, -1.1573 -0.1918 0.811, -1.1573 -0.1918 1.5984, -1.1386 -0.2105 0.811, -1.1386 -0.2105 1.5984, -1.1162 -0.2245 0.811, -1.1162 -0.2245 1.5984, -1.0912 -0.2333 0.811, -1.0912 -0.2333 1.5984, -1.065 -0.2362 0.811, -1.065 -0.2362 1.5984, 1.061 -0.2362 1.5984, 1.061 -0.2362 0.811, 1.0873 -0.2333 0.811, 1.0873 -0.2333 1.5984, 1.1123 -0.2245 0.811, 1.1123 -0.2245 1.5984, 1.1347 -0.2105 0.811, 1.1347 -0.2105 1.5984, 1.1534 -0.1918 0.811, 1.1534 -0.1918 1.5984, 1.1674 -0.1694 0.811, 1.1674 -0.1694 1.5984, 1.1762 -0.1444 0.811, 1.1762 -0.1444 1.5984, 1.1791 -0.1181 0.811, 1.1791 -0.1181 1.5984
            ]
        }
        coordIndex [
            0,1,2,-1,0,2,3,-1,3,2,4,-1,3,4,5,-1,5,4,6,-1,5,6,7,-1,7,6,8,-1,7,8,9,-1,9,8,10,-1,9,10,11,-1,11,10,12,-1,11,12,13,-1,13,12,14,-1,13,14,15,-1,16,15,17,-1,17,15,14,-1,16,17,18,-1,16,18,19,-1,19,18,20,-1,19,20,21,-1,21,20,22,-1,21,22,23,-1,23,22,24,-1,23,24,25,-1,25,24,26,-1,25,26,27,-1,27,26,28,-1,27,28,29,-1,29,28,30,-1,29,30,31,-1,32,31,33,-1,33,31,30,-1,32,33,34,-1,32,34,35,-1,35,34,36,-1,35,36,37,-1,37,36,38,-1,37,38,39,-1,39,38,40,-1,39,40,41,-1,41,40,42,-1,41,42,43,-1,43,42,44,-1,43,44,45,-1,45,44,46,-1,45,46,47,-1,48,47,49,-1,49,47,46,-1,48,49,50,-1,48,50,51,-1,51,50,52,-1,51,52,53,-1,53,52,54,-1,53,54,55,-1,55,54,56,-1,55,56,57,-1,57,56,58,-1,57,58,59,-1,59,58,60,-1,59,60,61,-1,61,60,62,-1,61,62,63,-1,0,63,1,-1,1,63,62,-1,48,63,15,-1,15,63,0,-1,15,0,3,-1,48,15,47,-1,47,15,16,-1,47,16,31,-1,7,9,11,-1,59,53,57,-1,57,53,55,-1,48,51,63,-1,63,51,53,-1,63,53,61,-1,61,53,59,-1,3,5,15,-1,15,5,7,-1,15,7,13,-1,13,7,11,-1,21,23,29,-1,29,23,25,-1,29,25,27,-1,31,16,29,-1,29,16,19,-1,29,19,21,-1,37,39,35,-1,35,39,41,-1,35,41,43,-1,31,32,47,-1,47,32,35,-1,47,35,45,-1,45,35,43,-1,14,49,17,-1,17,49,46,-1,4,2,14,-1,14,2,1,-1,14,1,49,-1,49,1,62,-1,14,12,10,-1,17,30,28,-1,10,8,14,-1,14,8,6,-1,14,6,4,-1,54,52,56,-1,56,52,58,-1,62,60,49,-1,49,60,58,-1,49,58,50,-1,50,58,52,-1,42,40,34,-1,34,40,38,-1,34,38,36,-1,30,17,33,-1,33,17,46,-1,33,46,34,-1,34,46,44,-1,34,44,42,-1,22,28,24,-1,24,28,26,-1,22,20,28,-1,28,20,18,-1,28,18,17,-1,
        ]
    }
}
Shape{
    appearance Appearance {
        material  Material 	{
            diffuseColor 0.7529411764705882 0.7529411764705882 0.7529411764705882
            specularColor 0.3764705882352941 0.3764705882352941 0.3764705882352941
            ambientIntensity 0.7529
            transparency 0.0
            shininess 0.5
        }
    }
    geometry IndexedFaceSet {
        ccw TRUE
        solid FALSE
        coord DEF co Coordinate {
            point [
                -0.4941 -0.5039 1.2087, -0.4941 -0.5039 1.2441, -0.4941 -0.622 1.2087, -0.4941 -0.622 1.2441, 0.4902 -0.622 1.2087, 0.4902 -0.622 1.2441, 0.4902 -0.5039 1.2087, 0.4902 -0.5039 1.2441, -0.1506 0.4442 0.815, -0.2459 0.3745 0.815, -0.2275 0.5494 0.815, -0.3228 0.4797 0.815, -0.2557 0.5798 0.815, -0.3322 0.4899 0.815, -0.2903 0.6028 0.815, -0.3438 0.4975 0.815, -0.3293 0.6172 0.815, -0.3568 0.5023 0.815, -0.3705 0.622 0.815, -0.3705 0.5039 0.815, -1.25 0.622 0.815, -1.25 0.5039 0.815, -1.3498 0.6122 0.815, -1.3376 0.4941 0.815, -1.4459 0.5831 0.815, -1.4208 0.4649 0.815, -1.5343 0.5358 0.815, -1.4955 0.418 0.815, -1.6119 0.4721 0.815, -1.5578 0.3557 0.815, -1.4955 -0.418 0.815, -1.6119 -0.4721 0.815, -1.5578 -0.3557 0.815, -1.6756 -0.3946 0.815, -1.6047 -0.2811 0.815, -1.7229 -0.3061 0.815, -1.6338 -0.1978 0.815, -1.752 -0.2101 0.815, -1.6437 -0.1102 0.815, -1.7618 -0.1102 0.815, -1.6437 0.1102 0.815, -1.7618 0.1102 0.815, -1.6338 0.1978 0.815, -1.752 0.2101 0.815, -1.6047 0.2811 0.815, -1.7229 0.3061 0.815, -1.6756 0.3946 0.815, -0.1995 -0.311 0.815, -0.1041 -0.3806 0.815, -0.3228 -0.4797 0.815, -0.2275 -0.5494 0.815, -0.3322 -0.4899 0.815, -0.2557 -0.5798 0.815, -0.3438 -0.4975 0.815, -0.2903 -0.6028 0.815, -0.3568 -0.5023 0.815, -0.3293 -0.6172 0.815, -0.3705 -0.5039 0.815, -0.3705 -0.622 0.815, -1.25 -0.5039 0.815, -1.25 -0.622 0.815, -1.3376 -0.4941 0.815, -1.3498 -0.6122 0.815, -1.4208 -0.4649 0.815, -1.4459 -0.5831 0.815, -1.5343 -0.5358 0.815, 0.242 0.3745 0.815, 0.1466 0.4442 0.815, 0.3189 0.4797 0.815, 0.2235 0.5494 0.815, 0.3283 0.4899 0.815, 0.2518 0.5798 0.815, 0.3398 0.4975 0.815, 0.2863 0.6028 0.815, 0.3528 0.5023 0.815, 0.3253 0.6172 0.815, 0.3666 0.5039 0.815, 0.3666 0.622 0.815, 1.2461 0.5039 0.815, 1.2461 0.622 0.815, 1.3337 0.4941 0.815, 1.3459 0.6122 0.815, 1.4169 0.4649 0.815, 1.4419 0.5831 0.815, 1.4915 0.418 0.815, 0.1466 -0.4442 0.815, 0.242 -0.3745 0.815, 0.2235 -0.5494 0.815, 0.3189 -0.4797 0.815, 0.2518 -0.5798 0.815, 0.3283 -0.4899 0.815, 0.2863 -0.6028 0.815, 0.3398 -0.4975 0.815, 0.3253 -0.6172 0.815, 0.3528 -0.5023 0.815, 0.3666 -0.622 0.815, 0.3666 -0.5039 0.815, 1.2461 -0.622 0.815, 1.2461 -0.5039 0.815, 1.3459 -0.6122 0.815, 1.3337 -0.4941 0.815, 1.4419 -0.5831 0.815, 1.4169 -0.4649 0.815, 1.5304 -0.5358 0.815, 1.4915 -0.418 0.815, 1.608 -0.4721 0.815, 1.5539 -0.3557 0.815, 1.5304 0.5358 0.815, 1.608 0.4721 0.815, 1.5539 0.3557 0.815, 1.6716 0.3946 0.815, 1.6008 0.2811 0.815, 1.7189 0.3061 0.815, 1.6299 0.1978 0.815, 1.748 0.2101 0.815, 1.6398 0.1102 0.815, 1.7579 0.1102 0.815, 1.6398 -0.1102 0.815, 1.7579 -0.1102 0.815, 1.6299 -0.1978 0.815, 1.748 -0.2101 0.815, 1.6008 -0.2811 0.815, 1.7189 -0.3061 0.815, 1.6716 -0.3946 0.815, 0.4114 -0.622 1.1299, 0.3666 -0.622 1.1299, -0.471 -0.622 1.2998, -0.4547 -0.622 1.3123, -1.25 -0.622 3.8858, -0.471 -0.622 1.153, -0.4835 -0.622 1.1693, -0.4914 -0.622 1.1883, 0.4318 -0.622 1.3202, 0.4508 -0.622 1.3123, 1.2461 -0.622 3.8858, -0.3705 -0.622 1.1299, -0.4154 -0.622 1.1299, -0.4357 -0.622 1.1326, -0.4547 -0.622 1.1405, -0.4914 -0.622 1.2645, -0.4835 -0.622 1.2835, 0.4796 -0.622 1.1693, 0.4671 -0.622 1.153, 0.4508 -0.622 1.1405, 0.4318 -0.622 1.1326, 0.4875 -0.622 1.1883, -0.4357 -0.622 1.3202, -0.4154 -0.622 1.3228, 0.4114 -0.622 1.3228, 0.4671 -0.622 1.2998, 0.4796 -0.622 1.2835, 0.4875 -0.622 1.2645, -0.4154 -0.5039 1.1299, -0.3705 -0.5039 1.1299, 0.4671 -0.5039 1.2998, 0.4508 -0.5039 1.3123, 1.2461 -0.5039 3.8858, 0.4671 -0.5039 1.153, 0.4796 -0.5039 1.1693, 0.4875 -0.5039 1.1883, 0.3666 -0.5039 1.1299, 0.4114 -0.5039 1.1299, 0.4318 -0.5039 1.1326, 0.4508 -0.5039 1.1405, 0.4875 -0.5039 1.2645, 0.4796 -0.5039 1.2835, -1.25 -0.5039 3.8858, -0.4357 -0.5039 1.3202, -0.4547 -0.5039 1.3123, 0.4318 -0.5039 1.3202, 0.4114 -0.5039 1.3228, -0.4154 -0.5039 1.3228, -0.4835 -0.5039 1.1693, -0.471 -0.5039 1.153, -0.4547 -0.5039 1.1405, -0.4357 -0.5039 1.1326, -0.4914 -0.5039 1.1883, -0.471 -0.5039 1.2998, -0.4835 -0.5039 1.2835, -0.4914 -0.5039 1.2645, -0.4941 0.622 1.2087, -0.4941 0.622 1.2441, -0.4941 0.5039 1.2087, -0.4941 0.5039 1.2441, 0.4902 0.5039 1.2087, 0.4902 0.5039 1.2441, 0.4902 0.622 1.2087, 0.4902 0.622 1.2441, 1.5523 -0.4165 3.9252, 1.6031 -0.4196 3.9252, 1.5964 -0.3648 3.9252, 1.6435 -0.3657 3.9252, 1.6319 -0.3068 3.9252, 1.6758 -0.3065 3.9252, 1.6579 -0.2441 3.9252, 1.6994 -0.2433 3.9252, 1.6738 -0.178 3.9252, 1.7137 -0.1775 3.9252, 1.6791 -0.1102 3.9252, 1.7185 -0.1102 3.9252, 1.6791 0.1102 3.9252, 1.7185 0.1102 3.9252, 1.6738 0.178 3.9252, 1.7137 0.1775 3.9252, 1.6579 0.2441 3.9252, 1.6994 0.2433 3.9252, 1.6319 0.3068 3.9252, 1.6758 0.3065 3.9252, 1.5964 0.3648 3.9252, 1.6435 0.3657 3.9252, 1.5523 0.4165 3.9252, -1.5562 0.4165 3.9252, -1.607 0.4196 3.9252, -1.6004 0.3648 3.9252, -1.6474 0.3657 3.9252, -1.6359 0.3068 3.9252, -1.6797 0.3065 3.9252, -1.6619 0.2441 3.9252, -1.7033 0.2433 3.9252, -1.6777 0.178 3.9252, -1.7176 0.1775 3.9252, -1.6831 0.1102 3.9252, -1.7224 0.1102 3.9252, -1.6831 -0.1102 3.9252, -1.7224 -0.1102 3.9252, -1.6777 -0.178 3.9252, -1.7176 -0.1775 3.9252, -1.6619 -0.2441 3.9252, -1.7033 -0.2433 3.9252, -1.6359 -0.3068 3.9252, -1.6797 -0.3065 3.9252, -1.6004 -0.3648 3.9252, -1.6474 -0.3657 3.9252, -1.5562 -0.4165 3.9252, 1.6031 0.4196 3.9252, 1.5554 0.4673 3.9252, 1.5006 0.4606 3.9252, 1.5015 0.5077 3.9252, 1.4427 0.4961 3.9252, 1.4423 0.54 3.9252, 1.3799 0.5221 3.9252, 1.3792 0.5635 3.9252, 1.3138 0.538 3.9252, 1.3133 0.5779 3.9252, 1.2461 0.5433 3.9252, 1.2461 0.5827 3.9252, -1.25 0.5433 3.9252, -1.25 0.5827 3.9252, -1.3177 0.538 3.9252, -1.3172 0.5779 3.9252, -1.3838 0.5221 3.9252, -1.3831 0.5635 3.9252, -1.4466 0.4961 3.9252, -1.4463 0.54 3.9252, -1.5046 0.4606 3.9252, -1.5054 0.5077 3.9252, -1.5594 0.4673 3.9252, -1.607 -0.4196 3.9252, -1.5594 -0.4673 3.9252, -1.5046 -0.4606 3.9252, -1.5054 -0.5077 3.9252, -1.4466 -0.4961 3.9252, -1.4463 -0.54 3.9252, -1.3838 -0.5221 3.9252, -1.3831 -0.5635 3.9252, -1.3177 -0.538 3.9252, -1.3172 -0.5779 3.9252, -1.25 -0.5433 3.9252, -1.25 -0.5827 3.9252, 1.2461 -0.5433 3.9252, 1.2461 -0.5827 3.9252, 1.3138 -0.538 3.9252, 1.3133 -0.5779 3.9252, 1.3799 -0.5221 3.9252, 1.3792 -0.5635 3.9252, 1.4427 -0.4961 3.9252, 1.4423 -0.54 3.9252, 1.5006 -0.4606 3.9252, 1.5015 -0.5077 3.9252, 1.5554 -0.4673 3.9252, 1.7579 0.1102 3.8858, 1.7527 0.1831 3.8858, 1.7116 0.3229 3.8858, 1.718 0.3058 3.8858, 1.7371 0.2544 3.8858, 1.7468 0.2098 3.8858, 1.6329 0.4454 3.8858, 1.6712 0.3942 3.8858, 1.6766 0.3869 3.8858, 1.5812 0.497 3.8858, 1.607 0.4712 3.8858, 1.4416 0.5822 3.8858, 1.4587 0.5758 3.8858, 1.5228 0.5408 3.8858, 1.5301 0.5353 3.8858, 1.3903 0.6013 3.8858, 1.3457 0.611 3.8858, 1.3189 0.6168 3.8858, 1.2461 0.622 3.8858, -0.4154 0.622 1.1299, -0.3705 0.622 1.1299, -1.25 0.622 3.8858, -0.4357 0.622 1.3202, -0.4547 0.622 1.3123, 0.4671 0.622 1.2998, 0.4508 0.622 1.3123, 0.3666 0.622 1.1299, 0.4114 0.622 1.1299, 0.4318 0.622 1.1326, 0.4508 0.622 1.1405, 0.4671 0.622 1.153, 0.4796 0.622 1.1693, 0.4875 0.622 1.1883, -0.4914 0.622 1.1883, -0.4835 0.622 1.1693, -0.471 0.622 1.153, -0.4547 0.622 1.1405, -0.4357 0.622 1.1326, -0.471 0.622 1.2998, -0.4835 0.622 1.2835, -0.4914 0.622 1.2645, 0.4875 0.622 1.2645, 0.4796 0.622 1.2835, 0.4318 0.622 1.3202, 0.4114 0.622 1.3228, -0.4154 0.622 1.3228, -1.3228 0.6168 3.8858, -1.4626 0.5758 3.8858, -1.4455 0.5822 3.8858, -1.3942 0.6013 3.8858, -1.3496 0.611 3.8858, -1.5852 0.497 3.8858, -1.534 0.5353 3.8858, -1.5267 0.5408 3.8858, -1.6368 0.4454 3.8858, -1.611 0.4712 3.8858, -1.7219 0.3058 3.8858, -1.7156 0.3229 3.8858, -1.6806 0.3869 3.8858, -1.6751 0.3942 3.8858, -1.7411 0.2544 3.8858, -1.7508 0.2098 3.8858, -1.7566 0.1831 3.8858, -1.7618 0.1102 3.8858, -1.7618 -0.1102 3.8858, -1.7566 -0.1831 3.8858, -1.7156 -0.3229 3.8858, -1.7219 -0.3058 3.8858, -1.7411 -0.2544 3.8858, -1.7508 -0.2098 3.8858, -1.6368 -0.4454 3.8858, -1.6751 -0.3942 3.8858, -1.6806 -0.3869 3.8858, -1.5852 -0.497 3.8858, -1.611 -0.4712 3.8858, -1.4455 -0.5822 3.8858, -1.4626 -0.5758 3.8858, -1.5267 -0.5408 3.8858, -1.534 -0.5353 3.8858, -1.3942 -0.6013 3.8858, -1.3496 -0.611 3.8858, -1.3228 -0.6168 3.8858, 1.3189 -0.6168 3.8858, 1.4587 -0.5758 3.8858, 1.4416 -0.5822 3.8858, 1.3903 -0.6013 3.8858, 1.3457 -0.611 3.8858, 1.5812 -0.497 3.8858, 1.5301 -0.5353 3.8858, 1.5228 -0.5408 3.8858, 1.6329 -0.4454 3.8858, 1.607 -0.4712 3.8858, 1.718 -0.3058 3.8858, 1.7116 -0.3229 3.8858, 1.6766 -0.3869 3.8858, 1.6712 -0.3942 3.8858, 1.7371 -0.2544 3.8858, 1.7468 -0.2098 3.8858, 1.7527 -0.1831 3.8858, 1.7579 -0.1102 3.8858, 1.2461 0.5039 3.8858, 1.3077 0.4991 3.8858, 1.3334 0.4929 3.8858, 1.3677 0.4847 3.8858, 1.4167 0.4644 3.8858, 1.4248 0.461 3.8858, 1.4775 0.4287 3.8858, 1.5245 0.3886 3.8858, 1.4909 0.4173 3.8858, 1.5969 0.289 3.8858, 1.5646 0.3416 3.8858, 1.5531 0.3551 3.8858, 1.6002 0.2808 3.8858, 1.6205 0.2319 3.8858, 1.6287 0.1976 3.8858, 1.6349 0.1718 3.8858, 1.6398 0.1102 3.8858, 0.4114 0.5039 1.1299, 0.3666 0.5039 1.1299, 0.4318 0.5039 1.3202, 0.4508 0.5039 1.3123, 0.4671 0.5039 1.2998, 0.4796 0.5039 1.2835, 0.4875 0.5039 1.2645, 0.4875 0.5039 1.1883, 0.4796 0.5039 1.1693, -0.3705 0.5039 1.1299, -0.4154 0.5039 1.1299, -0.4357 0.5039 1.1326, -0.4547 0.5039 1.1405, -0.471 0.5039 1.153, 0.4671 0.5039 1.153, 0.4508 0.5039 1.1405, 0.4318 0.5039 1.1326, -0.471 0.5039 1.2998, -0.4547 0.5039 1.3123, -1.25 0.5039 3.8858, -0.4357 0.5039 1.3202, -0.4154 0.5039 1.3228, 0.4114 0.5039 1.3228, -0.4835 0.5039 1.1693, -0.4914 0.5039 1.1883, -0.4914 0.5039 1.2645, -0.4835 0.5039 1.2835, -1.6437 0.1102 3.8858, -1.6389 0.1718 3.8858, -1.6327 0.1976 3.8858, -1.6244 0.2319 3.8858, -1.6042 0.2808 3.8858, -1.6008 0.289 3.8858, -1.5685 0.3416 3.8858, -1.5284 0.3886 3.8858, -1.5571 0.3551 3.8858, -1.4287 0.461 3.8858, -1.4814 0.4287 3.8858, -1.4948 0.4173 3.8858, -1.4206 0.4644 3.8858, -1.3717 0.4847 3.8858, -1.3373 0.4929 3.8858, -1.3116 0.4991 3.8858, -1.6437 -0.1102 3.8858, -1.3116 -0.4991 3.8858, -1.3373 -0.4929 3.8858, -1.3717 -0.4847 3.8858, -1.4206 -0.4644 3.8858, -1.4287 -0.461 3.8858, -1.4814 -0.4287 3.8858, -1.5284 -0.3886 3.8858, -1.4948 -0.4173 3.8858, -1.6008 -0.289 3.8858, -1.5685 -0.3416 3.8858, -1.5571 -0.3551 3.8858, -1.6042 -0.2808 3.8858, -1.6244 -0.2319 3.8858, -1.6327 -0.1976 3.8858, -1.6389 -0.1718 3.8858, 1.6398 -0.1102 3.8858, 1.6349 -0.1718 3.8858, 1.6287 -0.1976 3.8858, 1.6205 -0.2319 3.8858, 1.6002 -0.2808 3.8858, 1.5969 -0.289 3.8858, 1.5646 -0.3416 3.8858, 1.5245 -0.3886 3.8858, 1.5531 -0.3551 3.8858, 1.4248 -0.461 3.8858, 1.4775 -0.4287 3.8858, 1.4909 -0.4173 3.8858, 1.4167 -0.4644 3.8858, 1.3677 -0.4847 3.8858, 1.3334 -0.4929 3.8858, 1.3077 -0.4991 3.8858, 0.3189 0.4797 1.1299, 0.242 0.3745 1.1299, 0.2188 0.3427 1.1194, 0.1956 0.311 1.0512, 0.23 0.3581 1.1272, 0.1971 0.3131 0.8733, 0.2018 0.3195 0.8543, 0.2092 0.3296 1.1069, 0.2018 0.3195 1.0906, 0.1971 0.3131 1.0716, 0.1956 0.311 0.8937, 0.2092 0.3296 0.838, 0.2188 0.3427 0.8255, 0.23 0.3581 0.8176, 0.3283 0.4899 1.1299, 0.3398 0.4975 1.1299, 0.3528 0.5023 1.1299, 0.3253 0.6172 1.1299, 0.2863 0.6028 1.1299, 0.2518 0.5798 1.1299, 0.2235 0.5494 1.1299, 0.1466 0.4442 1.1299, 0.1346 0.4278 1.1272, 0.1002 0.3806 0.8937, 0.1346 0.4278 0.8176, 0.1234 0.4124 0.8255, 0.1138 0.3993 0.838, 0.1064 0.3892 0.8543, 0.1018 0.3828 0.8733, 0.1002 0.3806 1.0512, 0.1018 0.3828 1.0716, 0.1064 0.3892 1.0906, 0.1138 0.3993 1.1069, 0.1234 0.4124 1.1194, -0.1041 0.3806 0.8937, -0.1057 0.3828 0.8733, -0.1104 0.3892 0.8543, -0.2275 0.5494 1.1299, -0.1506 0.4442 1.1299, -0.1386 0.4278 1.1272, -0.1177 0.3993 0.838, -0.1274 0.4124 0.8255, -0.1386 0.4278 0.8176, -0.1274 0.4124 1.1194, -0.1177 0.3993 1.1069, -0.1104 0.3892 1.0906, -0.1057 0.3828 1.0716, -0.1041 0.3806 1.0512, -0.2557 0.5798 1.1299, -0.2903 0.6028 1.1299, -0.3293 0.6172 1.1299, -0.3568 0.5023 1.1299, -0.3438 0.4975 1.1299, -0.3322 0.4899 1.1299, -0.3228 0.4797 1.1299, -0.2459 0.3745 1.1299, -0.2227 0.3427 0.8255, -0.2131 0.3296 0.838, -0.2057 0.3195 0.8543, -0.1995 0.311 0.8937, -0.1995 0.311 1.0512, -0.2339 0.3581 1.1272, -0.2339 0.3581 0.8176, -0.2011 0.3131 0.8733, -0.2011 0.3131 1.0716, -0.2057 0.3195 1.0906, -0.2131 0.3296 1.1069, -0.2227 0.3427 1.1194, 0.1971 -0.3131 0.8733, 0.1956 -0.311 0.8937, 0.2188 -0.3427 0.8255, 0.2092 -0.3296 0.838, 0.2018 -0.3195 0.8543, 0.2188 -0.3427 1.1194, 0.23 -0.3581 1.1272, 0.2092 -0.3296 1.1069, 0.242 -0.3745 1.1299, 0.2018 -0.3195 1.0906, 0.3189 -0.4797 1.1299, 0.1956 -0.311 1.0512, 0.1971 -0.3131 1.0716, 0.23 -0.3581 0.8176, 0.1002 -0.3806 1.0512, 0.1002 -0.3806 0.8937, 0.2235 -0.5494 1.1299, 0.1018 -0.3828 1.0716, 0.1466 -0.4442 1.1299, 0.1346 -0.4278 0.8176, 0.1346 -0.4278 1.1272, 0.1234 -0.4124 1.1194, 0.1138 -0.3993 1.1069, 0.1064 -0.3892 1.0906, 0.1018 -0.3828 0.8733, 0.1064 -0.3892 0.8543, 0.1138 -0.3993 0.838, 0.1234 -0.4124 0.8255, 0.2518 -0.5798 1.1299, 0.2863 -0.6028 1.1299, 0.3253 -0.6172 1.1299, 0.3528 -0.5023 1.1299, 0.3398 -0.4975 1.1299, 0.3283 -0.4899 1.1299, -0.2275 -0.5494 1.1299, -0.1041 -0.3806 1.0512, -0.1506 -0.4442 1.1299, -0.1177 -0.3993 1.1069, -0.1104 -0.3892 1.0906, -0.1057 -0.3828 1.0716, -0.1274 -0.4124 1.1194, -0.1386 -0.4278 1.1272, -0.1995 -0.311 1.0512, -0.3228 -0.4797 1.1299, -0.2459 -0.3745 1.1299, -0.2339 -0.3581 1.1272, -0.2227 -0.3427 1.1194, -0.2131 -0.3296 1.1069, -0.2057 -0.3195 1.0906, -0.2011 -0.3131 1.0716, -0.3322 -0.4899 1.1299, -0.3438 -0.4975 1.1299, -0.3568 -0.5023 1.1299, -0.3293 -0.6172 1.1299, -0.2903 -0.6028 1.1299, -0.2557 -0.5798 1.1299, -1.25 -0.5053 3.896, 1.2461 -0.5053 3.896, -1.25 -0.5092 3.9055, 1.2461 -0.5092 3.9055, -1.25 -0.5155 3.9137, 1.2461 -0.5155 3.9137, -1.25 -0.5236 3.9199, 1.2461 -0.5236 3.9199, -1.25 -0.5331 3.9239, 1.2461 -0.5331 3.9239, 1.6218 -0.2323 3.896, 1.5254 -0.3896 3.896, 1.3681 -0.4859 3.896, 1.3122 -0.5279 3.9239, 1.3767 -0.5124 3.9239, 1.3107 -0.5185 3.9199, 1.3738 -0.5034 3.9199, 1.3095 -0.5105 3.9137, 1.3713 -0.4956 3.9137, 1.3085 -0.5043 3.9055, 1.3694 -0.4897 3.9055, 1.3079 -0.5004 3.896, 1.4946 -0.4524 3.9239, 1.5451 -0.4093 3.9239, 1.489 -0.4447 3.9199, 1.5384 -0.4025 3.9199, 1.4843 -0.4381 3.9137, 1.5326 -0.3968 3.9137, 1.4806 -0.433 3.9055, 1.5282 -0.3924 3.9055, 1.4783 -0.4298 3.896, 1.6229 -0.3022 3.9239, 1.6482 -0.2409 3.9239, 1.6144 -0.2979 3.9199, 1.6392 -0.238 3.9199, 1.6071 -0.2942 3.9137, 1.6315 -0.2355 3.9137, 1.6016 -0.2914 3.9055, 1.6255 -0.2335 3.9055, 1.598 -0.2896 3.896, 1.4254 -0.4622 3.896, 1.4272 -0.4657 3.9055, 1.43 -0.4713 3.9137, 1.4337 -0.4786 3.9199, 1.438 -0.487 3.9239, 1.5657 -0.3424 3.896, 1.5688 -0.3447 3.9055, 1.5739 -0.3484 3.9137, 1.5805 -0.3532 3.9199, 1.5882 -0.3588 3.9239, 1.6362 -0.172 3.896, 1.6401 -0.1726 3.9055, 1.6463 -0.1736 3.9137, 1.6544 -0.1749 3.9199, 1.6637 -0.1764 3.9239, 1.6689 -0.1102 3.9239, 1.6594 -0.1102 3.9199, 1.6513 -0.1102 3.9137, 1.645 -0.1102 3.9055, 1.6411 -0.1102 3.896, -1.3721 -0.4859 3.896, -1.5293 -0.3896 3.896, -1.6257 -0.2323 3.896, -1.6677 -0.1764 3.9239, -1.6522 -0.2409 3.9239, -1.6583 -0.1749 3.9199, -1.6432 -0.238 3.9199, -1.6502 -0.1736 3.9137, -1.6354 -0.2355 3.9137, -1.6441 -0.1726 3.9055, -1.6294 -0.2335 3.9055, -1.6402 -0.172 3.896, -1.5921 -0.3588 3.9239, -1.549 -0.4093 3.9239, -1.5844 -0.3532 3.9199, -1.5423 -0.4025 3.9199, -1.5778 -0.3484 3.9137, -1.5365 -0.3968 3.9137, -1.5728 -0.3447 3.9055, -1.5321 -0.3924 3.9055, -1.5696 -0.3424 3.896, -1.442 -0.487 3.9239, -1.3807 -0.5124 3.9239, -1.4377 -0.4786 3.9199, -1.3777 -0.5034 3.9199, -1.434 -0.4713 3.9137, -1.3752 -0.4956 3.9137, -1.4311 -0.4657 3.9055, -1.3733 -0.4897 3.9055, -1.4293 -0.4622 3.896, -1.6729 -0.1102 3.9239, -1.6634 -0.1102 3.9199, -1.6552 -0.1102 3.9137, -1.649 -0.1102 3.9055, -1.645 -0.1102 3.896, -1.602 -0.2896 3.896, -1.6055 -0.2914 3.9055, -1.6111 -0.2942 3.9137, -1.6183 -0.2979 3.9199, -1.6268 -0.3022 3.9239, -1.4822 -0.4298 3.896, -1.4845 -0.433 3.9055, -1.4882 -0.4381 3.9137, -1.493 -0.4447 3.9199, -1.4986 -0.4524 3.9239, -1.3118 -0.5004 3.896, -1.3124 -0.5043 3.9055, -1.3134 -0.5105 3.9137, -1.3147 -0.5185 3.9199, -1.3162 -0.5279 3.9239, 1.6411 0.1102 3.896, 1.645 0.1102 3.9055, 1.6513 0.1102 3.9137, 1.6594 0.1102 3.9199, 1.6689 0.1102 3.9239, -1.645 0.1102 3.896, -1.649 0.1102 3.9055, -1.6552 0.1102 3.9137, -1.6634 0.1102 3.9199, -1.6729 0.1102 3.9239, 1.3681 0.4859 3.896, 1.5254 0.3896 3.896, 1.6218 0.2323 3.896, 1.6637 0.1764 3.9239, 1.6482 0.2409 3.9239, 1.6544 0.1749 3.9199, 1.6392 0.238 3.9199, 1.6463 0.1736 3.9137, 1.6315 0.2355 3.9137, 1.6401 0.1726 3.9055, 1.6255 0.2335 3.9055, 1.6362 0.172 3.896, 1.5882 0.3588 3.9239, 1.5451 0.4093 3.9239, 1.5805 0.3532 3.9199, 1.5384 0.4025 3.9199, 1.5739 0.3484 3.9137, 1.5326 0.3968 3.9137, 1.5688 0.3447 3.9055, 1.5282 0.3924 3.9055, 1.5657 0.3424 3.896, 1.438 0.487 3.9239, 1.3767 0.5124 3.9239, 1.4337 0.4786 3.9199, 1.3738 0.5034 3.9199, 1.43 0.4713 3.9137, 1.3713 0.4956 3.9137, 1.4272 0.4657 3.9055, 1.3694 0.4897 3.9055, 1.4254 0.4622 3.896, 1.598 0.2896 3.896, 1.6016 0.2914 3.9055, 1.6071 0.2942 3.9137, 1.6144 0.2979 3.9199, 1.6229 0.3022 3.9239, 1.4783 0.4298 3.896, 1.4806 0.433 3.9055, 1.4843 0.4381 3.9137, 1.489 0.4447 3.9199, 1.4946 0.4524 3.9239, 1.3079 0.5004 3.896, 1.3085 0.5043 3.9055, 1.3095 0.5105 3.9137, 1.3107 0.5185 3.9199, 1.3122 0.5279 3.9239, 1.2461 0.5331 3.9239, 1.2461 0.5236 3.9199, 1.2461 0.5155 3.9137, 1.2461 0.5092 3.9055, 1.2461 0.5053 3.896, -1.6257 0.2323 3.896, -1.5293 0.3896 3.896, -1.3721 0.4859 3.896, -1.3162 0.5279 3.9239, -1.3807 0.5124 3.9239, -1.3147 0.5185 3.9199, -1.3777 0.5034 3.9199, -1.3134 0.5105 3.9137, -1.3752 0.4956 3.9137, -1.3124 0.5043 3.9055, -1.3733 0.4897 3.9055, -1.3118 0.5004 3.896, -1.4986 0.4524 3.9239, -1.549 0.4093 3.9239, -1.493 0.4447 3.9199, -1.5423 0.4025 3.9199, -1.4882 0.4381 3.9137, -1.5365 0.3968 3.9137, -1.4845 0.433 3.9055, -1.5321 0.3924 3.9055, -1.4822 0.4298 3.896, -1.6268 0.3022 3.9239, -1.6522 0.2409 3.9239, -1.6183 0.2979 3.9199, -1.6432 0.238 3.9199, -1.6111 0.2942 3.9137, -1.6354 0.2355 3.9137, -1.6055 0.2914 3.9055, -1.6294 0.2335 3.9055, -1.602 0.2896 3.896, -1.25 0.5331 3.9239, -1.25 0.5236 3.9199, -1.25 0.5155 3.9137, -1.25 0.5092 3.9055, -1.25 0.5053 3.896, -1.4293 0.4622 3.896, -1.4311 0.4657 3.9055, -1.434 0.4713 3.9137, -1.4377 0.4786 3.9199, -1.442 0.487 3.9239, -1.5696 0.3424 3.896, -1.5728 0.3447 3.9055, -1.5778 0.3484 3.9137, -1.5844 0.3532 3.9199, -1.5921 0.3588 3.9239, -1.6402 0.172 3.896, -1.6441 0.1726 3.9055, -1.6502 0.1736 3.9137, -1.6583 0.1749 3.9199, -1.6677 0.1764 3.9239, -1.7605 -0.1102 3.896, -1.7605 0.1102 3.896, -1.7565 -0.1102 3.9055, -1.7565 0.1102 3.9055, -1.7503 -0.1102 3.9137, -1.7503 0.1102 3.9137, -1.7421 -0.1102 3.9199, -1.7421 0.1102 3.9199, -1.7326 -0.1102 3.9239, -1.7326 0.1102 3.9239, -1.7277 -0.1789 3.9239, -1.7371 -0.1803 3.9199, -1.7452 -0.1814 3.9137, -1.7514 -0.1823 3.9055, -1.7553 -0.1829 3.896, -1.7143 -0.3223 3.896, -1.7398 -0.2541 3.896, -1.6794 -0.3862 3.896, -1.6358 -0.4445 3.896, -1.5843 -0.496 3.896, -1.526 -0.5397 3.896, -1.4621 -0.5746 3.896, -1.3938 -0.6 3.896, -1.3226 -0.6155 3.896, -1.25 -0.6207 3.896, -1.736 -0.2529 3.9055, -1.7108 -0.3207 3.9055, -1.6761 -0.3841 3.9055, -1.6328 -0.4419 3.9055, -1.5817 -0.4931 3.9055, -1.5239 -0.5364 3.9055, -1.4604 -0.571 3.9055, -1.3927 -0.5963 3.9055, -1.3221 -0.6116 3.9055, -1.25 -0.6168 3.9055, -1.73 -0.2512 3.9137, -1.7051 -0.3181 3.9137, -1.6709 -0.3807 3.9137, -1.6281 -0.4379 3.9137, -1.5776 -0.4883 3.9137, -1.5205 -0.5311 3.9137, -1.4578 -0.5653 3.9137, -1.3909 -0.5903 3.9137, -1.3212 -0.6054 3.9137, -1.25 -0.6105 3.9137, -1.7222 -0.2489 3.9199, -1.6977 -0.3147 3.9199, -1.664 -0.3763 3.9199, -1.6219 -0.4325 3.9199, -1.5723 -0.4822 3.9199, -1.5161 -0.5242 3.9199, -1.4544 -0.5579 3.9199, -1.3886 -0.5824 3.9199, -1.32 -0.5974 3.9199, -1.25 -0.6024 3.9199, -1.7131 -0.2462 3.9239, -1.689 -0.3107 3.9239, -1.656 -0.3712 3.9239, -1.6147 -0.4263 3.9239, -1.5661 -0.475 3.9239, -1.5109 -0.5163 3.9239, -1.4505 -0.5493 3.9239, -1.386 -0.5733 3.9239, -1.3187 -0.588 3.9239, -1.25 -0.5929 3.9239, -1.25 0.5929 3.9239, -1.3187 0.588 3.9239, -1.25 0.6024 3.9199, -1.32 0.5974 3.9199, -1.25 0.6105 3.9137, -1.3212 0.6054 3.9137, -1.25 0.6168 3.9055, -1.3221 0.6116 3.9055, -1.25 0.6207 3.896, -1.3226 0.6155 3.896, -1.4621 0.5746 3.896, -1.3938 0.6 3.896, -1.526 0.5397 3.896, -1.5843 0.496 3.896, -1.6358 0.4445 3.896, -1.6794 0.3862 3.896, -1.7143 0.3223 3.896, -1.7398 0.2541 3.896, -1.7553 0.1829 3.896, -1.3927 0.5963 3.9055, -1.4604 0.571 3.9055, -1.5239 0.5364 3.9055, -1.5817 0.4931 3.9055, -1.6328 0.4419 3.9055, -1.6761 0.3841 3.9055, -1.7108 0.3207 3.9055, -1.736 0.2529 3.9055, -1.7514 0.1823 3.9055, -1.3909 0.5903 3.9137, -1.4578 0.5653 3.9137, -1.5205 0.5311 3.9137, -1.5776 0.4883 3.9137, -1.6281 0.4379 3.9137, -1.6709 0.3807 3.9137, -1.7051 0.3181 3.9137, -1.73 0.2512 3.9137, -1.7452 0.1814 3.9137, -1.3886 0.5824 3.9199, -1.4544 0.5579 3.9199, -1.5161 0.5242 3.9199, -1.5723 0.4822 3.9199, -1.6219 0.4325 3.9199, -1.664 0.3763 3.9199, -1.6977 0.3147 3.9199, -1.7222 0.2489 3.9199, -1.7371 0.1803 3.9199, -1.386 0.5733 3.9239, -1.4505 0.5493 3.9239, -1.5109 0.5163 3.9239, -1.5661 0.475 3.9239, -1.6147 0.4263 3.9239, -1.656 0.3712 3.9239, -1.689 0.3107 3.9239, -1.7131 0.2462 3.9239, -1.7277 0.1789 3.9239, 1.2461 -0.6207 3.896, 1.2461 -0.6168 3.9055, 1.2461 -0.6105 3.9137, 1.2461 -0.6024 3.9199, 1.2461 -0.5929 3.9239, 1.2461 0.6207 3.896, 1.2461 0.6168 3.9055, 1.2461 0.6105 3.9137, 1.2461 0.6024 3.9199, 1.2461 0.5929 3.9239, 1.3147 -0.588 3.9239, 1.3161 -0.5974 3.9199, 1.3173 -0.6054 3.9137, 1.3182 -0.6116 3.9055, 1.3187 -0.6155 3.896, 1.4581 -0.5746 3.896, 1.3899 -0.6 3.896, 1.522 -0.5397 3.896, 1.5803 -0.496 3.896, 1.6318 -0.4445 3.896, 1.6755 -0.3862 3.896, 1.7104 -0.3223 3.896, 1.7359 -0.2541 3.896, 1.7513 -0.1829 3.896, 1.7565 -0.1102 3.896, 1.3888 -0.5963 3.9055, 1.4565 -0.571 3.9055, 1.5199 -0.5364 3.9055, 1.5778 -0.4931 3.9055, 1.6289 -0.4419 3.9055, 1.6722 -0.3841 3.9055, 1.7068 -0.3207 3.9055, 1.7321 -0.2529 3.9055, 1.7474 -0.1823 3.9055, 1.7526 -0.1102 3.9055, 1.387 -0.5903 3.9137, 1.4539 -0.5653 3.9137, 1.5165 -0.5311 3.9137, 1.5737 -0.4883 3.9137, 1.6241 -0.4379 3.9137, 1.6669 -0.3807 3.9137, 1.7011 -0.3181 3.9137, 1.7261 -0.2512 3.9137, 1.7413 -0.1814 3.9137, 1.7463 -0.1102 3.9137, 1.3847 -0.5824 3.9199, 1.4505 -0.5579 3.9199, 1.5121 -0.5242 3.9199, 1.5683 -0.4822 3.9199, 1.618 -0.4325 3.9199, 1.6601 -0.3763 3.9199, 1.6937 -0.3147 3.9199, 1.7183 -0.2489 3.9199, 1.7332 -0.1803 3.9199, 1.7382 -0.1102 3.9199, 1.382 -0.5733 3.9239, 1.4466 -0.5493 3.9239, 1.507 -0.5163 3.9239, 1.5621 -0.475 3.9239, 1.6108 -0.4263 3.9239, 1.6521 -0.3712 3.9239, 1.6851 -0.3107 3.9239, 1.7091 -0.2462 3.9239, 1.7238 -0.1789 3.9239, 1.7287 -0.1102 3.9239, 1.7287 0.1102 3.9239, 1.7238 0.1789 3.9239, 1.7382 0.1102 3.9199, 1.7332 0.1803 3.9199, 1.7463 0.1102 3.9137, 1.7413 0.1814 3.9137, 1.7526 0.1102 3.9055, 1.7474 0.1823 3.9055, 1.7565 0.1102 3.896, 1.7513 0.1829 3.896, 1.7104 0.3223 3.896, 1.7359 0.2541 3.896, 1.6755 0.3862 3.896, 1.6318 0.4445 3.896, 1.5803 0.496 3.896, 1.522 0.5397 3.896, 1.4581 0.5746 3.896, 1.3899 0.6 3.896, 1.3187 0.6155 3.896, 1.7321 0.2529 3.9055, 1.7068 0.3207 3.9055, 1.6722 0.3841 3.9055, 1.6289 0.4419 3.9055, 1.5778 0.4931 3.9055, 1.5199 0.5364 3.9055, 1.4565 0.571 3.9055, 1.3888 0.5963 3.9055, 1.3182 0.6116 3.9055, 1.7261 0.2512 3.9137, 1.7011 0.3181 3.9137, 1.6669 0.3807 3.9137, 1.6241 0.4379 3.9137, 1.5737 0.4883 3.9137, 1.5165 0.5311 3.9137, 1.4539 0.5653 3.9137, 1.387 0.5903 3.9137, 1.3173 0.6054 3.9137, 1.7183 0.2489 3.9199, 1.6937 0.3147 3.9199, 1.6601 0.3763 3.9199, 1.618 0.4325 3.9199, 1.5683 0.4822 3.9199, 1.5121 0.5242 3.9199, 1.4505 0.5579 3.9199, 1.3847 0.5824 3.9199, 1.3161 0.5974 3.9199, 1.7091 0.2462 3.9239, 1.6851 0.3107 3.9239, 1.6521 0.3712 3.9239, 1.6108 0.4263 3.9239, 1.5621 0.475 3.9239, 1.507 0.5163 3.9239, 1.4466 0.5493 3.9239, 1.382 0.5733 3.9239, 1.3147 0.588 3.9239, 1.5317 0.7362 -0.8386, 1.7911 0.7362 -0.8386, 1.4843 0.7362 -0.6344, 1.8386 0.7362 -0.6344, 1.4843 0.7362 -0.0118, 1.8386 0.7362 -0.0118, 0.5132 0.7756 0.815, 0.5132 0.622 0.815, 0.8676 0.7756 0.815, 0.8676 0.622 0.815, 0.8676 0.7362 0.6969, 0.8676 0.8313 0.7919, 0.8676 0.815 0.8044, 0.8676 0.7362 0.5674, 0.8676 0.8543 0.5674, 0.8676 0.8543 0.7362, 0.8676 0.622 0.6969, 0.8676 0.796 0.8123, 0.8676 0.8516 0.7566, 0.8676 0.8438 0.7756, 0.8702 0.8543 0.547, 0.8702 0.7362 0.547, 0.8781 0.8543 0.528, 0.8781 0.7362 0.528, 0.8906 0.8543 0.5117, 0.8906 0.7362 0.5117, 0.9069 0.8543 0.4992, 0.9069 0.7362 0.4992, 0.9259 0.8543 0.4914, 0.9259 0.7362 0.4914, 0.9463 0.8543 0.4887, 0.9463 0.7362 0.4887, 1.7598 0.8543 0.4887, 1.7598 0.7362 0.4887, 1.7774 0.7362 0.4867, 1.7774 0.8543 0.4867, 1.794 0.7362 0.4809, 1.794 0.8543 0.4809, 1.8089 0.7362 0.4715, 1.8089 0.8543 0.4715, 1.8214 0.7362 0.459, 1.8214 0.8543 0.459, 1.8308 0.7362 0.4441, 1.8308 0.8543 0.4441, 1.8366 0.7362 0.4275, 1.8366 0.8543 0.4275, 1.8386 0.7362 0.4099, 1.8386 0.8543 0.4099, 1.8386 0.7382 -0.0118, 1.8386 0.7362 0.1063, 1.8386 0.7382 0.1063, 1.8386 0.8543 -0.6344, 1.7911 0.8543 -0.8386, 1.5317 0.8543 -0.8386, 1.4843 0.8543 -0.6344, 1.4843 0.7382 0.0556, 1.4843 0.8543 0.0556, 1.4843 0.7382 -0.0118, 1.4658 0.7382 0.1063, 1.4658 0.7362 0.1063, 1.4546 0.7362 0.1172, 1.4823 0.8543 0.0731, 1.4823 0.7382 0.0731, 1.4765 0.8543 0.0898, 1.4765 0.7382 0.0898, 1.4671 0.8543 0.1047, 1.4671 0.7382 0.1047, 1.4546 0.8543 0.1172, 1.4397 0.8543 0.1265, 1.4397 0.7362 0.1265, 1.423 0.8543 0.1324, 1.423 0.7362 0.1324, 1.4055 0.8543 0.1343, 1.4055 0.7362 0.1343, 0.592 0.8543 0.1343, 0.592 0.7362 0.1343, 0.5716 0.7362 0.137, 0.5716 0.8543 0.137, 0.5526 0.7362 0.1449, 0.5526 0.8543 0.1449, 0.5363 0.7362 0.1574, 0.5363 0.8543 0.1574, 0.5238 0.7362 0.1737, 0.5238 0.8543 0.1737, 0.5159 0.7362 0.1927, 0.5159 0.8543 0.1927, 0.5132 0.7362 0.2131, 0.5132 0.8543 0.2131, 0.5132 0.7362 0.6969, 0.5132 0.8313 0.7919, 0.5132 0.8438 0.7756, 0.5132 0.622 0.6969, 0.5132 0.8543 0.7362, 0.5132 0.8516 0.7566, 0.5132 0.796 0.8123, 0.5132 0.815 0.8044
            ]
        }
        coordIndex [
            0,1,2,-1,2,1,3,-1,4,5,6,-1,6,5,7,-1,8,9,10,-1,10,9,11,-1,10,11,12,-1,12,11,13,-1,12,13,14,-1,14,13,15,-1,14,15,16,-1,16,15,17,-1,16,17,18,-1,18,17,19,-1,18,19,20,-1,20,19,21,-1,20,21,22,-1,22,21,23,-1,22,23,24,-1,24,23,25,-1,24,25,26,-1,26,25,27,-1,26,27,28,-1,28,27,29,-1,30,31,32,-1,32,31,33,-1,32,33,34,-1,34,33,35,-1,34,35,36,-1,36,35,37,-1,36,37,38,-1,38,37,39,-1,38,39,40,-1,40,39,41,-1,40,41,42,-1,42,41,43,-1,42,43,44,-1,44,43,45,-1,44,45,29,-1,29,45,46,-1,29,46,28,-1,47,48,49,-1,49,48,50,-1,49,50,51,-1,51,50,52,-1,51,52,53,-1,53,52,54,-1,53,54,55,-1,55,54,56,-1,55,56,57,-1,57,56,58,-1,57,58,59,-1,59,58,60,-1,59,60,61,-1,61,60,62,-1,61,62,63,-1,63,62,64,-1,63,64,30,-1,30,64,65,-1,30,65,31,-1,66,67,68,-1,68,67,69,-1,68,69,70,-1,70,69,71,-1,70,71,72,-1,72,71,73,-1,72,73,74,-1,74,73,75,-1,74,75,76,-1,76,75,77,-1,76,77,78,-1,78,77,79,-1,78,79,80,-1,80,79,81,-1,80,81,82,-1,82,81,83,-1,82,83,84,-1,85,86,87,-1,87,86,88,-1,87,88,89,-1,89,88,90,-1,89,90,91,-1,91,90,92,-1,91,92,93,-1,93,92,94,-1,93,94,95,-1,95,94,96,-1,95,96,97,-1,97,96,98,-1,97,98,99,-1,99,98,100,-1,99,100,101,-1,101,100,102,-1,101,102,103,-1,103,102,104,-1,103,104,105,-1,105,104,106,-1,83,107,84,-1,84,107,108,-1,84,108,109,-1,109,108,110,-1,109,110,111,-1,111,110,112,-1,111,112,113,-1,113,112,114,-1,113,114,115,-1,115,114,116,-1,115,116,117,-1,117,116,118,-1,117,118,119,-1,119,118,120,-1,119,120,121,-1,121,120,122,-1,121,122,106,-1,106,122,123,-1,106,123,105,-1,124,125,95,-1,126,127,128,-1,129,130,60,-1,60,130,131,-1,60,131,2,-1,132,133,134,-1,135,136,58,-1,58,136,137,-1,58,137,60,-1,60,137,138,-1,60,138,129,-1,2,3,60,-1,60,3,139,-1,60,139,128,-1,128,139,140,-1,128,140,126,-1,141,142,97,-1,97,142,143,-1,97,143,95,-1,95,143,144,-1,95,144,124,-1,5,4,97,-1,97,4,145,-1,97,145,141,-1,127,146,128,-1,128,146,147,-1,128,147,134,-1,134,147,148,-1,134,148,132,-1,133,149,134,-1,134,149,150,-1,134,150,97,-1,97,150,151,-1,97,151,5,-1,152,153,57,-1,154,155,156,-1,157,158,98,-1,98,158,159,-1,98,159,6,-1,160,161,96,-1,96,161,162,-1,96,162,98,-1,98,162,163,-1,98,163,157,-1,6,7,98,-1,98,7,164,-1,98,164,156,-1,156,164,165,-1,156,165,154,-1,166,167,168,-1,155,169,156,-1,156,169,170,-1,156,170,166,-1,166,170,171,-1,166,171,167,-1,172,173,59,-1,59,173,174,-1,59,174,57,-1,57,174,175,-1,57,175,152,-1,1,0,59,-1,59,0,176,-1,59,176,172,-1,168,177,166,-1,166,177,178,-1,166,178,59,-1,59,178,179,-1,59,179,1,-1,180,181,182,-1,182,181,183,-1,184,185,186,-1,186,185,187,-1,188,189,190,-1,190,189,191,-1,190,191,192,-1,192,191,193,-1,192,193,194,-1,194,193,195,-1,194,195,196,-1,196,195,197,-1,196,197,198,-1,198,197,199,-1,198,199,200,-1,200,199,201,-1,200,201,202,-1,202,201,203,-1,202,203,204,-1,204,203,205,-1,204,205,206,-1,206,205,207,-1,206,207,208,-1,208,207,209,-1,208,209,210,-1,211,212,213,-1,213,212,214,-1,213,214,215,-1,215,214,216,-1,215,216,217,-1,217,216,218,-1,217,218,219,-1,219,218,220,-1,219,220,221,-1,221,220,222,-1,221,222,223,-1,223,222,224,-1,223,224,225,-1,225,224,226,-1,225,226,227,-1,227,226,228,-1,227,228,229,-1,229,228,230,-1,229,230,231,-1,231,230,232,-1,231,232,233,-1,209,234,210,-1,210,234,235,-1,210,235,236,-1,236,235,237,-1,236,237,238,-1,238,237,239,-1,238,239,240,-1,240,239,241,-1,240,241,242,-1,242,241,243,-1,242,243,244,-1,244,243,245,-1,244,245,246,-1,246,245,247,-1,246,247,248,-1,248,247,249,-1,248,249,250,-1,250,249,251,-1,250,251,252,-1,252,251,253,-1,252,253,254,-1,254,253,255,-1,254,255,211,-1,211,255,256,-1,211,256,212,-1,232,257,233,-1,233,257,258,-1,233,258,259,-1,259,258,260,-1,259,260,261,-1,261,260,262,-1,261,262,263,-1,263,262,264,-1,263,264,265,-1,265,264,266,-1,265,266,267,-1,267,266,268,-1,267,268,269,-1,269,268,270,-1,269,270,271,-1,271,270,272,-1,271,272,273,-1,273,272,274,-1,273,274,275,-1,275,274,276,-1,275,276,277,-1,277,276,278,-1,277,278,188,-1,188,278,279,-1,188,279,189,-1,280,116,281,-1,281,116,114,-1,282,283,112,-1,112,283,284,-1,112,284,114,-1,114,284,285,-1,114,285,281,-1,108,286,110,-1,110,286,287,-1,110,287,112,-1,112,287,288,-1,112,288,282,-1,107,289,108,-1,108,289,290,-1,108,290,286,-1,291,292,83,-1,83,292,293,-1,83,293,107,-1,107,293,294,-1,107,294,289,-1,291,83,295,-1,295,83,81,-1,295,81,296,-1,296,81,297,-1,297,81,79,-1,297,79,298,-1,299,300,18,-1,301,302,303,-1,304,305,298,-1,306,307,77,-1,77,307,308,-1,77,308,79,-1,79,308,309,-1,79,309,310,-1,310,311,79,-1,79,311,312,-1,79,312,186,-1,181,180,20,-1,20,180,313,-1,20,313,314,-1,314,315,20,-1,20,315,316,-1,20,316,18,-1,18,316,317,-1,18,317,299,-1,303,318,301,-1,301,318,319,-1,301,319,20,-1,20,319,320,-1,20,320,181,-1,186,187,79,-1,79,187,321,-1,79,321,298,-1,298,321,322,-1,298,322,304,-1,305,323,298,-1,298,323,324,-1,298,324,301,-1,301,324,325,-1,301,325,302,-1,301,20,326,-1,326,20,22,-1,327,328,24,-1,24,328,329,-1,24,329,22,-1,22,329,330,-1,22,330,326,-1,28,331,26,-1,26,331,332,-1,26,332,24,-1,24,332,333,-1,24,333,327,-1,46,334,28,-1,28,334,335,-1,28,335,331,-1,336,337,45,-1,45,337,338,-1,45,338,46,-1,46,338,339,-1,46,339,334,-1,336,45,340,-1,340,45,43,-1,340,43,341,-1,341,43,342,-1,342,43,41,-1,342,41,343,-1,343,41,344,-1,344,41,39,-1,344,39,345,-1,345,39,37,-1,346,347,35,-1,35,347,348,-1,35,348,37,-1,37,348,349,-1,37,349,345,-1,31,350,33,-1,33,350,351,-1,33,351,35,-1,35,351,352,-1,35,352,346,-1,65,353,31,-1,31,353,354,-1,31,354,350,-1,355,356,64,-1,64,356,357,-1,64,357,65,-1,65,357,358,-1,65,358,353,-1,355,64,359,-1,359,64,62,-1,359,62,360,-1,360,62,361,-1,361,62,60,-1,361,60,128,-1,134,97,362,-1,362,97,99,-1,363,364,101,-1,101,364,365,-1,101,365,99,-1,99,365,366,-1,99,366,362,-1,105,367,103,-1,103,367,368,-1,103,368,101,-1,101,368,369,-1,101,369,363,-1,123,370,105,-1,105,370,371,-1,105,371,367,-1,372,373,122,-1,122,373,374,-1,122,374,123,-1,123,374,375,-1,123,375,370,-1,372,122,376,-1,376,122,120,-1,376,120,377,-1,377,120,378,-1,378,120,118,-1,378,118,379,-1,379,118,280,-1,280,118,116,-1,380,78,381,-1,381,78,80,-1,381,80,382,-1,382,80,383,-1,383,80,82,-1,383,82,384,-1,384,82,385,-1,385,82,84,-1,385,84,386,-1,109,387,84,-1,84,387,388,-1,84,388,386,-1,389,390,109,-1,109,390,391,-1,109,391,387,-1,389,109,392,-1,392,109,111,-1,392,111,393,-1,393,111,113,-1,393,113,394,-1,394,113,395,-1,395,113,115,-1,395,115,396,-1,397,398,76,-1,399,400,380,-1,400,401,380,-1,380,401,402,-1,380,402,78,-1,78,402,403,-1,78,403,185,-1,185,184,78,-1,78,184,404,-1,78,404,405,-1,406,407,19,-1,19,407,408,-1,19,408,21,-1,21,408,409,-1,21,409,410,-1,405,411,78,-1,78,411,412,-1,78,412,76,-1,76,412,413,-1,76,413,397,-1,414,415,416,-1,415,417,416,-1,416,417,418,-1,416,418,380,-1,380,418,419,-1,380,419,399,-1,410,420,21,-1,21,420,421,-1,21,421,182,-1,182,183,21,-1,21,183,422,-1,21,422,416,-1,416,422,423,-1,416,423,414,-1,424,40,425,-1,425,40,42,-1,425,42,426,-1,426,42,427,-1,427,42,44,-1,427,44,428,-1,428,44,429,-1,429,44,29,-1,429,29,430,-1,27,431,29,-1,29,431,432,-1,29,432,430,-1,433,434,27,-1,27,434,435,-1,27,435,431,-1,433,27,436,-1,436,27,25,-1,436,25,437,-1,437,25,23,-1,437,23,438,-1,438,23,439,-1,439,23,21,-1,439,21,416,-1,440,38,424,-1,424,38,40,-1,166,59,441,-1,441,59,61,-1,441,61,442,-1,442,61,443,-1,443,61,63,-1,443,63,444,-1,444,63,445,-1,445,63,30,-1,445,30,446,-1,32,447,30,-1,30,447,448,-1,30,448,446,-1,449,450,32,-1,32,450,451,-1,32,451,447,-1,449,32,452,-1,452,32,34,-1,452,34,453,-1,453,34,36,-1,453,36,454,-1,454,36,455,-1,455,36,38,-1,455,38,440,-1,456,117,457,-1,457,117,119,-1,457,119,458,-1,458,119,459,-1,459,119,121,-1,459,121,460,-1,460,121,461,-1,461,121,106,-1,461,106,462,-1,104,463,106,-1,106,463,464,-1,106,464,462,-1,465,466,104,-1,104,466,467,-1,104,467,463,-1,465,104,468,-1,468,104,102,-1,468,102,469,-1,469,102,100,-1,469,100,470,-1,470,100,471,-1,471,100,98,-1,471,98,156,-1,396,115,456,-1,456,115,117,-1,419,324,399,-1,399,324,323,-1,399,323,400,-1,400,323,305,-1,400,305,401,-1,401,305,304,-1,401,304,402,-1,402,304,322,-1,402,322,403,-1,403,322,321,-1,403,321,185,-1,185,321,187,-1,419,418,324,-1,324,418,325,-1,183,181,422,-1,422,181,320,-1,422,320,423,-1,423,320,319,-1,423,319,414,-1,414,319,318,-1,414,318,415,-1,415,318,303,-1,415,303,417,-1,417,303,302,-1,417,302,418,-1,418,302,325,-1,68,472,66,-1,66,472,473,-1,474,475,476,-1,476,475,473,-1,477,478,66,-1,474,479,475,-1,475,479,480,-1,475,480,481,-1,473,475,66,-1,66,475,482,-1,66,482,477,-1,478,483,66,-1,66,483,484,-1,66,484,485,-1,472,68,486,-1,486,68,70,-1,486,70,487,-1,487,70,72,-1,487,72,488,-1,488,72,74,-1,488,74,398,-1,398,74,76,-1,306,77,75,-1,306,75,489,-1,489,75,73,-1,489,73,490,-1,490,73,71,-1,490,71,491,-1,491,71,69,-1,491,69,492,-1,493,492,69,-1,493,69,494,-1,69,67,495,-1,495,67,496,-1,495,496,497,-1,497,498,495,-1,495,498,499,-1,495,499,500,-1,495,501,69,-1,69,501,502,-1,69,502,503,-1,503,504,69,-1,69,504,505,-1,69,505,494,-1,501,495,475,-1,475,495,482,-1,397,307,398,-1,398,307,306,-1,398,306,488,-1,488,306,489,-1,488,489,487,-1,487,489,490,-1,487,490,486,-1,486,490,491,-1,486,491,472,-1,472,491,492,-1,472,492,473,-1,473,492,493,-1,10,506,8,-1,8,506,507,-1,8,507,508,-1,509,510,10,-1,10,510,511,-1,508,512,8,-1,8,512,513,-1,8,513,514,-1,511,515,10,-1,10,515,516,-1,10,516,517,-1,517,518,10,-1,10,518,519,-1,10,519,506,-1,509,10,12,-1,509,12,520,-1,520,12,14,-1,520,14,521,-1,521,14,16,-1,521,16,522,-1,522,16,18,-1,522,18,300,-1,406,19,523,-1,523,19,17,-1,523,17,524,-1,524,17,15,-1,524,15,525,-1,525,15,13,-1,525,13,526,-1,526,13,11,-1,526,11,527,-1,527,11,9,-1,528,529,530,-1,9,531,527,-1,527,531,532,-1,527,532,533,-1,9,534,531,-1,531,534,528,-1,531,528,535,-1,535,528,530,-1,532,536,537,-1,537,538,532,-1,532,538,539,-1,532,539,533,-1,506,519,531,-1,531,519,532,-1,527,510,526,-1,526,510,509,-1,526,509,525,-1,525,509,520,-1,525,520,524,-1,524,520,521,-1,524,521,523,-1,523,521,522,-1,523,522,406,-1,406,522,300,-1,406,300,407,-1,407,300,299,-1,407,299,408,-1,408,299,317,-1,408,317,409,-1,409,317,316,-1,409,316,410,-1,410,316,315,-1,410,315,420,-1,420,315,314,-1,420,314,421,-1,421,314,313,-1,421,313,182,-1,182,313,180,-1,307,397,308,-1,308,397,413,-1,308,413,309,-1,309,413,412,-1,309,412,310,-1,310,412,411,-1,310,411,311,-1,311,411,405,-1,311,405,312,-1,312,405,404,-1,312,404,186,-1,186,404,184,-1,506,531,535,-1,506,535,507,-1,507,535,530,-1,507,530,508,-1,508,530,529,-1,508,529,512,-1,512,529,528,-1,512,528,513,-1,513,528,534,-1,513,534,514,-1,514,534,9,-1,514,9,8,-1,532,519,518,-1,532,518,536,-1,536,518,517,-1,536,517,537,-1,537,517,516,-1,537,516,538,-1,538,516,515,-1,538,515,539,-1,539,515,511,-1,539,511,533,-1,533,511,510,-1,533,510,527,-1,501,475,481,-1,501,481,502,-1,502,481,480,-1,502,480,503,-1,503,480,479,-1,503,479,504,-1,504,479,474,-1,504,474,505,-1,505,474,476,-1,505,476,494,-1,494,476,473,-1,494,473,493,-1,482,495,500,-1,482,500,477,-1,477,500,499,-1,477,499,478,-1,478,499,498,-1,478,498,483,-1,483,498,497,-1,483,497,484,-1,484,497,496,-1,484,496,485,-1,485,496,67,-1,485,67,66,-1,171,147,167,-1,167,147,146,-1,167,146,168,-1,168,146,127,-1,168,127,177,-1,177,127,126,-1,177,126,178,-1,178,126,140,-1,178,140,179,-1,179,140,139,-1,179,139,1,-1,1,139,3,-1,171,170,147,-1,147,170,148,-1,7,5,164,-1,164,5,151,-1,164,151,165,-1,165,151,150,-1,165,150,154,-1,154,150,149,-1,154,149,155,-1,155,149,133,-1,155,133,169,-1,169,133,132,-1,169,132,170,-1,170,132,148,-1,540,541,86,-1,86,541,88,-1,542,543,544,-1,545,546,547,-1,547,546,548,-1,547,548,549,-1,88,541,550,-1,550,541,551,-1,550,551,548,-1,548,551,552,-1,548,552,549,-1,540,86,544,-1,544,86,553,-1,544,553,542,-1,551,541,554,-1,554,541,555,-1,85,87,556,-1,557,554,558,-1,558,554,556,-1,85,556,559,-1,560,561,562,-1,560,562,558,-1,558,562,563,-1,558,563,557,-1,554,555,556,-1,556,555,564,-1,556,564,565,-1,565,566,556,-1,556,566,567,-1,556,567,559,-1,556,87,89,-1,556,89,568,-1,568,89,91,-1,568,91,569,-1,569,91,93,-1,569,93,570,-1,570,93,95,-1,570,95,125,-1,160,96,571,-1,571,96,94,-1,571,94,572,-1,572,94,92,-1,572,92,573,-1,573,92,90,-1,573,90,550,-1,550,90,88,-1,548,558,550,-1,550,558,556,-1,550,556,573,-1,573,556,568,-1,573,568,572,-1,572,568,569,-1,572,569,571,-1,571,569,570,-1,571,570,160,-1,160,570,125,-1,160,125,161,-1,161,125,124,-1,50,48,574,-1,574,48,575,-1,574,575,576,-1,577,575,578,-1,578,575,579,-1,577,580,575,-1,575,580,581,-1,575,581,576,-1,575,48,582,-1,582,48,47,-1,47,49,582,-1,582,49,583,-1,583,584,582,-1,582,584,585,-1,582,585,586,-1,586,587,582,-1,582,587,588,-1,582,588,589,-1,583,49,590,-1,590,49,51,-1,590,51,591,-1,591,51,53,-1,591,53,592,-1,592,53,55,-1,592,55,153,-1,153,55,57,-1,135,58,56,-1,135,56,593,-1,593,56,54,-1,593,54,594,-1,594,54,52,-1,594,52,595,-1,595,52,50,-1,595,50,574,-1,152,136,153,-1,153,136,135,-1,153,135,592,-1,592,135,593,-1,592,593,591,-1,591,593,594,-1,591,594,590,-1,590,594,595,-1,590,595,583,-1,583,595,574,-1,583,574,584,-1,584,574,576,-1,136,152,137,-1,137,152,175,-1,137,175,138,-1,138,175,174,-1,138,174,129,-1,129,174,173,-1,129,173,130,-1,130,173,172,-1,130,172,131,-1,131,172,176,-1,131,176,2,-1,2,176,0,-1,161,124,162,-1,162,124,144,-1,162,144,163,-1,163,144,143,-1,163,143,157,-1,157,143,142,-1,157,142,158,-1,158,142,141,-1,158,141,159,-1,159,141,145,-1,159,145,6,-1,6,145,4,-1,575,582,589,-1,575,589,579,-1,579,589,588,-1,579,588,578,-1,578,588,587,-1,578,587,577,-1,577,587,586,-1,577,586,580,-1,580,586,585,-1,580,585,581,-1,581,585,584,-1,581,584,576,-1,551,554,557,-1,551,557,552,-1,552,557,563,-1,552,563,549,-1,549,563,562,-1,549,562,547,-1,547,562,561,-1,547,561,545,-1,545,561,560,-1,545,560,546,-1,546,560,558,-1,546,558,548,-1,555,541,540,-1,555,540,564,-1,564,540,544,-1,564,544,565,-1,565,544,543,-1,565,543,566,-1,566,543,542,-1,566,542,567,-1,567,542,553,-1,567,553,559,-1,559,553,86,-1,559,86,85,-1,156,166,596,-1,156,596,597,-1,597,596,598,-1,597,598,599,-1,599,598,600,-1,599,600,601,-1,601,600,602,-1,601,602,603,-1,603,602,604,-1,603,604,605,-1,605,604,267,-1,605,267,269,-1,458,459,606,-1,464,463,607,-1,468,469,608,-1,271,273,609,-1,609,273,610,-1,609,610,611,-1,611,610,612,-1,611,612,613,-1,613,612,614,-1,613,614,615,-1,615,614,616,-1,615,616,617,-1,617,616,608,-1,277,188,618,-1,618,188,619,-1,618,619,620,-1,620,619,621,-1,620,621,622,-1,622,621,623,-1,622,623,624,-1,624,623,625,-1,624,625,626,-1,626,625,607,-1,192,194,627,-1,627,194,628,-1,627,628,629,-1,629,628,630,-1,629,630,631,-1,631,630,632,-1,631,632,633,-1,633,632,634,-1,633,634,635,-1,635,634,606,-1,269,271,605,-1,605,271,609,-1,605,609,603,-1,603,609,611,-1,603,611,601,-1,601,611,613,-1,601,613,599,-1,599,613,615,-1,599,615,597,-1,597,615,617,-1,597,617,156,-1,156,617,471,-1,608,469,617,-1,617,469,470,-1,617,470,471,-1,465,468,636,-1,636,468,608,-1,636,608,637,-1,637,608,616,-1,637,616,638,-1,638,616,614,-1,638,614,639,-1,639,614,612,-1,639,612,640,-1,640,612,610,-1,640,610,275,-1,275,610,273,-1,275,277,640,-1,640,277,618,-1,640,618,639,-1,639,618,620,-1,639,620,638,-1,638,620,622,-1,638,622,637,-1,637,622,624,-1,637,624,636,-1,636,624,626,-1,636,626,465,-1,465,626,466,-1,607,463,626,-1,626,463,467,-1,626,467,466,-1,462,464,641,-1,641,464,607,-1,641,607,642,-1,642,607,625,-1,642,625,643,-1,643,625,623,-1,643,623,644,-1,644,623,621,-1,644,621,645,-1,645,621,619,-1,645,619,190,-1,190,619,188,-1,190,192,645,-1,645,192,627,-1,645,627,644,-1,644,627,629,-1,644,629,643,-1,643,629,631,-1,643,631,642,-1,642,631,633,-1,642,633,641,-1,641,633,635,-1,641,635,462,-1,462,635,461,-1,606,459,635,-1,635,459,460,-1,635,460,461,-1,457,458,646,-1,646,458,606,-1,646,606,647,-1,647,606,634,-1,647,634,648,-1,648,634,632,-1,648,632,649,-1,649,632,630,-1,649,630,650,-1,650,630,628,-1,650,628,196,-1,196,628,194,-1,196,198,650,-1,650,198,651,-1,650,651,649,-1,649,651,652,-1,649,652,648,-1,648,652,653,-1,648,653,647,-1,647,653,654,-1,647,654,646,-1,646,654,655,-1,646,655,457,-1,457,655,456,-1,442,443,656,-1,448,447,657,-1,452,453,658,-1,225,227,659,-1,659,227,660,-1,659,660,661,-1,661,660,662,-1,661,662,663,-1,663,662,664,-1,663,664,665,-1,665,664,666,-1,665,666,667,-1,667,666,658,-1,231,233,668,-1,668,233,669,-1,668,669,670,-1,670,669,671,-1,670,671,672,-1,672,671,673,-1,672,673,674,-1,674,673,675,-1,674,675,676,-1,676,675,657,-1,261,263,677,-1,677,263,678,-1,677,678,679,-1,679,678,680,-1,679,680,681,-1,681,680,682,-1,681,682,683,-1,683,682,684,-1,683,684,685,-1,685,684,656,-1,223,225,686,-1,686,225,659,-1,686,659,687,-1,687,659,661,-1,687,661,688,-1,688,661,663,-1,688,663,689,-1,689,663,665,-1,689,665,690,-1,690,665,667,-1,690,667,440,-1,440,667,455,-1,658,453,667,-1,667,453,454,-1,667,454,455,-1,449,452,691,-1,691,452,658,-1,691,658,692,-1,692,658,666,-1,692,666,693,-1,693,666,664,-1,693,664,694,-1,694,664,662,-1,694,662,695,-1,695,662,660,-1,695,660,229,-1,229,660,227,-1,229,231,695,-1,695,231,668,-1,695,668,694,-1,694,668,670,-1,694,670,693,-1,693,670,672,-1,693,672,692,-1,692,672,674,-1,692,674,691,-1,691,674,676,-1,691,676,449,-1,449,676,450,-1,657,447,676,-1,676,447,451,-1,676,451,450,-1,446,448,696,-1,696,448,657,-1,696,657,697,-1,697,657,675,-1,697,675,698,-1,698,675,673,-1,698,673,699,-1,699,673,671,-1,699,671,700,-1,700,671,669,-1,700,669,259,-1,259,669,233,-1,259,261,700,-1,700,261,677,-1,700,677,699,-1,699,677,679,-1,699,679,698,-1,698,679,681,-1,698,681,697,-1,697,681,683,-1,697,683,696,-1,696,683,685,-1,696,685,446,-1,446,685,445,-1,656,443,685,-1,685,443,444,-1,685,444,445,-1,441,442,701,-1,701,442,656,-1,701,656,702,-1,702,656,684,-1,702,684,703,-1,703,684,682,-1,703,682,704,-1,704,682,680,-1,704,680,705,-1,705,680,678,-1,705,678,265,-1,265,678,263,-1,265,267,705,-1,705,267,604,-1,705,604,704,-1,704,604,602,-1,704,602,703,-1,703,602,600,-1,703,600,702,-1,702,600,598,-1,702,598,701,-1,701,598,596,-1,701,596,441,-1,441,596,166,-1,396,456,655,-1,396,655,706,-1,706,655,654,-1,706,654,707,-1,707,654,653,-1,707,653,708,-1,708,653,652,-1,708,652,709,-1,709,652,651,-1,709,651,710,-1,710,651,198,-1,710,198,200,-1,440,424,711,-1,440,711,690,-1,690,711,712,-1,690,712,689,-1,689,712,713,-1,689,713,688,-1,688,713,714,-1,688,714,687,-1,687,714,715,-1,687,715,686,-1,686,715,221,-1,686,221,223,-1,382,383,716,-1,388,387,717,-1,392,393,718,-1,202,204,719,-1,719,204,720,-1,719,720,721,-1,721,720,722,-1,721,722,723,-1,723,722,724,-1,723,724,725,-1,725,724,726,-1,725,726,727,-1,727,726,718,-1,208,210,728,-1,728,210,729,-1,728,729,730,-1,730,729,731,-1,730,731,732,-1,732,731,733,-1,732,733,734,-1,734,733,735,-1,734,735,736,-1,736,735,717,-1,238,240,737,-1,737,240,738,-1,737,738,739,-1,739,738,740,-1,739,740,741,-1,741,740,742,-1,741,742,743,-1,743,742,744,-1,743,744,745,-1,745,744,716,-1,200,202,710,-1,710,202,719,-1,710,719,709,-1,709,719,721,-1,709,721,708,-1,708,721,723,-1,708,723,707,-1,707,723,725,-1,707,725,706,-1,706,725,727,-1,706,727,396,-1,396,727,395,-1,718,393,727,-1,727,393,394,-1,727,394,395,-1,389,392,746,-1,746,392,718,-1,746,718,747,-1,747,718,726,-1,747,726,748,-1,748,726,724,-1,748,724,749,-1,749,724,722,-1,749,722,750,-1,750,722,720,-1,750,720,206,-1,206,720,204,-1,206,208,750,-1,750,208,728,-1,750,728,749,-1,749,728,730,-1,749,730,748,-1,748,730,732,-1,748,732,747,-1,747,732,734,-1,747,734,746,-1,746,734,736,-1,746,736,389,-1,389,736,390,-1,717,387,736,-1,736,387,391,-1,736,391,390,-1,386,388,751,-1,751,388,717,-1,751,717,752,-1,752,717,735,-1,752,735,753,-1,753,735,733,-1,753,733,754,-1,754,733,731,-1,754,731,755,-1,755,731,729,-1,755,729,236,-1,236,729,210,-1,236,238,755,-1,755,238,737,-1,755,737,754,-1,754,737,739,-1,754,739,753,-1,753,739,741,-1,753,741,752,-1,752,741,743,-1,752,743,751,-1,751,743,745,-1,751,745,386,-1,386,745,385,-1,716,383,745,-1,745,383,384,-1,745,384,385,-1,381,382,756,-1,756,382,716,-1,756,716,757,-1,757,716,744,-1,757,744,758,-1,758,744,742,-1,758,742,759,-1,759,742,740,-1,759,740,760,-1,760,740,738,-1,760,738,242,-1,242,738,240,-1,242,244,760,-1,760,244,761,-1,760,761,759,-1,759,761,762,-1,759,762,758,-1,758,762,763,-1,758,763,757,-1,757,763,764,-1,757,764,756,-1,756,764,765,-1,756,765,381,-1,381,765,380,-1,426,427,766,-1,432,431,767,-1,436,437,768,-1,248,250,769,-1,769,250,770,-1,769,770,771,-1,771,770,772,-1,771,772,773,-1,773,772,774,-1,773,774,775,-1,775,774,776,-1,775,776,777,-1,777,776,768,-1,254,211,778,-1,778,211,779,-1,778,779,780,-1,780,779,781,-1,780,781,782,-1,782,781,783,-1,782,783,784,-1,784,783,785,-1,784,785,786,-1,786,785,767,-1,215,217,787,-1,787,217,788,-1,787,788,789,-1,789,788,790,-1,789,790,791,-1,791,790,792,-1,791,792,793,-1,793,792,794,-1,793,794,795,-1,795,794,766,-1,246,248,796,-1,796,248,769,-1,796,769,797,-1,797,769,771,-1,797,771,798,-1,798,771,773,-1,798,773,799,-1,799,773,775,-1,799,775,800,-1,800,775,777,-1,800,777,416,-1,416,777,439,-1,768,437,777,-1,777,437,438,-1,777,438,439,-1,433,436,801,-1,801,436,768,-1,801,768,802,-1,802,768,776,-1,802,776,803,-1,803,776,774,-1,803,774,804,-1,804,774,772,-1,804,772,805,-1,805,772,770,-1,805,770,252,-1,252,770,250,-1,252,254,805,-1,805,254,778,-1,805,778,804,-1,804,778,780,-1,804,780,803,-1,803,780,782,-1,803,782,802,-1,802,782,784,-1,802,784,801,-1,801,784,786,-1,801,786,433,-1,433,786,434,-1,767,431,786,-1,786,431,435,-1,786,435,434,-1,430,432,806,-1,806,432,767,-1,806,767,807,-1,807,767,785,-1,807,785,808,-1,808,785,783,-1,808,783,809,-1,809,783,781,-1,809,781,810,-1,810,781,779,-1,810,779,213,-1,213,779,211,-1,213,215,810,-1,810,215,787,-1,810,787,809,-1,809,787,789,-1,809,789,808,-1,808,789,791,-1,808,791,807,-1,807,791,793,-1,807,793,806,-1,806,793,795,-1,806,795,430,-1,430,795,429,-1,766,427,795,-1,795,427,428,-1,795,428,429,-1,425,426,811,-1,811,426,766,-1,811,766,812,-1,812,766,794,-1,812,794,813,-1,813,794,792,-1,813,792,814,-1,814,792,790,-1,814,790,815,-1,815,790,788,-1,815,788,219,-1,219,788,217,-1,219,221,815,-1,815,221,715,-1,815,715,814,-1,814,715,714,-1,814,714,813,-1,813,714,713,-1,813,713,812,-1,812,713,712,-1,812,712,811,-1,811,712,711,-1,811,711,425,-1,425,711,424,-1,416,380,765,-1,416,765,800,-1,800,765,764,-1,800,764,799,-1,799,764,763,-1,799,763,798,-1,798,763,762,-1,798,762,797,-1,797,762,761,-1,797,761,796,-1,796,761,244,-1,796,244,246,-1,343,344,816,-1,343,816,817,-1,817,816,818,-1,817,818,819,-1,819,818,820,-1,819,820,821,-1,821,820,822,-1,821,822,823,-1,823,822,824,-1,823,824,825,-1,825,824,224,-1,825,224,222,-1,224,824,826,-1,824,822,827,-1,822,820,828,-1,820,818,829,-1,818,816,830,-1,347,831,348,-1,348,831,832,-1,348,832,349,-1,349,832,830,-1,349,830,345,-1,345,830,816,-1,345,816,344,-1,347,346,831,-1,831,346,352,-1,831,352,833,-1,833,352,351,-1,833,351,834,-1,351,350,834,-1,834,350,354,-1,834,354,835,-1,835,354,353,-1,835,353,836,-1,836,353,358,-1,358,357,836,-1,836,357,356,-1,836,356,837,-1,837,356,355,-1,837,355,838,-1,838,355,359,-1,838,359,839,-1,839,359,360,-1,360,361,839,-1,839,361,128,-1,839,128,840,-1,818,830,829,-1,829,830,832,-1,829,832,841,-1,841,832,831,-1,841,831,842,-1,842,831,833,-1,842,833,843,-1,843,833,834,-1,843,834,844,-1,844,834,835,-1,844,835,845,-1,845,835,836,-1,845,836,846,-1,846,836,837,-1,846,837,847,-1,847,837,838,-1,847,838,848,-1,848,838,839,-1,848,839,849,-1,849,839,840,-1,849,840,850,-1,820,829,828,-1,828,829,841,-1,828,841,851,-1,851,841,842,-1,851,842,852,-1,852,842,843,-1,852,843,853,-1,853,843,844,-1,853,844,854,-1,854,844,845,-1,854,845,855,-1,855,845,846,-1,855,846,856,-1,856,846,847,-1,856,847,857,-1,857,847,848,-1,857,848,858,-1,858,848,849,-1,858,849,859,-1,859,849,850,-1,859,850,860,-1,822,828,827,-1,827,828,851,-1,827,851,861,-1,861,851,852,-1,861,852,862,-1,862,852,853,-1,862,853,863,-1,863,853,854,-1,863,854,864,-1,864,854,855,-1,864,855,865,-1,865,855,856,-1,865,856,866,-1,866,856,857,-1,866,857,867,-1,867,857,858,-1,867,858,868,-1,868,858,859,-1,868,859,869,-1,869,859,860,-1,869,860,870,-1,824,827,826,-1,826,827,861,-1,826,861,871,-1,871,861,862,-1,871,862,872,-1,872,862,863,-1,872,863,873,-1,873,863,864,-1,873,864,874,-1,874,864,865,-1,874,865,875,-1,875,865,866,-1,875,866,876,-1,876,866,867,-1,876,867,877,-1,877,867,868,-1,877,868,878,-1,878,868,869,-1,878,869,879,-1,879,869,870,-1,879,870,880,-1,224,826,226,-1,226,826,871,-1,226,871,228,-1,228,871,872,-1,228,872,230,-1,230,872,873,-1,230,873,232,-1,232,873,874,-1,232,874,257,-1,257,874,875,-1,257,875,258,-1,258,875,876,-1,258,876,260,-1,260,876,877,-1,260,877,262,-1,262,877,878,-1,262,878,264,-1,264,878,879,-1,264,879,266,-1,266,879,880,-1,266,880,268,-1,247,881,882,-1,881,883,884,-1,883,885,886,-1,885,887,888,-1,887,889,890,-1,328,891,329,-1,329,891,892,-1,329,892,330,-1,330,892,890,-1,330,890,326,-1,326,890,889,-1,326,889,301,-1,328,327,891,-1,891,327,333,-1,891,333,893,-1,893,333,332,-1,893,332,894,-1,332,331,894,-1,894,331,335,-1,894,335,895,-1,895,335,334,-1,895,334,896,-1,896,334,339,-1,339,338,896,-1,896,338,337,-1,896,337,897,-1,897,337,336,-1,897,336,898,-1,898,336,340,-1,898,340,899,-1,899,340,341,-1,341,342,899,-1,899,342,343,-1,899,343,817,-1,887,890,888,-1,888,890,892,-1,888,892,900,-1,900,892,891,-1,900,891,901,-1,901,891,893,-1,901,893,902,-1,902,893,894,-1,902,894,903,-1,903,894,895,-1,903,895,904,-1,904,895,896,-1,904,896,905,-1,905,896,897,-1,905,897,906,-1,906,897,898,-1,906,898,907,-1,907,898,899,-1,907,899,908,-1,908,899,817,-1,908,817,819,-1,885,888,886,-1,886,888,900,-1,886,900,909,-1,909,900,901,-1,909,901,910,-1,910,901,902,-1,910,902,911,-1,911,902,903,-1,911,903,912,-1,912,903,904,-1,912,904,913,-1,913,904,905,-1,913,905,914,-1,914,905,906,-1,914,906,915,-1,915,906,907,-1,915,907,916,-1,916,907,908,-1,916,908,917,-1,917,908,819,-1,917,819,821,-1,883,886,884,-1,884,886,909,-1,884,909,918,-1,918,909,910,-1,918,910,919,-1,919,910,911,-1,919,911,920,-1,920,911,912,-1,920,912,921,-1,921,912,913,-1,921,913,922,-1,922,913,914,-1,922,914,923,-1,923,914,915,-1,923,915,924,-1,924,915,916,-1,924,916,925,-1,925,916,917,-1,925,917,926,-1,926,917,821,-1,926,821,823,-1,881,884,882,-1,882,884,918,-1,882,918,927,-1,927,918,919,-1,927,919,928,-1,928,919,920,-1,928,920,929,-1,929,920,921,-1,929,921,930,-1,930,921,922,-1,930,922,931,-1,931,922,923,-1,931,923,932,-1,932,923,924,-1,932,924,933,-1,933,924,925,-1,933,925,934,-1,934,925,926,-1,934,926,935,-1,935,926,823,-1,935,823,825,-1,247,882,249,-1,249,882,927,-1,249,927,251,-1,251,927,928,-1,251,928,253,-1,253,928,929,-1,253,929,255,-1,255,929,930,-1,255,930,256,-1,256,930,931,-1,256,931,212,-1,212,931,932,-1,212,932,214,-1,214,932,933,-1,214,933,216,-1,216,933,934,-1,216,934,218,-1,218,934,935,-1,218,935,220,-1,220,935,825,-1,220,825,222,-1,128,134,936,-1,128,936,840,-1,840,936,937,-1,840,937,850,-1,850,937,938,-1,850,938,860,-1,860,938,939,-1,860,939,870,-1,870,939,940,-1,870,940,880,-1,880,940,270,-1,880,270,268,-1,298,301,889,-1,298,889,941,-1,941,889,887,-1,941,887,942,-1,942,887,885,-1,942,885,943,-1,943,885,883,-1,943,883,944,-1,944,883,881,-1,944,881,945,-1,945,881,247,-1,945,247,245,-1,270,940,946,-1,940,939,947,-1,939,938,948,-1,938,937,949,-1,937,936,950,-1,364,951,365,-1,365,951,952,-1,365,952,366,-1,366,952,950,-1,366,950,362,-1,362,950,936,-1,362,936,134,-1,364,363,951,-1,951,363,369,-1,951,369,953,-1,953,369,368,-1,953,368,954,-1,368,367,954,-1,954,367,371,-1,954,371,955,-1,955,371,370,-1,955,370,956,-1,956,370,375,-1,375,374,956,-1,956,374,373,-1,956,373,957,-1,957,373,372,-1,957,372,958,-1,958,372,376,-1,958,376,959,-1,959,376,377,-1,377,378,959,-1,959,378,379,-1,959,379,960,-1,937,950,949,-1,949,950,952,-1,949,952,961,-1,961,952,951,-1,961,951,962,-1,962,951,953,-1,962,953,963,-1,963,953,954,-1,963,954,964,-1,964,954,955,-1,964,955,965,-1,965,955,956,-1,965,956,966,-1,966,956,957,-1,966,957,967,-1,967,957,958,-1,967,958,968,-1,968,958,959,-1,968,959,969,-1,969,959,960,-1,969,960,970,-1,938,949,948,-1,948,949,961,-1,948,961,971,-1,971,961,962,-1,971,962,972,-1,972,962,963,-1,972,963,973,-1,973,963,964,-1,973,964,974,-1,974,964,965,-1,974,965,975,-1,975,965,966,-1,975,966,976,-1,976,966,967,-1,976,967,977,-1,977,967,968,-1,977,968,978,-1,978,968,969,-1,978,969,979,-1,979,969,970,-1,979,970,980,-1,939,948,947,-1,947,948,971,-1,947,971,981,-1,981,971,972,-1,981,972,982,-1,982,972,973,-1,982,973,983,-1,983,973,974,-1,983,974,984,-1,984,974,975,-1,984,975,985,-1,985,975,976,-1,985,976,986,-1,986,976,977,-1,986,977,987,-1,987,977,978,-1,987,978,988,-1,988,978,979,-1,988,979,989,-1,989,979,980,-1,989,980,990,-1,940,947,946,-1,946,947,981,-1,946,981,991,-1,991,981,982,-1,991,982,992,-1,992,982,983,-1,992,983,993,-1,993,983,984,-1,993,984,994,-1,994,984,985,-1,994,985,995,-1,995,985,986,-1,995,986,996,-1,996,986,987,-1,996,987,997,-1,997,987,988,-1,997,988,998,-1,998,988,989,-1,998,989,999,-1,999,989,990,-1,999,990,1000,-1,270,946,272,-1,272,946,991,-1,272,991,274,-1,274,991,992,-1,274,992,276,-1,276,992,993,-1,276,993,278,-1,278,993,994,-1,278,994,279,-1,279,994,995,-1,279,995,189,-1,189,995,996,-1,189,996,191,-1,191,996,997,-1,191,997,193,-1,193,997,998,-1,193,998,195,-1,195,998,999,-1,195,999,197,-1,197,999,1000,-1,197,1000,199,-1,201,1001,1002,-1,1001,1003,1004,-1,1003,1005,1006,-1,1005,1007,1008,-1,1007,1009,1010,-1,283,1011,284,-1,284,1011,1012,-1,284,1012,285,-1,285,1012,1010,-1,285,1010,281,-1,281,1010,1009,-1,281,1009,280,-1,283,282,1011,-1,1011,282,288,-1,1011,288,1013,-1,1013,288,287,-1,1013,287,1014,-1,287,286,1014,-1,1014,286,290,-1,1014,290,1015,-1,1015,290,289,-1,1015,289,1016,-1,1016,289,294,-1,294,293,1016,-1,1016,293,292,-1,1016,292,1017,-1,1017,292,291,-1,1017,291,1018,-1,1018,291,295,-1,1018,295,1019,-1,1019,295,296,-1,296,297,1019,-1,1019,297,298,-1,1019,298,941,-1,1007,1010,1008,-1,1008,1010,1012,-1,1008,1012,1020,-1,1020,1012,1011,-1,1020,1011,1021,-1,1021,1011,1013,-1,1021,1013,1022,-1,1022,1013,1014,-1,1022,1014,1023,-1,1023,1014,1015,-1,1023,1015,1024,-1,1024,1015,1016,-1,1024,1016,1025,-1,1025,1016,1017,-1,1025,1017,1026,-1,1026,1017,1018,-1,1026,1018,1027,-1,1027,1018,1019,-1,1027,1019,1028,-1,1028,1019,941,-1,1028,941,942,-1,1005,1008,1006,-1,1006,1008,1020,-1,1006,1020,1029,-1,1029,1020,1021,-1,1029,1021,1030,-1,1030,1021,1022,-1,1030,1022,1031,-1,1031,1022,1023,-1,1031,1023,1032,-1,1032,1023,1024,-1,1032,1024,1033,-1,1033,1024,1025,-1,1033,1025,1034,-1,1034,1025,1026,-1,1034,1026,1035,-1,1035,1026,1027,-1,1035,1027,1036,-1,1036,1027,1028,-1,1036,1028,1037,-1,1037,1028,942,-1,1037,942,943,-1,1003,1006,1004,-1,1004,1006,1029,-1,1004,1029,1038,-1,1038,1029,1030,-1,1038,1030,1039,-1,1039,1030,1031,-1,1039,1031,1040,-1,1040,1031,1032,-1,1040,1032,1041,-1,1041,1032,1033,-1,1041,1033,1042,-1,1042,1033,1034,-1,1042,1034,1043,-1,1043,1034,1035,-1,1043,1035,1044,-1,1044,1035,1036,-1,1044,1036,1045,-1,1045,1036,1037,-1,1045,1037,1046,-1,1046,1037,943,-1,1046,943,944,-1,1001,1004,1002,-1,1002,1004,1038,-1,1002,1038,1047,-1,1047,1038,1039,-1,1047,1039,1048,-1,1048,1039,1040,-1,1048,1040,1049,-1,1049,1040,1041,-1,1049,1041,1050,-1,1050,1041,1042,-1,1050,1042,1051,-1,1051,1042,1043,-1,1051,1043,1052,-1,1052,1043,1044,-1,1052,1044,1053,-1,1053,1044,1045,-1,1053,1045,1054,-1,1054,1045,1046,-1,1054,1046,1055,-1,1055,1046,944,-1,1055,944,945,-1,201,1002,203,-1,203,1002,1047,-1,203,1047,205,-1,205,1047,1048,-1,205,1048,207,-1,207,1048,1049,-1,207,1049,209,-1,209,1049,1050,-1,209,1050,234,-1,234,1050,1051,-1,234,1051,235,-1,235,1051,1052,-1,235,1052,237,-1,237,1052,1053,-1,237,1053,239,-1,239,1053,1054,-1,239,1054,241,-1,241,1054,1055,-1,241,1055,243,-1,243,1055,945,-1,243,945,245,-1,379,280,1009,-1,379,1009,960,-1,960,1009,1007,-1,960,1007,970,-1,970,1007,1005,-1,970,1005,980,-1,980,1005,1003,-1,980,1003,990,-1,990,1003,1001,-1,990,1001,1000,-1,1000,1001,201,-1,1000,201,199,-1,1056,1057,1058,-1,1058,1057,1059,-1,1058,1059,1060,-1,1060,1059,1061,-1,1062,1063,1064,-1,1064,1063,1065,-1,1066,1067,1068,-1,1069,1070,1066,-1,1066,1070,1071,-1,1065,1072,1064,-1,1064,1072,1066,-1,1064,1066,1073,-1,1073,1066,1068,-1,1071,1074,1066,-1,1066,1074,1075,-1,1066,1075,1067,-1,1070,1069,1076,-1,1076,1069,1077,-1,1076,1077,1078,-1,1078,1077,1079,-1,1078,1079,1080,-1,1080,1079,1081,-1,1080,1081,1082,-1,1082,1081,1083,-1,1082,1083,1084,-1,1084,1083,1085,-1,1084,1085,1086,-1,1086,1085,1087,-1,1088,1086,1089,-1,1089,1086,1087,-1,1088,1089,1090,-1,1088,1090,1091,-1,1091,1090,1092,-1,1091,1092,1093,-1,1093,1092,1094,-1,1093,1094,1095,-1,1095,1094,1096,-1,1095,1096,1097,-1,1097,1096,1098,-1,1097,1098,1099,-1,1099,1098,1100,-1,1099,1100,1101,-1,1101,1100,1102,-1,1101,1102,1103,-1,1104,1061,1059,-1,1103,1102,1105,-1,1105,1106,1103,-1,1103,1106,1104,-1,1103,1104,1107,-1,1107,1104,1059,-1,1108,1107,1057,-1,1057,1107,1059,-1,1109,1108,1056,-1,1056,1108,1057,-1,1110,1109,1058,-1,1058,1109,1056,-1,1111,1112,1113,-1,1113,1112,1110,-1,1113,1110,1060,-1,1060,1110,1058,-1,1114,1115,1116,-1,1112,1111,1117,-1,1117,1111,1118,-1,1117,1118,1119,-1,1119,1118,1120,-1,1119,1120,1121,-1,1121,1120,1122,-1,1121,1122,1123,-1,1122,1114,1123,-1,1123,1114,1116,-1,1123,1116,1124,-1,1124,1116,1125,-1,1124,1125,1126,-1,1126,1125,1127,-1,1126,1127,1128,-1,1128,1127,1129,-1,1130,1128,1131,-1,1131,1128,1129,-1,1130,1131,1132,-1,1130,1132,1133,-1,1133,1132,1134,-1,1133,1134,1135,-1,1135,1134,1136,-1,1135,1136,1137,-1,1137,1136,1138,-1,1137,1138,1139,-1,1139,1138,1140,-1,1139,1140,1141,-1,1141,1140,1142,-1,1141,1142,1143,-1,1144,1145,1146,-1,1147,1063,1144,-1,1144,1063,1062,-1,1143,1142,1148,-1,1148,1142,1144,-1,1148,1144,1149,-1,1149,1144,1146,-1,1062,1150,1144,-1,1144,1150,1151,-1,1144,1151,1145,-1,1148,1071,1070,-1,1148,1070,1143,-1,1070,1076,1143,-1,1143,1076,1078,-1,1143,1078,1141,-1,1141,1078,1080,-1,1141,1080,1139,-1,1082,1130,1080,-1,1080,1130,1133,-1,1133,1135,1080,-1,1080,1135,1137,-1,1080,1137,1139,-1,1082,1084,1130,-1,1130,1084,1086,-1,1130,1086,1128,-1,1128,1086,1088,-1,1128,1088,1126,-1,1126,1088,1124,-1,1108,1109,1107,-1,1107,1109,1110,-1,1107,1110,1103,-1,1103,1110,1112,-1,1103,1112,1117,-1,1124,1088,1123,-1,1123,1088,1091,-1,1123,1091,1093,-1,1117,1119,1103,-1,1103,1119,1121,-1,1103,1121,1101,-1,1101,1121,1123,-1,1101,1123,1099,-1,1093,1095,1123,-1,1123,1095,1097,-1,1123,1097,1099,-1,1079,1077,1142,-1,1138,1136,1081,-1,1142,1077,1144,-1,1144,1077,1069,-1,1144,1069,1066,-1,1127,1125,1089,-1,1089,1125,1116,-1,1089,1116,1090,-1,1079,1142,1081,-1,1081,1142,1140,-1,1081,1140,1138,-1,1087,1131,1089,-1,1089,1131,1129,-1,1089,1129,1127,-1,1087,1085,1131,-1,1131,1085,1083,-1,1131,1083,1132,-1,1132,1083,1081,-1,1132,1081,1134,-1,1134,1081,1136,-1,1115,1105,1116,-1,1116,1105,1102,-1,1102,1100,1116,-1,1116,1100,1098,-1,1116,1098,1096,-1,1096,1094,1116,-1,1116,1094,1092,-1,1116,1092,1090,-1,1072,1147,1066,-1,1066,1147,1144,-1,1147,1072,1063,-1,1063,1072,1065,-1,1071,1148,1149,-1,1071,1149,1074,-1,1074,1149,1146,-1,1074,1146,1075,-1,1075,1146,1145,-1,1075,1145,1067,-1,1067,1145,1151,-1,1067,1151,1068,-1,1068,1151,1150,-1,1068,1150,1073,-1,1073,1150,1062,-1,1073,1062,1064,-1,
        ]
    }
}
Shape{
    appearance Appearance {
        material  Material 	{
            diffuseColor 0.25098039215686274 0.25098039215686274 0.25098039215686274
            specularColor 0.12549019607843137 0.12549019607843137 0.12549019607843137
            ambientIntensity 0.251
            transparency 0.0
            shininess 0.5
        }
    }
    geometry IndexedFaceSet {
        ccw TRUE
        solid FALSE
        coord DEF co Coordinate {
            point [
                1.4765 0.7382 0.0898, 1.8386 0.7382 0.1063, 1.4671 0.7382 0.1047, 1.4658 0.7382 0.1063, 1.4843 0.7382 -0.0118, 1.8386 0.7382 -0.0118, 1.4843 0.7382 0.0556, 1.4823 0.7382 0.0731, 1.4658 0.7362 0.1063, 1.8386 0.7362 0.1063, 1.4843 0.7362 -0.0118, 1.8386 0.7362 -0.0118
            ]
        }
        coordIndex [
            0,1,2,-1,2,1,3,-1,4,5,6,-1,6,5,1,-1,6,1,7,-1,7,1,0,-1,3,1,8,-1,8,1,9,-1,4,10,5,-1,5,10,11,-1,
        ]
    }
}
Shape{
    appearance Appearance {
        material  Material 	{
            diffuseColor 0.7529411764705882 0.7529411764705882 0.7529411764705882
            specularColor 0.3764705882352941 0.3764705882352941 0.3764705882352941
            ambientIntensity 0.7529
            transparency 0.0
            shininess 0.5
        }
    }
    geometry IndexedFaceSet {
        ccw TRUE
        solid FALSE
        coord DEF co Coordinate {
            point [
                -1.4882 0.7362 -0.0118, -1.8425 0.7362 -0.0118, -1.4882 0.7362 -0.6344, -1.8425 0.7362 -0.6344, -1.5356 0.7362 -0.8386, -1.7951 0.7362 -0.8386, -1.8425 0.8543 0.4099, -1.8425 0.7362 0.4099, -1.8405 0.7362 0.4275, -1.8405 0.8543 0.4275, -1.8347 0.7362 0.4441, -1.8347 0.8543 0.4441, -1.8253 0.7362 0.459, -1.8253 0.8543 0.459, -1.8129 0.7362 0.4715, -1.8129 0.8543 0.4715, -1.7979 0.7362 0.4809, -1.7979 0.8543 0.4809, -1.7813 0.7362 0.4867, -1.7813 0.8543 0.4867, -1.7638 0.7362 0.4887, -1.7638 0.8543 0.4887, -0.9502 0.8543 0.4887, -0.9502 0.7362 0.4887, -0.9299 0.8543 0.4914, -0.9299 0.7362 0.4914, -0.9109 0.8543 0.4992, -0.9109 0.7362 0.4992, -0.8946 0.8543 0.5117, -0.8946 0.7362 0.5117, -0.882 0.8543 0.528, -0.882 0.7362 0.528, -0.8742 0.8543 0.547, -0.8742 0.7362 0.547, -0.8715 0.8543 0.5674, -0.8715 0.7362 0.5674, -0.8715 0.622 0.6969, -0.8715 0.622 0.815, -0.8715 0.7362 0.6969, -0.8715 0.7756 0.815, -0.8715 0.796 0.8123, -0.8715 0.8543 0.7362, -0.8715 0.8516 0.7566, -0.8715 0.8438 0.7756, -0.8715 0.815 0.8044, -0.8715 0.8313 0.7919, -0.5172 0.7756 0.815, -0.5172 0.622 0.815, -0.5172 0.7362 0.2131, -0.5172 0.8543 0.2131, -0.5172 0.7362 0.6969, -0.5172 0.8543 0.7362, -0.5172 0.8516 0.7566, -0.5172 0.622 0.6969, -0.5172 0.796 0.8123, -0.5172 0.815 0.8044, -0.5172 0.8438 0.7756, -0.5172 0.8313 0.7919, -0.5199 0.7362 0.1927, -0.5199 0.8543 0.1927, -0.5277 0.7362 0.1737, -0.5277 0.8543 0.1737, -0.5402 0.7362 0.1574, -0.5402 0.8543 0.1574, -0.5565 0.7362 0.1449, -0.5565 0.8543 0.1449, -0.5755 0.7362 0.137, -0.5755 0.8543 0.137, -0.5959 0.7362 0.1343, -0.5959 0.8543 0.1343, -1.4094 0.8543 0.1343, -1.4094 0.7362 0.1343, -1.4585 0.7362 0.1172, -1.4697 0.7362 0.1063, -1.4697 0.7382 0.1063, -1.427 0.8543 0.1324, -1.427 0.7362 0.1324, -1.4436 0.8543 0.1265, -1.4436 0.7362 0.1265, -1.4585 0.8543 0.1172, -1.4882 0.7382 0.0556, -1.4882 0.8543 0.0556, -1.4862 0.7382 0.0731, -1.4862 0.8543 0.0731, -1.4804 0.7382 0.0898, -1.4804 0.8543 0.0898, -1.471 0.7382 0.1047, -1.471 0.8543 0.1047, -1.4882 0.7382 -0.0118, -1.4882 0.8543 -0.6344, -1.5356 0.8543 -0.8386, -1.7951 0.8543 -0.8386, -1.8425 0.8543 -0.6344, -1.8425 0.7362 0.1063, -1.8425 0.7382 0.1063, -1.8425 0.7382 -0.0118
            ]
        }
        coordIndex [
            0,1,2,-1,2,1,3,-1,2,3,4,-1,4,3,5,-1,6,7,8,-1,6,8,9,-1,9,8,10,-1,9,10,11,-1,11,10,12,-1,11,12,13,-1,13,12,14,-1,13,14,15,-1,15,14,16,-1,15,16,17,-1,17,16,18,-1,17,18,19,-1,19,18,20,-1,19,20,21,-1,22,21,23,-1,23,21,20,-1,22,23,24,-1,24,23,25,-1,24,25,26,-1,26,25,27,-1,26,27,28,-1,28,27,29,-1,28,29,30,-1,30,29,31,-1,30,31,32,-1,32,31,33,-1,32,33,34,-1,34,33,35,-1,36,37,38,-1,38,37,39,-1,38,39,40,-1,34,35,41,-1,41,35,38,-1,41,38,42,-1,42,38,43,-1,40,44,38,-1,38,44,45,-1,38,45,43,-1,39,37,46,-1,46,37,47,-1,48,49,50,-1,50,49,51,-1,50,51,52,-1,47,53,46,-1,46,53,50,-1,46,50,54,-1,54,50,55,-1,52,56,50,-1,50,56,57,-1,50,57,55,-1,49,48,58,-1,49,58,59,-1,59,58,60,-1,59,60,61,-1,61,60,62,-1,61,62,63,-1,63,62,64,-1,63,64,65,-1,65,64,66,-1,65,66,67,-1,67,66,68,-1,67,68,69,-1,70,69,71,-1,71,69,68,-1,72,73,74,-1,70,71,75,-1,75,71,76,-1,75,76,77,-1,77,76,78,-1,77,78,79,-1,80,81,82,-1,82,81,83,-1,82,83,84,-1,84,83,85,-1,84,85,86,-1,86,85,87,-1,86,87,74,-1,74,87,79,-1,74,79,72,-1,72,79,78,-1,81,80,88,-1,0,2,88,-1,88,2,89,-1,88,89,81,-1,90,89,4,-1,4,89,2,-1,91,90,5,-1,5,90,4,-1,92,91,3,-1,3,91,5,-1,93,7,94,-1,94,7,6,-1,94,6,95,-1,95,6,92,-1,95,92,1,-1,1,92,3,-1,30,32,49,-1,61,63,28,-1,49,32,51,-1,51,32,34,-1,51,34,41,-1,22,24,69,-1,69,24,26,-1,69,26,67,-1,67,26,28,-1,67,28,65,-1,65,28,63,-1,30,49,28,-1,28,49,59,-1,28,59,61,-1,22,69,21,-1,21,69,70,-1,21,70,75,-1,85,6,87,-1,87,6,9,-1,75,77,21,-1,21,77,79,-1,21,79,19,-1,19,79,87,-1,19,87,17,-1,17,87,15,-1,9,11,87,-1,87,11,13,-1,87,13,15,-1,90,91,89,-1,89,91,92,-1,89,92,81,-1,81,92,6,-1,81,6,83,-1,83,6,85,-1,50,38,35,-1,64,62,29,-1,50,35,48,-1,35,33,48,-1,48,33,31,-1,48,31,58,-1,58,31,29,-1,58,29,60,-1,60,29,62,-1,27,68,29,-1,29,68,66,-1,29,66,64,-1,93,73,7,-1,7,73,72,-1,16,14,72,-1,72,14,12,-1,27,25,68,-1,68,25,23,-1,68,23,71,-1,71,23,20,-1,71,20,76,-1,76,20,78,-1,78,20,72,-1,72,20,18,-1,72,18,16,-1,12,10,72,-1,72,10,8,-1,72,8,7,-1,36,53,37,-1,37,53,47,-1,50,53,38,-1,38,53,36,-1,39,46,54,-1,39,54,40,-1,40,54,55,-1,40,55,44,-1,44,55,57,-1,44,57,45,-1,45,57,56,-1,45,56,43,-1,43,56,52,-1,43,52,42,-1,42,52,51,-1,42,51,41,-1,
        ]
    }
}
Shape{
    appearance Appearance {
        material  Material 	{
            diffuseColor 0.25098039215686274 0.25098039215686274 0.25098039215686274
            specularColor 0.12549019607843137 0.12549019607843137 0.12549019607843137
            ambientIntensity 0.251
            transparency 0.0
            shininess 0.5
        }
    }
    geometry IndexedFaceSet {
        ccw TRUE
        solid FALSE
        coord DEF co Coordinate {
            point [
                -1.8425 0.7382 -0.0118, -1.4882 0.7382 -0.0118, -1.8425 0.7382 0.1063, -1.4882 0.7382 0.0556, -1.4862 0.7382 0.0731, -1.4804 0.7382 0.0898, -1.471 0.7382 0.1047, -1.4697 0.7382 0.1063, -1.8425 0.7362 0.1063, -1.4697 0.7362 0.1063, -1.8425 0.7362 -0.0118, -1.4882 0.7362 -0.0118
            ]
        }
        coordIndex [
            0,1,2,-1,2,1,3,-1,2,3,4,-1,4,5,2,-1,2,5,6,-1,2,6,7,-1,2,7,8,-1,8,7,9,-1,0,10,1,-1,1,10,11,-1,
        ]
    }
}
Shape{
    appearance Appearance {
        material  Material 	{
            diffuseColor 0.7529411764705882 0.7529411764705882 0.7529411764705882
            specularColor 0.3764705882352941 0.3764705882352941 0.3764705882352941
            ambientIntensity 0.7529
            transparency 0.0
            shininess 0.5
        }
    }
    geometry IndexedFaceSet {
        ccw TRUE
        solid FALSE
        coord DEF co Coordinate {
            point [
                1.4843 -0.7362 -0.0118, 1.8386 -0.7362 -0.0118, 1.4843 -0.7362 -0.6344, 1.8386 -0.7362 -0.6344, 1.5317 -0.7362 -0.8386, 1.7911 -0.7362 -0.8386, 0.5132 -0.622 0.815, 0.5132 -0.7756 0.815, 0.8676 -0.622 0.815, 0.8676 -0.7756 0.815, 0.8676 -0.7362 0.6969, 0.8676 -0.8313 0.7919, 0.8676 -0.8438 0.7756, 0.8676 -0.622 0.6969, 0.8676 -0.8543 0.5674, 0.8676 -0.7362 0.5674, 0.8676 -0.8543 0.7362, 0.8676 -0.8516 0.7566, 0.8676 -0.796 0.8123, 0.8676 -0.815 0.8044, 0.9463 -0.8543 0.4887, 0.9463 -0.7362 0.4887, 0.9259 -0.8543 0.4914, 0.9259 -0.7362 0.4914, 0.9069 -0.8543 0.4992, 0.9069 -0.7362 0.4992, 0.8906 -0.8543 0.5117, 0.8906 -0.7362 0.5117, 0.8781 -0.8543 0.528, 0.8781 -0.7362 0.528, 0.8702 -0.8543 0.547, 0.8702 -0.7362 0.547, 1.7598 -0.8543 0.4887, 1.7598 -0.7362 0.4887, 1.8386 -0.8543 0.4099, 1.8386 -0.7362 0.4099, 1.8366 -0.7362 0.4275, 1.8366 -0.8543 0.4275, 1.8308 -0.7362 0.4441, 1.8308 -0.8543 0.4441, 1.8214 -0.7362 0.459, 1.8214 -0.8543 0.459, 1.8089 -0.7362 0.4715, 1.8089 -0.8543 0.4715, 1.794 -0.7362 0.4809, 1.794 -0.8543 0.4809, 1.7774 -0.7362 0.4867, 1.7774 -0.8543 0.4867, 1.8386 -0.7362 0.1063, 1.8386 -0.7382 0.1063, 1.8386 -0.7382 -0.0118, 1.8386 -0.8543 -0.6344, 1.7911 -0.8543 -0.8386, 1.5317 -0.8543 -0.8386, 1.4843 -0.8543 -0.6344, 1.4843 -0.8543 0.0556, 1.4843 -0.7382 0.0556, 1.4843 -0.7382 -0.0118, 1.4546 -0.7362 0.1172, 1.4658 -0.7362 0.1063, 1.4658 -0.7382 0.1063, 1.4055 -0.8543 0.1343, 1.4055 -0.7362 0.1343, 1.423 -0.8543 0.1324, 1.423 -0.7362 0.1324, 1.4397 -0.8543 0.1265, 1.4397 -0.7362 0.1265, 1.4546 -0.8543 0.1172, 1.4823 -0.7382 0.0731, 1.4823 -0.8543 0.0731, 1.4765 -0.7382 0.0898, 1.4765 -0.8543 0.0898, 1.4671 -0.7382 0.1047, 1.4671 -0.8543 0.1047, 0.592 -0.8543 0.1343, 0.592 -0.7362 0.1343, 0.5132 -0.8543 0.2131, 0.5132 -0.7362 0.2131, 0.5159 -0.7362 0.1927, 0.5159 -0.8543 0.1927, 0.5238 -0.7362 0.1737, 0.5238 -0.8543 0.1737, 0.5363 -0.7362 0.1574, 0.5363 -0.8543 0.1574, 0.5526 -0.7362 0.1449, 0.5526 -0.8543 0.1449, 0.5716 -0.7362 0.137, 0.5716 -0.8543 0.137, 0.5132 -0.7362 0.6969, 0.5132 -0.8313 0.7919, 0.5132 -0.815 0.8044, 0.5132 -0.8543 0.7362, 0.5132 -0.622 0.6969, 0.5132 -0.796 0.8123, 0.5132 -0.8516 0.7566, 0.5132 -0.8438 0.7756
            ]
        }
        coordIndex [
            0,1,2,-1,2,1,3,-1,2,3,4,-1,4,3,5,-1,6,7,8,-1,8,7,9,-1,10,11,12,-1,13,8,10,-1,10,8,9,-1,14,15,16,-1,16,15,10,-1,16,10,17,-1,17,10,12,-1,9,18,10,-1,10,18,19,-1,10,19,11,-1,20,21,22,-1,22,21,23,-1,22,23,24,-1,24,23,25,-1,24,25,26,-1,26,25,27,-1,26,27,28,-1,28,27,29,-1,28,29,30,-1,30,29,31,-1,30,31,14,-1,14,31,15,-1,20,32,21,-1,21,32,33,-1,34,35,36,-1,34,36,37,-1,37,36,38,-1,37,38,39,-1,39,38,40,-1,39,40,41,-1,41,40,42,-1,41,42,43,-1,43,42,44,-1,43,44,45,-1,45,44,46,-1,45,46,47,-1,47,46,33,-1,47,33,32,-1,48,35,49,-1,49,35,34,-1,49,34,50,-1,50,34,51,-1,50,51,1,-1,1,51,3,-1,51,52,3,-1,3,52,5,-1,52,53,5,-1,5,53,4,-1,53,54,4,-1,4,54,2,-1,55,56,57,-1,0,2,57,-1,57,2,54,-1,57,54,55,-1,58,59,60,-1,61,62,63,-1,63,62,64,-1,63,64,65,-1,65,64,66,-1,65,66,67,-1,56,55,68,-1,68,55,69,-1,68,69,70,-1,70,69,71,-1,70,71,72,-1,72,71,73,-1,72,73,60,-1,60,73,67,-1,60,67,58,-1,58,67,66,-1,61,74,62,-1,62,74,75,-1,76,77,78,-1,76,78,79,-1,79,78,80,-1,79,80,81,-1,81,80,82,-1,81,82,83,-1,83,82,84,-1,83,84,85,-1,85,84,86,-1,85,86,87,-1,87,86,75,-1,87,75,74,-1,88,89,90,-1,77,76,88,-1,88,76,91,-1,6,92,7,-1,7,92,88,-1,7,88,93,-1,93,88,90,-1,91,94,88,-1,88,94,95,-1,88,95,89,-1,28,30,76,-1,81,83,26,-1,73,71,34,-1,76,30,91,-1,91,30,14,-1,91,14,16,-1,63,65,32,-1,32,65,67,-1,32,67,47,-1,28,76,26,-1,26,76,79,-1,26,79,81,-1,39,41,67,-1,20,22,74,-1,74,22,24,-1,74,24,87,-1,87,24,26,-1,87,26,85,-1,85,26,83,-1,20,74,32,-1,32,74,61,-1,32,61,63,-1,73,34,67,-1,67,34,37,-1,67,37,39,-1,53,52,54,-1,54,52,51,-1,54,51,55,-1,55,51,34,-1,55,34,69,-1,69,34,71,-1,41,43,67,-1,67,43,45,-1,67,45,47,-1,88,10,15,-1,88,15,77,-1,27,25,75,-1,75,86,27,-1,27,86,84,-1,27,84,82,-1,15,31,77,-1,77,31,29,-1,77,29,78,-1,78,29,27,-1,78,27,80,-1,80,27,82,-1,25,23,75,-1,75,23,21,-1,75,21,62,-1,62,21,33,-1,62,33,64,-1,48,59,35,-1,35,59,58,-1,46,58,33,-1,33,58,66,-1,33,66,64,-1,46,44,58,-1,58,44,42,-1,58,42,40,-1,40,38,58,-1,58,38,36,-1,58,36,35,-1,92,13,88,-1,88,13,10,-1,13,92,8,-1,8,92,6,-1,9,7,93,-1,9,93,18,-1,18,93,90,-1,18,90,19,-1,19,90,89,-1,19,89,11,-1,11,89,95,-1,11,95,12,-1,12,95,94,-1,12,94,17,-1,17,94,91,-1,17,91,16,-1,
        ]
    }
}
Shape{
    appearance Appearance {
        material  Material 	{
            diffuseColor 0.25098039215686274 0.25098039215686274 0.25098039215686274
            specularColor 0.12549019607843137 0.12549019607843137 0.12549019607843137
            ambientIntensity 0.251
            transparency 0.0
            shininess 0.5
        }
    }
    geometry IndexedFaceSet {
        ccw TRUE
        solid FALSE
        coord DEF co Coordinate {
            point [
                1.4823 -0.7382 0.0731, 1.4765 -0.7382 0.0898, 1.8386 -0.7382 0.1063, 1.4671 -0.7382 0.1047, 1.4658 -0.7382 0.1063, 1.8386 -0.7382 -0.0118, 1.4843 -0.7382 -0.0118, 1.4843 -0.7382 0.0556, 1.4658 -0.7362 0.1063, 1.8386 -0.7362 0.1063, 1.4843 -0.7362 -0.0118, 1.8386 -0.7362 -0.0118
            ]
        }
        coordIndex [
            0,1,2,-1,2,1,3,-1,2,3,4,-1,5,6,2,-1,2,6,7,-1,2,7,0,-1,8,9,4,-1,4,9,2,-1,10,6,11,-1,11,6,5,-1,
        ]
    }
}
Shape{
    appearance Appearance {
        material  Material 	{
            diffuseColor 0.7529411764705882 0.7529411764705882 0.7529411764705882
            specularColor 0.3764705882352941 0.3764705882352941 0.3764705882352941
            ambientIntensity 0.7529
            transparency 0.0
            shininess 0.5
        }
    }
    geometry IndexedFaceSet {
        ccw TRUE
        solid FALSE
        coord DEF co Coordinate {
            point [
                -1.5356 -0.7362 -0.8386, -1.7951 -0.7362 -0.8386, -1.4882 -0.7362 -0.6344, -1.8425 -0.7362 -0.6344, -1.4882 -0.7362 -0.0118, -1.8425 -0.7362 -0.0118, -1.7638 -0.8543 0.4887, -1.7638 -0.7362 0.4887, -1.7813 -0.7362 0.4867, -1.7813 -0.8543 0.4867, -1.7979 -0.7362 0.4809, -1.7979 -0.8543 0.4809, -1.8129 -0.7362 0.4715, -1.8129 -0.8543 0.4715, -1.8253 -0.7362 0.459, -1.8253 -0.8543 0.459, -1.8347 -0.7362 0.4441, -1.8347 -0.8543 0.4441, -1.8405 -0.7362 0.4275, -1.8405 -0.8543 0.4275, -1.8425 -0.7362 0.4099, -1.8425 -0.8543 0.4099, -0.9502 -0.8543 0.4887, -0.9502 -0.7362 0.4887, -0.8715 -0.8543 0.5674, -0.8715 -0.7362 0.5674, -0.8742 -0.8543 0.547, -0.8742 -0.7362 0.547, -0.882 -0.8543 0.528, -0.882 -0.7362 0.528, -0.8946 -0.8543 0.5117, -0.8946 -0.7362 0.5117, -0.9109 -0.8543 0.4992, -0.9109 -0.7362 0.4992, -0.9299 -0.8543 0.4914, -0.9299 -0.7362 0.4914, -0.8715 -0.7362 0.6969, -0.8715 -0.8543 0.7362, -0.8715 -0.8516 0.7566, -0.8715 -0.622 0.815, -0.8715 -0.622 0.6969, -0.8715 -0.7756 0.815, -0.8715 -0.796 0.8123, -0.8715 -0.815 0.8044, -0.8715 -0.8438 0.7756, -0.8715 -0.8313 0.7919, -0.5172 -0.622 0.815, -0.5172 -0.7756 0.815, -0.5172 -0.8543 0.2131, -0.5172 -0.7362 0.2131, -0.5172 -0.8543 0.7362, -0.5172 -0.7362 0.6969, -0.5172 -0.8516 0.7566, -0.5172 -0.8438 0.7756, -0.5172 -0.622 0.6969, -0.5172 -0.796 0.8123, -0.5172 -0.815 0.8044, -0.5172 -0.8313 0.7919, -0.5959 -0.8543 0.1343, -0.5959 -0.7362 0.1343, -0.5755 -0.7362 0.137, -0.5755 -0.8543 0.137, -0.5565 -0.7362 0.1449, -0.5565 -0.8543 0.1449, -0.5402 -0.7362 0.1574, -0.5402 -0.8543 0.1574, -0.5277 -0.7362 0.1737, -0.5277 -0.8543 0.1737, -0.5199 -0.7362 0.1927, -0.5199 -0.8543 0.1927, -1.4094 -0.8543 0.1343, -1.4094 -0.7362 0.1343, -1.4697 -0.7382 0.1063, -1.4697 -0.7362 0.1063, -1.4585 -0.7362 0.1172, -1.4882 -0.8543 0.0556, -1.4882 -0.7382 0.0556, -1.4862 -0.8543 0.0731, -1.4862 -0.7382 0.0731, -1.4804 -0.8543 0.0898, -1.4804 -0.7382 0.0898, -1.471 -0.8543 0.1047, -1.471 -0.7382 0.1047, -1.4585 -0.8543 0.1172, -1.4436 -0.8543 0.1265, -1.4436 -0.7362 0.1265, -1.427 -0.8543 0.1324, -1.427 -0.7362 0.1324, -1.4882 -0.7382 -0.0118, -1.4882 -0.8543 -0.6344, -1.5356 -0.8543 -0.8386, -1.7951 -0.8543 -0.8386, -1.8425 -0.8543 -0.6344, -1.8425 -0.7382 -0.0118, -1.8425 -0.7362 0.1063, -1.8425 -0.7382 0.1063
            ]
        }
        coordIndex [
            0,1,2,-1,2,1,3,-1,2,3,4,-1,4,3,5,-1,6,7,8,-1,6,8,9,-1,9,8,10,-1,9,10,11,-1,11,10,12,-1,11,12,13,-1,13,12,14,-1,13,14,15,-1,15,14,16,-1,15,16,17,-1,17,16,18,-1,17,18,19,-1,19,18,20,-1,19,20,21,-1,6,22,7,-1,7,22,23,-1,24,25,26,-1,26,25,27,-1,26,27,28,-1,28,27,29,-1,28,29,30,-1,30,29,31,-1,30,31,32,-1,32,31,33,-1,32,33,34,-1,34,33,35,-1,34,35,22,-1,22,35,23,-1,25,24,36,-1,36,24,37,-1,36,37,38,-1,39,40,41,-1,41,40,36,-1,41,36,42,-1,42,36,43,-1,38,44,36,-1,36,44,45,-1,36,45,43,-1,39,41,46,-1,46,41,47,-1,48,49,50,-1,50,49,51,-1,50,51,52,-1,52,51,53,-1,54,46,51,-1,51,46,47,-1,51,47,55,-1,55,56,51,-1,51,56,57,-1,51,57,53,-1,58,59,60,-1,58,60,61,-1,61,60,62,-1,61,62,63,-1,63,62,64,-1,63,64,65,-1,65,64,66,-1,65,66,67,-1,67,66,68,-1,67,68,69,-1,69,68,49,-1,69,49,48,-1,58,70,59,-1,59,70,71,-1,72,73,74,-1,75,76,77,-1,77,76,78,-1,77,78,79,-1,79,78,80,-1,79,80,81,-1,81,80,82,-1,81,82,83,-1,82,72,83,-1,83,72,74,-1,83,74,84,-1,84,74,85,-1,84,85,86,-1,86,85,87,-1,86,87,70,-1,70,87,71,-1,76,75,88,-1,88,75,89,-1,88,89,4,-1,4,89,2,-1,89,90,2,-1,2,90,0,-1,90,91,0,-1,0,91,1,-1,91,92,1,-1,1,92,3,-1,93,5,3,-1,21,20,94,-1,94,95,21,-1,21,95,93,-1,21,93,92,-1,92,93,3,-1,63,65,30,-1,50,37,24,-1,50,24,48,-1,24,26,48,-1,48,26,28,-1,48,28,69,-1,69,28,30,-1,69,30,67,-1,67,30,65,-1,32,58,30,-1,30,58,61,-1,30,61,63,-1,91,90,92,-1,92,90,89,-1,92,89,21,-1,21,89,75,-1,21,75,77,-1,32,34,58,-1,58,34,22,-1,58,22,70,-1,70,22,6,-1,70,6,86,-1,9,83,6,-1,6,83,84,-1,6,84,86,-1,9,11,83,-1,83,11,13,-1,83,13,15,-1,77,79,21,-1,21,79,81,-1,21,81,19,-1,19,81,83,-1,19,83,17,-1,17,83,15,-1,29,27,49,-1,66,64,31,-1,49,27,51,-1,51,27,25,-1,51,25,36,-1,29,49,31,-1,31,49,68,-1,31,68,66,-1,23,59,7,-1,7,59,71,-1,7,71,87,-1,74,73,94,-1,23,35,59,-1,59,35,33,-1,59,33,60,-1,60,33,31,-1,60,31,62,-1,62,31,64,-1,94,20,74,-1,74,20,18,-1,74,18,16,-1,16,14,74,-1,74,14,12,-1,74,12,10,-1,87,85,7,-1,7,85,74,-1,7,74,8,-1,8,74,10,-1,54,40,46,-1,46,40,39,-1,54,51,40,-1,40,51,36,-1,37,50,52,-1,37,52,38,-1,38,52,53,-1,38,53,44,-1,44,53,57,-1,44,57,45,-1,45,57,56,-1,45,56,43,-1,43,56,55,-1,43,55,42,-1,42,55,47,-1,42,47,41,-1,
        ]
    }
}
Shape{
    appearance Appearance {
        material  Material 	{
            diffuseColor 0.25098039215686274 0.25098039215686274 0.25098039215686274
            specularColor 0.12549019607843137 0.12549019607843137 0.12549019607843137
            ambientIntensity 0.251
            transparency 0.0
            shininess 0.5
        }
    }
    geometry IndexedFaceSet {
        ccw TRUE
        solid FALSE
        coord DEF co Coordinate {
            point [
                -1.4804 -0.7382 0.0898, -1.8425 -0.7382 0.1063, -1.471 -0.7382 0.1047, -1.4697 -0.7382 0.1063, -1.4882 -0.7382 -0.0118, -1.8425 -0.7382 -0.0118, -1.4882 -0.7382 0.0556, -1.4862 -0.7382 0.0731, -1.8425 -0.7362 0.1063, -1.4697 -0.7362 0.1063, -1.8425 -0.7362 -0.0118, -1.4882 -0.7362 -0.0118, 1.0807 0.1378 3.4528, 1.0807 0.1378 1.5984, 0.9429 0.1378 2.9279, 0.9429 0.1378 1.5984, 0.4508 0.1378 2.9279, 0.4508 0.1378 1.5984, 0.3327 0.1378 1.5984, 0.8642 0.1378 1.5984, 0.5295 0.1378 1.5984, 0.8642 0.1378 2.9279, 0.5295 0.1378 2.9279, 0.3327 0.1378 2.9279, 0.2539 0.1378 2.9279, -1.0846 0.1378 3.4528, 0.0571 0.1378 2.9279, 0.0571 0.1378 1.5984, -0.061 0.1378 1.5984, -0.061 0.1378 2.9279, -0.1398 0.1378 2.9279, 0.1358 0.1378 2.9279, 0.1358 0.1378 1.5984, 0.2539 0.1378 1.5984, -0.3366 0.1378 2.9279, -0.3366 0.1378 1.5984, -0.4547 0.1378 1.5984, -0.4547 0.1378 2.9279, -0.5335 0.1378 2.9279, -0.2579 0.1378 2.9279, -0.2579 0.1378 1.5984, -0.1398 0.1378 1.5984, -0.9469 0.1378 1.5984, -1.0846 0.1378 1.5984, -0.9469 0.1378 2.9279, -0.8681 0.1378 2.9279, -0.8681 0.1378 1.5984, -0.5335 0.1378 1.5984, -1.0846 -0.1378 1.5984, -0.9469 -0.1378 1.5984, -0.8681 -0.1378 1.5984, -0.5335 -0.1378 1.5984, -0.4547 -0.1378 1.5984, -0.3366 -0.1378 1.5984, -0.2579 -0.1378 1.5984, -0.1398 -0.1378 1.5984, -0.061 -0.1378 1.5984, 0.0571 -0.1378 1.5984, 0.1358 -0.1378 1.5984, 0.2539 -0.1378 1.5984, 0.3327 -0.1378 1.5984, 0.4508 -0.1378 1.5984, 0.5295 -0.1378 1.5984, 0.8642 -0.1378 1.5984, 0.9429 -0.1378 1.5984, 1.0807 -0.1378 1.5984, -0.9469 -0.1378 2.9279, -0.061 -0.1378 2.9279, 0.3327 -0.1378 2.9279, -1.0846 -0.1378 3.4528, -0.8681 -0.1378 2.9279, 1.0807 -0.1378 3.4528, 0.0571 -0.1378 2.9279, 0.1358 -0.1378 2.9279, 0.4508 -0.1378 2.9279, 0.5295 -0.1378 2.9279, -0.4547 -0.1378 2.9279, 0.2539 -0.1378 2.9279, -0.3366 -0.1378 2.9279, -0.2579 -0.1378 2.9279, 0.9429 -0.1378 2.9279, 0.8642 -0.1378 2.9279, -0.5335 -0.1378 2.9279, -0.1398 -0.1378 2.9279, 1.002 0.0591 3.5315, -1.0059 0.0591 3.5315, 1.002 -0.0591 3.5315, -1.0059 -0.0591 3.5315
            ]
        }
        coordIndex [
            0,1,2,-1,2,1,3,-1,4,5,6,-1,6,5,1,-1,6,1,7,-1,7,1,0,-1,8,9,1,-1,1,9,3,-1,10,5,11,-1,11,5,4,-1,12,13,14,-1,14,13,15,-1,16,17,18,-1,19,20,21,-1,21,20,22,-1,23,24,25,-1,18,23,16,-1,16,23,25,-1,16,25,22,-1,22,25,12,-1,22,12,21,-1,21,12,14,-1,26,27,28,-1,29,30,25,-1,28,29,26,-1,26,29,25,-1,26,25,31,-1,31,25,24,-1,31,24,32,-1,32,24,33,-1,34,35,36,-1,37,38,25,-1,36,37,34,-1,34,37,25,-1,34,25,39,-1,39,25,30,-1,39,30,40,-1,40,30,41,-1,42,43,44,-1,44,43,25,-1,44,25,45,-1,45,25,38,-1,45,38,46,-1,46,38,47,-1,48,43,49,-1,49,43,42,-1,49,42,50,-1,50,42,46,-1,50,46,51,-1,51,46,47,-1,51,47,52,-1,52,47,36,-1,52,36,53,-1,53,36,35,-1,53,35,54,-1,54,35,40,-1,54,40,55,-1,55,40,41,-1,55,41,56,-1,56,41,28,-1,56,28,57,-1,57,28,27,-1,57,27,58,-1,58,27,32,-1,58,32,59,-1,59,32,33,-1,59,33,60,-1,60,33,18,-1,60,18,61,-1,61,18,17,-1,61,17,62,-1,62,17,20,-1,62,20,63,-1,63,20,19,-1,63,19,64,-1,64,19,15,-1,64,15,65,-1,65,15,13,-1,48,49,66,-1,67,56,57,-1,68,60,61,-1,48,66,69,-1,69,66,70,-1,69,70,71,-1,72,73,71,-1,74,75,71,-1,76,52,53,-1,61,74,68,-1,68,74,71,-1,68,71,77,-1,77,71,73,-1,77,73,59,-1,59,73,58,-1,78,79,71,-1,64,65,80,-1,80,65,71,-1,80,71,81,-1,81,71,75,-1,81,75,63,-1,63,75,62,-1,53,78,76,-1,76,78,71,-1,76,71,82,-1,82,71,70,-1,82,70,51,-1,51,70,50,-1,57,72,67,-1,67,72,71,-1,67,71,83,-1,83,71,79,-1,83,79,55,-1,55,79,54,-1,25,43,69,-1,69,43,48,-1,71,65,12,-1,12,65,13,-1,84,85,86,-1,86,85,87,-1,85,25,87,-1,87,25,69,-1,84,12,85,-1,85,12,25,-1,71,86,69,-1,69,86,87,-1,86,71,84,-1,84,71,12,-1,
        ]
    }
}
Shape{
    appearance Appearance {
        material  Material 	{
            diffuseColor 1.0 1.0 0.0
            specularColor 0.5019607843137255 0.5019607843137255 0.0
            ambientIntensity 0.886
            transparency 0.0
            shininess 0.5
        }
    }
    geometry IndexedFaceSet {
        ccw TRUE
        solid FALSE
        coord DEF co Coordinate {
            point [
                -0.9469 0.1378 1.5984, -0.9469 0.1378 1.2101, -0.8681 0.1378 1.5984, -0.8681 0.1378 1.2101, -0.9469 0.1378 2.9279, -0.9469 0.1772 2.9279, -0.9469 0.1772 1.2101, -0.8681 0.1772 2.9279, -0.8681 0.1378 2.9279, -0.8681 0.1772 1.2101, -0.5335 0.1378 1.2101, -0.4547 0.1378 1.2101, -0.5335 0.1378 1.5984, -0.4547 0.1378 1.5984, -0.4547 0.1772 1.2101, -0.4547 0.1772 2.9279, -0.4547 0.1378 2.9279, -0.5335 0.1772 1.2101, -0.5335 0.1378 2.9279, -0.5335 0.1772 2.9279, 0.8642 0.1378 1.5984, 0.8642 0.1378 1.2101, 0.9429 0.1378 1.5984, 0.9429 0.1378 1.2101, 0.8642 0.1772 1.2101, 0.9429 0.1772 1.2101, 0.8642 0.1378 2.9279, 0.8642 0.1772 2.9279, 0.9429 0.1772 2.9279, 0.9429 0.1378 2.9279, -0.3366 0.1378 1.2101, -0.2579 0.1378 1.2101, -0.3366 0.1378 1.5984, -0.2579 0.1378 1.5984, -0.2579 0.1772 1.2101, -0.2579 0.1772 2.9279, -0.2579 0.1378 2.9279, -0.3366 0.1772 1.2101, -0.3366 0.1378 2.9279, -0.3366 0.1772 2.9279, -0.1398 0.1378 1.2101, -0.061 0.1378 1.2101, -0.1398 0.1378 1.5984, -0.061 0.1378 1.5984, -0.061 0.1772 1.2101, -0.061 0.1772 2.9279, -0.061 0.1378 2.9279, -0.1398 0.1772 1.2101, -0.1398 0.1378 2.9279, -0.1398 0.1772 2.9279, 0.0571 0.1378 1.2101, 0.1358 0.1378 1.2101, 0.0571 0.1378 1.5984, 0.1358 0.1378 1.5984, 0.1358 0.1772 1.2101, 0.1358 0.1772 2.9279, 0.1358 0.1378 2.9279, 0.0571 0.1772 1.2101, 0.0571 0.1378 2.9279, 0.0571 0.1772 2.9279, 0.2539 0.1378 1.2101, 0.3327 0.1378 1.2101, 0.2539 0.1378 1.5984, 0.3327 0.1378 1.5984, 0.3327 0.1772 1.2101, 0.3327 0.1772 2.9279, 0.3327 0.1378 2.9279, 0.2539 0.1772 1.2101, 0.2539 0.1378 2.9279, 0.2539 0.1772 2.9279, 0.4508 0.1378 1.2101, 0.5295 0.1378 1.2101, 0.4508 0.1378 1.5984, 0.5295 0.1378 1.5984, 0.5295 0.1772 1.2101, 0.5295 0.1772 2.9279, 0.5295 0.1378 2.9279, 0.4508 0.1772 1.2101, 0.4508 0.1378 2.9279, 0.4508 0.1772 2.9279, -0.8681 -0.1378 1.5984, -0.8681 -0.1378 1.2101, -0.9469 -0.1378 1.5984, -0.9469 -0.1378 1.2101, -0.9469 -0.1772 1.2101, -0.9469 -0.1772 2.9279, -0.9469 -0.1378 2.9279, -0.8681 -0.1772 1.2101, -0.8681 -0.1378 2.9279, -0.8681 -0.1772 2.9279, -0.4547 -0.1378 1.2101, -0.5335 -0.1378 1.2101, -0.4547 -0.1378 1.5984, -0.5335 -0.1378 1.5984, -0.4547 -0.1378 2.9279, -0.4547 -0.1772 2.9279, -0.4547 -0.1772 1.2101, -0.5335 -0.1772 2.9279, -0.5335 -0.1378 2.9279, -0.5335 -0.1772 1.2101, 0.9429 -0.1378 1.5984, 0.9429 -0.1378 1.2101, 0.8642 -0.1378 1.5984, 0.8642 -0.1378 1.2101, 0.9429 -0.1772 1.2101, 0.8642 -0.1772 1.2101, 0.9429 -0.1378 2.9279, 0.9429 -0.1772 2.9279, 0.8642 -0.1772 2.9279, 0.8642 -0.1378 2.9279, -0.2579 -0.1378 1.2101, -0.3366 -0.1378 1.2101, -0.2579 -0.1378 1.5984, -0.3366 -0.1378 1.5984, -0.2579 -0.1378 2.9279, -0.2579 -0.1772 2.9279, -0.2579 -0.1772 1.2101, -0.3366 -0.1772 2.9279, -0.3366 -0.1378 2.9279, -0.3366 -0.1772 1.2101, -0.061 -0.1378 1.2101, -0.1398 -0.1378 1.2101, -0.061 -0.1378 1.5984, -0.1398 -0.1378 1.5984, -0.061 -0.1378 2.9279, -0.061 -0.1772 2.9279, -0.061 -0.1772 1.2101, -0.1398 -0.1772 2.9279, -0.1398 -0.1378 2.9279, -0.1398 -0.1772 1.2101, 0.1358 -0.1378 1.2101, 0.0571 -0.1378 1.2101, 0.1358 -0.1378 1.5984, 0.0571 -0.1378 1.5984, 0.1358 -0.1378 2.9279, 0.1358 -0.1772 2.9279, 0.1358 -0.1772 1.2101, 0.0571 -0.1772 2.9279, 0.0571 -0.1378 2.9279, 0.0571 -0.1772 1.2101, 0.3327 -0.1378 1.2101, 0.2539 -0.1378 1.2101, 0.3327 -0.1378 1.5984, 0.2539 -0.1378 1.5984, 0.3327 -0.1378 2.9279, 0.3327 -0.1772 2.9279, 0.3327 -0.1772 1.2101, 0.2539 -0.1772 2.9279, 0.2539 -0.1378 2.9279, 0.2539 -0.1772 1.2101, 0.5295 -0.1378 1.2101, 0.4508 -0.1378 1.2101, 0.5295 -0.1378 1.5984, 0.4508 -0.1378 1.5984, 0.5295 -0.1378 2.9279, 0.5295 -0.1772 2.9279, 0.5295 -0.1772 1.2101, 0.4508 -0.1772 2.9279, 0.4508 -0.1378 2.9279, 0.4508 -0.1772 1.2101
            ]
        }
        coordIndex [
            0,1,2,-1,2,1,3,-1,4,5,0,-1,0,5,6,-1,0,6,1,-1,7,5,8,-1,8,5,4,-1,3,9,2,-1,2,9,7,-1,2,7,8,-1,6,9,1,-1,1,9,3,-1,7,9,5,-1,5,9,6,-1,10,11,12,-1,12,11,13,-1,11,14,13,-1,13,14,15,-1,13,15,16,-1,17,14,10,-1,10,14,11,-1,18,19,12,-1,12,19,17,-1,12,17,10,-1,15,19,16,-1,16,19,18,-1,17,19,14,-1,14,19,15,-1,20,21,22,-1,22,21,23,-1,24,25,21,-1,21,25,23,-1,26,27,20,-1,20,27,24,-1,20,24,21,-1,28,27,29,-1,29,27,26,-1,23,25,22,-1,22,25,28,-1,22,28,29,-1,27,28,24,-1,24,28,25,-1,30,31,32,-1,32,31,33,-1,31,34,33,-1,33,34,35,-1,33,35,36,-1,37,34,30,-1,30,34,31,-1,38,39,32,-1,32,39,37,-1,32,37,30,-1,35,39,36,-1,36,39,38,-1,37,39,34,-1,34,39,35,-1,40,41,42,-1,42,41,43,-1,41,44,43,-1,43,44,45,-1,43,45,46,-1,47,44,40,-1,40,44,41,-1,48,49,42,-1,42,49,47,-1,42,47,40,-1,45,49,46,-1,46,49,48,-1,47,49,44,-1,44,49,45,-1,50,51,52,-1,52,51,53,-1,51,54,53,-1,53,54,55,-1,53,55,56,-1,57,54,50,-1,50,54,51,-1,58,59,52,-1,52,59,57,-1,52,57,50,-1,55,59,56,-1,56,59,58,-1,57,59,54,-1,54,59,55,-1,60,61,62,-1,62,61,63,-1,61,64,63,-1,63,64,65,-1,63,65,66,-1,67,64,60,-1,60,64,61,-1,68,69,62,-1,62,69,67,-1,62,67,60,-1,65,69,66,-1,66,69,68,-1,67,69,64,-1,64,69,65,-1,70,71,72,-1,72,71,73,-1,71,74,73,-1,73,74,75,-1,73,75,76,-1,77,74,70,-1,70,74,71,-1,78,79,72,-1,72,79,77,-1,72,77,70,-1,75,79,76,-1,76,79,78,-1,77,79,74,-1,74,79,75,-1,80,81,82,-1,82,81,83,-1,83,84,82,-1,82,84,85,-1,82,85,86,-1,87,84,81,-1,81,84,83,-1,88,89,80,-1,80,89,87,-1,80,87,81,-1,85,89,86,-1,86,89,88,-1,87,89,84,-1,84,89,85,-1,90,91,92,-1,92,91,93,-1,94,95,92,-1,92,95,96,-1,92,96,90,-1,97,95,98,-1,98,95,94,-1,91,99,93,-1,93,99,97,-1,93,97,98,-1,96,99,90,-1,90,99,91,-1,97,99,95,-1,95,99,96,-1,100,101,102,-1,102,101,103,-1,104,105,101,-1,101,105,103,-1,106,107,100,-1,100,107,104,-1,100,104,101,-1,108,107,109,-1,109,107,106,-1,103,105,102,-1,102,105,108,-1,102,108,109,-1,107,108,104,-1,104,108,105,-1,110,111,112,-1,112,111,113,-1,114,115,112,-1,112,115,116,-1,112,116,110,-1,117,115,118,-1,118,115,114,-1,111,119,113,-1,113,119,117,-1,113,117,118,-1,116,119,110,-1,110,119,111,-1,117,119,115,-1,115,119,116,-1,120,121,122,-1,122,121,123,-1,124,125,122,-1,122,125,126,-1,122,126,120,-1,127,125,128,-1,128,125,124,-1,121,129,123,-1,123,129,127,-1,123,127,128,-1,126,129,120,-1,120,129,121,-1,127,129,125,-1,125,129,126,-1,130,131,132,-1,132,131,133,-1,134,135,132,-1,132,135,136,-1,132,136,130,-1,137,135,138,-1,138,135,134,-1,131,139,133,-1,133,139,137,-1,133,137,138,-1,136,139,130,-1,130,139,131,-1,137,139,135,-1,135,139,136,-1,140,141,142,-1,142,141,143,-1,144,145,142,-1,142,145,146,-1,142,146,140,-1,147,145,148,-1,148,145,144,-1,141,149,143,-1,143,149,147,-1,143,147,148,-1,146,149,140,-1,140,149,141,-1,147,149,145,-1,145,149,146,-1,150,151,152,-1,152,151,153,-1,154,155,152,-1,152,155,156,-1,152,156,150,-1,157,155,158,-1,158,155,154,-1,151,159,153,-1,153,159,157,-1,153,157,158,-1,156,159,150,-1,150,159,151,-1,157,159,155,-1,155,159,156,-1,
        ]
    }
}
Shape{
    appearance Appearance {
        material  Material 	{
            diffuseColor 0.25098039215686274 0.25098039215686274 0.25098039215686274
            specularColor 0.12549019607843137 0.12549019607843137 0.12549019607843137
            ambientIntensity 0.251
            transparency 0.0
            shininess 0.5
        }
    }
    geometry IndexedFaceSet {
        ccw TRUE
        solid FALSE
        coord DEF co Coordinate {
            point [
                2.3602 0.0701 0.5854, 2.3602 0.0701 0.4796, 2.3602 0.1177 0.4796, 2.3602 0.7487 -0.0118, 2.3602 0.8143 -0.0118, 2.3602 0.8143 0.2284, 2.3602 0.5724 -0.0118, 2.3602 0.7487 0.2284, 2.3602 0.4607 -0.0118, 2.3602 0.5724 0.2284, 2.3602 0.2587 0.2763, 2.3602 0.2535 0.2757, 2.3602 0.2834 0.2757, 2.3602 0.3852 0.396, 2.3602 0.423 0.396, 2.3602 0.423 0.43, 2.3602 -0.5839 0.4214, 2.3602 -0.5822 0.43, 2.3602 -0.8143 0.43, 2.3602 -0.0966 0.4917, 2.3602 -0.0738 0.472, 2.3602 0.0059 0.5864, 2.3602 0.0059 0.465, 2.3602 -0.2107 0.5987, 2.3602 -0.1923 0.5864, 2.3602 -0.1728 0.5733, 2.3602 -0.1451 0.5413, 2.3602 -0.127 0.5062, 2.3602 -0.1218 0.5044, 2.3602 -0.3694 0.597, 2.3602 -0.3303 0.6122, 2.3602 -0.8143 0.811, 2.3602 0.0059 0.811, 2.3602 -0.2882 0.6174, 2.3602 -0.2532 0.6137, 2.3602 -0.5444 0.5079, 2.3602 -0.5367 0.5151, 2.3602 -0.8143 0.5864, 2.3602 -0.3867 0.5864, 2.3602 -0.39 0.5843, 2.3602 -0.5082 0.5342, 2.3602 -0.4765 0.5454, 2.3602 -0.4469 0.5486, 2.3602 -0.41 0.5672, 2.3602 -0.4371 0.5481, 2.3602 -0.4274 0.547, 2.3602 -0.8143 0.465, 2.3602 -0.5772 0.4549, 2.3602 -0.5724 0.465, 2.3602 -0.5629 0.4849, 2.3602 -0.4808 0.278, 2.3602 -0.4957 0.2827, 2.3602 -0.8143 0.2757, 2.3602 -0.5258 0.2986, 2.3602 -0.5487 0.3187, 2.3602 -0.552 0.3226, 2.3602 -0.5699 0.3499, 2.3602 -0.5811 0.3817, 2.3602 -0.5843 0.4112, 2.3602 -0.4431 0.2317, 2.3602 -0.4597 0.2442, 2.3602 -0.8143 0.2284, 2.3602 -0.4723 0.2598, 2.3602 -0.4797 0.2757, 2.3602 0.0059 -0.0118, 2.3602 0.0059 0.2284, 2.3602 -0.3651 0.2284, 2.3602 -0.8143 -0.0118, 2.3602 -0.4236 0.2235, 2.3602 -0.4353 0.2284, 2.3602 -0.3797 0.2228, 2.3602 -0.4002 0.2203, 2.3602 -0.4035 0.2204, 2.3602 0.0059 0.2757, 2.3602 -0.3207 0.2757, 2.3602 -0.3207 0.2755, 2.3602 -0.3307 0.2566, 2.3602 -0.3439 0.2418, 2.3602 -0.3608 0.2301, 2.3602 -0.0744 0.3145, 2.3602 -0.0987 0.2942, 2.3602 -0.0583 0.3367, 2.3602 -0.3366 0.362, 2.3602 -0.2229 0.4214, 2.3602 -0.3514 0.3755, 2.3602 -0.3694 0.3851, 2.3602 -0.096 0.4015, 2.3602 -0.1 0.4179, 2.3602 -0.1065 0.43, 2.3602 -0.5288 0.43, 2.3602 -0.2062 0.3282, 2.3602 -0.1966 0.3764, 2.3602 -0.212 0.3259, 2.3602 -0.2173 0.3223, 2.3602 -0.2057 0.2769, 2.3602 -0.2113 0.2789, 2.3602 -0.217 0.2826, 2.3602 -0.2197 0.2854, 2.3602 -0.5238 0.3792, 2.3602 -0.5136 0.3618, 2.3602 -0.4706 0.3531, 2.3602 -0.4984 0.3462, 2.3602 -0.48 0.3348, 2.3602 -0.4392 0.3812, 2.3602 -0.4565 0.3692, 2.3602 -0.5309 0.4129, 2.3602 -0.5299 0.4, 2.3602 -0.0466 0.4217, 2.3602 -0.043 0.3951, 2.3602 0.0059 0.43, 2.3602 -0.0431 0.3911, 2.3602 -0.0473 0.3634, 2.3602 -0.1247 0.2818, 2.3602 -0.1516 0.2763, 2.3602 -0.2017 0.2763, 2.3602 -0.4204 0.3884, 2.3602 -0.4002 0.3908, 2.3602 -0.3898 0.3902, 2.3602 -0.2 0.3289, 2.3602 -0.1991 0.3288, 2.3602 -0.1966 0.3283, 2.3602 -0.2263 0.3026, 2.3602 -0.2262 0.3049, 2.3602 -0.3154 0.3136, 2.3602 -0.2247 0.3115, 2.3602 -0.2217 0.3174, 2.3602 -0.2234 0.2907, 2.3602 -0.2255 0.2965, 2.3602 -0.3158 0.2965, 2.3602 -0.3154 0.3051, 2.3602 -0.1128 0.3494, 2.3602 -0.1035 0.3626, 2.3602 -0.0976 0.3777, 2.3602 -0.0956 0.3942, 2.3602 -0.1949 0.328, 2.3602 -0.1567 0.328, 2.3602 -0.1416 0.3309, 2.3602 -0.1266 0.3379, 2.3602 -0.114 0.3481, 2.3602 -0.1686 0.4604, 2.3602 -0.5211 0.4523, 2.3602 -0.5283 0.4334, 2.3602 -0.1618 0.4604, 2.3602 -0.1078 0.4325, 2.3602 -0.1177 0.4435, 2.3602 -0.1309 0.4527, 2.3602 -0.1457 0.4584, 2.3602 -0.5123 0.465, 2.3602 -0.4011 0.485, 2.3602 -0.4073 0.4884, 2.3602 -0.1842 0.507, 2.3602 -0.2024 0.5307, 2.3602 -0.2094 0.5373, 2.3602 -0.2334 0.5535, 2.3602 -0.2602 0.5633, 2.3602 -0.4263 0.4953, 2.3602 -0.446 0.4977, 2.3602 -0.4547 0.4973, 2.3602 -0.1695 0.465, 2.3602 -0.1723 0.4791, 2.3602 -0.2874 0.5665, 2.3602 -0.291 0.5664, 2.3602 -0.3891 0.5102, 2.3602 -0.3193 0.5623, 2.3602 -0.3705 0.5333, 2.3602 -0.347 0.5508, 2.3602 -0.4757 0.4924, 2.3602 -0.4946 0.4824, 2.3602 -0.5093 0.4692, 2.3602 -0.0689 0.465, 2.3602 -0.0567 0.4477, 2.3602 -0.0498 0.43, 2.3602 0.4494 0.2903, 2.3602 0.4494 0.2767, 2.3602 0.4607 0.2757, 2.3602 0.4607 0.43, 2.3602 0.4467 0.396, 2.3602 0.4467 0.3823, 2.3602 0.4006 0.3305, 2.3602 0.4006 0.2903, 2.3602 0.423 0.3305, 2.3602 0.423 0.2903, 2.3602 0.4433 0.3305, 2.3602 0.4433 0.3441, 2.3602 0.4006 0.3823, 2.3602 0.4006 0.3441, 2.3602 0.423 0.3823, 2.3602 0.423 0.3441, 2.3602 0.423 0.2757, 2.3602 0.423 0.2767, 2.3602 0.3852 0.2767, 2.3602 0.3263 0.2979, 2.3602 0.3281 0.2909, 2.3602 0.3285 0.2909, 2.3602 0.3691 0.3619, 2.3602 0.3112 0.43, 2.3602 0.3536 0.3619, 2.3602 0.3112 0.3412, 2.3602 0.3303 0.2978, 2.3602 0.3292 0.2938, 2.3602 0.222 0.2951, 2.3602 0.2068 0.43, 2.3602 0.2068 0.2757, 2.3602 0.2273 0.2918, 2.3602 0.2289 0.2912, 2.3602 0.2289 0.3228, 2.3602 0.2242 0.3486, 2.3602 0.2268 0.3527, 2.3602 0.2263 0.3255, 2.3602 0.2246 0.3281, 2.3602 0.2289 0.43, 2.3602 0.2287 0.3229, 2.3602 0.2228 0.3326, 2.3602 0.222 0.3389, 2.3602 0.2225 0.3438, 2.3602 0.2354 0.2757, 2.3602 0.2324 0.276, 2.3602 0.2289 0.2757, 2.3602 0.2289 0.2773, 2.3602 0.222 0.2797, 2.3602 0.2754 0.3601, 2.3602 0.2754 0.3456, 2.3602 0.2772 0.2897, 2.3602 0.2746 0.2857, 2.3602 0.2789 0.2944, 2.3602 0.2289 0.3546, 2.3602 0.2316 0.3571, 2.3602 0.2353 0.3594, 2.3602 0.2699 0.2815, 2.3602 0.2665 0.2794, 2.3602 0.2433 0.3624, 2.3602 0.2552 0.3639, 2.3602 0.2834 0.43, 2.3602 0.2657 0.363, 2.3602 0.2745 0.314, 2.3602 0.2773 0.3099, 2.3602 0.2789 0.3055, 2.3602 0.2795 0.2999, 2.3602 0.2538 0.3517, 2.3602 0.2493 0.3514, 2.3602 0.2375 0.3403, 2.3602 0.2453 0.3504, 2.3602 0.242 0.3486, 2.3602 0.2376 0.3383, 2.3602 0.2382 0.336, 2.3602 0.2393 0.334, 2.3602 0.2407 0.3323, 2.3602 0.246 0.3291, 2.3602 0.2642 0.3505, 2.3602 0.2552 0.325, 2.3602 0.2727 0.3472, 2.3602 0.261 0.3227, 2.3602 0.271 0.3172, 2.3602 0.2397 0.3466, 2.3602 0.2385 0.3447, 2.3602 0.2377 0.3427, 2.3602 0.2367 0.2881, 2.3602 0.2447 0.3142, 2.3602 0.2358 0.3183, 2.3602 0.2465 0.2869, 2.3602 0.2472 0.2869, 2.3602 0.2545 0.3101, 2.3602 0.2549 0.2878, 2.3602 0.2642 0.2984, 2.3602 0.264 0.3003, 2.3602 0.2587 0.2892, 2.3602 0.2601 0.29, 2.3602 0.2618 0.2915, 2.3602 0.2631 0.2934, 2.3602 0.2639 0.2956, 2.3602 0.2633 0.3026, 2.3602 0.2622 0.3046, 2.3602 0.2603 0.3065, 2.3602 0.5724 0.465, 2.3602 0.5337 0.466, 2.3602 0.5166 0.466, 2.3602 0.5045 0.4987, 2.3602 0.4607 0.4987, 2.3602 0.4607 0.465, 2.3602 0.4882 0.5854, 2.3602 0.5724 0.5864, 2.3602 0.4607 0.5864, 2.3602 0.4548 0.4987, 2.3602 0.4433 0.466, 2.3602 0.423 0.465, 2.3602 0.4263 0.466, 2.3602 0.423 0.5864, 2.3602 0.4607 0.5563, 2.3602 0.4717 0.5854, 2.3602 0.2834 0.5864, 2.3602 0.2972 0.5854, 2.3602 0.3112 0.5864, 2.3602 0.2972 0.5716, 2.3602 0.3112 0.465, 2.3602 0.2939 0.5198, 2.3602 0.2939 0.5334, 2.3602 0.2834 0.5334, 2.3602 0.2834 0.5716, 2.3602 0.2512 0.5334, 2.3602 0.2512 0.5716, 2.3602 0.2358 0.466, 2.3602 0.2289 0.465, 2.3602 0.2834 0.465, 2.3602 0.2512 0.5198, 2.3602 0.2512 0.4796, 2.3602 0.2834 0.5198, 2.3602 0.2834 0.4796, 2.3602 0.3 0.4796, 2.3602 0.3 0.466, 2.3602 0.2834 0.466, 2.3602 0.2289 0.5864, 2.3602 0.2358 0.5854, 2.3602 0.2834 0.5854, 2.3602 0.2068 0.5864, 2.3602 0.2068 0.584, 2.3602 0.2119 0.5825, 2.3602 0.2119 0.5664, 2.3602 0.1867 0.4779, 2.3602 0.2002 0.4805, 2.3602 0.2068 0.5685, 2.3602 0.2068 0.4834, 2.3602 0.2106 0.5671, 2.3602 0.2119 0.4857, 2.3602 0.1985 0.5717, 2.3602 0.1838 0.5735, 2.3602 0.1387 0.5243, 2.3602 0.1528 0.488, 2.3602 0.1605 0.4825, 2.3602 0.1512 0.5602, 2.3602 0.1447 0.5512, 2.3602 0.1594 0.5669, 2.3602 0.1688 0.5713, 2.3602 0.1791 0.5733, 2.3602 0.1407 0.5409, 2.3602 0.1388 0.5199, 2.3602 0.1407 0.508, 2.3602 0.169 0.4792, 2.3602 0.1811 0.4777, 2.3602 0.1446 0.4984, 2.3602 0.1504 0.4903, 2.3602 0.1838 0.5874, 2.3602 0.1963 0.5864, 2.3602 0.1994 0.5861, 2.3602 0.1836 0.5874, 2.3602 0.2068 0.811, 2.3602 0.1754 0.5864, 2.3602 0.1279 0.811, 2.3602 0.1279 0.5864, 2.3602 0.1311 0.5585, 2.3602 0.1398 0.5698, 2.3602 0.1426 0.5725, 2.3602 0.1538 0.5804, 2.3602 0.1662 0.5852, 2.3602 0.1207 0.5864, 2.3602 0.1255 0.5452, 2.3602 0.1279 0.5509, 2.3602 0.1279 0.4964, 2.3602 0.1249 0.5038, 2.3602 0.1207 0.465, 2.3602 0.1225 0.5234, 2.3602 0.1227 0.5297, 2.3602 0.1587 0.467, 2.3602 0.1475 0.4723, 2.3602 0.1279 0.465, 2.3602 0.1379 0.4803, 2.3602 0.1298 0.4914, 2.3602 0.1684 0.465, 2.3602 0.1279 0.43, 2.3602 0.1717 0.4643, 2.3602 0.1789 0.464, 2.3602 0.1894 0.465, 2.3602 0.2119 0.471, 2.3602 0.2099 0.4699, 2.3602 0.2068 0.465, 2.3602 0.2068 0.4689, 2.3602 0.197 0.4657, 2.3602 0.1392 0.3173, 2.3602 0.1415 0.3414, 2.3602 0.1362 0.313, 2.3602 0.1342 0.3077, 2.3602 0.1279 0.2757, 2.3602 0.1359 0.2875, 2.3602 0.134 0.2925, 2.3602 0.1746 0.3512, 2.3602 0.1695 0.3517, 2.3602 0.1615 0.3273, 2.3602 0.1951 0.3546, 2.3602 0.1981 0.3498, 2.3602 0.1438 0.3213, 2.3602 0.1502 0.3245, 2.3602 0.1519 0.3479, 2.3602 0.1613 0.351, 2.3602 0.1455 0.2779, 2.3602 0.1405 0.2814, 2.3602 0.139 0.283, 2.3602 0.1797 0.3631, 2.3602 0.1861 0.3612, 2.3602 0.1911 0.3584, 2.3602 0.1868 0.2899, 2.3602 0.1864 0.2899, 2.3602 0.1868 0.2767, 2.3602 0.184 0.2863, 2.3602 0.1792 0.2812, 2.3602 0.1332 0.2995, 2.3602 0.1333 0.3013, 2.3602 0.1415 0.356, 2.3602 0.1446 0.3577, 2.3602 0.1557 0.362, 2.3602 0.1709 0.3639, 2.3602 0.2005 0.3431, 2.3602 0.2017 0.3316, 2.3602 0.2017 0.2767, 2.3602 0.1868 0.3309, 2.3602 0.1862 0.3374, 2.3602 0.1847 0.3428, 2.3602 0.183 0.3459, 2.3602 0.1807 0.3483, 2.3602 0.1781 0.35, 2.3602 0.1683 0.2757, 2.3602 0.1677 0.2755, 2.3602 0.2068 0.2284, 2.3602 0.1279 0.2284, 2.3602 0.1602 0.2747, 2.3602 0.1517 0.2757, 2.3602 0.1512 0.2758, 2.3602 0.3112 0.2757, 2.3602 0.3112 0.3011, 2.3602 0.2873 0.3619, 2.3602 0.304 0.3619, 2.3602 0.3207 0.2769, 2.3602 0.3202 0.2757, 2.3602 0.3142 0.2614, 2.3602 0.2834 0.2284, 2.3602 0.2904 0.2378, 2.3602 0.2904 0.2511, 2.3602 0.2451 0.2747, 2.3602 0.2289 0.2284, 2.3602 0.2934 0.2501, 2.3602 0.2989 0.2494, 2.3602 0.3017 0.2496, 2.3602 0.305 0.2507, 2.3602 0.3078 0.2524, 2.3602 0.3112 0.2393, 2.3602 0.3064 0.2373, 2.3602 0.3112 0.2284, 2.3602 0.3 0.2366, 2.3602 0.2967 0.2367, 2.3602 0.3108 0.2554, 2.3602 0.3112 0.2562, 2.3602 0.423 0.2284, 2.3602 0.3174 0.2434, 2.3602 0.3123 0.2397, 2.3602 0.3351 0.2757, 2.3602 0.3304 0.2638, 2.3602 0.3236 0.2505, 2.3602 0.4607 0.2284, 2.3602 0.423 -0.0118, 2.3602 0.3112 -0.0118, 2.3602 0.2834 -0.0118, 2.3602 0.2289 -0.0118, 2.3602 0.2068 -0.0118, 2.3602 0.1279 -0.0118, 2.3602 0.1738 0.2776, 2.3602 0.7487 0.2757, 2.3602 0.5724 0.2757, 2.3602 0.0547 0.396, 2.3602 0.0547 0.2767, 2.3602 0.1207 0.2757, 2.3602 0.1207 0.2284, 2.3602 0.1207 -0.0118, 2.3602 0.1162 0.396, 2.3602 0.1207 0.43, 2.3602 0.1162 0.3823, 2.3602 0.1189 0.2903, 2.3602 0.1189 0.2767, 2.3602 0.0701 0.3305, 2.3602 0.0701 0.2903, 2.3602 0.1128 0.3305, 2.3602 0.1128 0.3441, 2.3602 0.0701 0.3441, 2.3602 0.0701 0.3823, 2.3602 0.4719 0.2767, 2.3602 0.5659 0.3164, 2.3602 0.56 0.304, 2.3602 0.5511 0.2934, 2.3602 0.5626 0.3658, 2.3602 0.5671 0.3545, 2.3602 0.5724 0.43, 2.3602 0.5691 0.3379, 2.3602 0.5687 0.3303, 2.3602 0.5388 0.2846, 2.3602 0.5252 0.2792, 2.3602 0.5048 0.2767, 2.3602 0.4719 0.396, 2.3602 0.506 0.396, 2.3602 0.5242 0.394, 2.3602 0.5386 0.3888, 2.3602 0.5511 0.3802, 2.3602 0.5552 0.3762, 2.3602 0.6539 0.3093, 2.3602 0.6042 0.3093, 2.3602 0.6661 0.2767, 2.3602 0.5927 0.2767, 2.3602 0.6831 0.2767, 2.3602 0.5757 0.2767, 2.3602 0.6212 0.396, 2.3602 0.6376 0.396, 2.3602 0.0547 0.466, 2.3602 0.0547 0.5854, 2.3602 0.1177 0.466, 2.3602 0.4132 0.5551, 2.3602 0.4176 0.5438, 2.3602 0.4197 0.5272, 2.3602 0.4193 0.5196, 2.3602 0.4164 0.5057, 2.3602 0.4105 0.4933, 2.3602 0.4017 0.4827, 2.3602 0.3893 0.4739, 2.3602 0.3565 0.5854, 2.3602 0.3748 0.5833, 2.3602 0.3892 0.5781, 2.3602 0.3758 0.4685, 2.3602 0.3553 0.466, 2.3602 0.3225 0.466, 2.3602 0.3225 0.5854, 2.3602 0.4017 0.5696, 2.3602 0.4058 0.5655, 2.3602 0.7487 0.43, 2.3602 0.7487 0.465, 2.3602 0.7487 0.5864, 2.3602 0.8143 0.2757, 2.3602 0.8143 0.43, 2.3602 0.8143 0.465, 2.3602 0.8143 0.5864, 2.3602 0.1207 0.811, 2.3602 0.8143 0.811, 2.3602 0.7487 0.811, 2.3602 0.5724 0.811, 2.3602 0.4607 0.811, 2.3602 0.423 0.811, 2.3602 0.3112 0.811, 2.3602 0.2834 0.811, 2.3602 0.2289 0.811, -1.872 -0.7382 0.1063, 1.8681 -0.7382 0.1063, -1.872 -0.7382 0.5331, 1.8681 -0.7382 0.5331, 1.8681 -0.9843 0.811, 2.1855 -0.9843 0.811, 1.8681 -0.6201 0.811, 2.1855 0.9843 0.811, 1.8681 0.9843 0.811, 1.8681 0.6201 0.811, -1.872 -0.6201 0.811, -1.872 0.9843 0.811, -2.1895 0.9843 0.811, -1.872 0.6201 0.811, -2.3642 0.8143 0.811, -2.3642 -0.8143 0.811, -2.1895 -0.9843 0.811, -1.872 -0.9843 0.811, -2.1895 -0.9843 -0.0118, -2.3642 -0.8143 -0.0118, -2.3642 -0.6693 -0.0118, 2.1855 0.9843 -0.0118, 2.3602 0.0 -0.0118, 2.1855 -0.9843 -0.0118, 1.8927 -0.9843 -0.0118, 1.8927 -0.6693 -0.0118, 1.8681 0.502 -0.0118, 1.8681 0.9843 -0.0118, 1.8927 0.9843 -0.0118, 1.8927 0.0 -0.0118, 1.4252 0.3543 -0.0118, 1.1791 0.502 -0.0118, 1.3268 0.3543 -0.0118, 1.1791 0.0 -0.0118, 1.3268 0.2953 -0.0118, 1.4252 0.2953 -0.0118, 0.9331 0.3543 -0.0118, 0.7854 0.502 -0.0118, 1.0315 0.3543 -0.0118, 1.0315 0.2953 -0.0118, 0.9331 0.2953 -0.0118, 0.7854 0.0 -0.0118, 0.5394 0.3543 -0.0118, 0.3917 0.502 -0.0118, 0.6378 0.3543 -0.0118, 0.6378 0.2953 -0.0118, 0.5394 0.2953 -0.0118, 0.3917 0.0 -0.0118, 0.1457 0.3543 -0.0118, -0.002 0.502 -0.0118, 0.2441 0.3543 -0.0118, 0.2441 0.2953 -0.0118, 0.1457 0.2953 -0.0118, -0.002 0.0 -0.0118, -0.248 0.3543 -0.0118, -0.3957 0.502 -0.0118, -0.1496 0.3543 -0.0118, -0.1496 0.2953 -0.0118, -0.248 0.2953 -0.0118, -0.3957 0.0 -0.0118, -0.6417 0.3543 -0.0118, -0.7894 0.502 -0.0118, -0.5433 0.3543 -0.0118, -0.5433 0.2953 -0.0118, -0.6417 0.2953 -0.0118, -0.7894 0.0 -0.0118, -1.0354 0.3543 -0.0118, -1.1831 0.502 -0.0118, -0.937 0.3543 -0.0118, -0.937 0.2953 -0.0118, -1.0354 0.2953 -0.0118, -1.1831 0.0 -0.0118, -1.4291 0.3543 -0.0118, -1.4291 0.2953 -0.0118, -2.3642 0.0 -0.0118, -2.1895 0.9843 -0.0118, -1.872 0.9843 -0.0118, -1.872 0.502 -0.0118, -1.3307 0.3543 -0.0118, -1.3307 0.2953 -0.0118, -2.3642 0.8143 -0.0118, -1.872 -0.9843 -0.0118, -1.872 -0.6693 -0.0118, -1.872 -0.502 -0.0118, -1.4291 -0.2953 -0.0118, -1.4291 -0.3543 -0.0118, -1.1831 -0.502 -0.0118, -1.3307 -0.3543 -0.0118, -1.3307 -0.2953 -0.0118, -0.937 -0.2953 -0.0118, -0.937 -0.3543 -0.0118, -0.7894 -0.502 -0.0118, -1.0354 -0.3543 -0.0118, -1.0354 -0.2953 -0.0118, -0.5433 -0.2953 -0.0118, -0.5433 -0.3543 -0.0118, -0.3957 -0.502 -0.0118, -0.6417 -0.3543 -0.0118, -0.6417 -0.2953 -0.0118, -0.1496 -0.2953 -0.0118, -0.1496 -0.3543 -0.0118, -0.002 -0.502 -0.0118, -0.248 -0.3543 -0.0118, -0.248 -0.2953 -0.0118, 0.2441 -0.2953 -0.0118, 0.2441 -0.3543 -0.0118, 0.3917 -0.502 -0.0118, 0.1457 -0.3543 -0.0118, 0.1457 -0.2953 -0.0118, 0.6378 -0.2953 -0.0118, 0.6378 -0.3543 -0.0118, 0.7854 -0.502 -0.0118, 0.5394 -0.3543 -0.0118, 0.5394 -0.2953 -0.0118, 1.0315 -0.2953 -0.0118, 1.0315 -0.3543 -0.0118, 1.1791 -0.502 -0.0118, 0.9331 -0.3543 -0.0118, 0.9331 -0.2953 -0.0118, 1.8681 -0.502 -0.0118, 1.4252 -0.2953 -0.0118, 1.4252 -0.3543 -0.0118, 1.3268 -0.3543 -0.0118, 1.3268 -0.2953 -0.0118, 1.8681 -0.9843 -0.0118, 1.8681 -0.6693 -0.0118, 2.3602 -0.6693 -0.0118, 1.8681 -0.502 0.1063, 1.8681 -0.6201 0.5331, -1.872 -0.502 0.1063, -1.872 -0.6201 0.5331, -1.872 0.502 0.1063, -1.872 0.7382 0.1063, -1.872 0.7382 0.5331, -1.872 0.6201 0.5331, 1.8681 0.7382 0.5331, 1.8681 0.7382 0.1063, 1.8681 0.6201 0.5331, 1.8681 0.502 0.1063
            ]
        }
        coordIndex [
            0,1,2,-1,3,4,5,-1,6,3,7,-1,8,6,9,-1,10,11,12,-1,13,14,15,-1,16,17,18,-1,19,20,21,-1,21,20,22,-1,23,24,21,-1,21,24,25,-1,21,25,26,-1,26,27,21,-1,21,27,28,-1,21,28,19,-1,29,30,31,-1,31,30,32,-1,32,30,33,-1,32,33,34,-1,35,36,37,-1,29,31,38,-1,38,31,37,-1,38,37,39,-1,36,40,37,-1,37,40,41,-1,37,41,39,-1,39,41,42,-1,39,42,43,-1,43,42,44,-1,43,44,45,-1,18,17,46,-1,17,47,46,-1,46,47,48,-1,46,48,37,-1,37,48,49,-1,37,49,35,-1,50,51,52,-1,51,53,52,-1,52,53,54,-1,52,54,55,-1,55,56,52,-1,52,56,57,-1,52,57,18,-1,18,57,58,-1,18,58,16,-1,59,60,61,-1,61,60,62,-1,61,62,52,-1,52,62,63,-1,52,63,50,-1,64,65,66,-1,67,68,61,-1,61,68,69,-1,61,69,59,-1,66,70,64,-1,64,70,71,-1,64,71,67,-1,67,71,72,-1,67,72,68,-1,73,74,65,-1,65,74,75,-1,65,75,76,-1,76,77,65,-1,65,77,78,-1,65,78,66,-1,79,80,73,-1,79,73,81,-1,82,83,84,-1,84,83,85,-1,86,87,83,-1,83,87,88,-1,83,88,89,-1,90,91,92,-1,92,91,93,-1,94,95,74,-1,74,95,96,-1,74,96,97,-1,98,99,100,-1,100,99,101,-1,100,101,102,-1,103,89,104,-1,104,89,105,-1,104,105,100,-1,100,105,106,-1,100,106,98,-1,107,108,109,-1,109,108,110,-1,109,110,73,-1,73,110,111,-1,73,111,81,-1,80,112,73,-1,73,112,113,-1,73,113,74,-1,74,113,114,-1,74,114,94,-1,103,115,89,-1,89,115,116,-1,89,116,83,-1,83,116,117,-1,83,117,85,-1,90,118,91,-1,91,118,119,-1,91,119,120,-1,121,122,123,-1,123,122,124,-1,123,124,91,-1,91,124,125,-1,91,125,93,-1,97,126,74,-1,74,126,127,-1,74,127,128,-1,128,127,121,-1,128,121,129,-1,129,121,123,-1,130,131,91,-1,91,131,132,-1,91,132,83,-1,83,132,133,-1,83,133,86,-1,120,134,91,-1,91,134,135,-1,91,135,136,-1,136,137,91,-1,91,137,138,-1,91,138,130,-1,139,140,141,-1,141,89,139,-1,139,89,88,-1,139,88,142,-1,142,88,143,-1,143,144,142,-1,142,144,145,-1,142,145,146,-1,147,148,149,-1,150,151,148,-1,151,152,148,-1,148,152,153,-1,148,153,154,-1,149,155,147,-1,147,155,156,-1,147,156,157,-1,140,139,147,-1,147,139,158,-1,147,158,148,-1,148,158,159,-1,148,159,150,-1,154,160,148,-1,148,160,161,-1,148,161,162,-1,162,161,163,-1,162,163,164,-1,164,163,165,-1,166,167,157,-1,157,167,168,-1,157,168,147,-1,20,169,22,-1,22,169,170,-1,22,170,109,-1,109,170,171,-1,109,171,107,-1,172,173,174,-1,15,14,175,-1,175,14,176,-1,175,176,177,-1,178,179,180,-1,180,179,181,-1,180,181,182,-1,182,181,172,-1,182,172,183,-1,184,185,186,-1,186,185,187,-1,186,187,177,-1,174,173,188,-1,188,173,189,-1,188,189,190,-1,191,192,193,-1,194,195,196,-1,196,195,197,-1,196,197,198,-1,198,197,191,-1,198,191,199,-1,199,191,193,-1,200,201,202,-1,203,204,205,-1,206,207,201,-1,208,209,200,-1,201,207,210,-1,203,205,200,-1,200,205,211,-1,200,211,208,-1,209,212,200,-1,200,212,213,-1,200,213,201,-1,201,213,214,-1,201,214,206,-1,215,216,217,-1,217,216,218,-1,217,218,202,-1,202,218,219,-1,202,219,200,-1,220,221,12,-1,222,223,12,-1,222,12,224,-1,207,225,210,-1,210,225,226,-1,210,226,227,-1,223,228,12,-1,12,228,229,-1,12,229,10,-1,227,230,210,-1,210,230,231,-1,210,231,232,-1,232,231,233,-1,232,233,220,-1,234,235,221,-1,221,235,236,-1,221,236,12,-1,12,236,237,-1,12,237,224,-1,238,239,240,-1,240,239,241,-1,240,241,242,-1,240,243,238,-1,238,243,244,-1,238,244,245,-1,245,246,238,-1,238,246,247,-1,238,247,248,-1,248,247,249,-1,248,249,250,-1,250,249,251,-1,250,251,221,-1,221,251,252,-1,221,252,234,-1,253,254,242,-1,242,254,255,-1,242,255,240,-1,256,257,204,-1,204,257,258,-1,204,258,205,-1,256,259,257,-1,257,259,260,-1,257,260,261,-1,261,260,262,-1,261,263,264,-1,262,265,261,-1,261,265,266,-1,261,266,267,-1,267,268,261,-1,261,268,269,-1,261,269,263,-1,264,270,261,-1,261,270,271,-1,261,271,272,-1,273,274,275,-1,276,277,275,-1,275,277,278,-1,275,278,273,-1,274,273,279,-1,279,273,280,-1,279,280,281,-1,277,282,278,-1,278,282,283,-1,278,283,284,-1,284,283,285,-1,284,285,286,-1,286,285,287,-1,286,287,281,-1,281,287,288,-1,281,288,279,-1,289,290,291,-1,291,290,292,-1,291,292,293,-1,294,293,295,-1,295,293,292,-1,295,292,296,-1,296,292,297,-1,296,297,298,-1,298,297,299,-1,300,301,302,-1,303,304,305,-1,305,304,306,-1,305,306,294,-1,294,306,307,-1,294,307,293,-1,293,307,308,-1,293,308,302,-1,302,308,309,-1,302,309,300,-1,310,311,289,-1,289,311,312,-1,289,312,290,-1,313,314,310,-1,310,314,315,-1,310,315,316,-1,317,318,319,-1,319,318,320,-1,319,320,321,-1,321,320,322,-1,321,322,316,-1,316,322,301,-1,316,301,310,-1,310,301,300,-1,310,300,311,-1,323,324,325,-1,319,326,327,-1,328,329,330,-1,330,329,331,-1,324,332,325,-1,325,332,331,-1,325,331,333,-1,333,331,329,-1,323,325,319,-1,319,325,334,-1,319,334,335,-1,327,336,319,-1,319,336,337,-1,319,337,317,-1,335,338,319,-1,319,338,339,-1,319,339,326,-1,340,341,313,-1,313,341,342,-1,313,342,314,-1,343,344,345,-1,345,344,346,-1,347,348,349,-1,349,350,347,-1,347,350,351,-1,347,351,352,-1,353,354,347,-1,347,354,355,-1,347,355,348,-1,356,357,358,-1,358,357,359,-1,358,359,353,-1,353,359,360,-1,353,360,354,-1,361,362,363,-1,362,364,363,-1,363,364,365,-1,363,365,356,-1,361,363,366,-1,366,363,367,-1,366,367,368,-1,368,367,369,-1,369,367,201,-1,369,201,370,-1,322,371,301,-1,301,371,372,-1,301,372,373,-1,373,372,374,-1,373,374,375,-1,376,377,378,-1,378,377,379,-1,380,381,382,-1,383,384,385,-1,201,386,387,-1,376,388,377,-1,377,388,389,-1,377,389,390,-1,390,389,385,-1,390,385,391,-1,391,385,384,-1,392,393,380,-1,380,393,394,-1,380,394,381,-1,395,396,201,-1,201,396,397,-1,201,397,386,-1,398,399,400,-1,400,399,401,-1,400,401,402,-1,382,403,380,-1,380,403,404,-1,380,404,367,-1,367,404,379,-1,367,379,405,-1,405,379,377,-1,405,406,367,-1,367,406,407,-1,367,407,201,-1,201,407,408,-1,201,408,395,-1,387,409,201,-1,201,409,410,-1,201,410,202,-1,202,410,411,-1,202,411,400,-1,412,413,385,-1,385,413,414,-1,385,414,415,-1,415,416,385,-1,385,416,417,-1,385,417,383,-1,418,419,420,-1,420,419,421,-1,419,422,421,-1,421,422,423,-1,421,423,380,-1,380,423,424,-1,380,424,392,-1,425,426,12,-1,12,426,427,-1,220,12,232,-1,232,12,427,-1,232,427,195,-1,195,427,428,-1,195,428,197,-1,429,426,430,-1,430,426,425,-1,430,425,431,-1,432,433,434,-1,435,436,11,-1,11,436,432,-1,11,432,12,-1,12,432,434,-1,12,434,425,-1,425,434,437,-1,425,437,438,-1,438,439,425,-1,425,439,440,-1,425,440,441,-1,442,443,444,-1,444,443,445,-1,444,445,432,-1,432,445,446,-1,432,446,433,-1,441,447,425,-1,425,447,448,-1,425,448,431,-1,449,450,444,-1,444,450,451,-1,444,451,442,-1,452,453,449,-1,449,453,454,-1,449,454,450,-1,8,455,456,-1,456,455,449,-1,456,449,457,-1,457,449,444,-1,457,444,458,-1,458,444,432,-1,458,432,459,-1,459,432,436,-1,459,436,460,-1,460,436,420,-1,460,420,461,-1,461,420,421,-1,435,215,436,-1,436,215,217,-1,436,217,420,-1,420,217,202,-1,420,202,418,-1,418,202,400,-1,418,400,462,-1,462,400,402,-1,455,174,449,-1,449,174,188,-1,449,188,452,-1,452,188,190,-1,452,190,194,-1,194,190,13,-1,194,13,195,-1,195,13,15,-1,6,7,9,-1,9,7,463,-1,9,463,464,-1,465,109,466,-1,466,109,73,-1,466,73,467,-1,467,73,65,-1,467,65,468,-1,468,65,64,-1,468,64,469,-1,465,470,471,-1,470,472,471,-1,471,472,473,-1,471,473,467,-1,467,473,474,-1,467,474,466,-1,475,476,477,-1,477,476,473,-1,477,473,478,-1,478,473,472,-1,478,472,479,-1,479,472,480,-1,187,183,177,-1,177,183,172,-1,177,172,175,-1,175,172,174,-1,175,174,481,-1,482,483,464,-1,464,483,484,-1,485,486,487,-1,487,486,488,-1,487,488,464,-1,464,488,489,-1,464,489,482,-1,484,490,464,-1,464,490,491,-1,464,491,492,-1,8,9,455,-1,455,9,464,-1,455,464,174,-1,174,464,492,-1,174,492,481,-1,481,493,175,-1,175,493,494,-1,175,494,487,-1,487,494,495,-1,487,495,496,-1,496,497,487,-1,487,497,498,-1,487,498,485,-1,499,500,501,-1,501,500,502,-1,503,501,463,-1,463,501,502,-1,463,502,464,-1,464,502,504,-1,464,504,487,-1,487,504,505,-1,487,505,506,-1,356,358,363,-1,363,358,471,-1,363,471,367,-1,367,471,467,-1,367,467,380,-1,380,467,468,-1,380,468,421,-1,421,468,469,-1,421,469,461,-1,487,273,175,-1,175,273,278,-1,175,278,15,-1,15,278,284,-1,15,284,195,-1,195,284,293,-1,195,293,232,-1,232,293,302,-1,232,302,210,-1,210,302,301,-1,210,301,201,-1,201,301,373,-1,201,373,370,-1,370,373,375,-1,465,471,109,-1,109,471,358,-1,109,358,22,-1,22,358,507,-1,22,507,21,-1,507,508,21,-1,21,508,0,-1,21,0,353,-1,353,0,2,-1,353,2,358,-1,358,2,509,-1,358,509,507,-1,510,511,286,-1,286,511,512,-1,286,512,284,-1,284,512,513,-1,284,513,514,-1,514,515,284,-1,284,515,516,-1,284,516,517,-1,291,518,286,-1,286,518,519,-1,286,519,520,-1,517,521,284,-1,284,521,522,-1,284,522,293,-1,293,522,523,-1,293,523,291,-1,291,523,524,-1,291,524,518,-1,520,525,286,-1,286,525,526,-1,286,526,510,-1,503,463,506,-1,506,463,527,-1,506,527,487,-1,487,527,528,-1,487,528,273,-1,273,528,529,-1,273,529,280,-1,3,5,7,-1,7,5,530,-1,7,530,463,-1,463,530,531,-1,463,531,527,-1,527,531,532,-1,527,532,528,-1,528,532,533,-1,528,533,529,-1,352,345,347,-1,347,345,346,-1,347,346,353,-1,353,346,534,-1,353,534,21,-1,21,534,32,-1,21,32,23,-1,23,32,34,-1,533,535,529,-1,529,535,536,-1,529,536,280,-1,280,536,537,-1,280,537,281,-1,281,537,538,-1,281,538,286,-1,286,538,539,-1,286,539,291,-1,291,539,540,-1,291,540,289,-1,289,540,541,-1,289,541,310,-1,310,541,542,-1,310,542,313,-1,313,542,344,-1,313,344,340,-1,340,344,343,-1,543,544,545,-1,545,544,546,-1,547,548,549,-1,549,548,31,-1,549,31,535,-1,550,551,535,-1,535,551,552,-1,535,552,549,-1,549,552,553,-1,554,555,556,-1,556,555,557,-1,556,557,558,-1,559,560,558,-1,558,560,553,-1,558,553,556,-1,556,553,552,-1,561,562,563,-1,564,4,565,-1,566,567,568,-1,566,568,67,-1,569,570,571,-1,571,572,569,-1,569,572,573,-1,569,573,574,-1,574,573,575,-1,574,575,576,-1,576,575,577,-1,576,577,572,-1,572,577,578,-1,572,578,573,-1,579,580,581,-1,581,580,574,-1,581,574,582,-1,582,574,576,-1,582,576,583,-1,583,576,584,-1,583,584,579,-1,579,584,580,-1,585,586,587,-1,587,586,580,-1,587,580,588,-1,588,580,584,-1,588,584,589,-1,589,584,590,-1,589,590,585,-1,585,590,586,-1,591,592,593,-1,593,592,586,-1,593,586,594,-1,594,586,590,-1,594,590,595,-1,595,590,596,-1,595,596,591,-1,591,596,592,-1,597,598,599,-1,599,598,592,-1,599,592,600,-1,600,592,596,-1,600,596,601,-1,601,596,602,-1,601,602,597,-1,597,602,598,-1,603,604,605,-1,605,604,598,-1,605,598,606,-1,606,598,602,-1,606,602,607,-1,607,602,608,-1,607,608,603,-1,603,608,604,-1,609,610,611,-1,611,610,604,-1,611,604,612,-1,612,604,608,-1,612,608,613,-1,613,608,614,-1,613,614,609,-1,609,614,610,-1,615,616,617,-1,618,619,620,-1,615,620,621,-1,621,620,610,-1,621,610,622,-1,622,610,614,-1,622,614,616,-1,615,617,620,-1,620,617,623,-1,620,623,618,-1,624,561,625,-1,625,561,563,-1,625,563,626,-1,626,563,617,-1,616,614,617,-1,617,614,627,-1,617,627,626,-1,626,627,628,-1,626,628,629,-1,629,628,630,-1,629,630,614,-1,614,630,631,-1,614,631,627,-1,632,608,633,-1,633,608,634,-1,633,634,635,-1,635,634,629,-1,635,629,636,-1,636,629,614,-1,636,614,632,-1,632,614,608,-1,637,602,638,-1,638,602,639,-1,638,639,640,-1,640,639,634,-1,640,634,641,-1,641,634,608,-1,641,608,637,-1,637,608,602,-1,642,596,643,-1,643,596,644,-1,643,644,645,-1,645,644,639,-1,645,639,646,-1,646,639,602,-1,646,602,642,-1,642,602,596,-1,647,590,648,-1,648,590,649,-1,648,649,650,-1,650,649,644,-1,650,644,651,-1,651,644,596,-1,651,596,647,-1,647,596,590,-1,652,584,653,-1,653,584,654,-1,653,654,655,-1,655,654,649,-1,655,649,656,-1,656,649,590,-1,656,590,652,-1,652,590,584,-1,657,576,658,-1,658,576,659,-1,658,659,660,-1,660,659,654,-1,660,654,661,-1,661,654,584,-1,661,584,657,-1,657,584,576,-1,662,572,568,-1,663,572,664,-1,664,572,662,-1,664,662,665,-1,665,662,659,-1,665,659,666,-1,666,659,576,-1,666,576,663,-1,663,576,572,-1,567,667,568,-1,568,667,668,-1,568,668,662,-1,571,564,572,-1,572,564,565,-1,572,565,568,-1,568,565,669,-1,568,669,67,-1,544,670,662,-1,549,671,547,-1,547,671,546,-1,547,546,667,-1,667,546,544,-1,667,544,668,-1,668,544,662,-1,626,672,625,-1,625,672,543,-1,673,553,545,-1,545,553,560,-1,545,560,543,-1,543,560,624,-1,543,624,625,-1,560,559,624,-1,624,559,561,-1,559,558,561,-1,561,558,562,-1,557,623,617,-1,557,617,558,-1,558,617,563,-1,558,563,562,-1,557,555,623,-1,623,555,618,-1,555,554,618,-1,618,554,619,-1,674,620,675,-1,675,620,619,-1,675,619,676,-1,676,619,554,-1,676,554,677,-1,677,554,556,-1,678,679,676,-1,676,679,675,-1,680,552,678,-1,678,552,551,-1,678,551,679,-1,679,551,570,-1,679,570,681,-1,681,570,569,-1,570,551,571,-1,571,551,550,-1,571,550,564,-1,550,535,564,-1,564,535,4,-1,31,548,67,-1,67,548,566,-1,566,548,567,-1,567,548,547,-1,567,547,667,-1,569,574,681,-1,681,574,580,-1,598,674,592,-1,592,674,681,-1,592,681,586,-1,586,681,580,-1,598,604,674,-1,674,604,610,-1,674,610,620,-1,681,674,679,-1,679,674,675,-1,626,629,672,-1,672,629,634,-1,649,670,644,-1,644,670,672,-1,644,672,639,-1,639,672,634,-1,649,654,670,-1,670,654,659,-1,670,659,662,-1,543,672,544,-1,544,672,670,-1,
        ]
    }
}
Shape{
    appearance Appearance {
        material  Material 	{
            diffuseColor 0.7529411764705882 0.7529411764705882 0.7529411764705882
            specularColor 0.3764705882352941 0.3764705882352941 0.3764705882352941
            ambientIntensity 0.7529
            transparency 0.0
            shininess 0.5
        }
    }
    geometry IndexedFaceSet {
        ccw TRUE
        solid FALSE
        coord DEF co Coordinate {
            point [
                1.4252 0.2953 -0.8386, 1.4252 0.3543 -0.8386, 1.4252 0.2953 -0.0118, 1.4252 0.3543 -0.0118, 1.3268 0.2953 -0.8386, 1.3268 0.2953 -0.0118, 1.3268 0.3543 -0.8386, 1.3268 0.3543 -0.0118, -1.4291 -0.3543 -0.8386, -1.3307 -0.3543 -0.8386, -1.4291 -0.3543 -0.0118, -1.3307 -0.3543 -0.0118, -1.4291 -0.2953 -0.8386, -1.4291 -0.2953 -0.0118, -1.3307 -0.2953 -0.8386, -1.3307 -0.2953 -0.0118, 1.0315 0.2953 -0.8386, 1.0315 0.3543 -0.8386, 1.0315 0.2953 -0.0118, 1.0315 0.3543 -0.0118, 0.9331 0.2953 -0.8386, 0.9331 0.2953 -0.0118, 0.9331 0.3543 -0.8386, 0.9331 0.3543 -0.0118, 0.6378 0.2953 -0.8386, 0.6378 0.3543 -0.8386, 0.6378 0.2953 -0.0118, 0.6378 0.3543 -0.0118, 0.5394 0.2953 -0.8386, 0.5394 0.2953 -0.0118, 0.5394 0.3543 -0.8386, 0.5394 0.3543 -0.0118, 0.2441 0.2953 -0.8386, 0.2441 0.3543 -0.8386, 0.2441 0.2953 -0.0118, 0.2441 0.3543 -0.0118, 0.1457 0.2953 -0.8386, 0.1457 0.2953 -0.0118, 0.1457 0.3543 -0.8386, 0.1457 0.3543 -0.0118, -0.1496 0.2953 -0.8386, -0.1496 0.3543 -0.8386, -0.1496 0.2953 -0.0118, -0.1496 0.3543 -0.0118, -0.248 0.2953 -0.8386, -0.248 0.2953 -0.0118, -0.248 0.3543 -0.8386, -0.248 0.3543 -0.0118, -0.5433 0.2953 -0.8386, -0.5433 0.3543 -0.8386, -0.5433 0.2953 -0.0118, -0.5433 0.3543 -0.0118, -0.6417 0.2953 -0.8386, -0.6417 0.2953 -0.0118, -0.6417 0.3543 -0.8386, -0.6417 0.3543 -0.0118, -0.937 0.2953 -0.8386, -0.937 0.3543 -0.8386, -0.937 0.2953 -0.0118, -0.937 0.3543 -0.0118, -1.0354 0.2953 -0.8386, -1.0354 0.2953 -0.0118, -1.0354 0.3543 -0.8386, -1.0354 0.3543 -0.0118, -1.3307 0.2953 -0.8386, -1.3307 0.3543 -0.8386, -1.3307 0.2953 -0.0118, -1.3307 0.3543 -0.0118, -1.4291 0.2953 -0.8386, -1.4291 0.2953 -0.0118, -1.4291 0.3543 -0.8386, -1.4291 0.3543 -0.0118, -1.0354 -0.3543 -0.8386, -0.937 -0.3543 -0.8386, -1.0354 -0.3543 -0.0118, -0.937 -0.3543 -0.0118, -1.0354 -0.2953 -0.8386, -1.0354 -0.2953 -0.0118, -0.937 -0.2953 -0.8386, -0.937 -0.2953 -0.0118, -0.6417 -0.3543 -0.8386, -0.5433 -0.3543 -0.8386, -0.6417 -0.3543 -0.0118, -0.5433 -0.3543 -0.0118, -0.6417 -0.2953 -0.8386, -0.6417 -0.2953 -0.0118, -0.5433 -0.2953 -0.8386, -0.5433 -0.2953 -0.0118, -0.248 -0.3543 -0.8386, -0.1496 -0.3543 -0.8386, -0.248 -0.3543 -0.0118, -0.1496 -0.3543 -0.0118, -0.248 -0.2953 -0.8386, -0.248 -0.2953 -0.0118, -0.1496 -0.2953 -0.8386, -0.1496 -0.2953 -0.0118, 0.1457 -0.3543 -0.8386, 0.2441 -0.3543 -0.8386, 0.1457 -0.3543 -0.0118, 0.2441 -0.3543 -0.0118, 0.1457 -0.2953 -0.8386, 0.1457 -0.2953 -0.0118, 0.2441 -0.2953 -0.8386, 0.2441 -0.2953 -0.0118, 0.5394 -0.3543 -0.8386, 0.6378 -0.3543 -0.8386, 0.5394 -0.3543 -0.0118, 0.6378 -0.3543 -0.0118, 0.5394 -0.2953 -0.8386, 0.5394 -0.2953 -0.0118, 0.6378 -0.2953 -0.8386, 0.6378 -0.2953 -0.0118, 0.9331 -0.3543 -0.8386, 1.0315 -0.3543 -0.8386, 0.9331 -0.3543 -0.0118, 1.0315 -0.3543 -0.0118, 0.9331 -0.2953 -0.8386, 0.9331 -0.2953 -0.0118, 1.0315 -0.2953 -0.8386, 1.0315 -0.2953 -0.0118, 1.3268 -0.3543 -0.8386, 1.4252 -0.3543 -0.8386, 1.3268 -0.3543 -0.0118, 1.4252 -0.3543 -0.0118, 1.3268 -0.2953 -0.8386, 1.3268 -0.2953 -0.0118, 1.4252 -0.2953 -0.8386, 1.4252 -0.2953 -0.0118
            ]
        }
        coordIndex [
            0,1,2,-1,2,1,3,-1,4,0,5,-1,5,0,2,-1,6,4,7,-1,7,4,5,-1,1,6,3,-1,3,6,7,-1,4,6,0,-1,0,6,1,-1,8,9,10,-1,10,9,11,-1,12,8,13,-1,13,8,10,-1,14,12,15,-1,15,12,13,-1,9,14,11,-1,11,14,15,-1,12,14,8,-1,8,14,9,-1,16,17,18,-1,18,17,19,-1,20,16,21,-1,21,16,18,-1,22,20,23,-1,23,20,21,-1,17,22,19,-1,19,22,23,-1,20,22,16,-1,16,22,17,-1,24,25,26,-1,26,25,27,-1,28,24,29,-1,29,24,26,-1,30,28,31,-1,31,28,29,-1,25,30,27,-1,27,30,31,-1,28,30,24,-1,24,30,25,-1,32,33,34,-1,34,33,35,-1,36,32,37,-1,37,32,34,-1,38,36,39,-1,39,36,37,-1,33,38,35,-1,35,38,39,-1,36,38,32,-1,32,38,33,-1,40,41,42,-1,42,41,43,-1,44,40,45,-1,45,40,42,-1,46,44,47,-1,47,44,45,-1,41,46,43,-1,43,46,47,-1,44,46,40,-1,40,46,41,-1,48,49,50,-1,50,49,51,-1,52,48,53,-1,53,48,50,-1,54,52,55,-1,55,52,53,-1,49,54,51,-1,51,54,55,-1,52,54,48,-1,48,54,49,-1,56,57,58,-1,58,57,59,-1,60,56,61,-1,61,56,58,-1,62,60,63,-1,63,60,61,-1,57,62,59,-1,59,62,63,-1,60,62,56,-1,56,62,57,-1,64,65,66,-1,66,65,67,-1,68,64,69,-1,69,64,66,-1,70,68,71,-1,71,68,69,-1,65,70,67,-1,67,70,71,-1,68,70,64,-1,64,70,65,-1,72,73,74,-1,74,73,75,-1,76,72,77,-1,77,72,74,-1,78,76,79,-1,79,76,77,-1,73,78,75,-1,75,78,79,-1,76,78,72,-1,72,78,73,-1,80,81,82,-1,82,81,83,-1,84,80,85,-1,85,80,82,-1,86,84,87,-1,87,84,85,-1,81,86,83,-1,83,86,87,-1,84,86,80,-1,80,86,81,-1,88,89,90,-1,90,89,91,-1,92,88,93,-1,93,88,90,-1,94,92,95,-1,95,92,93,-1,89,94,91,-1,91,94,95,-1,92,94,88,-1,88,94,89,-1,96,97,98,-1,98,97,99,-1,100,96,101,-1,101,96,98,-1,102,100,103,-1,103,100,101,-1,97,102,99,-1,99,102,103,-1,100,102,96,-1,96,102,97,-1,104,105,106,-1,106,105,107,-1,108,104,109,-1,109,104,106,-1,110,108,111,-1,111,108,109,-1,105,110,107,-1,107,110,111,-1,108,110,104,-1,104,110,105,-1,112,113,114,-1,114,113,115,-1,116,112,117,-1,117,112,114,-1,118,116,119,-1,119,116,117,-1,113,118,115,-1,115,118,119,-1,116,118,112,-1,112,118,113,-1,120,121,122,-1,122,121,123,-1,124,120,125,-1,125,120,122,-1,126,124,127,-1,127,124,125,-1,121,126,123,-1,123,126,127,-1,124,126,120,-1,120,126,121,-1,
        ]
    }
}
Shape{
    appearance Appearance {
        material  Material 	{
            diffuseColor 0.25098039215686274 0.25098039215686274 0.25098039215686274
            specularColor 0.12549019607843137 0.12549019607843137 0.12549019607843137
            ambientIntensity 0.251
            transparency 0.0
            shininess 0.5
        }
    }
    geometry IndexedFaceSet {
        ccw TRUE
        solid FALSE
        coord DEF co Coordinate {
            point [
                -1.872 0.6201 0.5331, 1.8681 0.6201 0.5331, -1.872 0.7382 0.5331, 1.8681 0.7382 0.5331, -1.872 0.6201 0.811, 1.8681 0.6201 0.811, 1.8681 -0.6201 0.5331, -1.872 -0.6201 0.5331, 1.8681 -0.7382 0.5331, -1.872 -0.7382 0.5331, -1.872 -0.6201 0.811, 1.8681 -0.6201 0.811
            ]
        }
        coordIndex [
            0,1,2,-1,2,1,3,-1,0,4,1,-1,1,4,5,-1,6,7,8,-1,8,7,9,-1,10,7,11,-1,11,7,6,-1,
        ]
    }
}
Shape{
    appearance Appearance {
        material  Material 	{
            diffuseColor 1.0 1.0 1.0
            specularColor 0.5019607843137255 0.5019607843137255 0.5019607843137255
            ambientIntensity 1.0
            transparency 0.0
            shininess 0.5
        }
    }
    geometry IndexedFaceSet {
        ccw TRUE
        solid FALSE
        coord DEF co Coordinate {
            point [
                2.3642 0.1177 0.4796, 2.3642 0.1177 0.466, 2.3602 0.1177 0.4796, 2.3602 0.1177 0.466, 2.3642 0.0701 0.4796, 2.3602 0.0701 0.4796, 2.3642 0.0701 0.5854, 2.3602 0.0701 0.5854, 2.3642 0.0547 0.5854, 2.3602 0.0547 0.5854, 2.3642 0.0547 0.466, 2.3602 0.0547 0.466, 2.3642 0.197 0.4657, 2.3642 0.1789 0.464, 2.3602 0.1789 0.464, 2.3602 0.1894 0.465, 2.3602 0.197 0.4657, 2.3642 0.2099 0.4699, 2.3602 0.2068 0.4689, 2.3602 0.2099 0.4699, 2.3602 0.2119 0.471, 2.3642 0.2119 0.471, 2.3642 0.2119 0.4857, 2.3602 0.2119 0.4857, 2.3602 0.2068 0.4834, 2.3642 0.2002 0.4805, 2.3602 0.2002 0.4805, 2.3602 0.1867 0.4779, 2.3642 0.1867 0.4779, 2.3602 0.1811 0.4777, 2.3642 0.1811 0.4777, 2.3602 0.169 0.4792, 2.3642 0.169 0.4792, 2.3602 0.1605 0.4825, 2.3642 0.1605 0.4825, 2.3602 0.1528 0.488, 2.3642 0.1528 0.488, 2.3602 0.1504 0.4903, 2.3642 0.1504 0.4903, 2.3602 0.1446 0.4984, 2.3642 0.1446 0.4984, 2.3602 0.1407 0.508, 2.3642 0.1407 0.508, 2.3602 0.1388 0.5199, 2.3642 0.1388 0.5199, 2.3602 0.1387 0.5243, 2.3642 0.1387 0.5243, 2.3602 0.1407 0.5409, 2.3642 0.1407 0.5409, 2.3602 0.1447 0.5512, 2.3642 0.1447 0.5512, 2.3602 0.1512 0.5602, 2.3642 0.1512 0.5602, 2.3602 0.1594 0.5669, 2.3642 0.1594 0.5669, 2.3602 0.1688 0.5713, 2.3642 0.1688 0.5713, 2.3602 0.1791 0.5733, 2.3642 0.1791 0.5733, 2.3602 0.1838 0.5735, 2.3642 0.1838 0.5735, 2.3602 0.1985 0.5717, 2.3602 0.2068 0.5685, 2.3642 0.2106 0.5671, 2.3642 0.1985 0.5717, 2.3602 0.2106 0.5671, 2.3602 0.2119 0.5664, 2.3642 0.2119 0.5664, 2.3642 0.2119 0.5825, 2.3602 0.2119 0.5825, 2.3602 0.1836 0.5874, 2.3642 0.1836 0.5874, 2.3642 0.1838 0.5874, 2.3602 0.2068 0.584, 2.3642 0.1994 0.5861, 2.3602 0.1994 0.5861, 2.3602 0.1963 0.5864, 2.3602 0.1838 0.5874, 2.3602 0.1754 0.5864, 2.3642 0.1662 0.5852, 2.3602 0.1662 0.5852, 2.3602 0.1538 0.5804, 2.3642 0.1538 0.5804, 2.3602 0.1426 0.5725, 2.3642 0.1426 0.5725, 2.3602 0.1398 0.5698, 2.3642 0.1398 0.5698, 2.3602 0.1311 0.5585, 2.3602 0.1279 0.5509, 2.3642 0.1255 0.5452, 2.3642 0.1311 0.5585, 2.3602 0.1255 0.5452, 2.3602 0.1227 0.5297, 2.3642 0.1227 0.5297, 2.3602 0.1225 0.5234, 2.3642 0.1225 0.5234, 2.3602 0.1249 0.5038, 2.3602 0.1279 0.4964, 2.3642 0.1298 0.4914, 2.3642 0.1249 0.5038, 2.3602 0.1298 0.4914, 2.3602 0.1379 0.4803, 2.3642 0.1379 0.4803, 2.3602 0.1587 0.467, 2.3642 0.1475 0.4723, 2.3602 0.1475 0.4723, 2.3602 0.1684 0.465, 2.3642 0.1717 0.4643, 2.3642 0.1587 0.467, 2.3602 0.1717 0.4643, 2.3642 0.3 0.4796, 2.3642 0.3 0.466, 2.3602 0.3 0.4796, 2.3602 0.3 0.466, 2.3602 0.2512 0.4796, 2.3642 0.2512 0.4796, 2.3602 0.2834 0.4796, 2.3642 0.2512 0.5198, 2.3602 0.2512 0.5198, 2.3642 0.2939 0.5198, 2.3602 0.2834 0.5198, 2.3602 0.2939 0.5198, 2.3642 0.2939 0.5334, 2.3602 0.2939 0.5334, 2.3602 0.2512 0.5334, 2.3642 0.2512 0.5334, 2.3602 0.2834 0.5334, 2.3642 0.2512 0.5716, 2.3602 0.2512 0.5716, 2.3602 0.2972 0.5716, 2.3642 0.2972 0.5716, 2.3602 0.2834 0.5716, 2.3642 0.2972 0.5854, 2.3602 0.2972 0.5854, 2.3602 0.2358 0.5854, 2.3642 0.2358 0.5854, 2.3602 0.2834 0.5854, 2.3642 0.2358 0.466, 2.3602 0.2358 0.466, 2.3602 0.2834 0.466, 2.3642 0.3966 0.4994, 2.3642 0.3907 0.4921, 2.3642 0.4017 0.4827, 2.3642 0.3885 0.4901, 2.3642 0.3893 0.4739, 2.3642 0.3806 0.4849, 2.3642 0.3758 0.4685, 2.3642 0.3704 0.4813, 2.3642 0.3553 0.466, 2.3642 0.3552 0.4796, 2.3642 0.3225 0.466, 2.3642 0.3379 0.4796, 2.3642 0.3225 0.5854, 2.3642 0.3379 0.5716, 2.3642 0.3565 0.5854, 2.3642 0.3559 0.5716, 2.3642 0.3748 0.5833, 2.3642 0.3713 0.5699, 2.3642 0.3892 0.5781, 2.3642 0.3816 0.5662, 2.3642 0.4017 0.5696, 2.3642 0.3904 0.5604, 2.3642 0.4058 0.5655, 2.3642 0.3943 0.5564, 2.3642 0.4132 0.5551, 2.3642 0.3988 0.5496, 2.3642 0.4176 0.5438, 2.3642 0.402 0.5405, 2.3642 0.4197 0.5272, 2.3642 0.4035 0.5268, 2.3642 0.4193 0.5196, 2.3642 0.4031 0.5192, 2.3642 0.4164 0.5057, 2.3642 0.4008 0.5083, 2.3642 0.4105 0.4933, 2.3602 0.3553 0.466, 2.3602 0.3225 0.466, 2.3602 0.3758 0.4685, 2.3602 0.3893 0.4739, 2.3602 0.4017 0.4827, 2.3602 0.4105 0.4933, 2.3602 0.4164 0.5057, 2.3602 0.4193 0.5196, 2.3602 0.4197 0.5272, 2.3602 0.4176 0.5438, 2.3602 0.4132 0.5551, 2.3602 0.4058 0.5655, 2.3602 0.4017 0.5696, 2.3602 0.3892 0.5781, 2.3602 0.3748 0.5833, 2.3602 0.3565 0.5854, 2.3602 0.3225 0.5854, 2.3602 0.3559 0.5716, 2.3602 0.3379 0.5716, 2.3602 0.3379 0.4796, 2.3602 0.3552 0.4796, 2.3602 0.3907 0.4921, 2.3602 0.3885 0.4901, 2.3602 0.3806 0.4849, 2.3602 0.3704 0.4813, 2.3602 0.4035 0.5268, 2.3602 0.4031 0.5192, 2.3602 0.4008 0.5083, 2.3602 0.3966 0.4994, 2.3602 0.3904 0.5604, 2.3602 0.3943 0.5564, 2.3602 0.3988 0.5496, 2.3602 0.402 0.5405, 2.3602 0.3713 0.5699, 2.3602 0.3816 0.5662
            ]
        }
        coordIndex [
            0,1,2,-1,2,1,3,-1,4,0,5,-1,5,0,2,-1,6,4,7,-1,7,4,5,-1,8,6,9,-1,9,6,7,-1,10,8,11,-1,11,8,9,-1,1,10,3,-1,3,10,11,-1,6,8,4,-1,4,8,10,-1,4,10,0,-1,0,10,1,-1,12,13,14,-1,14,15,12,-1,12,15,16,-1,12,16,17,-1,17,16,18,-1,18,19,17,-1,17,19,20,-1,17,20,21,-1,22,21,23,-1,23,21,20,-1,22,23,24,-1,22,24,25,-1,24,26,25,-1,25,26,27,-1,25,27,28,-1,28,27,29,-1,28,29,30,-1,30,29,31,-1,30,31,32,-1,32,31,33,-1,32,33,34,-1,34,33,35,-1,34,35,36,-1,36,35,37,-1,36,37,38,-1,38,37,39,-1,38,39,40,-1,40,39,41,-1,40,41,42,-1,42,41,43,-1,42,43,44,-1,44,43,45,-1,44,45,46,-1,46,45,47,-1,46,47,48,-1,48,47,49,-1,48,49,50,-1,50,49,51,-1,50,51,52,-1,52,51,53,-1,52,53,54,-1,54,53,55,-1,54,55,56,-1,56,55,57,-1,56,57,58,-1,58,57,59,-1,58,59,60,-1,60,59,61,-1,62,63,61,-1,61,63,64,-1,61,64,60,-1,62,65,63,-1,63,65,66,-1,63,66,67,-1,68,67,69,-1,69,67,66,-1,70,71,72,-1,68,69,73,-1,68,73,74,-1,73,75,74,-1,74,75,76,-1,74,76,72,-1,72,76,77,-1,72,77,70,-1,71,70,78,-1,71,78,79,-1,78,80,79,-1,79,80,81,-1,79,81,82,-1,82,81,83,-1,82,83,84,-1,84,83,85,-1,84,85,86,-1,86,85,87,-1,88,89,87,-1,87,89,90,-1,87,90,86,-1,88,91,89,-1,89,91,92,-1,89,92,93,-1,93,92,94,-1,93,94,95,-1,95,94,96,-1,97,98,96,-1,96,98,99,-1,96,99,95,-1,97,100,98,-1,98,100,101,-1,98,101,102,-1,103,104,105,-1,105,104,102,-1,105,102,101,-1,106,107,103,-1,103,107,108,-1,103,108,104,-1,106,109,107,-1,107,109,14,-1,107,14,13,-1,63,67,68,-1,54,84,52,-1,52,84,86,-1,52,86,50,-1,50,86,90,-1,50,90,48,-1,63,68,64,-1,64,68,74,-1,64,74,60,-1,60,74,72,-1,60,72,58,-1,58,72,71,-1,58,71,56,-1,56,71,79,-1,56,79,54,-1,54,79,82,-1,54,82,84,-1,95,46,93,-1,93,46,48,-1,93,48,89,-1,89,48,90,-1,21,22,17,-1,17,22,25,-1,17,25,12,-1,12,25,28,-1,12,28,13,-1,13,28,30,-1,13,30,107,-1,107,30,32,-1,107,32,108,-1,108,32,34,-1,108,34,104,-1,104,34,36,-1,104,36,102,-1,102,36,38,-1,102,38,98,-1,98,38,40,-1,98,40,99,-1,99,40,42,-1,99,42,95,-1,95,42,44,-1,95,44,46,-1,110,111,112,-1,112,111,113,-1,114,115,116,-1,116,115,110,-1,116,110,112,-1,117,115,118,-1,118,115,114,-1,117,118,119,-1,119,118,120,-1,119,120,121,-1,122,119,123,-1,123,119,121,-1,124,125,126,-1,126,125,122,-1,126,122,123,-1,127,125,128,-1,128,125,124,-1,129,130,131,-1,131,130,127,-1,131,127,128,-1,132,130,133,-1,133,130,129,-1,134,135,136,-1,136,135,132,-1,136,132,133,-1,137,135,138,-1,138,135,134,-1,113,111,139,-1,139,111,137,-1,139,137,138,-1,137,111,110,-1,110,115,137,-1,137,115,117,-1,137,117,135,-1,130,132,127,-1,127,132,135,-1,127,135,125,-1,125,135,117,-1,125,117,122,-1,122,117,119,-1,140,141,142,-1,142,141,143,-1,142,143,144,-1,144,143,145,-1,144,145,146,-1,146,145,147,-1,146,147,148,-1,148,147,149,-1,148,149,150,-1,150,149,151,-1,150,151,152,-1,152,151,153,-1,152,153,154,-1,154,153,155,-1,154,155,156,-1,156,155,157,-1,156,157,158,-1,158,157,159,-1,158,159,160,-1,160,159,161,-1,160,161,162,-1,162,161,163,-1,162,163,164,-1,164,163,165,-1,164,165,166,-1,166,165,167,-1,166,167,168,-1,168,167,169,-1,168,169,170,-1,170,169,171,-1,170,171,172,-1,172,171,173,-1,172,173,174,-1,174,173,140,-1,174,140,142,-1,148,150,175,-1,175,150,176,-1,148,175,177,-1,148,177,146,-1,146,177,178,-1,146,178,144,-1,144,178,179,-1,144,179,142,-1,142,179,180,-1,142,180,174,-1,174,180,181,-1,174,181,172,-1,172,181,182,-1,172,182,170,-1,170,182,183,-1,170,183,168,-1,168,183,184,-1,168,184,166,-1,166,184,185,-1,166,185,164,-1,164,185,186,-1,164,186,162,-1,162,186,187,-1,162,187,160,-1,160,187,188,-1,160,188,158,-1,158,188,189,-1,158,189,156,-1,156,189,190,-1,156,190,154,-1,152,154,191,-1,191,154,190,-1,150,152,176,-1,176,152,191,-1,155,153,192,-1,192,153,193,-1,153,151,193,-1,193,151,194,-1,151,149,194,-1,194,149,195,-1,141,196,197,-1,141,197,143,-1,143,197,198,-1,143,198,145,-1,145,198,199,-1,145,199,147,-1,147,199,195,-1,147,195,149,-1,169,200,201,-1,169,201,171,-1,171,201,202,-1,171,202,173,-1,173,202,203,-1,173,203,140,-1,140,203,196,-1,140,196,141,-1,161,204,205,-1,161,205,163,-1,163,205,206,-1,163,206,165,-1,165,206,207,-1,165,207,167,-1,167,207,200,-1,167,200,169,-1,155,192,208,-1,155,208,157,-1,157,208,209,-1,157,209,159,-1,159,209,204,-1,159,204,161,-1,
        ]
    }
}
Shape{
    appearance Appearance {
        material  Material 	{
            diffuseColor 0.25098039215686274 0.25098039215686274 0.25098039215686274
            specularColor 0.12549019607843137 0.12549019607843137 0.12549019607843137
            ambientIntensity 0.251
            transparency 0.0
            shininess 0.5
        }
    }
    geometry IndexedFaceSet {
        ccw TRUE
        solid FALSE
        coord DEF co Coordinate {
            point [
                2.3602 0.3379 0.5716, 2.3602 0.3379 0.4796, 2.3602 0.3559 0.5716, 2.3602 0.3552 0.4796, 2.3602 0.3704 0.4813, 2.3602 0.3806 0.4849, 2.3602 0.3885 0.4901, 2.3602 0.3907 0.4921, 2.3602 0.3966 0.4994, 2.3602 0.4008 0.5083, 2.3602 0.4031 0.5192, 2.3602 0.4035 0.5268, 2.3602 0.402 0.5405, 2.3602 0.3988 0.5496, 2.3602 0.3943 0.5564, 2.3602 0.3904 0.5604, 2.3602 0.3713 0.5699, 2.3602 0.3816 0.5662
            ]
        }
        coordIndex [
            0,1,2,-1,2,1,3,-1,2,3,4,-1,4,5,2,-1,2,5,6,-1,2,6,7,-1,7,8,2,-1,2,8,9,-1,2,9,10,-1,10,11,2,-1,2,11,12,-1,2,12,13,-1,13,14,2,-1,2,14,15,-1,2,15,16,-1,16,15,17,-1,
        ]
    }
}
Shape{
    appearance Appearance {
        material  Material 	{
            diffuseColor 1.0 1.0 1.0
            specularColor 0.5019607843137255 0.5019607843137255 0.5019607843137255
            ambientIntensity 1.0
            transparency 0.0
            shininess 0.5
        }
    }
    geometry IndexedFaceSet {
        ccw TRUE
        solid FALSE
        coord DEF co Coordinate {
            point [
                2.3642 0.4596 0.5121, 2.3642 0.4548 0.4987, 2.3642 0.4997 0.5121, 2.3642 0.5045 0.4987, 2.3642 0.4775 0.5617, 2.3642 0.4717 0.5854, 2.3642 0.4263 0.466, 2.3642 0.4433 0.466, 2.3642 0.4785 0.5653, 2.3642 0.4794 0.5701, 2.3642 0.4882 0.5854, 2.3642 0.4798 0.5701, 2.3642 0.4808 0.5651, 2.3642 0.4817 0.5617, 2.3642 0.5337 0.466, 2.3642 0.5166 0.466, 2.3602 0.4882 0.5854, 2.3602 0.5337 0.466, 2.3602 0.4717 0.5854, 2.3602 0.4263 0.466, 2.3602 0.4607 0.5563, 2.3602 0.4433 0.466, 2.3602 0.4548 0.4987, 2.3602 0.5045 0.4987, 2.3602 0.4607 0.4987, 2.3602 0.5166 0.466, 2.3602 0.4596 0.5121, 2.3602 0.4997 0.5121, 2.3602 0.4817 0.5617, 2.3602 0.4798 0.5701, 2.3602 0.4808 0.5651, 2.3602 0.4794 0.5701, 2.3602 0.4775 0.5617, 2.3602 0.4785 0.5653
            ]
        }
        coordIndex [
            0,1,2,-1,2,1,3,-1,4,5,0,-1,0,5,6,-1,0,6,1,-1,1,6,7,-1,4,8,5,-1,5,8,9,-1,5,9,10,-1,10,9,11,-1,10,11,12,-1,12,13,10,-1,10,13,2,-1,10,2,14,-1,14,2,3,-1,14,3,15,-1,10,14,16,-1,16,14,17,-1,5,10,18,-1,18,10,16,-1,19,6,20,-1,20,6,5,-1,20,5,18,-1,7,6,21,-1,21,6,19,-1,1,7,22,-1,22,7,21,-1,23,3,24,-1,24,3,1,-1,24,1,22,-1,15,3,25,-1,25,3,23,-1,14,15,17,-1,17,15,25,-1,0,2,26,-1,26,2,27,-1,2,13,27,-1,27,13,28,-1,11,29,30,-1,11,30,12,-1,12,30,28,-1,12,28,13,-1,11,9,29,-1,29,9,31,-1,4,32,33,-1,4,33,8,-1,8,33,31,-1,8,31,9,-1,4,0,32,-1,32,0,26,-1,
        ]
    }
}
Shape{
    appearance Appearance {
        material  Material 	{
            diffuseColor 0.25098039215686274 0.25098039215686274 0.25098039215686274
            specularColor 0.12549019607843137 0.12549019607843137 0.12549019607843137
            ambientIntensity 0.251
            transparency 0.0
            shininess 0.5
        }
    }
    geometry IndexedFaceSet {
        ccw TRUE
        solid FALSE
        coord DEF co Coordinate {
            point [
                2.3602 0.4798 0.5701, 2.3602 0.4794 0.5701, 2.3602 0.4808 0.5651, 2.3602 0.4785 0.5653, 2.3602 0.4817 0.5617, 2.3602 0.4775 0.5617, 2.3602 0.4997 0.5121, 2.3602 0.4596 0.5121
            ]
        }
        coordIndex [
            0,1,2,-1,2,1,3,-1,2,3,4,-1,4,3,5,-1,4,5,6,-1,6,5,7,-1,
        ]
    }
}
Shape{
    appearance Appearance {
        material  Material 	{
            diffuseColor 1.0 1.0 1.0
            specularColor 0.5019607843137255 0.5019607843137255 0.5019607843137255
            ambientIntensity 1.0
            transparency 0.0
            shininess 0.5
        }
    }
    geometry IndexedFaceSet {
        ccw TRUE
        solid FALSE
        coord DEF co Coordinate {
            point [
                2.3642 0.1189 0.2903, 2.3642 0.1189 0.2767, 2.3602 0.1189 0.2903, 2.3602 0.1189 0.2767, 2.3642 0.0701 0.2903, 2.3602 0.0701 0.2903, 2.3642 0.0701 0.3305, 2.3602 0.0701 0.3305, 2.3642 0.1128 0.3305, 2.3602 0.1128 0.3305, 2.3642 0.1128 0.3441, 2.3602 0.1128 0.3441, 2.3642 0.0701 0.3441, 2.3602 0.0701 0.3441, 2.3642 0.0701 0.3823, 2.3602 0.0701 0.3823, 2.3642 0.1162 0.3823, 2.3602 0.1162 0.3823, 2.3642 0.1162 0.396, 2.3602 0.1162 0.396, 2.3642 0.0547 0.396, 2.3602 0.0547 0.396, 2.3642 0.0547 0.2767, 2.3602 0.0547 0.2767, 2.3642 0.2017 0.3316, 2.3642 0.1868 0.3195, 2.3642 0.1868 0.3113, 2.3642 0.1864 0.2899, 2.3642 0.1868 0.2899, 2.3642 0.1859 0.3042, 2.3642 0.1868 0.2767, 2.3642 0.2017 0.2767, 2.3642 0.1485 0.3031, 2.3642 0.1492 0.3065, 2.3642 0.1362 0.313, 2.3642 0.1839 0.2988, 2.3642 0.1803 0.2939, 2.3642 0.184 0.2863, 2.3642 0.1785 0.2921, 2.3642 0.1792 0.2812, 2.3642 0.1743 0.2892, 2.3642 0.1738 0.2776, 2.3642 0.1697 0.2876, 2.3642 0.1677 0.2755, 2.3642 0.1641 0.287, 2.3642 0.1602 0.2747, 2.3642 0.1591 0.2875, 2.3642 0.1512 0.2758, 2.3642 0.1557 0.2888, 2.3642 0.1455 0.2779, 2.3642 0.1527 0.2908, 2.3642 0.1405 0.2814, 2.3642 0.1514 0.2921, 2.3642 0.1392 0.3173, 2.3642 0.1506 0.3093, 2.3642 0.1438 0.3213, 2.3642 0.1523 0.3115, 2.3642 0.1502 0.3245, 2.3642 0.1542 0.313, 2.3642 0.1578 0.3147, 2.3642 0.1615 0.3273, 2.3642 0.1668 0.3168, 2.3642 0.1868 0.3309, 2.3642 0.1342 0.3077, 2.3642 0.1333 0.3013, 2.3642 0.1484 0.3007, 2.3642 0.1332 0.2995, 2.3642 0.1488 0.2973, 2.3642 0.134 0.2925, 2.3642 0.1497 0.2946, 2.3642 0.1359 0.2875, 2.3642 0.139 0.283, 2.3642 0.1415 0.356, 2.3642 0.1415 0.3414, 2.3642 0.1446 0.3577, 2.3642 0.1519 0.3479, 2.3642 0.1557 0.362, 2.3642 0.1613 0.351, 2.3642 0.1709 0.3639, 2.3642 0.1695 0.3517, 2.3642 0.1797 0.3631, 2.3642 0.1746 0.3512, 2.3642 0.1861 0.3612, 2.3642 0.1781 0.35, 2.3642 0.1911 0.3584, 2.3642 0.1807 0.3483, 2.3642 0.1951 0.3546, 2.3642 0.183 0.3459, 2.3642 0.1981 0.3498, 2.3642 0.1847 0.3428, 2.3642 0.2005 0.3431, 2.3642 0.1862 0.3374, 2.3602 0.1709 0.3639, 2.3602 0.1557 0.362, 2.3602 0.1446 0.3577, 2.3602 0.1415 0.356, 2.3602 0.1415 0.3414, 2.3602 0.1519 0.3479, 2.3602 0.1613 0.351, 2.3602 0.1695 0.3517, 2.3602 0.1746 0.3512, 2.3602 0.1781 0.35, 2.3602 0.1807 0.3483, 2.3602 0.183 0.3459, 2.3602 0.1847 0.3428, 2.3602 0.1862 0.3374, 2.3602 0.1868 0.3309, 2.3602 0.1615 0.3273, 2.3602 0.1502 0.3245, 2.3602 0.1438 0.3213, 2.3602 0.1392 0.3173, 2.3602 0.1362 0.313, 2.3602 0.1342 0.3077, 2.3602 0.1333 0.3013, 2.3602 0.1332 0.2995, 2.3602 0.134 0.2925, 2.3602 0.1359 0.2875, 2.3602 0.139 0.283, 2.3602 0.1405 0.2814, 2.3602 0.1602 0.2747, 2.3602 0.1517 0.2757, 2.3602 0.1512 0.2758, 2.3602 0.1455 0.2779, 2.3602 0.1677 0.2755, 2.3602 0.1683 0.2757, 2.3602 0.1738 0.2776, 2.3602 0.1792 0.2812, 2.3602 0.184 0.2863, 2.3602 0.1864 0.2899, 2.3602 0.1868 0.2899, 2.3602 0.1868 0.2767, 2.3602 0.2017 0.2767, 2.3602 0.2017 0.3316, 2.3602 0.2005 0.3431, 2.3602 0.1981 0.3498, 2.3602 0.1951 0.3546, 2.3602 0.1911 0.3584, 2.3602 0.1861 0.3612, 2.3602 0.1797 0.3631, 2.3602 0.1523 0.3115, 2.3602 0.1542 0.313, 2.3602 0.1578 0.3147, 2.3602 0.1668 0.3168, 2.3602 0.1484 0.3007, 2.3602 0.1485 0.3031, 2.3602 0.1492 0.3065, 2.3602 0.1506 0.3093, 2.3602 0.1527 0.2908, 2.3602 0.1514 0.2921, 2.3602 0.1497 0.2946, 2.3602 0.1488 0.2973, 2.3602 0.1641 0.287, 2.3602 0.1591 0.2875, 2.3602 0.1557 0.2888, 2.3602 0.1803 0.2939, 2.3602 0.1785 0.2921, 2.3602 0.1743 0.2892, 2.3602 0.1697 0.2876, 2.3602 0.1868 0.3113, 2.3602 0.1859 0.3042, 2.3602 0.1839 0.2988, 2.3602 0.1868 0.3195
            ]
        }
        coordIndex [
            0,1,2,-1,2,1,3,-1,4,0,5,-1,5,0,2,-1,6,4,7,-1,7,4,5,-1,8,6,9,-1,9,6,7,-1,10,8,11,-1,11,8,9,-1,12,10,13,-1,13,10,11,-1,14,12,15,-1,15,12,13,-1,16,14,17,-1,17,14,15,-1,18,16,19,-1,19,16,17,-1,20,18,21,-1,21,18,19,-1,22,20,23,-1,23,20,21,-1,1,22,3,-1,3,22,23,-1,22,1,0,-1,0,4,22,-1,22,4,6,-1,22,6,20,-1,16,18,14,-1,14,18,20,-1,14,20,12,-1,12,20,6,-1,12,6,10,-1,10,6,8,-1,24,25,26,-1,27,28,29,-1,30,31,28,-1,28,31,24,-1,28,24,29,-1,29,24,26,-1,32,33,34,-1,29,35,27,-1,27,35,36,-1,27,36,37,-1,37,36,38,-1,37,38,39,-1,39,38,40,-1,39,40,41,-1,41,40,42,-1,41,42,43,-1,43,42,44,-1,43,44,45,-1,45,44,46,-1,45,46,47,-1,47,46,48,-1,47,48,49,-1,49,48,50,-1,49,50,51,-1,51,50,52,-1,34,33,53,-1,53,33,54,-1,53,54,55,-1,55,54,56,-1,55,56,57,-1,56,58,57,-1,57,58,59,-1,57,59,60,-1,60,59,61,-1,60,61,62,-1,34,63,32,-1,32,63,64,-1,32,64,65,-1,65,64,66,-1,65,66,67,-1,67,66,68,-1,67,68,69,-1,69,68,70,-1,69,70,52,-1,52,70,71,-1,52,71,51,-1,72,73,74,-1,74,73,75,-1,74,75,76,-1,76,75,77,-1,76,77,78,-1,78,77,79,-1,78,79,80,-1,80,79,81,-1,80,81,82,-1,82,81,83,-1,82,83,84,-1,84,83,85,-1,84,85,86,-1,86,85,87,-1,86,87,88,-1,88,87,89,-1,88,89,90,-1,90,89,91,-1,90,91,24,-1,24,91,62,-1,24,62,25,-1,25,62,61,-1,78,92,93,-1,78,93,76,-1,76,93,94,-1,76,94,74,-1,74,94,95,-1,74,95,72,-1,73,72,96,-1,96,72,95,-1,73,96,97,-1,73,97,75,-1,75,97,98,-1,75,98,77,-1,77,98,99,-1,77,99,79,-1,79,99,100,-1,79,100,81,-1,81,100,101,-1,81,101,83,-1,83,101,102,-1,83,102,85,-1,85,102,103,-1,85,103,87,-1,87,103,104,-1,87,104,89,-1,89,104,105,-1,89,105,91,-1,91,105,106,-1,91,106,62,-1,60,62,107,-1,107,62,106,-1,60,107,108,-1,60,108,57,-1,57,108,109,-1,57,109,55,-1,55,109,110,-1,55,110,53,-1,53,110,111,-1,53,111,34,-1,34,111,112,-1,34,112,63,-1,63,112,113,-1,63,113,64,-1,64,113,114,-1,64,114,66,-1,66,114,115,-1,66,115,68,-1,68,115,116,-1,68,116,70,-1,70,116,117,-1,70,117,71,-1,71,117,118,-1,71,118,51,-1,119,45,120,-1,120,45,47,-1,120,47,121,-1,121,47,49,-1,121,49,122,-1,122,49,51,-1,122,51,118,-1,45,119,123,-1,45,123,43,-1,43,123,124,-1,43,124,41,-1,124,125,41,-1,41,125,126,-1,41,126,39,-1,39,126,127,-1,39,127,37,-1,37,127,128,-1,37,128,27,-1,28,27,129,-1,129,27,128,-1,30,28,130,-1,130,28,129,-1,31,30,131,-1,131,30,130,-1,24,31,132,-1,132,31,131,-1,24,132,133,-1,24,133,90,-1,90,133,134,-1,90,134,88,-1,88,134,135,-1,88,135,86,-1,86,135,136,-1,86,136,84,-1,84,136,137,-1,84,137,82,-1,82,137,138,-1,82,138,80,-1,80,138,92,-1,80,92,78,-1,56,139,140,-1,56,140,58,-1,58,140,141,-1,58,141,59,-1,59,141,142,-1,59,142,61,-1,65,143,144,-1,65,144,32,-1,32,144,145,-1,32,145,33,-1,33,145,146,-1,33,146,54,-1,54,146,139,-1,54,139,56,-1,50,147,148,-1,50,148,52,-1,52,148,149,-1,52,149,69,-1,69,149,150,-1,69,150,67,-1,67,150,143,-1,67,143,65,-1,44,151,152,-1,44,152,46,-1,46,152,153,-1,46,153,48,-1,48,153,147,-1,48,147,50,-1,36,154,155,-1,36,155,38,-1,38,155,156,-1,38,156,40,-1,40,156,157,-1,40,157,42,-1,42,157,151,-1,42,151,44,-1,26,158,159,-1,26,159,29,-1,29,159,160,-1,29,160,35,-1,35,160,154,-1,35,154,36,-1,26,25,158,-1,158,25,161,-1,25,61,161,-1,161,61,142,-1,
        ]
    }
}
Shape{
    appearance Appearance {
        material  Material 	{
            diffuseColor 0.25098039215686274 0.25098039215686274 0.25098039215686274
            specularColor 0.12549019607843137 0.12549019607843137 0.12549019607843137
            ambientIntensity 0.251
            transparency 0.0
            shininess 0.5
        }
    }
    geometry IndexedFaceSet {
        ccw TRUE
        solid FALSE
        coord DEF co Coordinate {
            point [
                2.3602 0.1868 0.3113, 2.3602 0.1868 0.3195, 2.3602 0.1668 0.3168, 2.3602 0.1785 0.2921, 2.3602 0.1803 0.2939, 2.3602 0.1578 0.3147, 2.3602 0.1542 0.313, 2.3602 0.1697 0.2876, 2.3602 0.1743 0.2892, 2.3602 0.1839 0.2988, 2.3602 0.1859 0.3042, 2.3602 0.1523 0.3115, 2.3602 0.1506 0.3093, 2.3602 0.1492 0.3065, 2.3602 0.1485 0.3031, 2.3602 0.1484 0.3007, 2.3602 0.1488 0.2973, 2.3602 0.1557 0.2888, 2.3602 0.1591 0.2875, 2.3602 0.1527 0.2908, 2.3602 0.1641 0.287, 2.3602 0.1497 0.2946, 2.3602 0.1514 0.2921
            ]
        }
        coordIndex [
            0,1,2,-1,3,4,2,-1,5,6,7,-1,5,7,2,-1,2,7,8,-1,2,8,3,-1,4,9,2,-1,2,9,10,-1,2,10,0,-1,6,11,7,-1,7,11,12,-1,7,12,13,-1,13,14,7,-1,7,14,15,-1,7,15,16,-1,17,18,19,-1,19,18,20,-1,19,20,7,-1,16,21,7,-1,7,21,22,-1,7,22,19,-1,
        ]
    }
}
Shape{
    appearance Appearance {
        material  Material 	{
            diffuseColor 1.0 1.0 1.0
            specularColor 0.5019607843137255 0.5019607843137255 0.5019607843137255
            ambientIntensity 1.0
            transparency 0.0
            shininess 0.5
        }
    }
    geometry IndexedFaceSet {
        ccw TRUE
        solid FALSE
        coord DEF co Coordinate {
            point [
                2.3602 0.222 0.2951, 2.3642 0.222 0.2951, 2.3642 0.2273 0.2918, 2.3642 0.2465 0.2869, 2.3602 0.2465 0.2869, 2.3602 0.2367 0.2881, 2.3642 0.2367 0.2881, 2.3602 0.2289 0.2912, 2.3602 0.2273 0.2918, 2.3642 0.222 0.2797, 2.3602 0.222 0.2797, 2.3642 0.2324 0.276, 2.3602 0.2289 0.2773, 2.3602 0.2451 0.2747, 2.3642 0.2451 0.2747, 2.3602 0.2354 0.2757, 2.3602 0.2324 0.276, 2.3642 0.2587 0.2763, 2.3602 0.2535 0.2757, 2.3602 0.2587 0.2763, 2.3602 0.2665 0.2794, 2.3642 0.2665 0.2794, 2.3602 0.2699 0.2815, 2.3642 0.2699 0.2815, 2.3602 0.2746 0.2857, 2.3642 0.2746 0.2857, 2.3602 0.2772 0.2897, 2.3642 0.2772 0.2897, 2.3602 0.2789 0.2944, 2.3642 0.2789 0.2944, 2.3602 0.2795 0.2999, 2.3642 0.2795 0.2999, 2.3602 0.2789 0.3055, 2.3642 0.2789 0.3055, 2.3602 0.2773 0.3099, 2.3642 0.2773 0.3099, 2.3602 0.2745 0.314, 2.3642 0.2745 0.314, 2.3602 0.271 0.3172, 2.3642 0.271 0.3172, 2.3602 0.261 0.3227, 2.3642 0.261 0.3227, 2.3602 0.2552 0.325, 2.3642 0.2552 0.325, 2.3602 0.246 0.3291, 2.3642 0.246 0.3291, 2.3602 0.2407 0.3323, 2.3642 0.2407 0.3323, 2.3602 0.2393 0.334, 2.3642 0.2393 0.334, 2.3602 0.2382 0.336, 2.3642 0.2382 0.336, 2.3602 0.2376 0.3383, 2.3642 0.2376 0.3383, 2.3602 0.2375 0.3403, 2.3642 0.2375 0.3403, 2.3602 0.2377 0.3427, 2.3642 0.2377 0.3427, 2.3602 0.2385 0.3447, 2.3642 0.2385 0.3447, 2.3602 0.2397 0.3466, 2.3642 0.2397 0.3466, 2.3602 0.242 0.3486, 2.3642 0.242 0.3486, 2.3602 0.2453 0.3504, 2.3642 0.2453 0.3504, 2.3602 0.2493 0.3514, 2.3642 0.2493 0.3514, 2.3602 0.2538 0.3517, 2.3642 0.2538 0.3517, 2.3602 0.2642 0.3505, 2.3642 0.2642 0.3505, 2.3602 0.2727 0.3472, 2.3642 0.2727 0.3472, 2.3602 0.2754 0.3456, 2.3642 0.2754 0.3456, 2.3642 0.2754 0.3601, 2.3602 0.2754 0.3601, 2.3602 0.2657 0.363, 2.3642 0.2657 0.363, 2.3602 0.2552 0.3639, 2.3642 0.2552 0.3639, 2.3602 0.2433 0.3624, 2.3642 0.2433 0.3624, 2.3602 0.2353 0.3594, 2.3642 0.2353 0.3594, 2.3602 0.2316 0.3571, 2.3642 0.2316 0.3571, 2.3642 0.2268 0.3527, 2.3602 0.2289 0.3546, 2.3602 0.2268 0.3527, 2.3602 0.2242 0.3486, 2.3642 0.2242 0.3486, 2.3602 0.2225 0.3438, 2.3642 0.2225 0.3438, 2.3602 0.222 0.3389, 2.3642 0.222 0.3389, 2.3602 0.2228 0.3326, 2.3642 0.2228 0.3326, 2.3602 0.2246 0.3281, 2.3642 0.2246 0.3281, 2.3602 0.2263 0.3255, 2.3642 0.2263 0.3255, 2.3602 0.2447 0.3142, 2.3642 0.2447 0.3142, 2.3642 0.2358 0.3183, 2.3602 0.2287 0.3229, 2.3642 0.2287 0.3229, 2.3602 0.2289 0.3228, 2.3602 0.2358 0.3183, 2.3602 0.2545 0.3101, 2.3642 0.2545 0.3101, 2.3602 0.2603 0.3065, 2.3642 0.2603 0.3065, 2.3602 0.2622 0.3046, 2.3642 0.2622 0.3046, 2.3602 0.2633 0.3026, 2.3642 0.2633 0.3026, 2.3602 0.264 0.3003, 2.3642 0.264 0.3003, 2.3602 0.2642 0.2984, 2.3642 0.2642 0.2984, 2.3602 0.2639 0.2956, 2.3642 0.2639 0.2956, 2.3602 0.2631 0.2934, 2.3642 0.2631 0.2934, 2.3602 0.2618 0.2915, 2.3642 0.2618 0.2915, 2.3602 0.2601 0.29, 2.3642 0.2601 0.29, 2.3602 0.2587 0.2892, 2.3642 0.2587 0.2892, 2.3602 0.2549 0.2878, 2.3642 0.2549 0.2878, 2.3602 0.2472 0.2869, 2.3642 0.2472 0.2869, 2.3642 0.3536 0.3619, 2.3642 0.3691 0.3619, 2.3602 0.3536 0.3619, 2.3602 0.3691 0.3619, 2.3642 0.3303 0.2978, 2.3602 0.3303 0.2978, 2.3602 0.3292 0.2938, 2.3642 0.3292 0.2938, 2.3602 0.3285 0.2909, 2.3642 0.3285 0.2909, 2.3642 0.3281 0.2909, 2.3602 0.3281 0.2909, 2.3642 0.3263 0.2979, 2.3602 0.3263 0.2979, 2.3602 0.304 0.3619, 2.3642 0.304 0.3619, 2.3602 0.3112 0.3412, 2.3642 0.2873 0.3619, 2.3602 0.2873 0.3619, 2.3602 0.3207 0.2769, 2.3642 0.3207 0.2769, 2.3602 0.3112 0.3011, 2.3602 0.3142 0.2614, 2.3642 0.3142 0.2614, 2.3602 0.3202 0.2757, 2.3602 0.3112 0.2562, 2.3642 0.3108 0.2554, 2.3602 0.3108 0.2554, 2.3602 0.3078 0.2524, 2.3642 0.3078 0.2524, 2.3602 0.305 0.2507, 2.3642 0.305 0.2507, 2.3602 0.3017 0.2496, 2.3642 0.3017 0.2496, 2.3602 0.2989 0.2494, 2.3642 0.2989 0.2494, 2.3602 0.2934 0.2501, 2.3642 0.2934 0.2501, 2.3602 0.2904 0.2511, 2.3642 0.2904 0.2511, 2.3642 0.2904 0.2378, 2.3602 0.2904 0.2378, 2.3602 0.2967 0.2367, 2.3642 0.2967 0.2367, 2.3602 0.3 0.2366, 2.3642 0.3 0.2366, 2.3602 0.3064 0.2373, 2.3642 0.3064 0.2373, 2.3602 0.3112 0.2393, 2.3642 0.3123 0.2397, 2.3602 0.3123 0.2397, 2.3602 0.3174 0.2434, 2.3642 0.3174 0.2434, 2.3602 0.3236 0.2505, 2.3642 0.3236 0.2505, 2.3602 0.3304 0.2638, 2.3642 0.3304 0.2638, 2.3602 0.3351 0.2757, 2.3642 0.4494 0.2903, 2.3642 0.4494 0.2767, 2.3602 0.4494 0.2903, 2.3602 0.4494 0.2767, 2.3602 0.4006 0.2903, 2.3642 0.4006 0.2903, 2.3602 0.423 0.2903, 2.3642 0.4006 0.3305, 2.3602 0.4006 0.3305, 2.3602 0.4433 0.3305, 2.3642 0.4433 0.3305, 2.3602 0.423 0.3305, 2.3642 0.4433 0.3441, 2.3602 0.4433 0.3441, 2.3602 0.4006 0.3441, 2.3642 0.4006 0.3441, 2.3602 0.423 0.3441, 2.3642 0.4006 0.3823, 2.3602 0.4006 0.3823, 2.3602 0.4467 0.3823, 2.3642 0.4467 0.3823, 2.3602 0.423 0.3823, 2.3642 0.4467 0.396, 2.3602 0.4467 0.396, 2.3602 0.3852 0.396, 2.3642 0.3852 0.396, 2.3602 0.423 0.396, 2.3642 0.3852 0.2767, 2.3602 0.3852 0.2767, 2.3602 0.423 0.2767, 2.3642 0.5461 0.3101, 2.3642 0.5401 0.3028, 2.3642 0.5511 0.2934, 2.3642 0.538 0.3008, 2.3642 0.5388 0.2846, 2.3642 0.5301 0.2956, 2.3642 0.5252 0.2792, 2.3642 0.5198 0.2919, 2.3642 0.5048 0.2767, 2.3642 0.5047 0.2903, 2.3642 0.4719 0.2767, 2.3642 0.4873 0.2903, 2.3642 0.4719 0.396, 2.3642 0.4873 0.3823, 2.3642 0.506 0.396, 2.3642 0.5054 0.3823, 2.3642 0.5242 0.394, 2.3642 0.5207 0.3806, 2.3642 0.5386 0.3888, 2.3642 0.5311 0.3769, 2.3642 0.5511 0.3802, 2.3642 0.5398 0.3711, 2.3642 0.5552 0.3762, 2.3642 0.5437 0.3671, 2.3642 0.5626 0.3658, 2.3642 0.5482 0.3603, 2.3642 0.5671 0.3545, 2.3642 0.5514 0.3512, 2.3642 0.5691 0.3379, 2.3642 0.5529 0.3375, 2.3642 0.5687 0.3303, 2.3642 0.5525 0.3299, 2.3642 0.5659 0.3164, 2.3642 0.5502 0.319, 2.3642 0.56 0.304, 2.3602 0.5048 0.2767, 2.3602 0.4719 0.2767, 2.3602 0.5252 0.2792, 2.3602 0.5388 0.2846, 2.3602 0.5511 0.2934, 2.3602 0.56 0.304, 2.3602 0.5659 0.3164, 2.3602 0.5687 0.3303, 2.3602 0.5691 0.3379, 2.3602 0.5671 0.3545, 2.3602 0.5626 0.3658, 2.3602 0.5552 0.3762, 2.3602 0.5511 0.3802, 2.3602 0.5386 0.3888, 2.3602 0.5242 0.394, 2.3602 0.506 0.396, 2.3602 0.4719 0.396, 2.3602 0.5054 0.3823, 2.3602 0.4873 0.3823, 2.3602 0.4873 0.2903, 2.3602 0.5047 0.2903, 2.3602 0.5401 0.3028, 2.3602 0.538 0.3008, 2.3602 0.5301 0.2956, 2.3602 0.5198 0.2919, 2.3602 0.5529 0.3375, 2.3602 0.5525 0.3299, 2.3602 0.5502 0.319, 2.3602 0.5461 0.3101, 2.3602 0.5398 0.3711, 2.3602 0.5437 0.3671, 2.3602 0.5482 0.3603, 2.3602 0.5514 0.3512, 2.3602 0.5207 0.3806, 2.3602 0.5311 0.3769
            ]
        }
        coordIndex [
            0,1,2,-1,3,4,5,-1,3,5,6,-1,6,5,7,-1,6,7,2,-1,2,7,8,-1,2,8,0,-1,9,1,10,-1,10,1,0,-1,9,10,11,-1,11,10,12,-1,13,14,15,-1,15,14,11,-1,15,11,16,-1,16,11,12,-1,14,13,17,-1,17,13,18,-1,18,19,17,-1,17,19,20,-1,17,20,21,-1,21,20,22,-1,21,22,23,-1,23,22,24,-1,23,24,25,-1,25,24,26,-1,25,26,27,-1,27,26,28,-1,27,28,29,-1,29,28,30,-1,29,30,31,-1,31,30,32,-1,31,32,33,-1,33,32,34,-1,33,34,35,-1,35,34,36,-1,35,36,37,-1,37,36,38,-1,37,38,39,-1,39,38,40,-1,39,40,41,-1,41,40,42,-1,41,42,43,-1,43,42,44,-1,43,44,45,-1,45,44,46,-1,45,46,47,-1,47,46,48,-1,47,48,49,-1,49,48,50,-1,49,50,51,-1,51,50,52,-1,51,52,53,-1,53,52,54,-1,53,54,55,-1,55,54,56,-1,55,56,57,-1,57,56,58,-1,57,58,59,-1,59,58,60,-1,59,60,61,-1,61,60,62,-1,61,62,63,-1,63,62,64,-1,63,64,65,-1,65,64,66,-1,65,66,67,-1,67,66,68,-1,67,68,69,-1,69,68,70,-1,69,70,71,-1,71,70,72,-1,71,72,73,-1,73,72,74,-1,73,74,75,-1,76,75,77,-1,77,75,74,-1,76,77,78,-1,76,78,79,-1,79,78,80,-1,79,80,81,-1,81,80,82,-1,81,82,83,-1,83,82,84,-1,83,84,85,-1,85,84,86,-1,85,86,87,-1,87,86,88,-1,88,86,89,-1,89,90,88,-1,88,90,91,-1,88,91,92,-1,92,91,93,-1,92,93,94,-1,94,93,95,-1,94,95,96,-1,96,95,97,-1,96,97,98,-1,98,97,99,-1,98,99,100,-1,100,99,101,-1,100,101,102,-1,103,104,105,-1,102,101,106,-1,102,106,107,-1,107,106,108,-1,107,108,105,-1,105,108,109,-1,105,109,103,-1,104,103,110,-1,104,110,111,-1,111,110,112,-1,111,112,113,-1,113,112,114,-1,113,114,115,-1,115,114,116,-1,115,116,117,-1,117,116,118,-1,117,118,119,-1,119,118,120,-1,119,120,121,-1,121,120,122,-1,121,122,123,-1,123,122,124,-1,123,124,125,-1,125,124,126,-1,125,126,127,-1,127,126,128,-1,127,128,129,-1,129,128,130,-1,129,130,131,-1,131,130,132,-1,131,132,133,-1,133,132,134,-1,133,134,135,-1,135,134,4,-1,135,4,3,-1,59,61,87,-1,87,61,85,-1,85,61,63,-1,85,63,83,-1,125,25,27,-1,111,43,104,-1,104,43,45,-1,96,98,51,-1,51,98,100,-1,51,100,49,-1,49,100,102,-1,49,102,47,-1,47,102,107,-1,47,107,45,-1,45,107,105,-1,45,105,104,-1,125,27,123,-1,123,27,29,-1,123,29,121,-1,121,29,31,-1,121,31,119,-1,119,31,33,-1,119,33,117,-1,117,33,35,-1,117,35,115,-1,115,35,37,-1,115,37,113,-1,113,37,39,-1,113,39,111,-1,111,39,41,-1,111,41,43,-1,25,125,23,-1,23,125,127,-1,23,127,21,-1,14,3,11,-1,11,3,6,-1,11,6,9,-1,9,6,2,-1,9,2,1,-1,63,65,83,-1,83,65,67,-1,83,67,81,-1,81,67,69,-1,81,69,79,-1,79,69,71,-1,79,71,76,-1,76,71,73,-1,76,73,75,-1,127,129,21,-1,21,129,131,-1,21,131,17,-1,17,131,133,-1,17,133,14,-1,14,133,135,-1,14,135,3,-1,87,88,59,-1,59,88,92,-1,59,92,57,-1,57,92,94,-1,57,94,55,-1,55,94,96,-1,55,96,53,-1,53,96,51,-1,136,137,138,-1,138,137,139,-1,140,136,141,-1,141,136,138,-1,140,141,142,-1,140,142,143,-1,143,142,144,-1,143,144,145,-1,146,145,147,-1,147,145,144,-1,148,146,149,-1,149,146,147,-1,150,151,152,-1,152,151,148,-1,152,148,149,-1,153,151,154,-1,154,151,150,-1,155,156,157,-1,157,156,153,-1,157,153,154,-1,158,159,160,-1,160,159,156,-1,160,156,155,-1,158,161,159,-1,159,161,162,-1,161,163,162,-1,162,163,164,-1,162,164,165,-1,165,164,166,-1,165,166,167,-1,167,166,168,-1,167,168,169,-1,169,168,170,-1,169,170,171,-1,171,170,172,-1,171,172,173,-1,173,172,174,-1,173,174,175,-1,176,175,177,-1,177,175,174,-1,176,177,178,-1,176,178,179,-1,179,178,180,-1,179,180,181,-1,181,180,182,-1,181,182,183,-1,183,182,184,-1,183,184,185,-1,184,186,185,-1,185,186,187,-1,185,187,188,-1,188,187,189,-1,188,189,190,-1,190,189,191,-1,190,191,192,-1,139,137,193,-1,193,137,192,-1,193,192,191,-1,143,145,192,-1,137,136,192,-1,192,136,140,-1,192,140,143,-1,151,153,148,-1,148,153,156,-1,148,156,146,-1,145,146,192,-1,192,146,156,-1,192,156,190,-1,156,159,190,-1,190,159,162,-1,190,162,188,-1,188,162,165,-1,188,165,185,-1,185,165,167,-1,185,167,183,-1,183,167,169,-1,183,169,181,-1,181,169,171,-1,181,171,179,-1,179,171,173,-1,179,173,176,-1,176,173,175,-1,194,195,196,-1,196,195,197,-1,198,199,200,-1,200,199,194,-1,200,194,196,-1,201,199,202,-1,202,199,198,-1,203,204,205,-1,205,204,201,-1,205,201,202,-1,206,204,207,-1,207,204,203,-1,208,209,210,-1,210,209,206,-1,210,206,207,-1,211,209,212,-1,212,209,208,-1,213,214,215,-1,215,214,211,-1,215,211,212,-1,216,214,217,-1,217,214,213,-1,218,219,220,-1,220,219,216,-1,220,216,217,-1,221,219,222,-1,222,219,218,-1,197,195,223,-1,223,195,221,-1,223,221,222,-1,214,216,211,-1,211,216,219,-1,211,219,209,-1,195,194,221,-1,221,194,199,-1,221,199,201,-1,204,206,201,-1,201,206,209,-1,201,209,221,-1,221,209,219,-1,224,225,226,-1,226,225,227,-1,226,227,228,-1,228,227,229,-1,228,229,230,-1,230,229,231,-1,230,231,232,-1,232,231,233,-1,232,233,234,-1,234,233,235,-1,234,235,236,-1,236,235,237,-1,236,237,238,-1,238,237,239,-1,238,239,240,-1,240,239,241,-1,240,241,242,-1,242,241,243,-1,242,243,244,-1,244,243,245,-1,244,245,246,-1,246,245,247,-1,246,247,248,-1,248,247,249,-1,248,249,250,-1,250,249,251,-1,250,251,252,-1,252,251,253,-1,252,253,254,-1,254,253,255,-1,254,255,256,-1,256,255,257,-1,256,257,258,-1,258,257,224,-1,258,224,226,-1,232,234,259,-1,259,234,260,-1,232,259,261,-1,232,261,230,-1,230,261,262,-1,230,262,228,-1,228,262,263,-1,228,263,226,-1,226,263,264,-1,226,264,258,-1,258,264,265,-1,258,265,256,-1,256,265,266,-1,256,266,254,-1,254,266,267,-1,254,267,252,-1,252,267,268,-1,252,268,250,-1,250,268,269,-1,250,269,248,-1,248,269,270,-1,248,270,246,-1,246,270,271,-1,246,271,244,-1,244,271,272,-1,244,272,242,-1,242,272,273,-1,242,273,240,-1,240,273,274,-1,240,274,238,-1,236,238,275,-1,275,238,274,-1,234,236,260,-1,260,236,275,-1,239,237,276,-1,276,237,277,-1,237,235,277,-1,277,235,278,-1,235,233,278,-1,278,233,279,-1,225,280,281,-1,225,281,227,-1,227,281,282,-1,227,282,229,-1,229,282,283,-1,229,283,231,-1,231,283,279,-1,231,279,233,-1,253,284,285,-1,253,285,255,-1,255,285,286,-1,255,286,257,-1,257,286,287,-1,257,287,224,-1,224,287,280,-1,224,280,225,-1,245,288,289,-1,245,289,247,-1,247,289,290,-1,247,290,249,-1,249,290,291,-1,249,291,251,-1,251,291,284,-1,251,284,253,-1,239,276,292,-1,239,292,241,-1,241,292,293,-1,241,293,243,-1,243,293,288,-1,243,288,245,-1,
        ]
    }
}
Shape{
    appearance Appearance {
        material  Material 	{
            diffuseColor 0.25098039215686274 0.25098039215686274 0.25098039215686274
            specularColor 0.12549019607843137 0.12549019607843137 0.12549019607843137
            ambientIntensity 0.251
            transparency 0.0
            shininess 0.5
        }
    }
    geometry IndexedFaceSet {
        ccw TRUE
        solid FALSE
        coord DEF co Coordinate {
            point [
                2.3602 0.4873 0.3823, 2.3602 0.4873 0.2903, 2.3602 0.5054 0.3823, 2.3602 0.5047 0.2903, 2.3602 0.5198 0.2919, 2.3602 0.5301 0.2956, 2.3602 0.538 0.3008, 2.3602 0.5401 0.3028, 2.3602 0.5461 0.3101, 2.3602 0.5502 0.319, 2.3602 0.5525 0.3299, 2.3602 0.5529 0.3375, 2.3602 0.5514 0.3512, 2.3602 0.5482 0.3603, 2.3602 0.5437 0.3671, 2.3602 0.5398 0.3711, 2.3602 0.5207 0.3806, 2.3602 0.5311 0.3769
            ]
        }
        coordIndex [
            0,1,2,-1,2,1,3,-1,2,3,4,-1,4,5,2,-1,2,5,6,-1,2,6,7,-1,7,8,2,-1,2,8,9,-1,2,9,10,-1,10,11,2,-1,2,11,12,-1,2,12,13,-1,13,14,2,-1,2,14,15,-1,2,15,16,-1,16,15,17,-1,
        ]
    }
}
Shape{
    appearance Appearance {
        material  Material 	{
            diffuseColor 1.0 1.0 1.0
            specularColor 0.5019607843137255 0.5019607843137255 0.5019607843137255
            ambientIntensity 1.0
            transparency 0.0
            shininess 0.5
        }
    }
    geometry IndexedFaceSet {
        ccw TRUE
        solid FALSE
        coord DEF co Coordinate {
            point [
                2.3642 0.6091 0.3228, 2.3642 0.6042 0.3093, 2.3642 0.6491 0.3228, 2.3642 0.6539 0.3093, 2.3642 0.6269 0.3724, 2.3642 0.6212 0.396, 2.3642 0.5757 0.2767, 2.3642 0.5927 0.2767, 2.3642 0.628 0.376, 2.3642 0.6289 0.3808, 2.3642 0.6376 0.396, 2.3642 0.6293 0.3808, 2.3642 0.6302 0.3757, 2.3642 0.6311 0.3724, 2.3642 0.6831 0.2767, 2.3642 0.6661 0.2767, 2.3602 0.6376 0.396, 2.3602 0.6831 0.2767, 2.3602 0.6212 0.396, 2.3602 0.5757 0.2767, 2.3602 0.5927 0.2767, 2.3602 0.6042 0.3093, 2.3602 0.6539 0.3093, 2.3602 0.6661 0.2767, 2.3602 0.6091 0.3228, 2.3602 0.6491 0.3228, 2.3602 0.6311 0.3724, 2.3602 0.6293 0.3808, 2.3602 0.6302 0.3757, 2.3602 0.6289 0.3808, 2.3602 0.6269 0.3724, 2.3602 0.628 0.376
            ]
        }
        coordIndex [
            0,1,2,-1,2,1,3,-1,4,5,0,-1,0,5,6,-1,0,6,1,-1,1,6,7,-1,4,8,5,-1,5,8,9,-1,5,9,10,-1,10,9,11,-1,10,11,12,-1,12,13,10,-1,10,13,2,-1,10,2,14,-1,14,2,3,-1,14,3,15,-1,10,14,16,-1,16,14,17,-1,5,10,18,-1,18,10,16,-1,6,5,19,-1,19,5,18,-1,7,6,20,-1,20,6,19,-1,1,7,21,-1,21,7,20,-1,3,1,22,-1,22,1,21,-1,15,3,23,-1,23,3,22,-1,14,15,17,-1,17,15,23,-1,0,2,24,-1,24,2,25,-1,2,13,25,-1,25,13,26,-1,11,27,28,-1,11,28,12,-1,12,28,26,-1,12,26,13,-1,11,9,27,-1,27,9,29,-1,4,30,31,-1,4,31,8,-1,8,31,29,-1,8,29,9,-1,4,0,30,-1,30,0,24,-1,
        ]
    }
}
Shape{
    appearance Appearance {
        material  Material 	{
            diffuseColor 0.25098039215686274 0.25098039215686274 0.25098039215686274
            specularColor 0.12549019607843137 0.12549019607843137 0.12549019607843137
            ambientIntensity 0.251
            transparency 0.0
            shininess 0.5
        }
    }
    geometry IndexedFaceSet {
        ccw TRUE
        solid FALSE
        coord DEF co Coordinate {
            point [
                2.3602 0.6293 0.3808, 2.3602 0.6289 0.3808, 2.3602 0.6302 0.3757, 2.3602 0.628 0.376, 2.3602 0.6311 0.3724, 2.3602 0.6269 0.3724, 2.3602 0.6491 0.3228, 2.3602 0.6091 0.3228
            ]
        }
        coordIndex [
            0,1,2,-1,2,1,3,-1,2,3,4,-1,4,3,5,-1,4,5,6,-1,6,5,7,-1,
        ]
    }
}
Shape{
    appearance Appearance {
        material  Material 	{
            diffuseColor 1.0 1.0 1.0
            specularColor 0.5019607843137255 0.5019607843137255 0.5019607843137255
            ambientIntensity 1.0
            transparency 0.0
            shininess 0.5
        }
    }
    geometry IndexedFaceSet {
        ccw TRUE
        solid FALSE
        coord DEF co Coordinate {
            point [
                2.3642 -0.4723 0.2598, 2.3642 -0.4597 0.2442, 2.3642 -0.48 0.3348, 2.3642 -0.3307 0.2566, 2.3642 -0.3207 0.2755, 2.3642 -0.3158 0.2965, 2.3642 -0.423 0.2796, 2.3642 -0.4163 0.2749, 2.3642 -0.4431 0.2317, 2.3642 -0.4084 0.272, 2.3642 -0.0956 0.3942, 2.3642 -0.0976 0.3777, 2.3642 -0.0473 0.3634, 2.3642 -0.1966 0.3764, 2.3642 -0.2229 0.4214, 2.3642 -0.3154 0.3136, 2.3642 -0.3366 0.362, 2.3642 -0.3154 0.3051, 2.3642 -0.3608 0.2301, 2.3642 -0.3439 0.2418, 2.3642 -0.4984 0.3462, 2.3642 -0.4957 0.2827, 2.3642 -0.4808 0.278, 2.3642 -0.1686 0.4604, 2.3642 -0.1618 0.4604, 2.3642 -0.127 0.5062, 2.3642 -0.1457 0.4584, 2.3642 -0.1218 0.5044, 2.3642 -0.1309 0.4527, 2.3642 -0.0966 0.4917, 2.3642 -0.0738 0.472, 2.3642 -0.4073 0.4884, 2.3642 -0.4011 0.485, 2.3642 -0.4274 0.547, 2.3642 -0.3891 0.5102, 2.3642 -0.41 0.5672, 2.3642 -0.3705 0.5333, 2.3642 -0.39 0.5843, 2.3642 -0.347 0.5508, 2.3642 -0.3694 0.597, 2.3642 -0.4236 0.2235, 2.3642 -0.4035 0.2204, 2.3642 -0.4011 0.2712, 2.3642 -0.4002 0.2203, 2.3642 -0.3939 0.272, 2.3642 -0.3797 0.2228, 2.3642 -0.3865 0.2746, 2.3642 -0.3798 0.2789, 2.3642 -0.3742 0.2849, 2.3642 -0.0583 0.3367, 2.3642 -0.1035 0.3626, 2.3642 -0.0744 0.3145, 2.3642 -0.3303 0.6122, 2.3642 -0.3193 0.5623, 2.3642 -0.2882 0.6174, 2.3642 -0.1728 0.5733, 2.3642 -0.2024 0.5307, 2.3642 -0.1451 0.5413, 2.3642 -0.1842 0.507, 2.3642 -0.1723 0.4791, 2.3642 -0.5136 0.3618, 2.3642 -0.5487 0.3187, 2.3642 -0.5258 0.2986, 2.3642 -0.5283 0.4334, 2.3642 -0.5839 0.4214, 2.3642 -0.5309 0.4129, 2.3642 -0.5843 0.4112, 2.3642 -0.5299 0.4, 2.3642 -0.5811 0.3817, 2.3642 -0.5238 0.3792, 2.3642 -0.5699 0.3499, 2.3642 -0.552 0.3226, 2.3642 -0.4285 0.2857, 2.3642 -0.4321 0.2927, 2.3642 -0.4339 0.3006, 2.3642 -0.3702 0.3163, 2.3642 -0.3682 0.3084, 2.3642 -0.3682 0.3004, 2.3642 -0.3703 0.2922, 2.3642 -0.1177 0.4435, 2.3642 -0.1078 0.4325, 2.3642 -0.0567 0.4477, 2.3642 -0.1 0.4179, 2.3642 -0.0466 0.4217, 2.3642 -0.096 0.4015, 2.3642 -0.043 0.3951, 2.3642 -0.0431 0.3911, 2.3642 -0.1128 0.3494, 2.3642 -0.114 0.3481, 2.3642 -0.0987 0.2942, 2.3642 -0.1266 0.3379, 2.3642 -0.1247 0.2818, 2.3642 -0.1416 0.3309, 2.3642 -0.1516 0.2763, 2.3642 -0.1567 0.328, 2.3642 -0.2017 0.2763, 2.3642 -0.1949 0.328, 2.3642 -0.2057 0.2769, 2.3642 -0.4263 0.4953, 2.3642 -0.4371 0.5481, 2.3642 -0.446 0.4977, 2.3642 -0.4469 0.5486, 2.3642 -0.4547 0.4973, 2.3642 -0.4765 0.5454, 2.3642 -0.4757 0.4924, 2.3642 -0.5082 0.5342, 2.3642 -0.4946 0.4824, 2.3642 -0.5367 0.5151, 2.3642 -0.5093 0.4692, 2.3642 -0.5444 0.5079, 2.3642 -0.5211 0.4523, 2.3642 -0.5629 0.4849, 2.3642 -0.5772 0.4549, 2.3642 -0.291 0.5664, 2.3642 -0.2874 0.5665, 2.3642 -0.2532 0.6137, 2.3642 -0.2602 0.5633, 2.3642 -0.2107 0.5987, 2.3642 -0.2334 0.5535, 2.3642 -0.2094 0.5373, 2.3642 -0.4339 0.308, 2.3642 -0.432 0.3162, 2.3642 -0.4706 0.3531, 2.3642 -0.428 0.3235, 2.3642 -0.4565 0.3692, 2.3642 -0.4224 0.3296, 2.3642 -0.4392 0.3812, 2.3642 -0.4156 0.334, 2.3642 -0.4204 0.3884, 2.3642 -0.4081 0.3366, 2.3642 -0.4002 0.3908, 2.3642 -0.4011 0.3374, 2.3642 -0.3898 0.3902, 2.3642 -0.3941 0.3366, 2.3642 -0.3694 0.3851, 2.3642 -0.3862 0.3339, 2.3642 -0.3514 0.3755, 2.3642 -0.3794 0.3293, 2.3642 -0.3739 0.3232, 2.3642 -0.1991 0.3288, 2.3642 -0.2197 0.2854, 2.3642 -0.217 0.2826, 2.3642 -0.2062 0.3282, 2.3642 -0.212 0.3259, 2.3642 -0.2262 0.3049, 2.3642 -0.2263 0.3026, 2.3642 -0.2255 0.2965, 2.3642 -0.2234 0.2907, 2.3642 -0.1966 0.3283, 2.3642 -0.2113 0.2789, 2.3642 -0.2 0.3289, 2.3642 -0.2173 0.3223, 2.3642 -0.2217 0.3174, 2.3642 -0.2247 0.3115, 2.3602 -0.0689 0.465, 2.3602 -0.0567 0.4477, 2.3602 -0.0498 0.43, 2.3602 -0.0466 0.4217, 2.3602 -0.043 0.3951, 2.3602 -0.0738 0.472, 2.3602 -0.0966 0.4917, 2.3602 -0.1218 0.5044, 2.3602 -0.127 0.5062, 2.3602 -0.1451 0.5413, 2.3602 -0.1728 0.5733, 2.3602 -0.1923 0.5864, 2.3602 -0.2107 0.5987, 2.3602 -0.2532 0.6137, 2.3602 -0.2882 0.6174, 2.3602 -0.3303 0.6122, 2.3602 -0.3694 0.597, 2.3602 -0.3867 0.5864, 2.3602 -0.39 0.5843, 2.3602 -0.41 0.5672, 2.3602 -0.4274 0.547, 2.3602 -0.4371 0.5481, 2.3602 -0.4469 0.5486, 2.3602 -0.4765 0.5454, 2.3602 -0.5082 0.5342, 2.3602 -0.5367 0.5151, 2.3602 -0.5444 0.5079, 2.3602 -0.5629 0.4849, 2.3602 -0.5724 0.465, 2.3602 -0.5772 0.4549, 2.3602 -0.5822 0.43, 2.3602 -0.5839 0.4214, 2.3602 -0.5843 0.4112, 2.3602 -0.5811 0.3817, 2.3602 -0.5699 0.3499, 2.3602 -0.552 0.3226, 2.3602 -0.5487 0.3187, 2.3602 -0.5258 0.2986, 2.3602 -0.4957 0.2827, 2.3602 -0.4808 0.278, 2.3602 -0.4797 0.2757, 2.3602 -0.4723 0.2598, 2.3602 -0.4597 0.2442, 2.3602 -0.4431 0.2317, 2.3602 -0.4353 0.2284, 2.3602 -0.4236 0.2235, 2.3602 -0.4035 0.2204, 2.3602 -0.4002 0.2203, 2.3602 -0.3154 0.3051, 2.3602 -0.3797 0.2228, 2.3602 -0.3651 0.2284, 2.3602 -0.3608 0.2301, 2.3602 -0.3439 0.2418, 2.3602 -0.3307 0.2566, 2.3602 -0.3207 0.2755, 2.3602 -0.3207 0.2757, 2.3602 -0.3158 0.2965, 2.3602 -0.3154 0.3136, 2.3602 -0.1966 0.3764, 2.3602 -0.2229 0.4214, 2.3602 -0.3366 0.362, 2.3602 -0.3514 0.3755, 2.3602 -0.3694 0.3851, 2.3602 -0.3898 0.3902, 2.3602 -0.4002 0.3908, 2.3602 -0.4204 0.3884, 2.3602 -0.4392 0.3812, 2.3602 -0.4565 0.3692, 2.3602 -0.4706 0.3531, 2.3602 -0.48 0.3348, 2.3602 -0.4984 0.3462, 2.3602 -0.5136 0.3618, 2.3602 -0.5238 0.3792, 2.3602 -0.5299 0.4, 2.3602 -0.5309 0.4129, 2.3602 -0.5288 0.43, 2.3602 -0.5283 0.4334, 2.3602 -0.5211 0.4523, 2.3602 -0.5123 0.465, 2.3602 -0.5093 0.4692, 2.3602 -0.4946 0.4824, 2.3602 -0.4757 0.4924, 2.3602 -0.4547 0.4973, 2.3602 -0.446 0.4977, 2.3602 -0.4263 0.4953, 2.3602 -0.4073 0.4884, 2.3602 -0.4011 0.485, 2.3602 -0.3891 0.5102, 2.3602 -0.3705 0.5333, 2.3602 -0.347 0.5508, 2.3602 -0.3193 0.5623, 2.3602 -0.291 0.5664, 2.3602 -0.2874 0.5665, 2.3602 -0.2602 0.5633, 2.3602 -0.2334 0.5535, 2.3602 -0.2094 0.5373, 2.3602 -0.2024 0.5307, 2.3602 -0.1842 0.507, 2.3602 -0.1723 0.4791, 2.3602 -0.1695 0.465, 2.3602 -0.1686 0.4604, 2.3602 -0.1618 0.4604, 2.3602 -0.1457 0.4584, 2.3602 -0.1309 0.4527, 2.3602 -0.1177 0.4435, 2.3602 -0.1078 0.4325, 2.3602 -0.1065 0.43, 2.3602 -0.1 0.4179, 2.3602 -0.096 0.4015, 2.3602 -0.0956 0.3942, 2.3602 -0.0976 0.3777, 2.3602 -0.1035 0.3626, 2.3602 -0.1128 0.3494, 2.3602 -0.114 0.3481, 2.3602 -0.1266 0.3379, 2.3602 -0.1416 0.3309, 2.3602 -0.1567 0.328, 2.3602 -0.1949 0.328, 2.3602 -0.1966 0.3283, 2.3602 -0.1991 0.3288, 2.3602 -0.2 0.3289, 2.3602 -0.2062 0.3282, 2.3602 -0.212 0.3259, 2.3602 -0.2173 0.3223, 2.3602 -0.2217 0.3174, 2.3602 -0.2247 0.3115, 2.3602 -0.2262 0.3049, 2.3602 -0.2263 0.3026, 2.3602 -0.2255 0.2965, 2.3602 -0.2234 0.2907, 2.3602 -0.2197 0.2854, 2.3602 -0.217 0.2826, 2.3602 -0.2113 0.2789, 2.3602 -0.2057 0.2769, 2.3602 -0.2017 0.2763, 2.3602 -0.1516 0.2763, 2.3602 -0.1247 0.2818, 2.3602 -0.0987 0.2942, 2.3602 -0.0744 0.3145, 2.3602 -0.0583 0.3367, 2.3602 -0.0473 0.3634, 2.3602 -0.0431 0.3911, 2.3602 -0.4011 0.3374, 2.3602 -0.3941 0.3366, 2.3602 -0.3862 0.3339, 2.3602 -0.3794 0.3293, 2.3602 -0.3739 0.3232, 2.3602 -0.3702 0.3163, 2.3602 -0.3682 0.3084, 2.3602 -0.3682 0.3004, 2.3602 -0.3703 0.2922, 2.3602 -0.3742 0.2849, 2.3602 -0.3798 0.2789, 2.3602 -0.3865 0.2746, 2.3602 -0.3939 0.272, 2.3602 -0.4011 0.2712, 2.3602 -0.4084 0.272, 2.3602 -0.4163 0.2749, 2.3602 -0.423 0.2796, 2.3602 -0.4285 0.2857, 2.3602 -0.4321 0.2927, 2.3602 -0.4339 0.3006, 2.3602 -0.4339 0.308, 2.3602 -0.432 0.3162, 2.3602 -0.428 0.3235, 2.3602 -0.4224 0.3296, 2.3602 -0.4156 0.334, 2.3602 -0.4081 0.3366
            ]
        }
        coordIndex [
            0,1,2,-1,3,4,5,-1,6,1,7,-1,7,1,8,-1,7,8,9,-1,10,11,12,-1,13,14,15,-1,15,14,16,-1,15,16,17,-1,17,16,18,-1,17,18,5,-1,5,18,19,-1,5,19,3,-1,20,21,2,-1,2,21,22,-1,2,22,0,-1,23,24,25,-1,25,24,26,-1,25,26,27,-1,27,26,28,-1,27,28,29,-1,29,28,30,-1,31,32,33,-1,33,32,34,-1,33,34,35,-1,35,34,36,-1,35,36,37,-1,37,36,38,-1,37,38,39,-1,8,40,9,-1,9,40,41,-1,9,41,42,-1,42,41,43,-1,42,43,44,-1,44,43,45,-1,44,45,46,-1,46,45,18,-1,46,18,47,-1,47,18,48,-1,12,11,49,-1,49,11,50,-1,49,50,51,-1,39,38,52,-1,52,38,53,-1,52,53,54,-1,55,56,57,-1,57,56,58,-1,57,58,25,-1,25,58,59,-1,25,59,23,-1,60,61,20,-1,20,61,62,-1,20,62,21,-1,63,64,65,-1,65,64,66,-1,65,66,67,-1,67,66,68,-1,67,68,69,-1,69,68,70,-1,69,70,60,-1,60,70,71,-1,60,71,61,-1,6,72,1,-1,1,72,73,-1,1,73,2,-1,2,73,74,-1,75,76,16,-1,16,76,77,-1,16,77,18,-1,18,77,78,-1,18,78,48,-1,28,79,30,-1,30,79,80,-1,30,80,81,-1,81,80,82,-1,81,82,83,-1,83,82,84,-1,83,84,85,-1,85,84,10,-1,85,10,86,-1,86,10,12,-1,50,87,51,-1,51,87,88,-1,51,88,89,-1,89,88,90,-1,89,90,91,-1,91,90,92,-1,91,92,93,-1,93,92,94,-1,93,94,95,-1,95,94,96,-1,95,96,97,-1,31,33,98,-1,98,33,99,-1,98,99,100,-1,100,99,101,-1,100,101,102,-1,102,101,103,-1,102,103,104,-1,104,103,105,-1,104,105,106,-1,106,105,107,-1,106,107,108,-1,108,107,109,-1,108,109,110,-1,110,109,111,-1,110,111,63,-1,63,111,112,-1,63,112,64,-1,53,113,54,-1,54,113,114,-1,54,114,115,-1,115,114,116,-1,115,116,117,-1,117,116,118,-1,117,118,55,-1,55,118,119,-1,55,119,56,-1,74,120,2,-1,2,120,121,-1,2,121,122,-1,122,121,123,-1,122,123,124,-1,124,123,125,-1,124,125,126,-1,126,125,127,-1,126,127,128,-1,128,127,129,-1,128,129,130,-1,130,129,131,-1,130,131,132,-1,132,131,133,-1,132,133,134,-1,134,133,135,-1,134,135,136,-1,136,135,137,-1,136,137,16,-1,16,137,138,-1,16,138,75,-1,139,140,141,-1,142,143,144,-1,145,146,139,-1,139,146,147,-1,139,147,140,-1,96,148,97,-1,97,148,139,-1,97,139,149,-1,149,139,141,-1,145,139,144,-1,144,139,150,-1,144,150,142,-1,143,151,144,-1,144,151,152,-1,144,152,153,-1,154,30,155,-1,155,30,81,-1,155,81,156,-1,156,81,83,-1,156,83,157,-1,157,83,85,-1,157,85,158,-1,154,159,30,-1,30,159,160,-1,30,160,29,-1,29,160,161,-1,29,161,27,-1,27,161,162,-1,27,162,25,-1,25,162,163,-1,25,163,57,-1,57,163,164,-1,57,164,55,-1,117,55,165,-1,165,55,164,-1,165,166,117,-1,117,166,167,-1,117,167,115,-1,115,167,168,-1,115,168,54,-1,54,168,169,-1,54,169,52,-1,52,169,170,-1,52,170,39,-1,39,170,37,-1,37,170,171,-1,37,171,172,-1,37,172,173,-1,37,173,35,-1,35,173,174,-1,35,174,33,-1,33,174,175,-1,33,175,99,-1,99,175,176,-1,99,176,101,-1,101,176,177,-1,101,177,103,-1,103,177,178,-1,103,178,105,-1,105,178,179,-1,105,179,107,-1,107,179,180,-1,107,180,109,-1,112,111,181,-1,181,111,109,-1,181,109,180,-1,181,182,112,-1,112,182,183,-1,112,183,64,-1,64,183,184,-1,184,185,64,-1,64,185,186,-1,64,186,66,-1,66,186,187,-1,66,187,68,-1,68,187,188,-1,68,188,70,-1,70,188,189,-1,70,189,71,-1,71,189,190,-1,71,190,61,-1,61,190,191,-1,61,191,62,-1,62,191,192,-1,62,192,21,-1,21,192,193,-1,21,193,22,-1,22,193,194,-1,22,194,0,-1,194,195,0,-1,0,195,196,-1,0,196,1,-1,1,196,197,-1,1,197,8,-1,8,197,198,-1,8,198,40,-1,198,199,40,-1,40,199,200,-1,40,200,41,-1,41,200,201,-1,41,201,43,-1,202,17,5,-1,43,201,203,-1,204,18,203,-1,203,18,45,-1,203,45,43,-1,204,205,18,-1,18,205,206,-1,18,206,19,-1,19,206,207,-1,19,207,3,-1,3,207,208,-1,3,208,4,-1,4,208,209,-1,4,209,5,-1,5,209,210,-1,5,210,202,-1,15,17,211,-1,211,17,202,-1,13,15,212,-1,212,15,211,-1,14,13,213,-1,213,13,212,-1,16,14,214,-1,214,14,213,-1,16,214,215,-1,16,215,136,-1,136,215,216,-1,136,216,134,-1,134,216,217,-1,134,217,132,-1,132,217,218,-1,132,218,130,-1,130,218,219,-1,130,219,128,-1,128,219,220,-1,128,220,126,-1,126,220,221,-1,126,221,124,-1,124,221,222,-1,124,222,122,-1,122,222,223,-1,122,223,2,-1,2,223,224,-1,2,224,20,-1,20,224,225,-1,20,225,60,-1,60,225,226,-1,60,226,69,-1,69,226,227,-1,69,227,67,-1,67,227,228,-1,67,228,65,-1,63,65,228,-1,228,229,63,-1,63,229,230,-1,63,230,231,-1,232,108,231,-1,231,108,110,-1,231,110,63,-1,232,233,108,-1,108,233,234,-1,108,234,106,-1,106,234,235,-1,106,235,104,-1,104,235,236,-1,104,236,102,-1,102,236,237,-1,102,237,100,-1,100,237,238,-1,100,238,98,-1,98,238,239,-1,98,239,31,-1,31,239,240,-1,31,240,32,-1,32,240,241,-1,32,241,34,-1,34,241,242,-1,34,242,36,-1,36,242,243,-1,36,243,38,-1,38,243,244,-1,38,244,53,-1,53,244,245,-1,53,245,113,-1,113,245,246,-1,113,246,114,-1,114,246,247,-1,114,247,116,-1,116,247,248,-1,116,248,118,-1,118,248,249,-1,118,249,119,-1,119,249,250,-1,119,250,56,-1,56,250,251,-1,56,251,58,-1,58,251,252,-1,58,252,59,-1,59,252,23,-1,23,252,253,-1,23,253,254,-1,24,23,255,-1,255,23,254,-1,24,255,256,-1,24,256,26,-1,26,256,257,-1,26,257,28,-1,28,257,258,-1,28,258,79,-1,79,258,259,-1,79,259,80,-1,80,259,260,-1,80,260,82,-1,260,261,82,-1,82,261,262,-1,82,262,84,-1,84,262,263,-1,84,263,10,-1,10,263,264,-1,10,264,11,-1,11,264,265,-1,11,265,50,-1,50,265,266,-1,50,266,87,-1,87,266,267,-1,87,267,88,-1,88,267,268,-1,88,268,90,-1,90,268,269,-1,90,269,92,-1,92,269,270,-1,92,270,94,-1,96,94,271,-1,271,94,270,-1,96,271,272,-1,96,272,148,-1,148,272,273,-1,148,273,139,-1,139,273,274,-1,139,274,150,-1,150,274,275,-1,150,275,142,-1,142,275,276,-1,142,276,143,-1,143,276,277,-1,143,277,151,-1,151,277,278,-1,151,278,152,-1,152,278,279,-1,152,279,153,-1,153,279,280,-1,153,280,144,-1,144,280,281,-1,144,281,145,-1,145,281,282,-1,145,282,146,-1,146,282,283,-1,146,283,147,-1,147,283,284,-1,147,284,140,-1,140,284,285,-1,140,285,141,-1,141,285,286,-1,141,286,149,-1,149,286,287,-1,149,287,97,-1,97,287,288,-1,97,288,95,-1,93,95,289,-1,289,95,288,-1,93,289,290,-1,93,290,91,-1,91,290,291,-1,91,291,89,-1,89,291,292,-1,89,292,51,-1,51,292,293,-1,51,293,49,-1,49,293,294,-1,49,294,12,-1,12,294,295,-1,12,295,86,-1,86,295,158,-1,86,158,85,-1,131,296,297,-1,131,297,133,-1,133,297,298,-1,133,298,135,-1,135,298,299,-1,135,299,137,-1,137,299,300,-1,137,300,138,-1,138,300,301,-1,138,301,75,-1,75,301,302,-1,75,302,76,-1,76,302,303,-1,76,303,77,-1,77,303,304,-1,77,304,78,-1,78,304,305,-1,78,305,48,-1,48,305,306,-1,48,306,47,-1,47,306,307,-1,47,307,46,-1,46,307,308,-1,46,308,44,-1,44,308,309,-1,44,309,42,-1,42,309,310,-1,42,310,9,-1,9,310,311,-1,9,311,7,-1,7,311,312,-1,7,312,6,-1,6,312,313,-1,6,313,72,-1,72,313,314,-1,72,314,73,-1,73,314,315,-1,73,315,74,-1,74,315,316,-1,74,316,120,-1,120,316,317,-1,120,317,121,-1,121,317,318,-1,121,318,123,-1,123,318,319,-1,123,319,125,-1,125,319,320,-1,125,320,127,-1,127,320,321,-1,127,321,129,-1,129,321,296,-1,129,296,131,-1,
        ]
    }
}
Shape{
    appearance Appearance {
        material  Material 	{
            diffuseColor 0.25098039215686274 0.25098039215686274 0.25098039215686274
            specularColor 0.12549019607843137 0.12549019607843137 0.12549019607843137
            ambientIntensity 0.251
            transparency 0.0
            shininess 0.5
        }
    }
    geometry IndexedFaceSet {
        ccw TRUE
        solid FALSE
        coord DEF co Coordinate {
            point [
                2.3602 -0.4081 0.3366, 2.3602 -0.4011 0.2712, 2.3602 -0.4011 0.3374, 2.3602 -0.3939 0.272, 2.3602 -0.3941 0.3366, 2.3602 -0.4339 0.3006, 2.3602 -0.4339 0.308, 2.3602 -0.4156 0.334, 2.3602 -0.3798 0.2789, 2.3602 -0.3739 0.3232, 2.3602 -0.3794 0.3293, 2.3602 -0.4224 0.3296, 2.3602 -0.428 0.3235, 2.3602 -0.432 0.3162, 2.3602 -0.4321 0.2927, 2.3602 -0.4285 0.2857, 2.3602 -0.423 0.2796, 2.3602 -0.3865 0.2746, 2.3602 -0.3862 0.3339, 2.3602 -0.4163 0.2749, 2.3602 -0.4084 0.272, 2.3602 -0.3703 0.2922, 2.3602 -0.3682 0.3004, 2.3602 -0.3742 0.2849, 2.3602 -0.3682 0.3084, 2.3602 -0.3702 0.3163
            ]
        }
        coordIndex [
            0,1,2,-1,2,1,3,-1,2,3,4,-1,5,0,6,-1,6,0,7,-1,8,9,10,-1,7,11,6,-1,6,11,12,-1,6,12,13,-1,5,14,0,-1,0,14,15,-1,0,15,16,-1,3,17,4,-1,4,17,8,-1,4,8,18,-1,18,8,10,-1,16,19,0,-1,0,19,20,-1,0,20,1,-1,21,22,23,-1,23,22,24,-1,23,24,8,-1,8,24,25,-1,8,25,9,-1,
        ]
    }
}