#VRML V2.0 utf8
# 3D model generated by easyeda2kicad.py (https://github.com/uPesy/easyeda2kicad.py)

Shape{
    appearance Appearance {
        material  Material 	{
            diffuseColor 0.7529411764705882 0.7529411764705882 0.7529411764705882
            specularColor 0.6627450980392157 0.6627450980392157 0.6627450980392157
            ambientIntensity 0.7529
            transparency 0.0
            shininess 0.5
        }
    }
    geometry IndexedFaceSet {
        ccw TRUE
        solid FALSE
        coord DEF co Coordinate {
            point [
                0.1988 -0.622 1.2654, 0.1988 -0.622 1.2414, 0.2138 -0.622 1.2414, 0.1988 -0.622 1.2322, 0.1988 -0.622 1.2053, 0.2138 -0.622 1.2053, 0.134 -0.622 1.2533, 0.1388 -0.622 1.2394, 0.1388 -0.622 1.2654, 0.0468 -0.622 1.1969, 0.043 -0.622 1.1955, 0.0553 -0.622 1.1961, 0.0417 -0.622 1.4032, 0.0476 -0.622 1.4039, 0.011 -0.622 1.4039, 0.0637 -0.622 1.4038, 0.0688 -0.622 1.4023, 0.0688 -0.622 1.4039, 0.0986 -0.622 1.394, 0.0986 -0.622 1.3684, 0.1202 -0.622 1.3684, 0.2467 -0.622 1.1961, 0.2467 -0.622 1.2654, 0.2391 -0.622 1.2654, -0.3058 -0.622 1.2624, -0.2958 -0.622 1.2534, -0.2727 -0.622 1.2654, -0.1987 -0.622 1.4039, -0.1859 -0.622 1.3951, -0.066 -0.622 1.4039, -0.1664 -0.622 1.3723, -0.1355 -0.622 1.3408, -0.12 -0.622 1.3277, -0.1084 -0.622 1.3115, -0.066 -0.622 1.299, -0.1552 -0.622 1.3501, -0.1524 -0.622 1.3492, -0.3158 -0.622 1.4121, -0.2894 -0.622 1.4218, -0.4718 -0.622 2.9173, -0.2085 -0.622 1.4107, -0.066 -0.622 2.9173, -0.2368 -0.622 1.4216, -0.2634 -0.622 1.4247, -0.4718 -0.622 1.4039, -0.3922 -0.622 1.3758, -0.3698 -0.622 1.3786, -0.4718 -0.622 1.299, -0.4581 -0.622 1.3133, -0.449 -0.622 1.3337, -0.4353 -0.622 1.3513, -0.3294 -0.622 1.4039, -0.3317 -0.622 1.4025, -0.3451 -0.622 1.3911, -0.3633 -0.622 1.3783, -0.3567 -0.622 1.3775, -0.4314 -0.622 1.3549, -0.4133 -0.622 1.3677, -0.4718 -0.622 1.2654, -0.4595 -0.622 1.2654, -0.462 -0.622 1.2864, -0.4619 -0.622 1.2919, -0.4606 -0.622 1.299, -0.3998 -0.622 1.1992, -0.4204 -0.622 1.2092, -0.4718 -0.622 1.1955, -0.3926 -0.622 1.197, -0.4381 -0.622 1.2243, -0.4511 -0.622 1.2429, -0.4593 -0.622 1.2641, -0.3541 -0.622 1.1604, -0.3673 -0.622 1.166, -0.4718 -0.622 1.1227, -0.3784 -0.622 1.1743, -0.3869 -0.622 1.1848, -0.3919 -0.622 1.1955, -0.2852 -0.622 1.1952, -0.292 -0.622 1.1826, -0.066 -0.622 1.1227, -0.3007 -0.622 1.1728, -0.312 -0.622 1.1649, -0.3247 -0.622 1.16, -0.3385 -0.622 1.1583, -0.3407 -0.622 1.1583, -0.066 -0.622 1.2654, -0.1001 -0.622 1.2654, -0.1014 -0.622 1.2552, -0.2125 -0.622 1.2291, -0.2086 -0.622 1.2306, -0.2019 -0.622 1.263, -0.1199 -0.622 1.2215, -0.1354 -0.622 1.2084, -0.066 -0.622 1.1955, -0.216 -0.622 1.2266, -0.2042 -0.622 1.2312, -0.2036 -0.622 1.2311, -0.2019 -0.622 1.2307, -0.1086 -0.622 1.2372, -0.2218 -0.622 1.2135, -0.2217 -0.622 1.2158, -0.2816 -0.622 1.2209, -0.2205 -0.622 1.2201, -0.2183 -0.622 1.224, -0.1457 -0.622 1.2449, -0.1394 -0.622 1.2538, -0.2085 -0.622 1.1964, -0.2123 -0.622 1.1979, -0.2852 -0.622 1.1955, -0.216 -0.622 1.2005, -0.2173 -0.622 1.2018, -0.2198 -0.622 1.2054, -0.2213 -0.622 1.2093, -0.2819 -0.622 1.2093, -0.2816 -0.622 1.2152, -0.1528 -0.622 1.1999, -0.1717 -0.622 1.1959, -0.2053 -0.622 1.1959, -0.2007 -0.622 1.2306, -0.1751 -0.622 1.2306, -0.1649 -0.622 1.2326, -0.1549 -0.622 1.2372, -0.1464 -0.622 1.2441, -0.1355 -0.622 1.2639, -0.1353 -0.622 1.2654, -0.2033 -0.622 1.2654, -0.1341 -0.622 1.275, -0.3647 -0.622 1.2662, -0.3521 -0.622 1.271, -0.4248 -0.622 1.299, -0.1344 -0.622 1.28, -0.1371 -0.622 1.2909, -0.2195 -0.622 1.2932, -0.3385 -0.622 1.2727, -0.1414 -0.622 1.299, -0.4216 -0.622 1.2654, -0.3658 -0.622 1.2654, -0.4255 -0.622 1.2788, -0.4262 -0.622 1.2875, -0.3316 -0.622 1.2723, -0.3178 -0.622 1.2689, -0.3114 -0.622 1.2654, -0.4214 -0.622 1.2648, -0.3857 -0.622 1.2474, -0.3763 -0.622 1.2582, -0.4146 -0.622 1.2533, -0.4044 -0.622 1.2428, -0.392 -0.622 1.2352, -0.1954 -0.622 1.3536, -0.2082 -0.622 1.3689, -0.3391 -0.622 1.3359, -0.2096 -0.622 1.3703, -0.2256 -0.622 1.3814, -0.3304 -0.622 1.3539, -0.3431 -0.622 1.3381, -0.3559 -0.622 1.3428, -0.1424 -0.622 1.3007, -0.1489 -0.622 1.3081, -0.1785 -0.622 1.3194, -0.1578 -0.622 1.3142, -0.1677 -0.622 1.3181, -0.1831 -0.622 1.3194, -0.1866 -0.622 1.3353, -0.3892 -0.622 1.3408, -0.4019 -0.622 1.3341, -0.3752 -0.622 1.3441, -0.4117 -0.622 1.3253, -0.4196 -0.622 1.314, -0.3176 -0.622 1.3692, -0.2435 -0.622 1.3882, -0.3023 -0.622 1.3803, -0.2628 -0.622 1.3906, -0.2837 -0.622 1.3879, -0.3692 -0.622 1.3445, -0.4245 -0.622 1.3013, -0.1034 -0.622 1.299, -0.1014 -0.622 1.2941, -0.0988 -0.622 1.2756, 0.3 -0.622 1.1955, 0.2998 -0.622 1.2074, 0.2914 -0.622 1.2014, 0.2823 -0.622 1.1978, 0.2687 -0.622 1.1961, 0.2391 -0.622 1.1955, 0.3277 -0.622 1.1961, 0.3163 -0.622 1.1961, 0.3076 -0.622 1.2559, 0.3105 -0.622 1.2482, 0.3427 -0.622 1.2654, 0.3057 -0.622 1.2144, 0.3 -0.622 1.2076, 0.362 -0.622 1.2654, 0.3884 -0.622 1.1961, 0.436 -0.622 1.1955, 0.3769 -0.622 1.1961, 0.3688 -0.622 1.218, 0.3354 -0.622 1.218, 0.3119 -0.622 1.2372, 0.3116 -0.622 1.2321, 0.3097 -0.622 1.2227, 0.2817 -0.622 1.2749, 0.2914 -0.622 1.2713, 0.3 -0.622 1.299, 0.2391 -0.622 1.299, 0.2467 -0.622 1.2762, 0.2695 -0.622 1.2762, -0.0229 -0.622 1.2654, -0.0229 -0.622 1.2414, 0.0094 -0.622 1.2654, 0.0057 -0.622 1.2414, 0.0057 -0.622 1.2322, -0.0229 -0.622 1.267, 0.008 -0.622 1.267, 0.008 -0.622 1.2762, 0.0094 -0.622 1.299, -0.0333 -0.622 1.2762, -0.0333 -0.622 1.2654, -0.0333 -0.622 1.1961, 0.0094 -0.622 1.1955, 0.0094 -0.622 1.2053, 0.0098 -0.622 1.2053, 0.011 -0.622 1.2654, 0.011 -0.622 1.1955, 0.0098 -0.622 1.1961, 0.0094 -0.622 1.1961, 0.2391 -0.622 1.3838, 0.2465 -0.622 1.4032, 0.2391 -0.622 1.4039, 0.2576 -0.622 1.4032, 0.3 -0.622 1.4039, 0.2881 -0.622 1.3232, 0.216 -0.622 1.3232, 0.2138 -0.622 1.299, 0.2275 -0.622 1.3232, 0.2352 -0.622 1.3451, 0.2391 -0.622 1.3451, 0.0986 -0.622 1.3323, 0.1202 -0.622 1.3323, 0.0986 -0.622 1.3592, 0.1202 -0.622 1.3592, 0.1295 -0.622 1.394, 0.1388 -0.622 1.4039, 0.1295 -0.622 1.4032, 0.1202 -0.622 1.4039, 0.1202 -0.622 1.4032, 0.1272 -0.622 1.3592, 0.1272 -0.622 1.3684, 0.1202 -0.622 1.394, 0.0882 -0.622 1.4032, 0.0756 -0.622 1.4039, 0.0882 -0.622 1.3232, 0.1202 -0.622 1.3232, 0.0756 -0.622 1.299, 0.0722 -0.622 1.4013, 0.0722 -0.622 1.3905, 0.0722 -0.622 1.3364, 0.0722 -0.622 1.3265, 0.0533 -0.622 1.3953, 0.0496 -0.622 1.3951, 0.0688 -0.622 1.3349, 0.0632 -0.622 1.3941, 0.0713 -0.622 1.391, 0.0688 -0.622 1.392, 0.0427 -0.622 1.3936, 0.0365 -0.622 1.3906, 0.0315 -0.622 1.3864, 0.0309 -0.622 1.3858, 0.0271 -0.622 1.3802, 0.0244 -0.622 1.3733, 0.0231 -0.622 1.3623, 0.0232 -0.622 1.3588, 0.0643 -0.622 1.3328, 0.0552 -0.622 1.3312, 0.0515 -0.622 1.331, 0.0246 -0.622 1.3509, 0.0272 -0.622 1.3445, 0.0309 -0.622 1.3395, 0.0331 -0.622 1.3373, 0.0444 -0.622 1.3318, 0.0386 -0.622 1.3338, 0.011 -0.622 2.9173, 0.0532 -0.622 1.4046, 0.0618 -0.622 1.4039, 0.0688 -0.622 2.9173, 0.0708 -0.622 1.3258, 0.0688 -0.622 1.3251, 0.0688 -0.622 1.299, 0.0622 -0.622 1.323, 0.05 -0.622 1.3218, 0.0437 -0.622 1.3222, 0.011 -0.622 1.299, 0.0353 -0.622 1.3243, 0.0279 -0.622 1.3281, 0.0142 -0.622 1.3763, 0.018 -0.622 1.3852, 0.0238 -0.622 1.3928, 0.0225 -0.622 1.3327, 0.0218 -0.622 1.3335, 0.0171 -0.622 1.3403, 0.0138 -0.622 1.3487, 0.0122 -0.622 1.3617, 0.0124 -0.622 1.3659, 0.0258 -0.622 1.3947, 0.0333 -0.622 1.3999, 1.4149 -0.622 0.1974, 1.4274 -0.622 0.1811, 1.7136 -0.622 0.3583, 1.438 -0.622 -0.1575, 1.7136 -0.622 -0.1575, 1.438 -0.622 0.1417, 1.4353 -0.622 0.1621, 1.7109 -0.622 0.3786, 1.703 -0.622 0.3976, 1.6905 -0.622 0.4139, 1.3542 -0.622 0.2205, 1.3593 -0.622 0.2205, 1.3542 -0.622 0.437, 1.3796 -0.622 0.2178, 1.6348 -0.622 0.437, 1.3986 -0.622 0.2099, 1.6552 -0.622 0.4343, 1.6742 -0.622 0.4265, 1.2018 -0.622 0.5945, 1.2608 -0.6219 0.5945, 1.249 -0.622 0.5957, 0.4836 -0.622 0.8894, 0.4836 -0.622 0.8898, 0.436 -0.622 1.1227, 0.4836 -0.622 1.0866, 0.4836 -0.622 1.087, 0.9947 -0.622 1.087, 1.2608 -0.622 0.437, 1.2455 -0.622 0.439, 0.4557 -0.622 0.2205, 1.2313 -0.622 0.4449, 0.9947 -0.622 1.0866, 1.249 -0.622 1.1227, 1.2191 -0.622 0.4543, 1.2097 -0.622 0.4665, 0.4404 -0.622 0.2225, 1.2038 -0.622 0.4808, 0.436 -0.622 0.2243, 1.2018 -0.622 0.4961, 0.3571 -0.622 0.6502, 0.3701 -0.622 0.6438, 0.3429 -0.622 0.6533, 0.3949 -0.622 0.5801, 0.3896 -0.622 0.5665, 0.3967 -0.622 0.5945, 0.3812 -0.622 0.6343, 0.3896 -0.622 0.6225, 0.3949 -0.622 0.6089, 0.3842 -0.622 0.3158, 0.3812 -0.622 0.5546, 0.9947 -0.622 0.8898, 0.9947 -0.622 0.8894, 0.3731 -0.622 0.5473, 0.3731 -0.622 0.3267, 0.3739 -0.622 0.3261, 0.3916 -0.622 0.3033, 0.3958 -0.622 0.2894, 0.3967 -0.622 0.2795, 0.3987 -0.622 0.2642, 0.4046 -0.622 0.25, 0.4262 -0.622 0.2284, 0.414 -0.622 0.2378, 0.3376 -0.622 0.6535, 0.3 -0.622 1.1227, 0.3 -0.622 0.6535, 0.2391 -0.622 1.1227, 0.2391 -0.622 0.6535, 0.2138 -0.622 1.1227, 0.2138 -0.622 0.6535, 0.1388 -0.622 1.1227, 0.1388 -0.622 0.6535, 0.0094 -0.622 0.6535, 0.0094 -0.622 1.1227, 0.011 -0.622 0.6535, 0.011 -0.622 1.1227, 0.0688 -0.622 0.6535, 0.0688 -0.622 1.1227, -0.3857 -0.622 0.3033, -0.3783 -0.622 0.3158, -0.3899 -0.622 0.2894, -0.4718 -0.622 0.2205, -0.3907 -0.622 0.2795, -0.4498 -0.622 0.2205, -0.3928 -0.622 0.2642, -0.4203 -0.622 0.2284, -0.408 -0.622 0.2378, -0.3987 -0.622 0.25, -0.3837 -0.622 0.6225, -0.3753 -0.622 0.6343, -0.3642 -0.622 0.6438, -0.3512 -0.622 0.6502, -0.337 -0.622 0.6533, -0.3317 -0.622 0.6535, -0.066 -0.622 0.6535, -0.4345 -0.622 0.2225, -0.3672 -0.622 0.3267, -0.3672 -0.622 0.5473, -0.368 -0.622 0.3261, -0.3753 -0.622 0.5546, -0.3837 -0.622 0.5665, -0.389 -0.622 0.5801, -0.3907 -0.622 0.5945, -0.389 -0.622 0.6089, -1.247 -0.622 1.1227, -0.9928 -0.622 0.8898, -0.9928 -0.622 1.0866, -0.9928 -0.622 1.087, -0.4816 -0.622 1.087, -0.4816 -0.622 1.0866, -0.4816 -0.622 0.8898, -0.4816 -0.622 0.8894, -1.2018 -0.622 0.4808, -1.2077 -0.622 0.4665, -1.413 -0.622 0.1974, -1.3967 -0.622 0.2099, -1.2436 -0.622 0.439, -1.7116 -0.622 0.3583, -1.4333 -0.622 0.1621, -1.4255 -0.622 0.1811, -1.7116 -0.622 -0.1575, -1.436 -0.622 -0.1575, -1.436 -0.622 0.1417, -1.2589 -0.622 0.437, -1.6329 -0.622 0.437, -0.9928 -0.622 0.8894, -1.247 -0.622 0.5933, -1.2457 -0.622 0.593, -1.2171 -0.622 0.4543, -1.2293 -0.622 0.4449, -1.3573 -0.622 0.2205, -1.3777 -0.622 0.2178, -1.2332 -0.622 0.5886, -1.222 -0.622 0.5816, -1.2127 -0.622 0.5723, -1.2057 -0.622 0.5611, -1.6533 -0.622 0.4343, -1.6722 -0.622 0.4265, -1.6886 -0.622 0.4139, -1.7011 -0.622 0.3976, -1.7089 -0.622 0.3786, -1.2013 -0.622 0.5486, -1.1998 -0.622 0.5354, -1.1998 -0.622 0.4961, -1.247 -0.622 1.1955, -1.247 -0.622 1.2654, -1.247 -0.622 1.299, -1.247 -0.622 1.4039, -1.247 -0.622 2.9173, 1.249 -0.622 1.4039, 1.249 -0.622 2.9173, 0.436 -0.622 2.9173, 1.249 -0.622 1.2654, 1.249 -0.622 1.299, 0.436 -0.622 1.299, 0.3579 -0.622 1.2762, 0.436 -0.622 1.2654, 1.249 -0.622 1.1955, 0.0317 -0.622 1.1955, 0.0315 -0.622 1.1955, 0.025 -0.622 1.2396, 0.0503 -0.622 1.1991, 0.0277 -0.622 1.1969, 0.0243 -0.622 1.1993, 0.0232 -0.622 1.2004, 0.025 -0.622 1.2493, 0.0271 -0.622 1.2505, 0.0345 -0.622 1.2534, 0.0211 -0.622 1.2035, 0.0199 -0.622 1.2069, 0.0194 -0.622 1.2115, 0.0583 -0.622 1.2509, 0.061 -0.622 1.2483, 0.0688 -0.622 1.2654, 0.0631 -0.622 1.245, 0.0553 -0.622 1.205, 0.0551 -0.622 1.205, 0.0534 -0.622 1.2025, 0.0194 -0.622 1.2129, 0.0201 -0.622 1.2172, 0.0215 -0.622 1.2207, 0.0236 -0.622 1.2235, 0.0267 -0.622 1.2262, 0.031 -0.622 1.2284, 0.031 -0.622 1.2435, 0.0384 -0.622 1.2301, 0.0471 -0.622 1.2461, 0.0437 -0.622 1.2465, 0.0372 -0.622 1.2458, 0.0447 -0.622 1.2546, 0.0508 -0.622 1.2541, 0.055 -0.622 1.2528, 0.0654 -0.622 1.1961, 0.0688 -0.622 1.1955, 0.0654 -0.622 1.2329, 0.0646 -0.622 1.2404, 0.0553 -0.622 1.2325, 0.055 -0.622 1.2369, 0.0539 -0.622 1.2405, 0.0528 -0.622 1.2426, 0.0512 -0.622 1.2442, 0.0495 -0.622 1.2453, 0.0427 -0.622 1.1954, 0.0375 -0.622 1.1948, 0.0756 -0.622 1.2654, 0.0756 -0.622 1.1955, 0.0789 -0.622 1.2085, 0.0789 -0.622 1.1982, 0.1202 -0.622 1.1955, 0.1202 -0.622 1.2654, 0.1148 -0.622 1.2424, 0.1148 -0.622 1.2521, 0.1171 -0.622 1.2077, 0.1159 -0.622 1.2045, 0.1142 -0.622 1.2212, 0.1161 -0.622 1.2184, 0.1172 -0.622 1.2154, 0.1176 -0.622 1.2117, 0.0818 -0.622 1.2289, 0.0805 -0.622 1.2309, 0.0794 -0.622 1.234, 0.079 -0.622 1.2379, 0.0794 -0.622 1.2415, 0.0806 -0.622 1.2447, 0.0825 -0.622 1.2474, 0.0854 -0.622 1.2501, 0.0886 -0.622 1.252, 0.114 -0.622 1.2019, 0.1111 -0.622 1.1993, 0.1087 -0.622 1.1979, 0.0942 -0.622 1.2539, 0.1013 -0.622 1.2546, 0.1082 -0.622 1.254, 0.0892 -0.622 1.2037, 0.0942 -0.622 1.2213, 0.0829 -0.622 1.2061, 0.0882 -0.622 1.224, 0.0835 -0.622 1.2271, 0.1003 -0.622 1.2465, 0.0973 -0.622 1.2463, 0.0893 -0.622 1.2388, 0.0946 -0.622 1.2456, 0.0924 -0.622 1.2444, 0.0894 -0.622 1.2375, 0.0898 -0.622 1.2359, 0.0906 -0.622 1.2346, 0.0954 -0.622 1.203, 0.0959 -0.622 1.203, 0.1008 -0.622 1.2185, 0.101 -0.622 1.2036, 0.1073 -0.622 1.2107, 0.1072 -0.622 1.212, 0.0915 -0.622 1.2335, 0.0951 -0.622 1.2313, 0.1068 -0.622 1.2458, 0.1013 -0.622 1.2286, 0.1125 -0.622 1.2437, 0.1052 -0.622 1.227, 0.1118 -0.622 1.2233, 0.1036 -0.622 1.2045, 0.1045 -0.622 1.2051, 0.1057 -0.622 1.2061, 0.0909 -0.622 1.243, 0.09 -0.622 1.2418, 0.0895 -0.622 1.2404, 0.1066 -0.622 1.2074, 0.1071 -0.622 1.2088, 0.1067 -0.622 1.2135, 0.1059 -0.622 1.2149, 0.1047 -0.622 1.2162, 0.1002 -0.622 1.1955, 0.0945 -0.622 1.1948, 0.0756 -0.622 1.1227, 0.0886 -0.622 1.1955, 0.0851 -0.622 1.1959, 0.1034 -0.622 1.1958, 0.1202 -0.622 1.1227, 0.1202 -0.622 0.6535, 0.0756 -0.622 0.6535, 0.1673 -0.622 1.2533, 0.1777 -0.622 1.2533, 0.1885 -0.622 1.2654, 0.2138 -0.622 1.1955, 0.2138 -0.622 1.1961, 0.1885 -0.622 1.1961, 0.1549 -0.622 1.1955, 0.1489 -0.622 1.2104, 0.1502 -0.622 1.2056, 0.1504 -0.622 1.2056, 0.1228 -0.622 1.2533, 0.1449 -0.622 1.1955, 0.1452 -0.622 1.1963, 0.1388 -0.622 1.2125, 0.1388 -0.622 1.171, 0.1354 -0.622 1.1697, 0.137 -0.622 1.1802, 0.1388 -0.622 1.1822, 0.1388 -0.622 1.1955, 0.1388 -0.622 1.1823, 0.1408 -0.622 1.1859, 0.1313 -0.622 1.1692, 0.1291 -0.622 1.1693, 0.1249 -0.622 1.17, 0.1249 -0.622 1.179, 0.1269 -0.622 1.1783, 0.1305 -0.622 1.1778, 0.133 -0.622 1.1781, 0.1352 -0.622 1.1789, 0.1517 -0.622 1.1875, 0.1472 -0.622 1.1787, 0.1435 -0.622 1.1743, 0.1428 -0.622 1.1736, 0.1393 -0.622 1.1712, 0.2316 -0.622 1.1961, 0.2316 -0.622 1.2053, 0.2275 -0.622 1.2322, 0.2138 -0.622 1.2322, 0.1988 -0.622 1.267, 0.2138 -0.622 1.2654, 0.2275 -0.622 1.2414, 0.1509 -0.622 1.2076, 0.1517 -0.622 1.2103, 0.1388 -0.622 1.299, 0.1885 -0.622 1.2762, 0.2138 -0.622 1.2762, 0.2297 -0.622 1.2762, 0.2297 -0.622 1.267, 0.2138 -0.622 1.267, 0.2998 -0.622 1.2656, 0.3 -0.622 1.2654, 0.3026 -0.622 1.2628, 0.3468 -0.622 1.2762, 0.1202 -0.622 1.299, 0.1313 -0.622 1.3232, 0.1313 -0.622 1.3323, -0.0333 -0.622 1.4032, -0.0229 -0.622 1.4032, 0.0094 -0.622 1.4039, -0.0229 -0.622 1.3323, 0.009 -0.622 1.3323, 0.009 -0.622 1.3232, -0.0333 -0.622 1.3232, 0.1464 -0.622 1.3232, 0.2114 -0.622 1.3591, 0.2094 -0.622 1.3497, 0.2055 -0.622 1.3415, 0.1995 -0.622 1.3344, 0.2073 -0.622 1.3829, 0.2103 -0.622 1.3752, 0.2138 -0.622 1.4039, 0.2116 -0.622 1.3642, 0.1911 -0.622 1.3284, 0.182 -0.622 1.3248, 0.1684 -0.622 1.3232, 0.1464 -0.622 1.4032, 0.1692 -0.622 1.4032, 0.1815 -0.622 1.4019, 0.1911 -0.622 1.3984, 0.1995 -0.622 1.3926, 0.2024 -0.622 1.3899, 0.2685 -0.622 1.3451, 0.2767 -0.622 1.3232, 0.436 -0.622 1.4039, 0.0094 -0.622 2.9173, -0.0229 -0.622 1.2322, -0.0229 -0.622 1.2053, 0.3 -0.622 2.9173, 0.2391 -0.622 2.9173, 0.2138 -0.622 2.9173, 0.1388 -0.622 2.9173, 0.1202 -0.622 2.9173, 0.0756 -0.622 2.9173
            ]
        }
        coordIndex [
            0,1,2,-1,3,4,5,-1,6,7,8,-1,9,10,11,-1,12,13,14,-1,15,16,17,-1,18,19,20,-1,21,22,23,-1,24,25,26,-1,27,28,29,-1,29,28,30,-1,31,32,29,-1,29,32,33,-1,29,33,34,-1,30,35,29,-1,29,35,36,-1,29,36,31,-1,37,38,39,-1,27,29,40,-1,40,29,41,-1,40,41,42,-1,39,38,41,-1,41,38,43,-1,41,43,42,-1,44,45,46,-1,47,48,44,-1,44,48,49,-1,44,49,50,-1,37,39,51,-1,51,39,44,-1,51,44,52,-1,52,44,46,-1,52,46,53,-1,53,46,54,-1,53,54,55,-1,50,56,44,-1,44,56,57,-1,44,57,45,-1,58,59,47,-1,47,59,60,-1,60,61,47,-1,47,61,62,-1,47,62,48,-1,63,64,65,-1,63,65,66,-1,64,67,65,-1,65,67,68,-1,65,68,58,-1,58,68,69,-1,58,69,59,-1,70,71,72,-1,71,73,72,-1,72,73,74,-1,72,74,65,-1,65,74,75,-1,65,75,66,-1,76,77,78,-1,78,77,79,-1,78,79,80,-1,80,81,78,-1,78,81,82,-1,78,82,72,-1,72,82,83,-1,72,83,70,-1,84,85,86,-1,87,88,89,-1,90,91,92,-1,87,89,93,-1,88,94,89,-1,89,94,95,-1,89,95,96,-1,84,86,92,-1,92,86,97,-1,92,97,90,-1,98,99,100,-1,100,99,101,-1,100,101,89,-1,89,101,102,-1,89,102,93,-1,89,103,104,-1,105,106,107,-1,107,106,108,-1,107,108,109,-1,109,110,107,-1,107,110,111,-1,107,111,112,-1,112,111,98,-1,112,98,113,-1,113,98,100,-1,91,114,92,-1,92,114,115,-1,92,115,107,-1,107,115,116,-1,107,116,105,-1,96,117,89,-1,89,117,118,-1,89,118,119,-1,119,120,89,-1,89,120,121,-1,89,121,103,-1,104,122,89,-1,89,122,123,-1,89,123,124,-1,124,123,125,-1,126,127,128,-1,125,129,124,-1,124,129,130,-1,124,130,131,-1,127,132,128,-1,128,132,131,-1,128,131,133,-1,133,131,130,-1,134,135,136,-1,136,135,126,-1,136,126,137,-1,137,126,128,-1,132,138,131,-1,131,138,139,-1,131,139,26,-1,26,139,140,-1,26,140,24,-1,141,142,134,-1,134,142,143,-1,134,143,135,-1,141,144,142,-1,142,144,145,-1,142,145,146,-1,147,148,149,-1,148,150,149,-1,149,150,151,-1,149,151,152,-1,133,149,128,-1,128,149,153,-1,128,153,154,-1,155,156,157,-1,157,156,158,-1,157,158,159,-1,155,157,133,-1,133,157,160,-1,133,160,149,-1,149,160,161,-1,149,161,147,-1,162,163,164,-1,164,163,165,-1,164,165,166,-1,152,151,167,-1,167,151,168,-1,167,168,169,-1,169,168,170,-1,169,170,171,-1,154,172,128,-1,128,172,164,-1,128,164,173,-1,173,164,166,-1,33,174,34,-1,34,174,175,-1,34,175,84,-1,84,175,176,-1,84,176,85,-1,177,178,179,-1,179,180,177,-1,177,180,181,-1,177,181,182,-1,183,184,177,-1,185,186,187,-1,184,188,177,-1,177,188,189,-1,177,189,178,-1,190,191,192,-1,192,191,193,-1,194,195,193,-1,193,195,183,-1,193,183,192,-1,192,183,177,-1,186,196,187,-1,187,196,197,-1,187,197,184,-1,184,197,198,-1,184,198,188,-1,199,200,201,-1,23,22,202,-1,202,22,203,-1,202,203,201,-1,201,203,204,-1,201,204,199,-1,205,206,207,-1,207,206,208,-1,207,208,209,-1,210,205,211,-1,211,205,207,-1,211,207,212,-1,212,207,213,-1,212,213,214,-1,214,213,34,-1,214,34,215,-1,215,34,84,-1,215,84,216,-1,216,84,92,-1,216,92,217,-1,218,219,220,-1,221,222,217,-1,217,222,223,-1,217,223,216,-1,224,225,226,-1,226,225,227,-1,226,227,228,-1,228,227,229,-1,230,231,232,-1,232,231,202,-1,232,202,233,-1,233,202,234,-1,235,236,237,-1,237,236,238,-1,239,240,241,-1,241,240,242,-1,241,242,243,-1,244,240,245,-1,245,240,239,-1,245,239,20,-1,20,239,246,-1,20,246,18,-1,243,242,247,-1,247,242,248,-1,247,248,249,-1,250,249,251,-1,17,16,248,-1,248,16,252,-1,248,252,253,-1,254,255,251,-1,256,257,258,-1,256,258,259,-1,249,248,251,-1,251,248,253,-1,251,253,254,-1,254,253,260,-1,254,260,258,-1,258,260,261,-1,258,261,259,-1,257,262,258,-1,258,262,263,-1,258,263,264,-1,264,265,258,-1,258,265,266,-1,258,266,267,-1,267,268,258,-1,258,268,269,-1,258,269,270,-1,270,269,271,-1,271,269,272,-1,272,269,273,-1,272,273,274,-1,274,275,272,-1,272,275,276,-1,272,276,277,-1,277,276,278,-1,14,13,279,-1,13,280,279,-1,279,280,281,-1,279,281,282,-1,283,284,285,-1,285,284,286,-1,287,288,289,-1,289,288,290,-1,289,290,291,-1,292,293,14,-1,14,293,294,-1,291,295,289,-1,289,295,296,-1,289,296,297,-1,297,298,289,-1,289,298,299,-1,289,299,14,-1,14,299,300,-1,14,300,292,-1,294,301,14,-1,14,301,302,-1,14,302,12,-1,303,304,305,-1,306,307,308,-1,308,307,305,-1,308,305,309,-1,309,305,304,-1,305,310,303,-1,303,310,311,-1,303,311,312,-1,313,314,315,-1,315,314,316,-1,315,316,317,-1,317,316,318,-1,317,318,319,-1,319,318,303,-1,319,303,320,-1,320,303,312,-1,321,322,323,-1,324,325,326,-1,325,327,326,-1,326,327,328,-1,326,328,329,-1,315,330,313,-1,313,330,331,-1,313,331,332,-1,332,331,333,-1,334,323,329,-1,329,323,335,-1,329,335,326,-1,333,336,332,-1,332,336,337,-1,332,337,338,-1,338,337,339,-1,338,339,340,-1,340,339,341,-1,340,341,321,-1,342,343,326,-1,342,326,344,-1,345,346,340,-1,345,340,347,-1,343,348,326,-1,326,348,349,-1,326,349,350,-1,351,346,352,-1,334,353,323,-1,323,353,354,-1,323,354,321,-1,321,354,324,-1,321,324,340,-1,340,324,326,-1,340,326,347,-1,347,326,350,-1,355,356,352,-1,352,356,357,-1,352,357,351,-1,351,358,346,-1,346,358,359,-1,346,359,340,-1,340,359,360,-1,360,361,340,-1,340,361,362,-1,340,362,363,-1,363,362,364,-1,344,326,365,-1,365,326,366,-1,365,366,367,-1,367,366,368,-1,367,368,369,-1,369,368,370,-1,369,370,371,-1,371,370,372,-1,371,372,373,-1,78,374,375,-1,375,374,376,-1,375,376,377,-1,377,376,378,-1,377,378,379,-1,72,380,381,-1,380,72,382,-1,382,72,383,-1,382,383,384,-1,384,383,385,-1,384,385,386,-1,387,388,389,-1,390,391,72,-1,72,391,392,-1,72,392,393,-1,393,394,72,-1,72,394,395,-1,72,395,78,-1,78,395,396,-1,78,396,374,-1,386,385,389,-1,389,385,397,-1,389,397,387,-1,398,399,400,-1,400,399,401,-1,400,401,381,-1,381,401,402,-1,402,403,381,-1,381,403,404,-1,381,404,72,-1,72,404,405,-1,72,405,390,-1,406,407,408,-1,409,410,72,-1,72,410,411,-1,72,411,383,-1,383,411,412,-1,383,412,413,-1,414,415,383,-1,416,417,418,-1,419,420,421,-1,422,423,419,-1,419,423,424,-1,419,424,420,-1,416,418,421,-1,421,418,425,-1,421,425,426,-1,407,406,427,-1,427,406,428,-1,427,428,429,-1,415,430,383,-1,383,430,431,-1,383,431,432,-1,432,431,418,-1,432,418,433,-1,433,418,417,-1,429,434,427,-1,427,434,435,-1,427,435,413,-1,413,435,436,-1,413,436,437,-1,426,438,421,-1,421,438,439,-1,421,439,440,-1,440,441,421,-1,421,441,442,-1,421,442,419,-1,437,443,413,-1,413,443,444,-1,413,444,383,-1,383,444,445,-1,383,445,414,-1,408,409,406,-1,406,409,72,-1,406,72,446,-1,446,72,65,-1,446,65,447,-1,447,65,58,-1,447,58,448,-1,448,58,47,-1,448,47,449,-1,449,47,44,-1,449,44,450,-1,450,44,39,-1,451,452,453,-1,454,455,456,-1,457,190,458,-1,458,190,192,-1,458,192,459,-1,459,192,335,-1,221,460,461,-1,462,220,221,-1,221,220,219,-1,221,219,222,-1,9,11,463,-1,461,464,221,-1,221,464,465,-1,221,465,466,-1,462,467,220,-1,220,467,468,-1,220,468,469,-1,466,470,221,-1,221,470,471,-1,221,471,472,-1,473,474,475,-1,475,474,476,-1,477,478,11,-1,11,478,479,-1,11,479,463,-1,472,480,221,-1,221,480,481,-1,221,481,462,-1,462,481,482,-1,462,482,483,-1,483,484,462,-1,462,484,485,-1,462,485,486,-1,486,485,487,-1,488,489,487,-1,487,489,490,-1,487,490,486,-1,491,492,475,-1,475,492,493,-1,475,493,473,-1,494,495,496,-1,496,495,475,-1,496,475,497,-1,497,475,476,-1,498,499,487,-1,487,499,500,-1,487,500,501,-1,501,502,487,-1,487,502,503,-1,487,503,488,-1,494,11,495,-1,495,11,10,-1,495,10,379,-1,379,10,504,-1,379,504,377,-1,377,504,505,-1,377,505,460,-1,506,507,508,-1,508,507,509,-1,510,511,512,-1,512,511,513,-1,510,514,515,-1,516,517,512,-1,512,517,518,-1,512,518,510,-1,510,518,519,-1,510,519,514,-1,520,521,508,-1,521,522,508,-1,508,522,523,-1,508,523,506,-1,506,523,524,-1,506,524,525,-1,525,526,506,-1,506,526,527,-1,506,527,528,-1,515,529,510,-1,510,529,530,-1,510,530,531,-1,532,533,511,-1,511,533,534,-1,511,534,513,-1,535,536,537,-1,537,536,538,-1,537,538,508,-1,508,538,539,-1,508,539,520,-1,540,541,542,-1,542,541,543,-1,542,543,544,-1,542,545,540,-1,540,545,546,-1,540,546,547,-1,535,548,536,-1,536,548,549,-1,536,549,550,-1,550,549,551,-1,550,552,553,-1,547,554,540,-1,540,554,555,-1,540,555,556,-1,556,555,557,-1,556,557,558,-1,558,557,559,-1,558,559,512,-1,512,559,560,-1,512,560,516,-1,551,561,550,-1,550,561,562,-1,550,562,563,-1,564,565,544,-1,544,565,566,-1,544,566,542,-1,563,567,550,-1,550,567,568,-1,550,568,552,-1,553,569,550,-1,550,569,570,-1,550,570,571,-1,572,573,574,-1,574,573,575,-1,574,575,507,-1,507,575,576,-1,507,576,509,-1,531,577,510,-1,510,577,572,-1,510,572,578,-1,578,572,574,-1,578,574,579,-1,579,574,580,-1,581,582,583,-1,584,585,586,-1,583,582,586,-1,586,582,587,-1,586,587,584,-1,588,589,590,-1,6,8,591,-1,592,593,594,-1,372,595,596,-1,597,598,599,-1,599,598,600,-1,599,600,601,-1,596,602,372,-1,372,602,578,-1,372,578,373,-1,373,578,579,-1,602,603,578,-1,578,603,604,-1,578,604,510,-1,510,604,605,-1,510,605,599,-1,599,605,606,-1,599,606,607,-1,607,608,599,-1,599,608,609,-1,599,609,597,-1,610,611,370,-1,611,612,370,-1,370,612,613,-1,370,613,372,-1,372,613,614,-1,372,614,595,-1,585,584,615,-1,615,584,182,-1,615,182,616,-1,181,21,182,-1,182,21,23,-1,182,23,616,-1,616,23,617,-1,616,617,5,-1,5,617,618,-1,5,618,3,-1,619,0,620,-1,620,0,2,-1,620,2,23,-1,23,2,621,-1,23,621,617,-1,590,622,588,-1,588,622,623,-1,588,623,7,-1,7,623,581,-1,7,581,8,-1,8,581,583,-1,8,583,624,-1,624,583,625,-1,624,625,231,-1,231,625,626,-1,231,626,202,-1,202,626,627,-1,202,627,23,-1,23,627,628,-1,23,628,620,-1,620,628,629,-1,620,629,619,-1,200,630,201,-1,201,630,631,-1,201,631,187,-1,187,631,632,-1,187,632,185,-1,187,633,201,-1,201,633,457,-1,201,457,456,-1,456,457,458,-1,456,458,454,-1,454,458,459,-1,460,221,377,-1,377,221,217,-1,377,217,375,-1,375,217,92,-1,375,92,78,-1,78,92,107,-1,78,107,76,-1,335,192,326,-1,326,192,177,-1,326,177,366,-1,366,177,182,-1,366,182,368,-1,368,182,584,-1,368,584,370,-1,370,584,587,-1,370,587,610,-1,469,491,220,-1,220,491,475,-1,220,475,289,-1,289,475,285,-1,289,285,287,-1,287,285,286,-1,378,580,379,-1,379,580,574,-1,379,574,495,-1,495,574,507,-1,495,507,475,-1,475,507,506,-1,475,506,285,-1,285,506,251,-1,285,251,283,-1,283,251,255,-1,528,532,506,-1,506,532,511,-1,506,511,251,-1,251,511,634,-1,251,634,250,-1,250,634,635,-1,601,592,599,-1,599,592,594,-1,599,594,510,-1,510,594,591,-1,510,591,511,-1,511,591,8,-1,511,8,634,-1,634,8,624,-1,634,624,635,-1,635,624,636,-1,637,638,639,-1,638,640,639,-1,639,640,641,-1,639,641,213,-1,213,641,642,-1,213,642,34,-1,34,642,643,-1,34,643,29,-1,238,236,244,-1,244,236,636,-1,244,636,240,-1,240,636,624,-1,240,624,644,-1,645,646,231,-1,231,646,647,-1,231,647,648,-1,649,650,651,-1,651,650,652,-1,648,653,231,-1,231,653,654,-1,231,654,624,-1,624,654,655,-1,624,655,644,-1,644,656,240,-1,240,656,657,-1,240,657,651,-1,651,657,658,-1,651,658,659,-1,659,660,651,-1,651,660,661,-1,651,661,649,-1,224,226,230,-1,230,226,651,-1,230,651,231,-1,231,651,652,-1,231,652,645,-1,662,234,663,-1,663,234,202,-1,663,202,229,-1,229,202,201,-1,229,201,228,-1,228,201,456,-1,228,456,664,-1,664,456,455,-1,664,455,451,-1,643,637,29,-1,29,637,639,-1,29,639,41,-1,41,639,665,-1,666,667,209,-1,209,667,218,-1,209,218,207,-1,207,218,220,-1,207,220,213,-1,213,220,289,-1,213,289,639,-1,639,289,14,-1,639,14,665,-1,665,14,279,-1,451,453,664,-1,664,453,668,-1,664,668,228,-1,228,668,669,-1,228,669,226,-1,226,669,670,-1,226,670,651,-1,651,670,671,-1,651,671,240,-1,240,671,672,-1,240,672,242,-1,242,672,673,-1,242,673,248,-1,248,673,282,-1,248,282,17,-1,17,282,281,-1,17,281,15,-1,
        ]
    }
}
Shape{
    appearance Appearance {
        material  Material 	{
            diffuseColor 1.0 1.0 1.0
            specularColor 1.0 1.0 1.0
            ambientIntensity 1.0
            transparency 0.0
            shininess 0.5
        }
    }
    geometry IndexedFaceSet {
        ccw TRUE
        solid FALSE
        coord DEF co Coordinate {
            point [
                0.001 0.5144 0.7832, 0.001 0.5122 0.8456, 0.0012 0.5144 0.7832, 0.003 0.5122 0.8456, 0.003 0.5144 0.7833, -0.001 0.5122 0.8456, 0.001 0.5122 0.8456, -0.001 0.5144 0.7833, 0.001 0.5144 0.7832
            ]
        }
        coordIndex [
            0,1,2,-1,2,1,3,-1,2,3,4,-1,5,6,7,-1,7,6,1,-1,7,1,8,-1,8,1,0,-1,
        ]
    }
}
Shape{
    appearance Appearance {
        material  Material 	{
            diffuseColor 0.25098039215686274 0.25098039215686274 0.25098039215686274
            specularColor 0.2196078431372549 0.2196078431372549 0.2196078431372549
            ambientIntensity 0.251
            transparency 0.0
            shininess 0.5
        }
    }
    geometry IndexedFaceSet {
        ccw TRUE
        solid FALSE
        coord DEF co Coordinate {
            point [
                -1.637 0.2961 0.5945, -1.588 0.245 0.5945, -1.5364 0.3272 0.5945, -1.4162 0.4312 0.5945, -1.5379 0.4312 0.5945, -1.4678 0.3957 0.5945, -1.5848 0.3788 0.5945, -1.598 0.364 0.5945, -1.643 0.2858 0.5945, -1.6695 0.2037 0.5945, -1.62 0.1535 0.5945, -1.6707 0.2 0.5945, -1.6309 0.0571 0.5945, -1.6801 0.1103 0.5945, -1.6309 -0.057 0.5945, -1.6801 -0.1102 0.5945, -1.6199 -0.154 0.5945, -1.67 -0.2031 0.5945, -1.5875 -0.246 0.5945, -1.6385 -0.2955 0.5945, -1.5353 -0.3284 0.5945, -1.5871 -0.3784 0.5945, -1.466 -0.3971 0.5945, -1.5379 -0.4311 0.5945, -1.4162 -0.4311 0.5945, 1.7589 0.4312 0.5945, 1.6478 0.4312 0.5945, 1.6746 0.3946 0.5945, 1.7219 0.3061 0.5945, 1.751 0.2101 0.5945, 1.7589 0.1552 0.5945, 1.5737 -0.2755 0.5945, 1.5156 -0.3534 0.5945, 1.5552 -0.4164 0.5945, 1.5399 0.4312 0.5945, 1.4181 0.4312 0.5945, 1.4698 0.3957 0.5945, 1.5399 -0.4311 0.5945, 1.4416 -0.4163 0.5945, 1.4181 -0.4311 0.5945, 1.6138 -0.3437 0.5945, 1.6553 -0.2601 0.5945, 1.613 -0.1867 0.5945, 1.678 -0.1695 0.5945, 1.6315 -0.0914 0.5945, 1.6821 -0.1102 0.5945, 1.5891 0.3785 0.5945, 1.5384 0.3272 0.5945, 1.6405 0.2956 0.5945, 1.59 0.245 0.5945, 1.672 0.2032 0.5945, 1.622 0.1535 0.5945, 1.6821 0.1103 0.5945, 1.6329 0.0571 0.5945, 1.6329 -0.057 0.5945, -0.2549 -0.4409 0.0669, -0.3337 -0.4409 0.0669, -0.2549 -0.4448 0.0669, -0.3337 -0.4448 0.0669, -0.1368 -0.4842 0.0319, -0.0581 -0.4842 0.0319, -0.1368 -0.4842 0.0276, -0.0581 -0.4842 0.0276, -0.0581 -0.4452 0.0688, -0.0974 -0.449 0.0669, -0.0974 -0.4448 0.0669, -0.1368 -0.4452 0.0688, 0.1388 -0.4409 0.0669, 0.06 -0.4409 0.0669, 0.1388 -0.4448 0.0669, 0.06 -0.4448 0.0669, 0.5325 -0.4409 0.0669, 0.4537 -0.4409 0.0669, 0.5325 -0.4448 0.0669, 0.4537 -0.4448 0.0669, -1.0423 -0.4448 0.0669, -1.0423 -0.4409 0.0669, -1.1211 -0.445 0.0688, 1.123 -0.4409 0.0669, 1.0443 -0.4409 0.0669, 1.123 -0.4448 0.0669, 1.0443 -0.4448 0.0669, -1.0817 -0.4409 0.0707, -1.0817 -0.4452 0.0707, -1.0423 -0.4431 0.0707
            ]
        }
        coordIndex [
            0,1,2,-1,3,4,5,-1,5,4,6,-1,5,6,2,-1,2,6,7,-1,2,7,0,-1,0,8,1,-1,1,8,9,-1,1,9,10,-1,10,9,11,-1,10,11,12,-1,12,11,13,-1,12,13,14,-1,14,13,15,-1,14,15,16,-1,16,15,17,-1,16,17,18,-1,18,17,19,-1,18,19,20,-1,20,19,21,-1,20,21,22,-1,22,21,23,-1,22,23,24,-1,25,26,27,-1,27,28,25,-1,25,28,29,-1,25,29,30,-1,31,32,33,-1,34,35,36,-1,33,32,37,-1,37,32,38,-1,37,38,39,-1,33,40,31,-1,31,40,41,-1,31,41,42,-1,42,41,43,-1,42,43,44,-1,44,43,45,-1,34,36,46,-1,46,36,47,-1,46,47,48,-1,48,47,49,-1,48,49,50,-1,50,49,51,-1,50,51,52,-1,52,51,53,-1,52,53,45,-1,45,53,54,-1,45,54,44,-1,55,56,57,-1,57,56,58,-1,59,60,61,-1,61,60,62,-1,63,64,65,-1,65,64,66,-1,67,68,69,-1,69,68,70,-1,71,72,73,-1,73,72,74,-1,75,76,77,-1,78,79,80,-1,80,79,81,-1,77,82,83,-1,83,82,84,-1,
        ]
    }
}
Shape{
    appearance Appearance {
        material  Material 	{
            diffuseColor 1.0 1.0 1.0
            specularColor 1.0 1.0 1.0
            ambientIntensity 1.0
            transparency 0.0
            shininess 0.5
        }
    }
    geometry IndexedFaceSet {
        ccw TRUE
        solid FALSE
        coord DEF co Coordinate {
            point [
                -0.0367 -0.4912 0.879, -0.0355 -0.4937 0.877, -0.0186 -0.491 0.8865, -0.0249 -0.4935 0.8814, -0.0643 -0.4922 0.8514, -0.0591 -0.4945 0.8544, -0.0523 -0.4916 0.867, -0.0507 -0.4941 0.8654, -0.0379 -0.4937 0.8752, -0.0702 -0.4954 0.8275, -0.0695 -0.4952 0.8327, -0.0719 -0.4928 0.8332, -0.066 -0.4949 0.8412, -0.0623 -0.4946 0.8503, -0.072 -0.4959 0.8138, -0.0744 -0.4935 0.8137, -0.0702 -0.4964 0.8002, -0.0719 -0.4942 0.7943, -0.0695 -0.4965 0.795, -0.0643 -0.4948 0.7761, -0.0523 -0.4954 0.7605, -0.0507 -0.4977 0.7623, -0.0591 -0.4973 0.7733, -0.0623 -0.4972 0.7774, -0.066 -0.4968 0.7864, -0.0367 -0.4958 0.7485, -0.0379 -0.498 0.7525, -0.0497 -0.4977 0.7616, -0.0118 -0.4984 0.7426, -0.0179 -0.4983 0.7434, -0.0186 -0.496 0.741, -0.0249 -0.4982 0.7463, -0.0355 -0.4981 0.7507, 0.0009 -0.4984 0.7409, 0.0009 -0.4961 0.7384, 0.0137 -0.4984 0.7426, 0.0204 -0.496 0.741, 0.0198 -0.4983 0.7434, 0.0386 -0.4958 0.7485, 0.0542 -0.4954 0.7605, 0.0516 -0.4977 0.7616, 0.0398 -0.498 0.7525, 0.0374 -0.4981 0.7507, 0.0268 -0.4982 0.7463, 0.0662 -0.4948 0.7761, 0.061 -0.4973 0.7733, 0.0525 -0.4977 0.7623, 0.0721 -0.4964 0.8002, 0.0714 -0.4965 0.795, 0.0737 -0.4942 0.7943, 0.0679 -0.4968 0.7864, 0.0641 -0.4972 0.7774, 0.0739 -0.4959 0.8138, 0.0763 -0.4935 0.8137, 0.0721 -0.4954 0.8275, 0.0737 -0.4928 0.8332, 0.0714 -0.4952 0.8327, 0.0662 -0.4922 0.8514, 0.0641 -0.4946 0.8503, 0.0679 -0.4949 0.8412, 0.0386 -0.4912 0.879, 0.0398 -0.4937 0.8752, 0.0542 -0.4916 0.867, 0.0525 -0.4941 0.8654, 0.061 -0.4945 0.8544, -0.0179 -0.4934 0.8843, 0.0009 -0.4933 0.8868, 0.0009 -0.4909 0.8891, 0.0198 -0.4934 0.8843, 0.0204 -0.491 0.8865, 0.0268 -0.4935 0.8814, 0.0374 -0.4937 0.877
            ]
        }
        coordIndex [
            0,1,2,-1,2,1,3,-1,4,5,6,-1,6,5,7,-1,6,7,0,-1,0,7,8,-1,0,8,1,-1,9,10,11,-1,11,10,12,-1,11,12,4,-1,4,12,13,-1,4,13,5,-1,9,11,14,-1,14,11,15,-1,14,15,16,-1,16,15,17,-1,16,17,18,-1,19,20,21,-1,21,22,19,-1,19,22,23,-1,19,23,17,-1,17,23,24,-1,17,24,18,-1,25,26,20,-1,20,26,27,-1,20,27,21,-1,28,29,30,-1,30,29,31,-1,30,31,25,-1,25,31,32,-1,25,32,26,-1,28,30,33,-1,33,30,34,-1,33,34,35,-1,35,34,36,-1,35,36,37,-1,38,39,40,-1,40,41,38,-1,38,41,42,-1,38,42,36,-1,36,42,43,-1,36,43,37,-1,44,45,39,-1,39,45,46,-1,39,46,40,-1,47,48,49,-1,49,48,50,-1,49,50,44,-1,44,50,51,-1,44,51,45,-1,47,49,52,-1,52,49,53,-1,52,53,54,-1,54,53,55,-1,54,55,56,-1,57,58,55,-1,55,58,59,-1,55,59,56,-1,60,61,62,-1,62,61,63,-1,62,63,57,-1,57,63,64,-1,57,64,58,-1,3,65,2,-1,2,65,66,-1,2,66,67,-1,67,66,68,-1,67,68,69,-1,69,68,70,-1,69,70,60,-1,60,70,71,-1,60,71,61,-1,
        ]
    }
}
Shape{
    appearance Appearance {
        material  Material 	{
            diffuseColor 0.25098039215686274 0.25098039215686274 0.25098039215686274
            specularColor 0.2196078431372549 0.2196078431372549 0.2196078431372549
            ambientIntensity 0.251
            transparency 0.0
            shininess 0.5
        }
    }
    geometry IndexedFaceSet {
        ccw TRUE
        solid FALSE
        coord DEF co Coordinate {
            point [
                -1.686 0.0 -0.2324, -1.6823 0.0286 -0.0, -1.6823 0.0286 -0.2324, -1.6713 0.0552 -0.0, -1.6713 0.0552 -0.2324, -1.6537 0.078 -0.0, -1.6537 0.078 -0.2324, -1.6309 0.0955 -0.0, -1.6309 0.0955 -0.2324, -1.6043 0.1065 -0.0, -1.6043 0.1065 -0.2324, -1.5758 0.1103 -0.0, -1.5758 0.1103 -0.2324, -1.5473 0.1065 -0.0, -1.5473 0.1065 -0.2324, -1.5207 0.0955 -0.0, -1.5207 0.0955 -0.2324, -1.4978 0.078 -0.0, -1.4978 0.078 -0.2324, -1.4803 0.0552 -0.0, -1.4803 0.0552 -0.2324, -1.4693 0.0286 -0.0, -1.4693 0.0286 -0.2324, -1.4656 0.0001 -0.0, -1.4656 0.0 -0.2324, -1.4693 -0.0285 -0.0, -1.4693 -0.0285 -0.2324, -1.4803 -0.0551 -0.0, -1.4803 -0.0551 -0.2324, -1.4978 -0.0779 -0.0, -1.4978 -0.0779 -0.2324, -1.5207 -0.0954 -0.0, -1.5207 -0.0954 -0.2324, -1.5473 -0.1064 -0.0, -1.5473 -0.1064 -0.2324, -1.5758 -0.1102 -0.0, -1.5758 -0.1102 -0.2324, -1.6043 -0.1064 -0.0, -1.6043 -0.1064 -0.2324, -1.6309 -0.0954 -0.0, -1.6309 -0.0954 -0.2324, -1.6537 -0.0779 -0.0, -1.6537 -0.0779 -0.2324, -1.6713 -0.0551 -0.0, -1.6713 -0.0551 -0.2324, -1.6823 -0.0285 -0.0, -1.6823 -0.0285 -0.2324, -1.686 0.0001 -0.0, 1.4636 0.0 -0.2324, 1.4673 0.0286 -0.0, 1.4673 0.0286 -0.2324, 1.4784 0.0552 -0.0, 1.4784 0.0552 -0.2324, 1.4959 0.078 -0.0, 1.4959 0.078 -0.2324, 1.5187 0.0955 -0.0, 1.5187 0.0955 -0.2324, 1.5453 0.1065 -0.0, 1.5453 0.1065 -0.2324, 1.5738 0.1103 -0.0, 1.5738 0.1103 -0.2324, 1.6023 0.1065 -0.0, 1.6023 0.1065 -0.2324, 1.6289 0.0955 -0.0, 1.6289 0.0955 -0.2324, 1.6518 0.078 -0.0, 1.6518 0.078 -0.2324, 1.6693 0.0552 -0.0, 1.6693 0.0552 -0.2324, 1.6803 0.0286 -0.0, 1.6803 0.0286 -0.2324, 1.6841 0.0001 -0.0, 1.6841 0.0 -0.2324, 1.6803 -0.0285 -0.0, 1.6803 -0.0285 -0.2324, 1.6693 -0.0551 -0.0, 1.6693 -0.0551 -0.2324, 1.6518 -0.0779 -0.0, 1.6518 -0.0779 -0.2324, 1.6289 -0.0954 -0.0, 1.6289 -0.0954 -0.2324, 1.6023 -0.1064 -0.0, 1.6023 -0.1064 -0.2324, 1.5738 -0.1102 -0.0, 1.5738 -0.1102 -0.2324, 1.5453 -0.1064 -0.0, 1.5453 -0.1064 -0.2324, 1.5187 -0.0954 -0.0, 1.5187 -0.0954 -0.2324, 1.4959 -0.0779 -0.0, 1.4959 -0.0779 -0.2324, 1.4784 -0.0551 -0.0, 1.4784 -0.0551 -0.2324, 1.4673 -0.0285 -0.0, 1.4673 -0.0285 -0.2324, 1.4636 0.0001 -0.0, -1.5073 0.0184 -0.2718, -1.5144 0.0355 -0.2718, -1.5257 0.0502 -0.2718, -1.5404 0.0614 -0.2718, -1.5574 0.0685 -0.2718, -1.5758 0.0709 -0.2718, -1.5941 0.0685 -0.2718, -1.6112 0.0614 -0.2718, -1.6259 0.0502 -0.2718, -1.6372 0.0355 -0.2718, -1.6442 0.0184 -0.2718, -1.6467 0.0 -0.2718, -1.6442 -0.0183 -0.2718, -1.6372 -0.0354 -0.2718, -1.6259 -0.0501 -0.2718, -1.6112 -0.0613 -0.2718, -1.5941 -0.0684 -0.2718, -1.5758 -0.0708 -0.2718, -1.5574 -0.0684 -0.2718, -1.5404 -0.0613 -0.2718, -1.5257 -0.0501 -0.2718, -1.5144 -0.0354 -0.2718, -1.5073 -0.0183 -0.2718, -1.5049 0.0 -0.2718, 1.6423 0.0184 -0.2718, 1.6352 0.0355 -0.2718, 1.6239 0.0502 -0.2718, 1.6093 0.0614 -0.2718, 1.5922 0.0685 -0.2718, 1.5738 0.0709 -0.2718, 1.5555 0.0685 -0.2718, 1.5384 0.0614 -0.2718, 1.5237 0.0502 -0.2718, 1.5124 0.0355 -0.2718, 1.5054 0.0184 -0.2718, 1.503 0.0 -0.2718, 1.5054 -0.0183 -0.2718, 1.5124 -0.0354 -0.2718, 1.5237 -0.0501 -0.2718, 1.5384 -0.0613 -0.2718, 1.5555 -0.0684 -0.2718, 1.5738 -0.0708 -0.2718, 1.5922 -0.0684 -0.2718, 1.6093 -0.0613 -0.2718, 1.6239 -0.0501 -0.2718, 1.6352 -0.0354 -0.2718, 1.6423 -0.0183 -0.2718, 1.6447 0.0 -0.2718
            ]
        }
        coordIndex [
            0,1,2,-1,2,1,3,-1,2,3,4,-1,4,3,5,-1,4,5,6,-1,6,5,7,-1,6,7,8,-1,8,7,9,-1,8,9,10,-1,10,9,11,-1,10,11,12,-1,12,11,13,-1,12,13,14,-1,14,13,15,-1,14,15,16,-1,16,15,17,-1,16,17,18,-1,18,17,19,-1,18,19,20,-1,20,19,21,-1,20,21,22,-1,22,21,23,-1,22,23,24,-1,24,23,25,-1,24,25,26,-1,26,25,27,-1,26,27,28,-1,28,27,29,-1,28,29,30,-1,30,29,31,-1,30,31,32,-1,32,31,33,-1,32,33,34,-1,34,33,35,-1,34,35,36,-1,36,35,37,-1,36,37,38,-1,38,37,39,-1,38,39,40,-1,40,39,41,-1,40,41,42,-1,42,41,43,-1,42,43,44,-1,44,43,45,-1,44,45,46,-1,46,45,47,-1,46,47,0,-1,0,47,1,-1,48,49,50,-1,50,49,51,-1,50,51,52,-1,52,51,53,-1,52,53,54,-1,54,53,55,-1,54,55,56,-1,56,55,57,-1,56,57,58,-1,58,57,59,-1,58,59,60,-1,60,59,61,-1,60,61,62,-1,62,61,63,-1,62,63,64,-1,64,63,65,-1,64,65,66,-1,66,65,67,-1,66,67,68,-1,68,67,69,-1,68,69,70,-1,70,69,71,-1,70,71,72,-1,72,71,73,-1,72,73,74,-1,74,73,75,-1,74,75,76,-1,76,75,77,-1,76,77,78,-1,78,77,79,-1,78,79,80,-1,80,79,81,-1,80,81,82,-1,82,81,83,-1,82,83,84,-1,84,83,85,-1,84,85,86,-1,86,85,87,-1,86,87,88,-1,88,87,89,-1,88,89,90,-1,90,89,91,-1,90,91,92,-1,92,91,93,-1,92,93,94,-1,94,93,95,-1,94,95,48,-1,48,95,49,-1,24,96,22,-1,22,96,97,-1,22,97,20,-1,20,97,98,-1,20,98,18,-1,18,98,99,-1,18,99,16,-1,16,99,100,-1,16,100,14,-1,14,100,101,-1,14,101,12,-1,12,101,102,-1,12,102,10,-1,10,102,103,-1,10,103,8,-1,8,103,104,-1,8,104,6,-1,6,104,105,-1,6,105,4,-1,4,105,106,-1,4,106,2,-1,2,106,107,-1,2,107,0,-1,0,107,108,-1,0,108,46,-1,46,108,109,-1,46,109,44,-1,44,109,110,-1,44,110,42,-1,42,110,111,-1,42,111,40,-1,40,111,112,-1,40,112,38,-1,38,112,113,-1,38,113,36,-1,36,113,114,-1,36,114,34,-1,34,114,115,-1,34,115,32,-1,32,115,116,-1,32,116,30,-1,30,116,117,-1,30,117,28,-1,28,117,118,-1,28,118,26,-1,26,118,119,-1,26,119,24,-1,24,119,96,-1,72,120,70,-1,70,120,121,-1,70,121,68,-1,68,121,122,-1,68,122,66,-1,66,122,123,-1,66,123,64,-1,64,123,124,-1,64,124,62,-1,62,124,125,-1,62,125,60,-1,60,125,126,-1,60,126,58,-1,58,126,127,-1,58,127,56,-1,56,127,128,-1,56,128,54,-1,54,128,129,-1,54,129,52,-1,52,129,130,-1,52,130,50,-1,50,130,131,-1,50,131,48,-1,48,131,132,-1,48,132,94,-1,94,132,133,-1,94,133,92,-1,92,133,134,-1,92,134,90,-1,90,134,135,-1,90,135,88,-1,88,135,136,-1,88,136,86,-1,86,136,137,-1,86,137,84,-1,84,137,138,-1,84,138,82,-1,82,138,139,-1,82,139,80,-1,80,139,140,-1,80,140,78,-1,78,140,141,-1,78,141,76,-1,76,141,142,-1,76,142,74,-1,74,142,143,-1,74,143,72,-1,72,143,120,-1,
        ]
    }
}
Shape{
    appearance Appearance {
        material  Material 	{
            diffuseColor 1.0 1.0 1.0
            specularColor 1.0 1.0 1.0
            ambientIntensity 1.0
            transparency 0.0
            shininess 0.5
        }
    }
    geometry IndexedFaceSet {
        ccw TRUE
        solid FALSE
        coord DEF co Coordinate {
            point [
                -0.059 0.4946 0.8544, -0.0622 0.4947 0.8503, -0.0642 0.4923 0.8514, -0.0367 0.4959 0.7485, -0.0523 0.4955 0.7605, -0.0496 0.4978 0.7615, -0.0248 0.4983 0.7463, -0.0185 0.4961 0.741, -0.0355 0.4982 0.7507, -0.0378 0.4981 0.7525, -0.0642 0.4949 0.7761, -0.059 0.4974 0.7733, -0.0506 0.4978 0.7623, -0.0701 0.4965 0.8002, -0.0695 0.4966 0.795, -0.0718 0.4943 0.7943, -0.0659 0.4969 0.7864, -0.0622 0.4973 0.7774, -0.0719 0.496 0.8138, -0.0743 0.4936 0.8137, -0.0701 0.4955 0.8275, -0.0718 0.4929 0.8332, -0.0695 0.4953 0.8327, -0.0659 0.495 0.8412, -0.0506 0.4942 0.8654, -0.0523 0.4917 0.867, -0.0378 0.4938 0.8752, -0.0367 0.4913 0.879, -0.0355 0.4938 0.877, -0.0248 0.4936 0.8814, -0.0185 0.4911 0.8865, -0.0179 0.4935 0.8843, 0.001 0.491 0.8891, 0.001 0.4934 0.8868, 0.0205 0.4911 0.8865, 0.0199 0.4935 0.8843, 0.0387 0.4913 0.879, 0.0375 0.4938 0.877, 0.0269 0.4936 0.8814, 0.0663 0.4923 0.8514, 0.0611 0.4946 0.8544, 0.0543 0.4917 0.867, 0.0526 0.4942 0.8654, 0.0398 0.4938 0.8752, 0.0722 0.4955 0.8275, 0.0715 0.4953 0.8327, 0.0738 0.4929 0.8332, 0.068 0.495 0.8412, 0.0642 0.4947 0.8503, 0.074 0.496 0.8138, 0.0764 0.4936 0.8137, 0.0722 0.4965 0.8002, 0.0738 0.4943 0.7943, 0.0715 0.4966 0.795, 0.0663 0.4949 0.7761, 0.0543 0.4955 0.7605, 0.0526 0.4978 0.7623, 0.0611 0.4974 0.7733, 0.0642 0.4973 0.7774, 0.068 0.4969 0.7864, 0.0387 0.4959 0.7485, 0.0398 0.4981 0.7525, 0.0517 0.4978 0.7615, -0.0179 0.4984 0.7434, 0.001 0.4985 0.7409, 0.001 0.4962 0.7384, 0.0199 0.4984 0.7434, 0.0205 0.4961 0.741, 0.0269 0.4983 0.7463, 0.0375 0.4982 0.7507
            ]
        }
        coordIndex [
            0,1,2,-1,3,4,5,-1,6,7,8,-1,8,7,3,-1,8,3,9,-1,9,3,5,-1,10,11,4,-1,4,11,12,-1,4,12,5,-1,13,14,15,-1,15,14,16,-1,15,16,10,-1,10,16,17,-1,10,17,11,-1,13,15,18,-1,18,15,19,-1,18,19,20,-1,20,19,21,-1,20,21,22,-1,2,1,21,-1,21,1,23,-1,21,23,22,-1,0,2,24,-1,24,2,25,-1,24,25,26,-1,26,25,27,-1,26,27,28,-1,28,27,29,-1,29,27,30,-1,29,30,31,-1,31,30,32,-1,31,32,33,-1,33,32,34,-1,33,34,35,-1,36,37,34,-1,34,37,38,-1,34,38,35,-1,39,40,41,-1,41,40,42,-1,41,42,36,-1,36,42,43,-1,36,43,37,-1,44,45,46,-1,46,45,47,-1,46,47,39,-1,39,47,48,-1,39,48,40,-1,44,46,49,-1,49,46,50,-1,49,50,51,-1,51,50,52,-1,51,52,53,-1,54,55,56,-1,56,57,54,-1,54,57,58,-1,54,58,52,-1,52,58,59,-1,52,59,53,-1,60,61,55,-1,55,61,62,-1,55,62,56,-1,6,63,7,-1,7,63,64,-1,7,64,65,-1,65,64,66,-1,65,66,67,-1,67,66,68,-1,67,68,60,-1,60,68,69,-1,60,69,61,-1,
        ]
    }
}
Shape{
    appearance Appearance {
        material  Material 	{
            diffuseColor 0.25098039215686274 0.25098039215686274 0.25098039215686274
            specularColor 0.2196078431372549 0.2196078431372549 0.2196078431372549
            ambientIntensity 0.251
            transparency 0.0
            shininess 0.5
        }
    }
    geometry IndexedFaceSet {
        ccw TRUE
        solid FALSE
        coord DEF co Coordinate {
            point [
                1.6315 -0.0914 0.5945, 1.6329 -0.057 0.5945, 1.6329 -0.057 0.6693, 1.6324 -0.0295 0.6693, 1.6295 -0.0913 0.9882, 1.632 -0.0295 0.8287, 1.6324 -0.0295 0.9882, 1.6281 -0.1214 0.9882, 1.613 -0.1867 0.5945, 1.6104 -0.186 0.9882, 1.601 -0.2201 0.9882, 1.5737 -0.2755 0.5945, 1.5712 -0.2741 0.9882, 1.5515 -0.3097 0.9882, 1.5156 -0.3534 0.5945, 1.5134 -0.3513 0.9882, 1.4824 -0.3852 0.9882, 1.4416 -0.4163 0.5945, 1.44 -0.4138 0.9882, 1.3974 -0.4424 0.9882, 1.4181 -0.4311 0.5945, 1.3545 -0.4583 0.9882, 1.3555 -0.4611 0.5644, 1.3092 -0.4761 0.5495, 1.3015 -0.478 0.9882, 1.2615 -0.4857 0.5399, 1.2612 -0.4828 0.9882, 1.1998 -0.4901 0.9882, 1.1998 -0.4901 0.5354, 0.3356 0.5689 0.0276, 0.2569 0.5689 0.0276, 0.3356 0.5689 0.0707, 0.2569 0.5689 0.0707, -1.3593 0.5689 0.2085, 0.1978 0.5689 0.0707, 0.1388 0.5689 0.0707, -1.0423 0.5689 0.0276, -1.1211 0.5689 0.0276, -1.0423 0.5689 0.0707, -1.1211 0.5689 0.0707, 1.3967 0.5689 0.1692, 1.3967 0.5689 0.0707, 1.3573 0.5689 0.2085, 1.123 0.5689 0.0707, 0.5325 0.5689 0.0276, 0.4537 0.5689 0.0276, 0.5325 0.5689 0.0707, 0.4537 0.5689 0.0707, 0.3947 0.5689 0.0707, 0.1388 0.5689 0.0276, 0.06 0.5689 0.0276, 0.06 0.5689 0.0707, 0.001 0.5689 0.0707, -0.0581 0.5689 0.0707, -0.7864 0.5689 0.0707, -0.5305 0.5689 0.0707, -0.4518 0.5689 0.0707, -0.5305 0.5689 0.0276, -0.4518 0.5689 0.0276, -1.3986 0.5689 0.0707, -1.3986 0.5689 0.1692, 1.123 0.5689 0.0276, 1.0443 0.5689 0.0276, 1.0443 0.5689 0.0707, 0.7884 0.5689 0.0707, -0.0581 0.5689 0.0276, -0.1368 0.5689 0.0276, -0.1368 0.5689 0.0707, -0.1959 0.5689 0.0707, -0.2549 0.5689 0.0707, -0.2549 0.5689 0.0276, -0.3337 0.5689 0.0276, -0.3337 0.5689 0.0707, -0.3927 0.5689 0.0707, 1.123 0.4847 0.0276, 1.123 0.4453 0.0707, 1.123 0.4453 0.0669, 1.123 0.4467 0.0567, 1.123 0.4506 0.0472, 1.123 0.4569 0.0391, 1.123 0.465 0.0328, 1.123 0.4745 0.0289, 1.0443 0.4453 0.0707, 1.0443 0.4847 0.0276, 1.0443 0.4453 0.0669, 1.0443 0.4569 0.0391, 1.0443 0.465 0.0328, 1.0443 0.4745 0.0289, 1.0443 0.4506 0.0472, 1.0443 0.4467 0.0567, 0.5325 0.4847 0.0276, 0.5325 0.4759 0.0286, 0.5325 0.4462 0.0585, 0.5325 0.4453 0.0669, 0.5325 0.4453 0.0707, 0.5325 0.4491 0.0501, 0.5325 0.4538 0.0425, 0.5325 0.46 0.0362, 0.5325 0.4675 0.0315, 0.4537 0.4453 0.0669, 0.4537 0.4453 0.0707, 0.4537 0.4847 0.0276, 0.4537 0.4462 0.0585, 0.4537 0.4675 0.0315, 0.4537 0.46 0.0362, 0.4537 0.4538 0.0425, 0.4537 0.4759 0.0286, 0.4537 0.4491 0.0501, 0.3356 0.4847 0.0276, 0.3356 0.4453 0.0707, 0.3356 0.4453 0.0669, 0.3356 0.4491 0.0501, 0.3356 0.4538 0.0425, 0.3356 0.4462 0.0585, 0.3356 0.46 0.0362, 0.3356 0.4675 0.0315, 0.3356 0.4759 0.0286, 0.2569 0.4453 0.0669, 0.2569 0.4453 0.0707, 0.2569 0.4847 0.0276, 0.2569 0.4462 0.0585, 0.2569 0.46 0.0362, 0.2569 0.4675 0.0315, 0.2569 0.4759 0.0286, 0.2569 0.4538 0.0425, 0.2569 0.4491 0.0501, 0.1388 0.4453 0.0707, 0.1388 0.4453 0.0669, 0.1388 0.4847 0.0276, 0.1388 0.4462 0.0585, 0.1388 0.4538 0.0425, 0.1388 0.46 0.0362, 0.1388 0.4675 0.0315, 0.1388 0.4491 0.0501, 0.1388 0.4759 0.0286, 0.06 0.4453 0.0669, 0.06 0.4453 0.0707, 0.06 0.4847 0.0276, 0.06 0.4462 0.0585, 0.06 0.4491 0.0501, 0.06 0.4759 0.0286, 0.06 0.4675 0.0315, 0.06 0.46 0.0362, 0.06 0.4538 0.0425, -0.0581 0.4847 0.0276, -0.0581 0.4453 0.0707, -0.0581 0.4453 0.0669, -0.0581 0.4491 0.0501, -0.0581 0.4538 0.0425, -0.0581 0.4462 0.0585, -0.0581 0.46 0.0362, -0.0581 0.4675 0.0315, -0.0581 0.4759 0.0286, -0.1368 0.4453 0.0707, -0.1368 0.4453 0.0669, -0.1368 0.4847 0.0276, -0.1368 0.4538 0.0425, -0.1368 0.4491 0.0501, -0.1368 0.4462 0.0585, -0.1368 0.4759 0.0286, -0.1368 0.4675 0.0315, -0.1368 0.46 0.0362, -0.2549 0.4847 0.0276, -0.2549 0.4453 0.0707, -0.2549 0.4453 0.0669, -0.2549 0.4462 0.0585, -0.2549 0.4491 0.0501, -0.2549 0.4538 0.0425, -0.2549 0.46 0.0362, -0.2549 0.4759 0.0286, -0.2549 0.4675 0.0315, -0.3337 0.4453 0.0669, -0.3337 0.4453 0.0707, -0.3337 0.4847 0.0276, -0.3337 0.4462 0.0585, -0.3337 0.4491 0.0501, -0.3337 0.4759 0.0286, -0.3337 0.4675 0.0315, -0.3337 0.46 0.0362, -0.3337 0.4538 0.0425, -0.4518 0.4453 0.0707, -0.4518 0.4453 0.0669, -0.4518 0.4847 0.0276, -0.4518 0.46 0.0362, -0.4518 0.4675 0.0315, -0.4518 0.4538 0.0425, -0.4518 0.4491 0.0501, -0.4518 0.4462 0.0585, -0.4518 0.4759 0.0286, -0.5305 0.4453 0.0707, -0.5305 0.4453 0.0669, -0.5305 0.4847 0.0276, -0.5305 0.4759 0.0286, -0.5305 0.4491 0.0501, -0.5305 0.4462 0.0585, -0.5305 0.4675 0.0315, -0.5305 0.46 0.0362, -0.5305 0.4538 0.0425, -1.0423 0.4847 0.0276, -1.0423 0.4453 0.0707, -1.0423 0.4453 0.0669, -1.0423 0.4491 0.0501, -1.0423 0.4538 0.0425, -1.0423 0.4462 0.0585, -1.0423 0.46 0.0362, -1.0423 0.4675 0.0315, -1.0423 0.4759 0.0286, -1.1211 0.4453 0.0707, -1.1211 0.4453 0.0669, -1.1211 0.4847 0.0276, -1.1211 0.4759 0.0286, -1.1211 0.4675 0.0315, -1.1211 0.46 0.0362, -1.1211 0.4538 0.0425, -1.1211 0.4491 0.0501, -1.1211 0.4462 0.0585, 1.0443 -0.5688 0.0707, 1.0443 -0.5688 0.0276, 1.123 -0.5688 0.0276, -1.1211 -0.5688 0.0276, -1.0423 -0.5688 0.0276, -1.1211 -0.5688 0.0707, -1.0423 -0.5688 0.0707, -0.5305 -0.5688 0.0707, -0.5305 -0.5688 0.0276, -0.4518 -0.5688 0.0276, -1.3986 -0.5688 0.1692, -1.3986 -0.5688 0.0707, -1.3593 -0.5688 0.2085, 1.3573 -0.5688 0.2085, 1.3967 -0.5688 0.0707, 1.3967 -0.5688 0.1692, 1.123 -0.5688 0.0707, -0.4518 -0.5688 0.0707, -0.7864 -0.5688 0.0707, -0.3337 -0.5688 0.0707, -0.3337 -0.5688 0.0276, -0.2549 -0.5688 0.0276, -0.1368 -0.5688 0.0707, -0.1368 -0.5688 0.0276, -0.0581 -0.5688 0.0276, 0.4537 -0.5688 0.0707, 0.4537 -0.5688 0.0276, 0.5325 -0.5688 0.0276, 0.7884 -0.5688 0.0707, 0.5325 -0.5688 0.0707, -0.2549 -0.5688 0.0707, -0.3927 -0.5688 0.0707, -0.0581 -0.5688 0.0707, -0.1959 -0.5688 0.0707, 0.06 -0.5688 0.0707, 0.06 -0.5688 0.0276, 0.1388 -0.5688 0.0276, 0.3947 -0.5688 0.0707, 0.3356 -0.5688 0.0707, 0.1388 -0.5688 0.0707, 0.001 -0.5688 0.0707, 0.1978 -0.5688 0.0707, 0.2569 -0.5688 0.0707, 0.2569 -0.5688 0.0319, 0.3356 -0.5688 0.0319, -1.1211 -0.445 0.0688, -1.1211 -0.4488 0.0604, -1.1211 -0.4842 0.0276, -1.1211 -0.4842 0.0319, -1.1211 -0.4521 0.053, -1.1211 -0.4562 0.0459, -1.1211 -0.4618 0.04, -1.1211 -0.4687 0.0355, -1.1211 -0.4764 0.0328, -1.0423 -0.4452 0.0669, -1.0423 -0.4431 0.0707, -1.0423 -0.4492 0.0669, -1.0423 -0.4842 0.0276, -1.0423 -0.4842 0.0319, -1.0423 -0.4764 0.0328, -1.0423 -0.4687 0.0355, -1.0423 -0.4618 0.04, -1.0423 -0.4562 0.0459, -1.0423 -0.4521 0.053, -1.0423 -0.4497 0.0608, -0.5305 -0.447 0.0707, -0.5305 -0.4492 0.0669, -0.5305 -0.4842 0.0276, -0.5305 -0.4645 0.0328, -0.5305 -0.4462 0.0567, -0.5305 -0.4564 0.0391, -0.5305 -0.4501 0.0472, -0.5305 -0.4448 0.0669, -0.5305 -0.474 0.0289, -0.4518 -0.4492 0.0669, -0.4518 -0.447 0.0707, -0.4518 -0.4462 0.0567, -0.4518 -0.4448 0.0669, -0.4518 -0.4842 0.0276, -0.4518 -0.474 0.0289, -0.4518 -0.4645 0.0328, -0.4518 -0.4564 0.0391, -0.4518 -0.4501 0.0472, -0.3337 -0.4431 0.0707, -0.3337 -0.4492 0.0669, -0.3337 -0.4452 0.0669, -0.3337 -0.4842 0.0276, -0.3337 -0.4842 0.0319, -0.3337 -0.4767 0.0327, -0.3337 -0.4501 0.0591, -0.3337 -0.4527 0.0516, -0.3337 -0.4692 0.0353, -0.3337 -0.4569 0.045, -0.3337 -0.4625 0.0394, -0.2549 -0.4842 0.0276, -0.2549 -0.4452 0.0669, -0.2549 -0.4452 0.0707, -0.2549 -0.4492 0.0669, -0.2549 -0.4842 0.0319, -0.2549 -0.4767 0.0327, -0.2549 -0.4692 0.0353, -0.2549 -0.4625 0.0394, -0.2549 -0.4569 0.045, -0.2549 -0.4527 0.0516, -0.2549 -0.4501 0.0591, -0.1368 -0.4842 0.0276, -0.1368 -0.4842 0.0319, -0.1368 -0.4764 0.0327, -0.1368 -0.4452 0.0688, -0.1368 -0.4498 0.0591, -0.1368 -0.4525 0.0517, -0.1368 -0.4567 0.045, -0.1368 -0.4622 0.0395, -0.1368 -0.4689 0.0353, -0.0581 -0.4498 0.0591, -0.0581 -0.4452 0.0688, -0.0581 -0.4842 0.0276, -0.0581 -0.4525 0.0517, -0.0581 -0.4842 0.0319, -0.0581 -0.4764 0.0327, -0.0581 -0.4689 0.0353, -0.0581 -0.4622 0.0395, -0.0581 -0.4567 0.045, 0.06 -0.4842 0.0276, 0.06 -0.4842 0.0319, 0.06 -0.4767 0.0327, 0.06 -0.4431 0.0707, 0.06 -0.4492 0.0669, 0.06 -0.4452 0.0669, 0.06 -0.4501 0.0591, 0.06 -0.4527 0.0516, 0.06 -0.4569 0.045, 0.06 -0.4625 0.0394, 0.06 -0.4692 0.0353, 0.1388 -0.4452 0.0669, 0.1388 -0.4431 0.0707, 0.1388 -0.4492 0.0669, 0.1388 -0.4842 0.0276, 0.1388 -0.4842 0.0319, 0.1388 -0.4767 0.0327, 0.1388 -0.4501 0.0591, 0.1388 -0.4692 0.0353, 0.1388 -0.4625 0.0394, 0.1388 -0.4527 0.0516, 0.1388 -0.4569 0.045, 0.2569 -0.4842 0.0319, 0.2569 -0.445 0.0707, 0.2569 -0.445 0.0669, 0.2569 -0.4454 0.0603, 0.2569 -0.4482 0.051, 0.2569 -0.4531 0.0427, 0.2569 -0.46 0.0359, 0.2569 -0.4683 0.0309, 0.2569 -0.4776 0.0281, 0.2569 -0.4842 0.0276, 0.3356 -0.445 0.0707, 0.3356 -0.4842 0.0319, 0.3356 -0.445 0.0669, 0.3356 -0.4454 0.0603, 0.3356 -0.4842 0.0276, 0.3356 -0.4776 0.0281, 0.3356 -0.4683 0.0309, 0.3356 -0.46 0.0359, 0.3356 -0.4531 0.0427, 0.3356 -0.4482 0.051, 0.4537 -0.4431 0.0707, 0.4537 -0.4492 0.0669, 0.4537 -0.4452 0.0669, 0.4537 -0.4842 0.0276, 0.4537 -0.4842 0.0319, 0.4537 -0.4767 0.0327, 0.4537 -0.4501 0.0591, 0.4537 -0.4527 0.0516, 0.4537 -0.4692 0.0353, 0.4537 -0.4569 0.045, 0.4537 -0.4625 0.0394, 0.5325 -0.4452 0.0669, 0.5325 -0.4431 0.0707, 0.5325 -0.4492 0.0669, 0.5325 -0.4842 0.0276, 0.5325 -0.4842 0.0319, 0.5325 -0.4767 0.0327, 0.5325 -0.4501 0.0591, 0.5325 -0.4692 0.0353, 0.5325 -0.4625 0.0394, 0.5325 -0.4569 0.045, 0.5325 -0.4527 0.0516, 1.0443 -0.4842 0.0276, 1.0443 -0.4842 0.0319, 1.0443 -0.4767 0.0327, 1.0443 -0.4431 0.0707, 1.0443 -0.4492 0.0669, 1.0443 -0.4452 0.0669, 1.0443 -0.4501 0.0591, 1.0443 -0.4527 0.0516, 1.0443 -0.4569 0.045, 1.0443 -0.4625 0.0394, 1.0443 -0.4692 0.0353, 1.123 -0.4452 0.0669, 1.123 -0.4452 0.0707, 1.123 -0.4492 0.0669, 1.123 -0.4842 0.0276, 1.123 -0.4842 0.0319, 1.123 -0.4767 0.0327, 1.123 -0.4569 0.045, 1.123 -0.4625 0.0394, 1.123 -0.4692 0.0353, 1.123 -0.4527 0.0516, 1.123 -0.4501 0.0591, 0.153 -0.1279 2.3591, 0.2427 -0.1279 2.3591, 0.153 -0.1377 2.3689, 0.2427 -0.1377 2.3689, -0.4376 -0.1377 2.6222, -0.4376 -0.1377 2.3689, -0.3478 -0.1377 2.3689, -1.271 -0.1377 2.546, -1.1352 -0.1377 2.546, -1.2125 -0.1377 2.75, -1.1352 -0.1377 2.6222, -1.1193 -0.1377 2.6421, -1.0441 -0.1377 2.6421, 1.2145 -0.1377 2.75, 0.2587 -0.1377 2.4453, -0.4536 -0.1377 2.6421, -0.3478 -0.1377 2.4253, -0.3319 -0.1377 2.4453, -0.2567 -0.1377 2.4453, 0.153 -0.1377 2.4253, -0.0439 -0.1377 2.3689, 0.0459 -0.1377 2.3689, -0.0439 -0.1377 2.4253, 0.0459 -0.1377 2.4253, 0.0618 -0.1377 2.4453, 0.3498 -0.1377 2.3689, 0.4396 -0.1377 2.3689, 0.3498 -0.1377 2.4253, 0.4396 -0.1377 2.6222, 0.3338 -0.1377 2.4453, 0.5467 -0.1377 2.6222, 0.5467 -0.1377 2.3689, 1.0301 -0.1377 2.3689, -0.2408 -0.1377 2.3689, -0.151 -0.1377 2.3689, -0.2408 -0.1377 2.4253, -0.151 -0.1377 2.4253, -0.135 -0.1377 2.4453, -0.0599 -0.1377 2.4453, 1.1372 -0.1377 2.546, 1.273 -0.1377 2.546, 1.1372 -0.1377 2.6222, 1.1212 -0.1377 2.6421, 1.0461 -0.1377 2.6421, -1.0282 -0.1377 2.3689, -0.5447 -0.1377 2.3689, -1.0282 -0.1377 2.6222, -0.5447 -0.1377 2.6222, -0.5287 -0.1377 2.6421, 0.2427 -0.1377 2.4253, 0.137 -0.1377 2.4453, 1.0301 -0.1377 2.6222, 0.5307 -0.1377 2.6421, 0.4555 -0.1377 2.6421
            ]
        }
        coordIndex [
            0,1,2,-1,2,3,4,-1,4,3,5,-1,4,5,6,-1,2,4,0,-1,0,4,7,-1,0,7,8,-1,7,9,8,-1,8,9,10,-1,8,10,11,-1,10,12,11,-1,11,12,13,-1,11,13,14,-1,13,15,14,-1,14,15,16,-1,14,16,17,-1,16,18,17,-1,17,18,19,-1,17,19,20,-1,20,19,21,-1,20,21,22,-1,22,21,23,-1,23,21,24,-1,23,24,25,-1,24,26,25,-1,25,26,27,-1,25,27,28,-1,29,30,31,-1,31,30,32,-1,31,32,33,-1,33,32,34,-1,33,34,35,-1,36,37,38,-1,38,37,39,-1,40,41,42,-1,42,41,43,-1,42,43,33,-1,44,45,46,-1,46,45,47,-1,46,47,33,-1,33,47,48,-1,33,48,31,-1,49,50,35,-1,35,50,51,-1,35,51,33,-1,33,51,52,-1,33,52,53,-1,54,33,55,-1,55,33,56,-1,55,56,57,-1,57,56,58,-1,59,60,39,-1,39,60,33,-1,39,33,38,-1,38,33,54,-1,61,62,43,-1,43,62,63,-1,43,63,33,-1,33,63,64,-1,33,64,46,-1,65,66,53,-1,53,66,67,-1,53,67,33,-1,33,67,68,-1,33,68,69,-1,70,71,69,-1,69,71,72,-1,69,72,33,-1,33,72,73,-1,33,73,56,-1,61,43,74,-1,74,43,75,-1,75,76,74,-1,74,76,77,-1,74,77,78,-1,78,79,74,-1,74,79,80,-1,74,80,81,-1,63,62,82,-1,82,62,83,-1,82,83,84,-1,85,83,86,-1,86,83,87,-1,85,88,83,-1,83,88,89,-1,83,89,84,-1,90,44,46,-1,91,90,92,-1,92,90,93,-1,93,90,46,-1,93,46,94,-1,92,95,96,-1,96,97,92,-1,92,97,98,-1,92,98,91,-1,99,100,47,-1,47,45,99,-1,99,45,101,-1,99,101,102,-1,103,104,105,-1,101,106,102,-1,102,106,103,-1,102,103,107,-1,107,103,105,-1,108,29,31,-1,31,109,110,-1,111,112,108,-1,31,110,108,-1,108,110,113,-1,108,113,111,-1,114,115,112,-1,112,115,116,-1,112,116,108,-1,117,118,32,-1,32,30,117,-1,117,30,119,-1,117,119,120,-1,121,119,122,-1,122,119,123,-1,121,124,119,-1,119,124,125,-1,119,125,120,-1,35,126,127,-1,49,35,128,-1,128,35,127,-1,128,127,129,-1,130,131,132,-1,129,133,128,-1,128,133,130,-1,128,130,134,-1,134,130,132,-1,135,136,51,-1,51,50,135,-1,135,50,137,-1,135,137,138,-1,138,137,139,-1,137,140,141,-1,141,142,137,-1,137,142,143,-1,137,143,139,-1,144,65,53,-1,53,145,146,-1,147,148,144,-1,53,146,144,-1,144,146,149,-1,144,149,147,-1,148,150,144,-1,144,150,151,-1,144,151,152,-1,153,67,154,-1,154,67,66,-1,154,66,155,-1,156,157,155,-1,155,157,158,-1,155,158,154,-1,159,160,155,-1,155,160,161,-1,155,161,156,-1,162,70,69,-1,69,163,164,-1,69,164,162,-1,162,164,165,-1,162,165,166,-1,166,167,162,-1,162,167,168,-1,162,168,169,-1,169,168,170,-1,171,172,72,-1,72,71,171,-1,171,71,173,-1,171,173,174,-1,174,173,175,-1,173,176,177,-1,177,178,173,-1,173,178,179,-1,173,179,175,-1,180,181,56,-1,56,181,182,-1,56,182,58,-1,183,184,185,-1,185,184,186,-1,181,187,182,-1,182,187,186,-1,182,186,188,-1,188,186,184,-1,189,55,190,-1,190,55,57,-1,190,57,191,-1,192,193,191,-1,191,193,194,-1,191,194,190,-1,192,195,193,-1,193,195,196,-1,193,196,197,-1,198,36,38,-1,38,199,200,-1,201,202,198,-1,38,200,198,-1,198,200,203,-1,198,203,201,-1,202,204,198,-1,198,204,205,-1,198,205,206,-1,207,39,208,-1,208,39,37,-1,208,37,209,-1,210,211,209,-1,209,211,212,-1,209,212,213,-1,213,214,209,-1,209,214,215,-1,209,215,208,-1,216,217,218,-1,219,220,221,-1,221,220,222,-1,223,224,225,-1,226,227,228,-1,228,227,221,-1,228,221,229,-1,229,221,222,-1,230,231,232,-1,232,231,229,-1,225,233,223,-1,223,233,229,-1,223,229,234,-1,234,229,222,-1,235,236,237,-1,238,239,240,-1,241,242,243,-1,218,232,216,-1,216,232,229,-1,216,229,244,-1,244,229,245,-1,237,246,235,-1,235,246,229,-1,235,229,247,-1,247,229,233,-1,240,248,238,-1,238,248,229,-1,238,229,249,-1,249,229,246,-1,250,251,252,-1,243,245,241,-1,241,245,229,-1,241,229,253,-1,253,229,254,-1,252,255,250,-1,250,255,229,-1,250,229,256,-1,256,229,248,-1,255,257,229,-1,229,257,258,-1,229,258,254,-1,254,258,259,-1,254,259,260,-1,221,261,262,-1,263,219,264,-1,264,219,221,-1,262,265,221,-1,221,265,266,-1,221,266,267,-1,267,268,221,-1,221,268,269,-1,221,269,264,-1,270,271,272,-1,272,271,222,-1,220,273,222,-1,222,273,274,-1,222,274,275,-1,275,276,222,-1,222,276,277,-1,222,277,278,-1,278,279,222,-1,222,279,280,-1,222,280,272,-1,223,281,224,-1,224,281,282,-1,224,282,283,-1,284,285,286,-1,286,285,287,-1,282,288,283,-1,283,288,285,-1,283,285,289,-1,289,285,284,-1,290,291,233,-1,292,293,290,-1,233,225,290,-1,290,225,294,-1,290,294,292,-1,292,294,295,-1,295,296,292,-1,292,296,297,-1,292,297,298,-1,235,299,300,-1,300,299,301,-1,302,236,303,-1,303,236,235,-1,303,235,304,-1,304,235,300,-1,300,305,304,-1,304,305,306,-1,304,306,307,-1,307,306,308,-1,307,308,309,-1,246,237,310,-1,311,312,313,-1,313,312,246,-1,313,246,314,-1,314,246,310,-1,314,315,313,-1,313,315,316,-1,313,316,317,-1,317,318,313,-1,313,318,319,-1,313,319,320,-1,321,239,322,-1,322,239,238,-1,322,238,323,-1,324,325,238,-1,238,325,326,-1,238,326,327,-1,327,328,238,-1,238,328,329,-1,238,329,323,-1,330,331,248,-1,248,240,332,-1,330,248,333,-1,332,334,248,-1,248,334,335,-1,248,335,336,-1,336,337,248,-1,248,337,338,-1,248,338,333,-1,339,251,340,-1,340,251,250,-1,340,250,341,-1,250,342,343,-1,343,342,344,-1,250,343,341,-1,341,343,345,-1,341,345,346,-1,347,348,346,-1,346,348,349,-1,346,349,341,-1,350,351,352,-1,352,351,255,-1,252,353,255,-1,255,353,354,-1,255,354,352,-1,352,354,355,-1,352,355,356,-1,355,357,356,-1,356,357,358,-1,356,358,359,-1,359,358,360,-1,361,259,258,-1,258,362,361,-1,361,362,363,-1,361,363,364,-1,364,365,361,-1,361,365,366,-1,361,366,367,-1,367,368,361,-1,361,368,369,-1,361,369,370,-1,254,260,371,-1,371,260,372,-1,371,372,373,-1,373,372,374,-1,375,376,372,-1,372,376,377,-1,372,377,378,-1,378,379,372,-1,372,379,380,-1,372,380,374,-1,241,381,382,-1,382,381,383,-1,384,242,385,-1,385,242,241,-1,385,241,386,-1,386,241,382,-1,382,387,386,-1,386,387,388,-1,386,388,389,-1,389,388,390,-1,389,390,391,-1,392,393,394,-1,394,393,245,-1,243,395,245,-1,245,395,396,-1,245,396,394,-1,394,396,397,-1,394,397,398,-1,399,400,401,-1,399,401,397,-1,397,401,402,-1,397,402,398,-1,403,217,404,-1,404,217,216,-1,404,216,405,-1,216,406,407,-1,407,406,408,-1,216,407,405,-1,405,407,409,-1,405,409,410,-1,410,411,405,-1,405,411,412,-1,405,412,413,-1,414,415,416,-1,416,415,232,-1,218,417,232,-1,232,417,418,-1,232,418,416,-1,416,418,419,-1,420,419,421,-1,421,419,422,-1,420,423,419,-1,419,423,424,-1,419,424,416,-1,425,426,427,-1,427,426,428,-1,429,430,431,-1,432,433,434,-1,434,433,435,-1,435,436,434,-1,434,436,437,-1,434,437,438,-1,439,440,429,-1,431,441,429,-1,429,441,442,-1,429,442,443,-1,444,427,428,-1,445,446,447,-1,447,446,448,-1,447,448,449,-1,450,451,452,-1,452,451,453,-1,452,453,454,-1,455,456,457,-1,458,459,460,-1,460,459,461,-1,460,461,443,-1,443,461,462,-1,443,462,429,-1,429,462,463,-1,464,465,466,-1,466,465,438,-1,466,438,467,-1,467,438,468,-1,469,470,471,-1,471,470,472,-1,471,472,437,-1,437,472,473,-1,437,473,438,-1,438,473,440,-1,428,474,444,-1,444,474,439,-1,444,439,475,-1,475,439,429,-1,475,429,449,-1,449,429,463,-1,449,463,447,-1,457,476,455,-1,455,476,468,-1,455,468,477,-1,477,468,438,-1,477,438,478,-1,478,438,440,-1,478,440,453,-1,453,440,439,-1,453,439,454,-1,
        ]
    }
}
Shape{
    appearance Appearance {
        material  Material 	{
            diffuseColor 1.0 0.807843137254902 0.4980392156862745
            specularColor 1.0 0.807843137254902 0.4980392156862745
            ambientIntensity 0.83
            transparency 0.0
            shininess 0.5
        }
    }
    geometry IndexedFaceSet {
        ccw TRUE
        solid FALSE
        coord DEF co Coordinate {
            point [
                0.0463 -0.1377 1.6968, 0.1526 -0.1377 1.6968, 0.0463 -0.1377 2.4252, 0.1526 -0.1377 2.4252, 0.062 -0.1377 2.4449, 0.1368 -0.1377 2.4449, -0.1506 -0.1377 1.6968, -0.0443 -0.1377 1.6968, -0.1506 -0.1377 2.4252, -0.0443 -0.1377 2.4252, -0.1348 -0.1377 2.4449, -0.06 -0.1377 2.4449
            ]
        }
        coordIndex [
            0,1,2,-1,2,1,3,-1,2,3,4,-1,4,3,5,-1,6,7,8,-1,8,7,9,-1,8,9,10,-1,10,9,11,-1,
        ]
    }
}
Shape{
    appearance Appearance {
        material  Material 	{
            diffuseColor 0.25098039215686274 0.25098039215686274 0.25098039215686274
            specularColor 0.2196078431372549 0.2196078431372549 0.2196078431372549
            ambientIntensity 0.251
            transparency 0.0
            shininess 0.5
        }
    }
    geometry IndexedFaceSet {
        ccw TRUE
        solid FALSE
        coord DEF co Coordinate {
            point [
                0.0459 -0.1377 2.3689, -0.0439 -0.1377 2.3689, 0.0459 -0.1279 2.3591, -0.0439 -0.1279 2.3591, -0.3478 -0.1377 2.3689, -0.4376 -0.1377 2.3689, -0.3478 -0.1279 2.3591, -0.4376 -0.1279 2.3591, -0.151 -0.1377 2.3689, -0.2408 -0.1377 2.3689, -0.151 -0.1279 2.3591, -0.2408 -0.1279 2.3591
            ]
        }
        coordIndex [
            0,1,2,-1,2,1,3,-1,4,5,6,-1,6,5,7,-1,8,9,10,-1,10,9,11,-1,
        ]
    }
}
Shape{
    appearance Appearance {
        material  Material 	{
            diffuseColor 1.0 0.807843137254902 0.4980392156862745
            specularColor 1.0 0.807843137254902 0.4980392156862745
            ambientIntensity 0.83
            transparency 0.0
            shininess 0.5
        }
    }
    geometry IndexedFaceSet {
        ccw TRUE
        solid FALSE
        coord DEF co Coordinate {
            point [
                -1.0443 -0.1377 2.6417, -1.1191 -0.1377 2.6417, -1.0285 -0.1377 2.622, -1.1348 -0.1377 2.622, -1.0285 -0.1377 1.6968, -1.1348 -0.1377 1.6968, -0.5443 -0.1377 1.6968, -0.438 -0.1377 1.6968, -0.5443 -0.1377 2.622, -0.438 -0.1377 2.622, -0.5285 -0.1377 2.6417, -0.4537 -0.1377 2.6417
            ]
        }
        coordIndex [
            0,1,2,-1,2,1,3,-1,2,3,4,-1,4,3,5,-1,6,7,8,-1,8,7,9,-1,8,9,10,-1,10,9,11,-1,
        ]
    }
}
Shape{
    appearance Appearance {
        material  Material 	{
            diffuseColor 0.25098039215686274 0.25098039215686274 0.25098039215686274
            specularColor 0.2196078431372549 0.2196078431372549 0.2196078431372549
            ambientIntensity 0.251
            transparency 0.0
            shininess 0.5
        }
    }
    geometry IndexedFaceSet {
        ccw TRUE
        solid FALSE
        coord DEF co Coordinate {
            point [
                0.3498 -0.1279 2.3591, 0.4396 -0.1279 2.3591, 0.3498 -0.1377 2.3689, 0.4396 -0.1377 2.3689
            ]
        }
        coordIndex [
            0,1,2,-1,2,1,3,-1,
        ]
    }
}
Shape{
    appearance Appearance {
        material  Material 	{
            diffuseColor 1.0 0.807843137254902 0.4980392156862745
            specularColor 1.0 0.807843137254902 0.4980392156862745
            ambientIntensity 0.83
            transparency 0.0
            shininess 0.5
        }
    }
    geometry IndexedFaceSet {
        ccw TRUE
        solid FALSE
        coord DEF co Coordinate {
            point [
                -0.3474 -0.1377 1.6968, -0.2411 -0.1377 1.6968, -0.3474 -0.1377 2.4252, -0.2411 -0.1377 2.4252, -0.3317 -0.1377 2.4449, -0.2569 -0.1377 2.4449, 1.1211 -0.1377 2.6417, 1.0463 -0.1377 2.6417, 1.1368 -0.1377 2.622, 1.0305 -0.1377 2.622, 1.1368 -0.1377 1.6968, 1.0305 -0.1377 1.6968, 0.44 -0.1377 1.6968, 0.5463 -0.1377 1.6968, 0.44 -0.1377 2.622, 0.5463 -0.1377 2.622, 0.4557 -0.1377 2.6417, 0.5305 -0.1377 2.6417, 0.1526 0.1378 1.6968, 0.0463 0.1378 1.6968, 0.1526 0.1378 2.4252, 0.0463 0.1378 2.4252, 0.1368 0.1378 2.4449, 0.062 0.1378 2.4449, -0.0443 0.1378 1.6968, -0.1506 0.1378 1.6968, -0.0443 0.1378 2.4252, -0.1506 0.1378 2.4252, -0.06 0.1378 2.4449, -0.1348 0.1378 2.4449, -0.2411 0.1378 1.6968, -0.3474 0.1378 1.6968, -0.2411 0.1378 2.4252, -0.3474 0.1378 2.4252, -0.2569 0.1378 2.4449, -0.3317 0.1378 2.4449
            ]
        }
        coordIndex [
            0,1,2,-1,2,1,3,-1,2,3,4,-1,4,3,5,-1,6,7,8,-1,8,7,9,-1,8,9,10,-1,10,9,11,-1,12,13,14,-1,14,13,15,-1,14,15,16,-1,16,15,17,-1,18,19,20,-1,20,19,21,-1,20,21,22,-1,22,21,23,-1,24,25,26,-1,26,25,27,-1,26,27,28,-1,28,27,29,-1,30,31,32,-1,32,31,33,-1,32,33,34,-1,34,33,35,-1,
        ]
    }
}
Shape{
    appearance Appearance {
        material  Material 	{
            diffuseColor 0.25098039215686274 0.25098039215686274 0.25098039215686274
            specularColor 0.2196078431372549 0.2196078431372549 0.2196078431372549
            ambientIntensity 0.251
            transparency 0.0
            shininess 0.5
        }
    }
    geometry IndexedFaceSet {
        ccw TRUE
        solid FALSE
        coord DEF co Coordinate {
            point [
                -0.4536 0.1378 2.6421, -0.5287 0.1378 2.6421, -1.2125 0.1378 2.75, -0.3478 0.1378 2.3689, -0.4376 0.1378 2.3689, -0.3478 0.1378 2.4253, -0.4376 0.1378 2.6222, 1.2145 0.1378 2.75, 1.0461 0.1378 2.6421, 1.1212 0.1378 2.6421, -1.1352 0.1378 2.546, -1.271 0.1378 2.546, -1.1352 0.1378 2.6222, 0.2427 0.1378 2.3689, 0.153 0.1378 2.3689, 0.2427 0.1378 2.4253, 0.153 0.1378 2.4253, 0.2587 0.1378 2.4453, 0.137 0.1378 2.4453, 0.0618 0.1378 2.4453, 0.0459 0.1378 2.3689, -0.0439 0.1378 2.3689, 0.0459 0.1378 2.4253, -0.0439 0.1378 2.4253, -0.0599 0.1378 2.4453, -0.135 0.1378 2.4453, 1.273 0.1378 2.546, 1.1372 0.1378 2.546, 1.1372 0.1378 2.6222, -0.151 0.1378 2.3689, -0.2408 0.1378 2.3689, -0.151 0.1378 2.4253, -0.2408 0.1378 2.4253, -0.2567 0.1378 2.4453, -0.3319 0.1378 2.4453, 0.4396 0.1378 2.3689, 0.3498 0.1378 2.3689, 0.4396 0.1378 2.6222, 0.3498 0.1378 2.4253, 0.3338 0.1378 2.4453, -0.5447 0.1378 2.3689, -1.0282 0.1378 2.3689, -0.5447 0.1378 2.6222, -1.0282 0.1378 2.6222, -1.0441 0.1378 2.6421, -1.1193 0.1378 2.6421, 1.0301 0.1378 2.3689, 0.5467 0.1378 2.3689, 1.0301 0.1378 2.6222, 0.5467 0.1378 2.6222, 0.5307 0.1378 2.6421, 0.4555 0.1378 2.6421, -1.0282 0.128 2.3591, -0.5447 0.128 2.3591, -1.1352 0.128 2.5362, -1.2738 0.128 2.5362
            ]
        }
        coordIndex [
            0,1,2,-1,3,4,5,-1,5,4,6,-1,2,7,8,-1,8,7,9,-1,10,11,12,-1,12,11,2,-1,13,14,15,-1,15,14,16,-1,15,16,17,-1,17,16,18,-1,17,18,0,-1,0,18,19,-1,20,21,22,-1,22,21,23,-1,22,23,19,-1,19,23,24,-1,19,24,0,-1,0,24,25,-1,0,25,6,-1,26,27,7,-1,7,27,28,-1,7,28,9,-1,29,30,31,-1,31,30,32,-1,31,32,25,-1,25,32,33,-1,25,33,6,-1,6,33,34,-1,6,34,5,-1,35,36,37,-1,37,36,38,-1,37,38,39,-1,40,41,42,-1,42,41,43,-1,42,43,1,-1,1,43,44,-1,1,44,2,-1,2,44,45,-1,2,45,12,-1,46,47,48,-1,48,47,49,-1,48,49,8,-1,8,49,50,-1,8,50,2,-1,2,50,51,-1,2,51,0,-1,0,51,37,-1,0,37,17,-1,17,37,39,-1,41,40,52,-1,52,40,53,-1,54,55,10,-1,10,55,11,-1,
        ]
    }
}
Shape{
    appearance Appearance {
        material  Material 	{
            diffuseColor 1.0 0.807843137254902 0.4980392156862745
            specularColor 1.0 0.807843137254902 0.4980392156862745
            ambientIntensity 0.83
            transparency 0.0
            shininess 0.5
        }
    }
    geometry IndexedFaceSet {
        ccw TRUE
        solid FALSE
        coord DEF co Coordinate {
            point [
                -1.0285 0.1378 1.6968, -1.1348 0.1378 1.6968, -1.0285 0.1378 2.622, -1.1348 0.1378 2.622, -1.0443 0.1378 2.6417, -1.1191 0.1378 2.6417
            ]
        }
        coordIndex [
            0,1,2,-1,2,1,3,-1,2,3,4,-1,4,3,5,-1,
        ]
    }
}
Shape{
    appearance Appearance {
        material  Material 	{
            diffuseColor 0.25098039215686274 0.25098039215686274 0.25098039215686274
            specularColor 0.2196078431372549 0.2196078431372549 0.2196078431372549
            ambientIntensity 0.251
            transparency 0.0
            shininess 0.5
        }
    }
    geometry IndexedFaceSet {
        ccw TRUE
        solid FALSE
        coord DEF co Coordinate {
            point [
                -0.4376 0.128 2.3591, -0.4376 0.1378 2.3689, -0.3478 0.128 2.3591, -0.3478 0.1378 2.3689
            ]
        }
        coordIndex [
            0,1,2,-1,2,1,3,-1,
        ]
    }
}
Shape{
    appearance Appearance {
        material  Material 	{
            diffuseColor 1.0 0.807843137254902 0.4980392156862745
            specularColor 1.0 0.807843137254902 0.4980392156862745
            ambientIntensity 0.83
            transparency 0.0
            shininess 0.5
        }
    }
    geometry IndexedFaceSet {
        ccw TRUE
        solid FALSE
        coord DEF co Coordinate {
            point [
                0.2589 0.1378 2.4449, 0.3337 0.1378 2.4449, 0.2431 0.1378 2.4252, 0.3494 0.1378 2.4252, 0.2431 0.1378 1.6968, 0.3494 0.1378 1.6968, -0.438 0.1378 1.6968, -0.5443 0.1378 1.6968, -0.438 0.1378 2.622, -0.5443 0.1378 2.622, -0.4537 0.1378 2.6417, -0.5285 0.1378 2.6417
            ]
        }
        coordIndex [
            0,1,2,-1,2,1,3,-1,2,3,4,-1,4,3,5,-1,6,7,8,-1,8,7,9,-1,8,9,10,-1,10,9,11,-1,
        ]
    }
}
Shape{
    appearance Appearance {
        material  Material 	{
            diffuseColor 0.25098039215686274 0.25098039215686274 0.25098039215686274
            specularColor 0.2196078431372549 0.2196078431372549 0.2196078431372549
            ambientIntensity 0.251
            transparency 0.0
            shininess 0.5
        }
    }
    geometry IndexedFaceSet {
        ccw TRUE
        solid FALSE
        coord DEF co Coordinate {
            point [
                1.0301 0.128 2.3591, 0.5467 0.128 2.3591, 1.0301 0.1378 2.3689, 0.5467 0.1378 2.3689, 1.1372 0.1378 2.546, 1.273 0.1378 2.546, 1.1372 0.128 2.5362, 1.2758 0.128 2.5362, 0.4396 0.1378 2.3689, 0.4396 0.128 2.3591, 0.3498 0.1378 2.3689, 0.3498 0.128 2.3591
            ]
        }
        coordIndex [
            0,1,2,-1,2,1,3,-1,4,5,6,-1,6,5,7,-1,8,9,10,-1,10,9,11,-1,
        ]
    }
}
Shape{
    appearance Appearance {
        material  Material 	{
            diffuseColor 1.0 0.807843137254902 0.4980392156862745
            specularColor 1.0 0.807843137254902 0.4980392156862745
            ambientIntensity 0.83
            transparency 0.0
            shininess 0.5
        }
    }
    geometry IndexedFaceSet {
        ccw TRUE
        solid FALSE
        coord DEF co Coordinate {
            point [
                1.1368 0.1378 1.6968, 1.0305 0.1378 1.6968, 1.1368 0.1378 2.622, 1.0305 0.1378 2.622, 1.1211 0.1378 2.6417, 1.0463 0.1378 2.6417
            ]
        }
        coordIndex [
            0,1,2,-1,2,1,3,-1,2,3,4,-1,4,3,5,-1,
        ]
    }
}
Shape{
    appearance Appearance {
        material  Material 	{
            diffuseColor 0.25098039215686274 0.25098039215686274 0.25098039215686274
            specularColor 0.2196078431372549 0.2196078431372549 0.2196078431372549
            ambientIntensity 0.251
            transparency 0.0
            shininess 0.5
        }
    }
    geometry IndexedFaceSet {
        ccw TRUE
        solid FALSE
        coord DEF co Coordinate {
            point [
                -0.438 0.128 1.6968, -0.438 0.1378 1.6968, -0.438 0.128 2.622, -0.438 0.1378 2.622
            ]
        }
        coordIndex [
            0,1,2,-1,2,1,3,-1,
        ]
    }
}
Shape{
    appearance Appearance {
        material  Material 	{
            diffuseColor 1.0 0.807843137254902 0.4980392156862745
            specularColor 1.0 0.807843137254902 0.4980392156862745
            ambientIntensity 0.83
            transparency 0.0
            shininess 0.5
        }
    }
    geometry IndexedFaceSet {
        ccw TRUE
        solid FALSE
        coord DEF co Coordinate {
            point [
                -1.1348 0.1378 1.6968, -1.1348 0.128 1.6968, -1.1348 0.1378 2.622, -1.1348 0.128 2.622, 1.1368 0.1378 1.6968, 1.1368 0.1378 2.622, 1.1368 0.128 1.6968, 1.1368 0.128 2.622, 0.44 0.1378 1.6968, 0.44 0.128 1.6968, 0.44 0.1378 2.622, 0.44 0.128 2.622, 0.3494 0.128 2.4252, 0.3494 0.128 1.6968, 0.3494 0.1378 2.4252, 0.3494 0.1378 1.6968, 0.2431 0.1378 1.6968, 0.2431 0.128 1.6968, 0.2431 0.1378 2.4252, 0.2431 0.128 2.4252
            ]
        }
        coordIndex [
            0,1,2,-1,2,1,3,-1,4,5,6,-1,6,5,7,-1,8,9,10,-1,10,9,11,-1,12,13,14,-1,14,13,15,-1,16,17,18,-1,18,17,19,-1,
        ]
    }
}
Shape{
    appearance Appearance {
        material  Material 	{
            diffuseColor 0.25098039215686274 0.25098039215686274 0.25098039215686274
            specularColor 0.2196078431372549 0.2196078431372549 0.2196078431372549
            ambientIntensity 0.251
            transparency 0.0
            shininess 0.5
        }
    }
    geometry IndexedFaceSet {
        ccw TRUE
        solid FALSE
        coord DEF co Coordinate {
            point [
                0.2427 0.1378 2.3689, 0.2427 0.128 2.3591, 0.153 0.1378 2.3689, 0.153 0.128 2.3591
            ]
        }
        coordIndex [
            0,1,2,-1,2,1,3,-1,
        ]
    }
}
Shape{
    appearance Appearance {
        material  Material 	{
            diffuseColor 1.0 0.807843137254902 0.4980392156862745
            specularColor 1.0 0.807843137254902 0.4980392156862745
            ambientIntensity 0.83
            transparency 0.0
            shininess 0.5
        }
    }
    geometry IndexedFaceSet {
        ccw TRUE
        solid FALSE
        coord DEF co Coordinate {
            point [
                0.1526 0.128 2.4252, 0.1526 0.128 1.6968, 0.1526 0.1378 2.4252, 0.1526 0.1378 1.6968, 0.0463 0.1378 1.6968, 0.0463 0.128 1.6968, 0.0463 0.1378 2.4252, 0.0463 0.128 2.4252
            ]
        }
        coordIndex [
            0,1,2,-1,2,1,3,-1,4,5,6,-1,6,5,7,-1,
        ]
    }
}
Shape{
    appearance Appearance {
        material  Material 	{
            diffuseColor 0.25098039215686274 0.25098039215686274 0.25098039215686274
            specularColor 0.2196078431372549 0.2196078431372549 0.2196078431372549
            ambientIntensity 0.251
            transparency 0.0
            shininess 0.5
        }
    }
    geometry IndexedFaceSet {
        ccw TRUE
        solid FALSE
        coord DEF co Coordinate {
            point [
                -0.0439 0.128 2.3591, -0.0439 0.1378 2.3689, 0.0459 0.128 2.3591, 0.0459 0.1378 2.3689
            ]
        }
        coordIndex [
            0,1,2,-1,2,1,3,-1,
        ]
    }
}
Shape{
    appearance Appearance {
        material  Material 	{
            diffuseColor 1.0 0.807843137254902 0.4980392156862745
            specularColor 1.0 0.807843137254902 0.4980392156862745
            ambientIntensity 0.83
            transparency 0.0
            shininess 0.5
        }
    }
    geometry IndexedFaceSet {
        ccw TRUE
        solid FALSE
        coord DEF co Coordinate {
            point [
                -0.0443 0.128 2.4252, -0.0443 0.128 1.6968, -0.0443 0.1378 2.4252, -0.0443 0.1378 1.6968, -0.1506 0.1378 1.6968, -0.1506 0.128 1.6968, -0.1506 0.1378 2.4252, -0.1506 0.128 2.4252
            ]
        }
        coordIndex [
            0,1,2,-1,2,1,3,-1,4,5,6,-1,6,5,7,-1,
        ]
    }
}
Shape{
    appearance Appearance {
        material  Material 	{
            diffuseColor 0.25098039215686274 0.25098039215686274 0.25098039215686274
            specularColor 0.2196078431372549 0.2196078431372549 0.2196078431372549
            ambientIntensity 0.251
            transparency 0.0
            shininess 0.5
        }
    }
    geometry IndexedFaceSet {
        ccw TRUE
        solid FALSE
        coord DEF co Coordinate {
            point [
                -0.2408 0.128 2.3591, -0.2408 0.1378 2.3689, -0.151 0.128 2.3591, -0.151 0.1378 2.3689
            ]
        }
        coordIndex [
            0,1,2,-1,2,1,3,-1,
        ]
    }
}
Shape{
    appearance Appearance {
        material  Material 	{
            diffuseColor 1.0 0.807843137254902 0.4980392156862745
            specularColor 1.0 0.807843137254902 0.4980392156862745
            ambientIntensity 0.83
            transparency 0.0
            shininess 0.5
        }
    }
    geometry IndexedFaceSet {
        ccw TRUE
        solid FALSE
        coord DEF co Coordinate {
            point [
                -0.2411 0.128 2.4252, -0.2411 0.128 1.6968, -0.2411 0.1378 2.4252, -0.2411 0.1378 1.6968, -0.3474 0.1378 1.6968, -0.3474 0.128 1.6968, -0.3474 0.1378 2.4252, -0.3474 0.128 2.4252, 0.5463 0.1378 1.6968, 0.44 0.1378 1.6968, 0.5463 0.1378 2.622, 0.44 0.1378 2.622, 0.5305 0.1378 2.6417, 0.4557 0.1378 2.6417
            ]
        }
        coordIndex [
            0,1,2,-1,2,1,3,-1,4,5,6,-1,6,5,7,-1,8,9,10,-1,10,9,11,-1,10,11,12,-1,12,11,13,-1,
        ]
    }
}
Shape{
    appearance Appearance {
        material  Material 	{
            diffuseColor 0.25098039215686274 0.25098039215686274 0.25098039215686274
            specularColor 0.2196078431372549 0.2196078431372549 0.2196078431372549
            ambientIntensity 0.251
            transparency 0.0
            shininess 0.5
        }
    }
    geometry IndexedFaceSet {
        ccw TRUE
        solid FALSE
        coord DEF co Coordinate {
            point [
                1.5502 -0.1097 1.0669, 1.6281 -0.1214 0.9882, 1.6295 -0.0913 0.9882, 1.6324 -0.0295 0.9882, 1.5926 -0.0295 1.0275, 1.5531 -0.0295 1.0669, 1.6104 -0.186 0.9882, 1.528 -0.1905 1.0669, 1.601 -0.2201 0.9882, 1.5712 -0.2741 0.9882, 1.4876 -0.2638 1.0669, 1.5515 -0.3097 0.9882, 1.5134 -0.3513 0.9882, 1.431 -0.3256 1.0669, 1.4824 -0.3852 0.9882, 1.3615 -0.3723 1.0669, 1.3974 -0.4424 0.9882, 1.44 -0.4138 0.9882, 1.283 -0.4015 1.0669, 1.1998 -0.4114 1.0669, 1.1998 -0.4901 0.9882, 1.2612 -0.4828 0.9882, 1.3015 -0.478 0.9882, 1.3545 -0.4583 0.9882, -1.2125 0.1378 2.75, -1.1927 0.069 2.8189, 1.2145 0.1378 2.75, 1.1947 0.069 2.8189, 1.1801 0.0296 2.2992, 1.1801 0.128 2.2992, 1.1826 0.0296 2.3211, 1.1826 0.128 2.3211, 1.1899 0.0296 2.3419, 1.1899 0.128 2.3419, 1.2016 0.0296 2.3606, 1.2016 0.128 2.3606, 1.2172 0.0296 2.3762, 1.2172 0.128 2.3762, 1.2358 0.0296 2.3879, 1.2358 0.128 2.3879, 1.2566 0.0296 2.3952, 1.2566 0.128 2.3952, 1.2785 0.0296 2.3976, 1.2785 0.128 2.3976, 1.1801 -0.1279 2.2992, 1.1801 -0.0295 2.2992, 1.1826 -0.1279 2.3211, 1.1826 -0.0295 2.3211, 1.1899 -0.1279 2.3419, 1.1899 -0.0295 2.3419, 1.2016 -0.1279 2.3606, 1.2016 -0.0295 2.3606, 1.2172 -0.1279 2.3762, 1.2172 -0.0295 2.3762, 1.2358 -0.1279 2.3879, 1.2358 -0.0295 2.3879, 1.2566 -0.1279 2.3952, 1.2566 -0.0295 2.3952, 1.2785 -0.1279 2.3976, 1.2785 -0.0295 2.3976
            ]
        }
        coordIndex [
            0,1,2,-1,2,3,0,-1,0,3,4,-1,0,4,5,-1,1,0,6,-1,6,0,7,-1,6,7,8,-1,8,7,9,-1,9,7,10,-1,9,10,11,-1,11,10,12,-1,12,10,13,-1,12,13,14,-1,15,16,13,-1,13,16,17,-1,13,17,14,-1,18,19,20,-1,20,21,18,-1,18,21,22,-1,18,22,15,-1,15,22,23,-1,15,23,16,-1,24,25,26,-1,26,25,27,-1,28,29,30,-1,30,29,31,-1,30,31,32,-1,32,31,33,-1,32,33,34,-1,34,33,35,-1,34,35,36,-1,36,35,37,-1,36,37,38,-1,38,37,39,-1,38,39,40,-1,40,39,41,-1,40,41,42,-1,42,41,43,-1,44,45,46,-1,46,45,47,-1,46,47,48,-1,48,47,49,-1,48,49,50,-1,50,49,51,-1,50,51,52,-1,52,51,53,-1,52,53,54,-1,54,53,55,-1,54,55,56,-1,56,55,57,-1,56,57,58,-1,58,57,59,-1,
        ]
    }
}
Shape{
    appearance Appearance {
        material  Material 	{
            diffuseColor 1.0 1.0 1.0
            specularColor 1.0 1.0 1.0
            ambientIntensity 1.0
            transparency 0.0
            shininess 0.5
        }
    }
    geometry IndexedFaceSet {
        ccw TRUE
        solid FALSE
        coord DEF co Coordinate {
            point [
                1.2896 -0.0295 2.6877, 1.2896 0.0296 2.6877, 1.287 0.0296 2.6965, 1.287 -0.0295 2.6965, 1.2825 0.0296 2.7045, 1.2825 -0.0295 2.7045, 1.2762 0.0296 2.7112, 1.2762 -0.0295 2.7112, 1.2685 0.0296 2.7162, 1.2685 -0.0295 2.7162, 1.2599 0.0296 2.7194, 1.2599 -0.0295 2.7194, 1.2508 0.0296 2.7205, 1.2508 -0.0295 2.7205, 1.3168 0.0296 2.5265, 1.3168 -0.0295 2.5265, 1.3179 -0.0295 2.5133, 1.3179 0.0296 2.5133, 1.3179 -0.0295 2.3267, 1.3179 0.0296 2.3267, 1.2924 0.0296 2.3233, 1.2924 -0.0295 2.3233, 1.2687 0.0296 2.3135, 1.2687 -0.0295 2.3135, 1.2483 0.0296 2.2979, 1.2483 -0.0295 2.2979, 1.2327 0.0296 2.2775, 1.2327 -0.0295 2.2775, 1.2228 0.0296 2.2537, 1.2228 -0.0295 2.2537, 1.2195 0.0296 2.2283, 1.2195 -0.0295 2.2283, -1.2175 0.0296 2.2283, -1.2175 -0.0295 2.2283, -1.2209 0.0296 2.2537, -1.2209 -0.0295 2.2537, -1.2307 0.0296 2.2775, -1.2307 -0.0295 2.2775, -1.2463 0.0296 2.2979, -1.2463 -0.0295 2.2979, -1.2667 0.0296 2.3135, -1.2667 -0.0295 2.3135, -1.2905 0.0296 2.3233, -1.2905 -0.0295 2.3233, -1.3159 0.0296 2.3267, -1.3159 -0.0295 2.3267, -1.3159 -0.0295 2.5133, -1.3159 0.0296 2.5133, -1.3148 0.0296 2.5265, -1.3148 -0.0295 2.5265, -1.2876 -0.0295 2.6877, -1.2876 0.0296 2.6877, -1.2488 -0.0295 2.7205, -1.2488 0.0296 2.7205, -1.2579 0.0296 2.7194, -1.2579 -0.0295 2.7194, -1.2665 0.0296 2.7162, -1.2665 -0.0295 2.7162, -1.2742 0.0296 2.7112, -1.2742 -0.0295 2.7112, -1.2805 0.0296 2.7045, -1.2805 -0.0295 2.7045, -1.285 0.0296 2.6965, -1.285 -0.0295 2.6965
            ]
        }
        coordIndex [
            0,1,2,-1,0,2,3,-1,3,2,4,-1,3,4,5,-1,5,4,6,-1,5,6,7,-1,7,6,8,-1,7,8,9,-1,9,8,10,-1,9,10,11,-1,11,10,12,-1,11,12,13,-1,14,1,15,-1,15,1,0,-1,15,16,14,-1,14,16,17,-1,16,18,17,-1,17,18,19,-1,19,18,20,-1,20,18,21,-1,20,21,22,-1,22,21,23,-1,22,23,24,-1,24,23,25,-1,24,25,26,-1,26,25,27,-1,26,27,28,-1,28,27,29,-1,28,29,30,-1,30,29,31,-1,32,33,34,-1,34,33,35,-1,34,35,36,-1,36,35,37,-1,36,37,38,-1,38,37,39,-1,38,39,40,-1,40,39,41,-1,40,41,42,-1,42,41,43,-1,42,43,44,-1,44,43,45,-1,46,47,45,-1,45,47,44,-1,48,47,49,-1,49,47,46,-1,49,50,48,-1,48,50,51,-1,52,53,54,-1,52,54,55,-1,55,54,56,-1,55,56,57,-1,57,56,58,-1,57,58,59,-1,59,58,60,-1,59,60,61,-1,61,60,62,-1,61,62,63,-1,63,62,51,-1,63,51,50,-1,
        ]
    }
}
Shape{
    appearance Appearance {
        material  Material 	{
            diffuseColor 0.25098039215686274 0.25098039215686274 0.25098039215686274
            specularColor 0.2196078431372549 0.2196078431372549 0.2196078431372549
            ambientIntensity 0.251
            transparency 0.0
            shininess 0.5
        }
    }
    geometry IndexedFaceSet {
        ccw TRUE
        solid FALSE
        coord DEF co Coordinate {
            point [
                -1.1781 -0.0295 2.2992, -1.1781 -0.1279 2.2992, -1.1806 -0.0295 2.3211, -1.1806 -0.1279 2.3211, -1.1879 -0.0295 2.3419, -1.1879 -0.1279 2.3419, -1.1996 -0.0295 2.3606, -1.1996 -0.1279 2.3606, -1.2152 -0.0295 2.3762, -1.2152 -0.1279 2.3762, -1.2339 -0.0295 2.3879, -1.2339 -0.1279 2.3879, -1.2547 -0.0295 2.3952, -1.2547 -0.1279 2.3952, -1.2766 -0.0295 2.3976, -1.2766 -0.1279 2.3976, -1.1781 0.128 2.2992, -1.1781 0.0296 2.2992, -1.1806 0.128 2.3211, -1.1806 0.0296 2.3211, -1.1879 0.128 2.3419, -1.1879 0.0296 2.3419, -1.1996 0.128 2.3606, -1.1996 0.0296 2.3606, -1.2152 0.128 2.3762, -1.2152 0.0296 2.3762, -1.2339 0.128 2.3879, -1.2339 0.0296 2.3879, -1.2547 0.128 2.3952, -1.2547 0.0296 2.3952, -1.2766 0.128 2.3976, -1.2766 0.0296 2.3976, -1.7608 0.3327 0.0707, -1.7608 0.3327 -0.0, -1.7608 -0.3326 -0.0, -1.7608 -0.4311 0.5945, -1.7608 0.4312 0.5945, -1.7608 -0.4901 0.5354, -1.7608 -0.3326 0.0707, -1.7608 -0.4901 0.0707, -1.7608 0.4902 0.5354, -1.7608 0.4902 0.0707
            ]
        }
        coordIndex [
            0,1,2,-1,2,1,3,-1,2,3,4,-1,4,3,5,-1,4,5,6,-1,6,5,7,-1,6,7,8,-1,8,7,9,-1,8,9,10,-1,10,9,11,-1,10,11,12,-1,12,11,13,-1,12,13,14,-1,14,13,15,-1,16,17,18,-1,18,17,19,-1,18,19,20,-1,20,19,21,-1,20,21,22,-1,22,21,23,-1,22,23,24,-1,24,23,25,-1,24,25,26,-1,26,25,27,-1,26,27,28,-1,28,27,29,-1,28,29,30,-1,30,29,31,-1,32,33,34,-1,35,36,37,-1,37,36,38,-1,37,38,39,-1,40,41,36,-1,36,41,32,-1,36,32,38,-1,38,32,34,-1,
        ]
    }
}
Shape{
    appearance Appearance {
        material  Material 	{
            diffuseColor 1.0 1.0 1.0
            specularColor 1.0 1.0 1.0
            ambientIntensity 1.0
            transparency 0.0
            shininess 0.5
        }
    }
    geometry IndexedFaceSet {
        ccw TRUE
        solid FALSE
        coord DEF co Coordinate {
            point [
                0.0398 0.4938 0.8752, 0.0526 0.4942 0.8654, 0.0456 0.5017 0.8601, -0.0594 0.504 0.8288, -0.062 0.504 0.8141, -0.063 0.5032 0.8141, 0.0521 0.504 0.8476, 0.043 0.504 0.8575, 0.001 0.5069 0.8681, -0.001 0.5065 0.8678, -0.001 0.504 0.8736, 0.001 0.501 0.8782, -0.0096 0.504 0.8727, -0.0219 0.5012 0.8739, -0.001 0.51 0.8595, 0.001 0.5107 0.857, -0.001 0.5104 0.8569, 0.003 0.5103 0.8569, 0.003 0.5122 0.8456, 0.001 0.5122 0.8456, 0.001 0.5122 0.8456, -0.001 0.5122 0.8456, 0.0238 0.504 0.8694, 0.0224 0.504 0.8699, 0.0239 0.5012 0.8739, 0.0177 0.504 0.8714, 0.003 0.504 0.8736, 0.003 0.5065 0.8679, 0.003 0.5097 0.8604, 0.037 0.504 0.8624, 0.0353 0.5014 0.8682, 0.042 0.504 0.8586, 0.0556 0.504 0.8423, 0.0542 0.502 0.85, 0.0693 0.5002 0.814, 0.0651 0.5032 0.8141, 0.064 0.5028 0.8262, 0.064 0.504 0.8141, 0.0577 0.504 0.8373, 0.0604 0.5024 0.8384, 0.0615 0.504 0.8286, 0.063 0.504 0.8225, -0.0573 0.504 0.8347, -0.0619 0.5028 0.8262, -0.0558 0.504 0.8374, -0.0583 0.5024 0.8384, -0.05 0.504 0.8477, -0.0521 0.502 0.85, -0.0461 0.504 0.8526, -0.0436 0.5017 0.8601, -0.0157 0.504 0.8714, -0.0202 0.504 0.8696, -0.0332 0.5014 0.8682, -0.0296 0.504 0.8657, -0.0349 0.504 0.8624, -0.0408 0.504 0.8573, 0.0256 0.4976 0.8781, 0.0375 0.4938 0.877, 0.0269 0.4936 0.8814, 0.0611 0.4946 0.8544, 0.0642 0.4947 0.8503, 0.074 0.496 0.8138, 0.0722 0.4955 0.8275, 0.0715 0.4953 0.8327, 0.068 0.495 0.8412, -0.0719 0.496 0.8138, -0.0701 0.4955 0.8275, -0.0695 0.4953 0.8327, -0.0235 0.4976 0.8781, -0.0179 0.4935 0.8843, 0.001 0.4974 0.8827, 0.001 0.4934 0.8868, 0.0199 0.4935 0.8843, -0.0378 0.4938 0.8752, -0.0355 0.4938 0.877, -0.0248 0.4936 0.8814, -0.0659 0.495 0.8412, -0.0622 0.4947 0.8503, -0.059 0.4946 0.8544, -0.0506 0.4942 0.8654, 0.0722 0.4965 0.8002, 0.0424 0.504 0.7631, 0.0462 0.504 0.7673, 0.0517 0.4978 0.7615, 0.0617 0.504 0.7932, 0.0631 0.504 0.7993, 0.064 0.5037 0.802, 0.0651 0.5032 0.8141, 0.0526 0.4978 0.7623, 0.0524 0.504 0.7741, 0.0611 0.4974 0.7733, 0.0548 0.504 0.7778, 0.0642 0.4973 0.7774, 0.0558 0.504 0.7794, 0.068 0.4969 0.7864, 0.0256 0.5021 0.7498, 0.0398 0.4981 0.7525, 0.0375 0.4982 0.7507, 0.0374 0.504 0.7592, 0.0362 0.504 0.7586, 0.0247 0.504 0.7523, 0.003 0.5055 0.75, 0.003 0.504 0.7477, 0.001 0.5022 0.7453, 0.0183 0.504 0.7501, 0.0243 0.504 0.7521, 0.001 0.5107 0.7605, 0.003 0.5103 0.7607, 0.003 0.5085 0.7555, 0.001 0.5055 0.75, 0.003 0.5057 0.7503, 0.001 0.5144 0.7832, 0.001 0.5144 0.7832, 0.001 0.5136 0.7718, 0.0012 0.5144 0.7832, 0.003 0.5131 0.7687, 0.003 0.5133 0.7719, 0.003 0.5144 0.7833, -0.001 0.5134 0.7719, -0.001 0.514 0.7746, -0.001 0.5144 0.7805, -0.001 0.5144 0.7833, -0.001 0.5108 0.761, -0.001 0.5106 0.7606, -0.001 0.5052 0.7502, -0.001 0.504 0.7477, -0.0378 0.4981 0.7525, -0.0341 0.504 0.7586, -0.0355 0.4982 0.7507, -0.0234 0.504 0.7526, -0.0248 0.4983 0.7463, -0.0235 0.5021 0.7498, -0.0226 0.504 0.7523, -0.0175 0.504 0.7505, -0.0027 0.504 0.7478, -0.059 0.4974 0.7733, -0.0527 0.504 0.7778, -0.0511 0.504 0.7752, -0.0506 0.4978 0.7623, -0.0442 0.504 0.7673, -0.0496 0.4978 0.7615, -0.0413 0.504 0.764, -0.0364 0.504 0.76, -0.0544 0.504 0.7806, -0.0622 0.4973 0.7774, -0.0581 0.504 0.7899, -0.0659 0.4969 0.7864, -0.0595 0.504 0.7933, -0.0695 0.4966 0.795, -0.0603 0.5039 0.7954, -0.0619 0.5037 0.802, -0.0613 0.504 0.8007, -0.0609 0.5038 0.7976, -0.0599 0.504 0.7945, -0.0701 0.4965 0.8002, 0.0715 0.4966 0.795, 0.0616 0.504 0.7931, 0.0602 0.504 0.7899, 0.0269 0.4983 0.7463, 0.0199 0.4984 0.7434, 0.001 0.4985 0.7409, -0.0179 0.4984 0.7434
            ]
        }
        coordIndex [
            0,1,2,-1,3,4,5,-1,6,7,2,-1,8,9,10,-1,8,10,11,-1,11,10,12,-1,11,12,13,-1,9,8,14,-1,14,8,15,-1,14,15,16,-1,17,18,15,-1,15,18,19,-1,15,19,16,-1,16,19,20,-1,16,20,21,-1,22,23,24,-1,24,23,25,-1,24,25,11,-1,11,25,26,-1,11,26,8,-1,8,26,27,-1,8,27,15,-1,15,27,28,-1,15,28,17,-1,22,24,29,-1,29,24,30,-1,29,30,31,-1,32,6,33,-1,34,35,36,-1,36,35,37,-1,38,39,40,-1,40,39,36,-1,40,36,41,-1,41,36,37,-1,42,3,43,-1,44,45,46,-1,46,45,47,-1,46,47,48,-1,48,47,49,-1,12,50,13,-1,13,50,51,-1,13,51,52,-1,51,53,52,-1,52,53,54,-1,52,54,49,-1,49,54,55,-1,49,55,48,-1,0,56,57,-1,57,56,58,-1,6,2,33,-1,33,2,1,-1,33,1,59,-1,59,60,33,-1,33,60,39,-1,33,39,32,-1,32,39,38,-1,61,34,62,-1,62,34,36,-1,62,36,63,-1,63,36,39,-1,63,39,64,-1,64,39,60,-1,3,5,43,-1,43,5,65,-1,43,65,66,-1,66,67,43,-1,43,67,45,-1,43,45,42,-1,42,45,44,-1,68,69,70,-1,70,69,71,-1,70,71,56,-1,56,71,72,-1,56,72,58,-1,73,74,68,-1,68,74,75,-1,68,75,69,-1,67,76,45,-1,45,76,77,-1,45,77,47,-1,47,77,78,-1,47,78,49,-1,49,78,79,-1,49,79,52,-1,79,73,52,-1,52,73,68,-1,52,68,13,-1,13,68,70,-1,13,70,11,-1,11,70,56,-1,11,56,24,-1,24,56,0,-1,24,0,30,-1,30,0,2,-1,30,2,31,-1,31,2,7,-1,34,61,80,-1,81,82,83,-1,84,85,86,-1,86,85,37,-1,86,37,87,-1,83,82,88,-1,88,82,89,-1,88,89,90,-1,90,89,91,-1,90,91,92,-1,92,91,93,-1,92,93,94,-1,95,96,97,-1,81,83,98,-1,98,83,96,-1,98,96,99,-1,99,96,95,-1,99,95,100,-1,101,102,103,-1,103,102,104,-1,103,104,95,-1,95,104,105,-1,95,105,100,-1,106,107,108,-1,106,108,109,-1,109,108,110,-1,109,110,101,-1,111,112,113,-1,113,112,114,-1,107,106,115,-1,115,106,113,-1,115,113,116,-1,116,113,114,-1,116,114,117,-1,113,118,119,-1,113,119,111,-1,111,119,120,-1,111,120,121,-1,118,113,122,-1,122,113,106,-1,122,106,123,-1,123,106,109,-1,123,109,124,-1,101,103,109,-1,109,103,125,-1,109,125,124,-1,126,127,128,-1,128,127,129,-1,128,129,130,-1,130,129,131,-1,129,132,131,-1,131,132,133,-1,131,133,103,-1,103,133,134,-1,103,134,125,-1,135,136,137,-1,135,137,138,-1,138,137,139,-1,138,139,140,-1,140,139,141,-1,140,141,126,-1,126,141,142,-1,126,142,127,-1,136,135,143,-1,143,135,144,-1,143,144,145,-1,145,144,146,-1,145,146,147,-1,147,146,148,-1,147,148,149,-1,5,4,150,-1,150,4,151,-1,150,151,152,-1,152,151,153,-1,65,5,154,-1,154,5,150,-1,154,150,148,-1,148,150,152,-1,148,152,149,-1,149,152,153,-1,149,153,147,-1,87,34,86,-1,86,34,80,-1,86,80,84,-1,84,80,155,-1,84,155,156,-1,156,155,94,-1,156,94,157,-1,157,94,93,-1,97,158,95,-1,95,158,159,-1,95,159,103,-1,103,159,160,-1,103,160,131,-1,131,160,161,-1,131,161,130,-1,
        ]
    }
}
Shape{
    appearance Appearance {
        material  Material 	{
            diffuseColor 0.25098039215686274 0.25098039215686274 0.25098039215686274
            specularColor 0.2196078431372549 0.2196078431372549 0.2196078431372549
            ambientIntensity 0.251
            transparency 0.0
            shininess 0.5
        }
    }
    geometry IndexedFaceSet {
        ccw TRUE
        solid FALSE
        coord DEF co Coordinate {
            point [
                1.2785 0.0296 2.3976, 1.2785 0.128 2.3976, 1.2785 0.0296 2.5266, 1.2785 0.128 2.5266, 1.2785 -0.0295 2.5266, 1.2785 -0.1279 2.5266, 1.2785 -0.0295 2.3976, 1.2785 -0.1279 2.3976
            ]
        }
        coordIndex [
            0,1,2,-1,2,1,3,-1,4,5,6,-1,6,5,7,-1,
        ]
    }
}
Shape{
    appearance Appearance {
        material  Material 	{
            diffuseColor 1.0 1.0 1.0
            specularColor 1.0 1.0 1.0
            ambientIntensity 1.0
            transparency 0.0
            shininess 0.5
        }
    }
    geometry IndexedFaceSet {
        ccw TRUE
        solid FALSE
        coord DEF co Coordinate {
            point [
                1.2229 -0.0295 2.7205, 1.2508 -0.0295 2.7205, 1.2229 0.0296 2.7205, 1.2508 0.0296 2.7205
            ]
        }
        coordIndex [
            0,1,2,-1,2,1,3,-1,
        ]
    }
}
Shape{
    appearance Appearance {
        material  Material 	{
            diffuseColor 0.25098039215686274 0.25098039215686274 0.25098039215686274
            specularColor 0.2196078431372549 0.2196078431372549 0.2196078431372549
            ambientIntensity 0.251
            transparency 0.0
            shininess 0.5
        }
    }
    geometry IndexedFaceSet {
        ccw TRUE
        solid FALSE
        coord DEF co Coordinate {
            point [
                1.1947 0.069 2.8189, -1.1927 0.069 2.8189, 1.1947 -0.0688 2.8189, -1.1927 -0.0688 2.8189
            ]
        }
        coordIndex [
            0,1,2,-1,2,1,3,-1,
        ]
    }
}
Shape{
    appearance Appearance {
        material  Material 	{
            diffuseColor 1.0 1.0 1.0
            specularColor 1.0 1.0 1.0
            ambientIntensity 1.0
            transparency 0.0
            shininess 0.5
        }
    }
    geometry IndexedFaceSet {
        ccw TRUE
        solid FALSE
        coord DEF co Coordinate {
            point [
                -1.221 0.0296 2.7205, -1.2488 0.0296 2.7205, -1.221 -0.0295 2.7205, -1.2488 -0.0295 2.7205
            ]
        }
        coordIndex [
            0,1,2,-1,2,1,3,-1,
        ]
    }
}
Shape{
    appearance Appearance {
        material  Material 	{
            diffuseColor 0.25098039215686274 0.25098039215686274 0.25098039215686274
            specularColor 0.2196078431372549 0.2196078431372549 0.2196078431372549
            ambientIntensity 0.251
            transparency 0.0
            shininess 0.5
        }
    }
    geometry IndexedFaceSet {
        ccw TRUE
        solid FALSE
        coord DEF co Coordinate {
            point [
                -1.2766 -0.0295 2.5266, -1.2766 -0.0295 2.3976, -1.2766 -0.1279 2.5266, -1.2766 -0.1279 2.3976, -1.2766 0.0296 2.3976, -1.2766 0.0296 2.5266, -1.2766 0.128 2.3976, -1.2766 0.128 2.5266, 1.1693 0.2361 1.5078, 1.1604 0.2363 1.5085, 1.1604 0.2363 1.5984, 1.3179 0.0788 1.6575, 1.3179 0.0788 1.0669, 1.3157 0.1053 1.6597, 1.3157 0.1053 1.0669, 1.3112 0.1243 1.6642, 1.3044 0.1427 1.0669, 1.3044 0.1427 1.671, 1.2843 0.1761 1.6586, 1.2973 0.1566 1.6781, 1.2843 0.1761 1.0669, 1.2566 0.2035 1.0669, 1.2566 0.2035 1.6312, 1.1855 0.2343 1.0865, 1.2003 0.2311 1.0865, 1.2229 0.2233 1.0669, 1.2003 0.2311 1.185, 1.2229 0.2233 1.6114, 1.2404 0.2145 1.6202, 1.2003 0.2311 1.5078, 1.2003 0.2311 1.4094, 1.1885 0.235 1.4094, 1.1885 0.235 1.185, 1.1856 0.2352 1.4094, 1.1885 0.235 1.5078, 1.1855 0.2343 1.6004, 1.2046 0.23 1.6047, 1.1856 0.2352 1.5078, 1.1762 0.2359 1.5078, 1.1727 0.2358 1.5078, 1.1856 0.2352 1.185, 1.1762 0.2359 1.185, 1.1762 0.2359 1.4094, 1.1682 0.2361 1.1855, 1.1682 0.2361 1.4088, 1.1682 0.2361 1.4088, 1.1604 0.2363 1.4072, 1.1682 0.2361 1.1855, 1.1604 0.2363 1.1871, 1.1855 0.2343 1.0669, 1.1604 0.2363 1.0669, 1.1604 0.2363 1.0865
            ]
        }
        coordIndex [
            0,1,2,-1,2,1,3,-1,4,5,6,-1,6,5,7,-1,8,9,10,-1,11,12,13,-1,13,12,14,-1,13,14,15,-1,15,14,16,-1,15,16,17,-1,17,16,18,-1,17,18,19,-1,16,20,18,-1,18,20,21,-1,18,21,22,-1,23,24,25,-1,24,26,25,-1,25,26,27,-1,25,27,21,-1,21,27,28,-1,21,28,22,-1,29,27,30,-1,30,27,26,-1,30,26,31,-1,31,26,32,-1,31,32,33,-1,34,35,29,-1,29,35,36,-1,29,36,27,-1,34,37,35,-1,35,37,38,-1,35,38,10,-1,10,38,39,-1,10,39,8,-1,32,40,33,-1,33,40,41,-1,33,41,42,-1,42,41,43,-1,42,43,44,-1,44,43,45,-1,45,43,46,-1,46,43,47,-1,46,47,48,-1,25,49,23,-1,23,49,50,-1,23,50,51,-1,
        ]
    }
}
Shape{
    appearance Appearance {
        material  Material 	{
            diffuseColor 1.0 0.807843137254902 0.4980392156862745
            specularColor 1.0 0.807843137254902 0.4980392156862745
            ambientIntensity 0.83
            transparency 0.0
            shininess 0.5
        }
    }
    geometry IndexedFaceSet {
        ccw TRUE
        solid FALSE
        coord DEF co Coordinate {
            point [
                -1.0285 0.128 2.622, -1.0285 0.128 1.6968, -1.0285 0.1378 2.622, -1.0285 0.1378 1.6968
            ]
        }
        coordIndex [
            0,1,2,-1,2,1,3,-1,
        ]
    }
}
Shape{
    appearance Appearance {
        material  Material 	{
            diffuseColor 0.25098039215686274 0.25098039215686274 0.25098039215686274
            specularColor 0.2196078431372549 0.2196078431372549 0.2196078431372549
            ambientIntensity 0.251
            transparency 0.0
            shininess 0.5
        }
    }
    geometry IndexedFaceSet {
        ccw TRUE
        solid FALSE
        coord DEF co Coordinate {
            point [
                -0.5443 0.1378 1.6968, -0.5443 0.128 1.6968, -0.5443 0.1378 2.622, -0.5443 0.128 2.622
            ]
        }
        coordIndex [
            0,1,2,-1,2,1,3,-1,
        ]
    }
}
Shape{
    appearance Appearance {
        material  Material 	{
            diffuseColor 1.0 0.807843137254902 0.4980392156862745
            specularColor 1.0 0.807843137254902 0.4980392156862745
            ambientIntensity 0.83
            transparency 0.0
            shininess 0.5
        }
    }
    geometry IndexedFaceSet {
        ccw TRUE
        solid FALSE
        coord DEF co Coordinate {
            point [
                0.5463 0.128 1.6968, 0.5463 0.1378 1.6968, 0.5463 0.128 2.622, 0.5463 0.1378 2.622, 1.0305 0.1378 1.6968, 1.0305 0.128 1.6968, 1.0305 0.1378 2.622, 1.0305 0.128 2.622
            ]
        }
        coordIndex [
            0,1,2,-1,2,1,3,-1,4,5,6,-1,6,5,7,-1,
        ]
    }
}
Shape{
    appearance Appearance {
        material  Material 	{
            diffuseColor 1.0 1.0 1.0
            specularColor 1.0 1.0 1.0
            ambientIntensity 1.0
            transparency 0.0
            shininess 0.5
        }
    }
    geometry IndexedFaceSet {
        ccw TRUE
        solid FALSE
        coord DEF co Coordinate {
            point [
                1.1801 0.0296 1.8125, 1.1801 0.0296 2.2992, 1.2195 0.0296 2.2283, 1.2228 0.0296 2.2537, 1.2785 0.0296 2.3976, 1.2785 0.0296 2.5266, 1.3179 0.0296 2.5133, 1.2229 0.0296 2.7205, 1.2896 0.0296 2.6877, 1.3168 0.0296 2.5265, 1.2327 0.0296 2.2775, 1.1826 0.0296 2.3211, 1.2483 0.0296 2.2979, 1.1899 0.0296 2.3419, 1.2687 0.0296 2.3135, 1.2016 0.0296 2.3606, 1.2172 0.0296 2.3762, 1.2195 0.0296 1.7443, 1.2086 0.0296 1.7518, 1.182 0.0296 1.7953, 1.1966 0.0296 1.7642, 1.1876 0.0296 1.779, 1.2508 0.0296 2.7205, 1.2599 0.0296 2.7194, 1.2685 0.0296 2.7162, 1.2762 0.0296 2.7112, 1.2825 0.0296 2.7045, 1.287 0.0296 2.6965, 1.3179 0.0296 2.3267, 1.2924 0.0296 2.3233, 1.2566 0.0296 2.3952, 1.2358 0.0296 2.3879
            ]
        }
        coordIndex [
            0,1,2,-1,2,1,3,-1,4,5,6,-1,7,8,5,-1,5,8,9,-1,5,9,6,-1,3,1,10,-1,10,1,11,-1,10,11,12,-1,12,11,13,-1,12,13,14,-1,14,13,15,-1,14,15,16,-1,2,17,0,-1,0,17,18,-1,0,18,19,-1,19,18,20,-1,19,20,21,-1,7,22,8,-1,8,22,23,-1,8,23,24,-1,24,25,8,-1,8,25,26,-1,8,26,27,-1,6,28,4,-1,4,28,29,-1,4,29,30,-1,30,29,14,-1,30,14,31,-1,31,14,16,-1,
        ]
    }
}
Shape{
    appearance Appearance {
        material  Material 	{
            diffuseColor 0.25098039215686274 0.25098039215686274 0.25098039215686274
            specularColor 0.2196078431372549 0.2196078431372549 0.2196078431372549
            ambientIntensity 0.251
            transparency 0.0
            shininess 0.5
        }
    }
    geometry IndexedFaceSet {
        ccw TRUE
        solid FALSE
        coord DEF co Coordinate {
            point [
                1.1801 0.0296 1.8125, 1.1801 0.128 1.8125, 1.1801 0.0296 2.2992, 1.1801 0.128 2.2992, 1.1801 -0.0295 2.2992, 1.1801 -0.1279 2.2992, 1.1801 -0.0295 1.8125, 1.1801 -0.1279 1.8125
            ]
        }
        coordIndex [
            0,1,2,-1,2,1,3,-1,4,5,6,-1,6,5,7,-1,
        ]
    }
}
Shape{
    appearance Appearance {
        material  Material 	{
            diffuseColor 1.0 1.0 1.0
            specularColor 1.0 1.0 1.0
            ambientIntensity 1.0
            transparency 0.0
            shininess 0.5
        }
    }
    geometry IndexedFaceSet {
        ccw TRUE
        solid FALSE
        coord DEF co Coordinate {
            point [
                1.2785 -0.0295 2.5266, 1.3168 -0.0295 2.5265, 1.2229 -0.0295 2.7205, 1.2896 -0.0295 2.6877, 1.2508 -0.0295 2.7205, 1.1876 -0.0295 1.779, 1.1966 -0.0295 1.7642, 1.2086 -0.0295 1.7518, 1.2358 -0.0295 2.3879, 1.2687 -0.0295 2.3135, 1.2566 -0.0295 2.3952, 1.2924 -0.0295 2.3233, 1.2785 -0.0295 2.3976, 1.3179 -0.0295 2.3267, 1.3179 -0.0295 2.5133, 1.2762 -0.0295 2.7112, 1.2825 -0.0295 2.7045, 1.287 -0.0295 2.6965, 1.2685 -0.0295 2.7162, 1.2599 -0.0295 2.7194, 1.2195 -0.0295 2.2283, 1.1801 -0.0295 2.2992, 1.2195 -0.0295 1.7443, 1.1801 -0.0295 1.8125, 1.182 -0.0295 1.7953, 1.2228 -0.0295 2.2537, 1.2327 -0.0295 2.2775, 1.1826 -0.0295 2.3211, 1.2483 -0.0295 2.2979, 1.2172 -0.0295 2.3762, 1.2016 -0.0295 2.3606, 1.1899 -0.0295 2.3419, 1.2195 0.0296 1.7443, 1.2195 0.0296 2.2283, -1.2488 0.0296 2.7205, -1.221 0.0296 2.7205, -1.2766 0.0296 2.5266, -1.1856 0.0296 1.779, -1.1946 0.0296 1.7642, -1.2066 0.0296 1.7518, -1.2175 0.0296 2.2283, -1.2209 0.0296 2.2537, -1.1781 0.0296 2.2992, -1.2307 0.0296 2.2775, -1.1806 0.0296 2.3211, -1.2463 0.0296 2.2979, -1.285 0.0296 2.6965, -1.2805 0.0296 2.7045, -1.2742 0.0296 2.7112, -1.2175 0.0296 1.7443, -1.1781 0.0296 1.8125, -1.18 0.0296 1.7953, -1.2339 0.0296 2.3879, -1.2152 0.0296 2.3762, -1.2667 0.0296 2.3135, -1.1996 0.0296 2.3606, -1.1879 0.0296 2.3419, -1.2547 0.0296 2.3952, -1.2905 0.0296 2.3233, -1.2766 0.0296 2.3976, -1.3159 0.0296 2.3267, -1.3159 0.0296 2.5133, -1.3148 0.0296 2.5265, -1.2876 0.0296 2.6877, -1.2579 0.0296 2.7194, -1.2665 0.0296 2.7162, -1.2175 -0.0295 1.7443, -1.2175 -0.0295 2.2283, -1.2766 -0.0295 2.5266, -1.3148 -0.0295 2.5265, -1.3159 -0.0295 2.5133, -1.221 -0.0295 2.7205, -1.2488 -0.0295 2.7205, -1.2766 -0.0295 2.3976, -1.1781 -0.0295 1.8125, -1.1781 -0.0295 2.2992, -1.2209 -0.0295 2.2537, -1.2742 -0.0295 2.7112, -1.2805 -0.0295 2.7045, -1.285 -0.0295 2.6965, -1.3159 -0.0295 2.3267, -1.2905 -0.0295 2.3233, -1.2547 -0.0295 2.3952, -1.2667 -0.0295 2.3135, -1.2339 -0.0295 2.3879, -1.2152 -0.0295 2.3762, -1.2307 -0.0295 2.2775, -1.1806 -0.0295 2.3211, -1.2463 -0.0295 2.2979, -1.1879 -0.0295 2.3419, -1.1996 -0.0295 2.3606, -1.2665 -0.0295 2.7162, -1.2066 -0.0295 1.7518, -1.1946 -0.0295 1.7642, -1.1856 -0.0295 1.779, -1.2876 -0.0295 2.6877, -1.2579 -0.0295 2.7194, -1.18 -0.0295 1.7953
            ]
        }
        coordIndex [
            0,1,2,-1,2,1,3,-1,2,3,4,-1,5,6,7,-1,8,9,10,-1,10,9,11,-1,10,11,12,-1,12,11,13,-1,12,13,0,-1,0,13,14,-1,0,14,1,-1,15,3,16,-1,16,3,17,-1,15,18,3,-1,3,18,19,-1,3,19,4,-1,20,21,22,-1,22,21,23,-1,22,23,7,-1,7,23,24,-1,7,24,5,-1,20,25,21,-1,21,25,26,-1,21,26,27,-1,27,26,28,-1,8,29,9,-1,9,29,30,-1,9,30,28,-1,28,30,31,-1,28,31,27,-1,32,33,22,-1,22,33,20,-1,34,35,36,-1,37,38,39,-1,40,41,42,-1,42,41,43,-1,42,43,44,-1,44,43,45,-1,46,47,48,-1,40,42,49,-1,49,42,50,-1,49,50,39,-1,39,50,51,-1,39,51,37,-1,52,53,54,-1,54,53,55,-1,54,55,45,-1,45,55,56,-1,45,56,44,-1,52,54,57,-1,57,54,58,-1,57,58,59,-1,59,58,60,-1,59,60,36,-1,60,61,36,-1,36,61,62,-1,36,62,34,-1,34,62,63,-1,34,63,64,-1,64,63,46,-1,64,46,65,-1,65,46,48,-1,49,66,40,-1,40,66,67,-1,68,69,70,-1,68,71,72,-1,68,70,73,-1,74,75,67,-1,67,75,76,-1,77,78,79,-1,70,80,73,-1,73,80,81,-1,73,81,82,-1,82,81,83,-1,82,83,84,-1,84,83,85,-1,76,75,86,-1,86,75,87,-1,86,87,88,-1,88,87,89,-1,88,89,83,-1,83,89,90,-1,83,90,85,-1,77,79,91,-1,92,93,94,-1,69,68,95,-1,95,68,72,-1,95,72,79,-1,79,72,96,-1,79,96,91,-1,67,66,74,-1,74,66,92,-1,74,92,97,-1,97,92,94,-1,
        ]
    }
}
Shape{
    appearance Appearance {
        material  Material 	{
            diffuseColor 0.25098039215686274 0.25098039215686274 0.25098039215686274
            specularColor 0.2196078431372549 0.2196078431372549 0.2196078431372549
            ambientIntensity 0.251
            transparency 0.0
            shininess 0.5
        }
    }
    geometry IndexedFaceSet {
        ccw TRUE
        solid FALSE
        coord DEF co Coordinate {
            point [
                -1.1781 -0.0295 2.2992, -1.1781 -0.0295 1.8125, -1.1781 -0.1279 2.2992, -1.1781 -0.1279 1.8125, -1.1781 0.0296 1.8125, -1.1781 0.0296 2.2992, -1.1781 0.128 1.8125, -1.1781 0.128 2.2992, -0.8474 0.5099 0.2085, -1.0187 0.5099 0.2085, -0.8474 0.5099 0.2539, -1.0187 0.5099 0.2539, -1.7498 0.206 0.5945, -1.7213 0.3028 0.5945, -1.7608 0.4312 0.5945, -1.6743 0.3921 0.5945, -1.6458 0.4312 0.5945, -1.7199 -0.306 0.5945, -1.7608 -0.4311 0.5945, -1.6726 -0.3945 0.5945, -1.6458 -0.4311 0.5945, -1.749 -0.21 0.5945, -1.7589 -0.1102 0.5945, -1.7589 0.1103 0.5945, 1.7589 -0.4311 0.5945, 1.7589 -0.1551 0.5945, 1.756 -0.1803 0.5945, 1.7292 -0.2873 0.5945, 1.6801 -0.3861 0.5945, 1.6478 -0.4311 0.5945, 1.0207 0.5099 0.2085, 0.8455 0.5099 0.2085, 1.0207 0.5099 0.2539, 0.8455 0.5099 0.2539, -0.2845 0.3327 0.5433, 0.2786 0.3327 0.5433, -0.2845 0.3327 0.2992, 0.2786 0.3327 0.2992, -0.2845 0.4115 0.2992, -0.2845 0.4115 0.5433, 0.2786 0.4115 0.5433, 0.2786 0.4115 0.2992, -0.3436 0.4705 0.5433, 0.3377 0.4705 0.5433, -1.1981 0.2312 1.4094, -1.222 0.2229 1.6118, -1.1981 0.2312 1.5078, -1.2038 0.2296 1.6051, -1.1848 0.234 1.5078, -1.1848 0.234 1.6006, -1.1673 0.2361 1.5078, -1.1585 0.2363 1.5984, -1.1585 0.2363 1.5085, -1.1981 0.2312 1.185, -1.1981 0.2312 1.0865, -1.222 0.2229 1.0669, -1.1848 0.234 1.0669, -1.1864 0.235 1.0865, -1.1849 0.2351 1.0865, -1.3026 0.1423 1.6709, -1.2954 0.1566 1.6781, -1.2827 0.1756 1.6591, -1.3137 0.1052 1.6597, -1.3093 0.1241 1.6641, -1.3026 0.1423 1.0669, -1.3137 0.1052 1.0669, -1.3159 0.0788 1.0669, -1.3159 0.0788 1.6575, -1.1585 0.2363 1.0865, -1.1585 0.2363 1.0669, -1.1663 0.2361 1.0865, -1.1741 0.2359 1.0865, -1.1585 0.2363 1.4072, -1.1585 0.2363 1.1871, -1.1662 0.2361 1.1855, -1.2827 0.1756 1.0669, -1.2553 0.203 1.6317, -1.2553 0.203 1.0669, -1.2392 0.214 1.6207, -1.1864 0.235 1.185, -1.1864 0.235 1.4094, -1.1849 0.2351 1.185, -1.1849 0.2351 1.4094, -1.1741 0.2359 1.4094, -1.1662 0.2361 1.4088, -1.1662 0.2361 1.4088, -1.1741 0.2359 1.185, -1.1662 0.2361 1.1855
            ]
        }
        coordIndex [
            0,1,2,-1,2,1,3,-1,4,5,6,-1,6,5,7,-1,8,9,10,-1,10,9,11,-1,12,13,14,-1,14,13,15,-1,14,15,16,-1,17,18,19,-1,19,18,20,-1,17,21,18,-1,18,21,22,-1,18,22,14,-1,14,22,23,-1,14,23,12,-1,24,25,26,-1,26,27,24,-1,24,27,28,-1,24,28,29,-1,30,31,32,-1,32,31,33,-1,34,35,36,-1,36,35,37,-1,38,39,36,-1,36,39,34,-1,40,41,35,-1,35,41,37,-1,42,43,40,-1,35,34,40,-1,40,34,39,-1,40,39,42,-1,44,45,46,-1,46,45,47,-1,46,47,48,-1,48,47,49,-1,48,49,50,-1,50,49,51,-1,50,51,52,-1,53,54,55,-1,55,54,56,-1,56,54,57,-1,56,57,58,-1,59,60,61,-1,62,63,64,-1,64,65,62,-1,62,65,66,-1,62,66,67,-1,68,69,70,-1,70,69,56,-1,70,56,71,-1,71,56,58,-1,72,73,74,-1,63,59,64,-1,64,59,61,-1,64,61,75,-1,75,61,76,-1,75,76,77,-1,77,76,78,-1,77,78,55,-1,55,78,45,-1,55,45,53,-1,53,45,44,-1,53,44,79,-1,79,44,80,-1,79,80,81,-1,81,80,82,-1,81,82,83,-1,83,84,81,-1,81,84,85,-1,81,85,86,-1,86,85,72,-1,86,72,87,-1,87,72,74,-1,
        ]
    }
}
Shape{
    appearance Appearance {
        material  Material 	{
            diffuseColor 1.0 0.807843137254902 0.4980392156862745
            specularColor 1.0 0.807843137254902 0.4980392156862745
            ambientIntensity 0.83
            transparency 0.0
            shininess 0.5
        }
    }
    geometry IndexedFaceSet {
        ccw TRUE
        solid FALSE
        coord DEF co Coordinate {
            point [
                -0.1506 -0.1377 2.4252, -0.1506 -0.1279 2.4252, -0.1506 -0.1377 1.6968, -0.1506 -0.1279 1.6968, -0.0443 -0.1377 2.4252, -0.0443 -0.1377 1.6968, -0.0443 -0.1279 2.4252, -0.0443 -0.1279 1.6968, 0.0463 -0.1377 2.4252, 0.0463 -0.1279 2.4252, 0.0463 -0.1377 1.6968, 0.0463 -0.1279 1.6968, 0.1526 -0.1377 2.4252, 0.1526 -0.1377 1.6968, 0.1526 -0.1279 2.4252, 0.1526 -0.1279 1.6968, 0.2431 -0.1377 2.4252, 0.2431 -0.1279 2.4252, 0.2431 -0.1377 1.6968, 0.2431 -0.1279 1.6968, 0.3494 -0.1377 2.4252, 0.3494 -0.1377 1.6968, 0.3494 -0.1279 2.4252, 0.3494 -0.1279 1.6968, 0.44 -0.1377 2.622, 0.44 -0.1279 2.622, 0.44 -0.1377 1.6968, 0.44 -0.1279 1.6968, 0.5463 -0.1377 2.622, 0.5463 -0.1377 1.6968, 0.5463 -0.1279 2.622, 0.5463 -0.1279 1.6968
            ]
        }
        coordIndex [
            0,1,2,-1,2,1,3,-1,4,5,6,-1,6,5,7,-1,8,9,10,-1,10,9,11,-1,12,13,14,-1,14,13,15,-1,16,17,18,-1,18,17,19,-1,20,21,22,-1,22,21,23,-1,24,25,26,-1,26,25,27,-1,28,29,30,-1,30,29,31,-1,
        ]
    }
}
Shape{
    appearance Appearance {
        material  Material 	{
            diffuseColor 0.25098039215686274 0.25098039215686274 0.25098039215686274
            specularColor 0.2196078431372549 0.2196078431372549 0.2196078431372549
            ambientIntensity 0.251
            transparency 0.0
            shininess 0.5
        }
    }
    geometry IndexedFaceSet {
        ccw TRUE
        solid FALSE
        coord DEF co Coordinate {
            point [
                0.5467 -0.1377 2.3689, 0.5467 -0.1279 2.3591, 1.0301 -0.1377 2.3689, 1.0301 -0.1279 2.3591
            ]
        }
        coordIndex [
            0,1,2,-1,2,1,3,-1,
        ]
    }
}
Shape{
    appearance Appearance {
        material  Material 	{
            diffuseColor 1.0 0.807843137254902 0.4980392156862745
            specularColor 1.0 0.807843137254902 0.4980392156862745
            ambientIntensity 0.83
            transparency 0.0
            shininess 0.5
        }
    }
    geometry IndexedFaceSet {
        ccw TRUE
        solid FALSE
        coord DEF co Coordinate {
            point [
                1.0305 -0.1377 2.622, 1.0305 -0.1279 2.622, 1.0305 -0.1377 1.6968, 1.0305 -0.1279 1.6968, 1.1368 -0.1279 2.622, 1.1368 -0.1377 2.622, 1.1368 -0.1279 1.6968, 1.1368 -0.1377 1.6968
            ]
        }
        coordIndex [
            0,1,2,-1,2,1,3,-1,4,5,6,-1,6,5,7,-1,
        ]
    }
}
Shape{
    appearance Appearance {
        material  Material 	{
            diffuseColor 0.25098039215686274 0.25098039215686274 0.25098039215686274
            specularColor 0.2196078431372549 0.2196078431372549 0.2196078431372549
            ambientIntensity 0.251
            transparency 0.0
            shininess 0.5
        }
    }
    geometry IndexedFaceSet {
        ccw TRUE
        solid FALSE
        coord DEF co Coordinate {
            point [
                1.2758 -0.1279 2.5362, 1.273 -0.1377 2.546, 1.1372 -0.1279 2.5362, 1.1372 -0.1377 2.546, 1.2785 0.0296 2.5266, 1.2785 0.128 2.5266, 1.2758 0.128 2.5362, 1.2229 -0.0295 2.7205, 1.1947 -0.0688 2.8189, 1.2145 -0.1377 2.75, 1.2229 0.0296 2.7205, 1.1947 0.069 2.8189, 1.2145 0.1378 2.75, 1.273 0.1378 2.546, 1.2785 -0.0295 2.5266, 1.2785 -0.1279 2.5266, -1.1927 -0.0688 2.8189, -1.2125 -0.1377 2.75, -1.221 0.0296 2.7205, -1.1927 0.069 2.8189, -1.2125 0.1378 2.75, -1.2766 -0.0295 2.5266, -1.2766 -0.1279 2.5266, -1.2738 -0.1279 2.5362, -1.271 0.1378 2.546, -1.2738 0.128 2.5362, -1.2766 0.0296 2.5266, -1.2766 0.128 2.5266, -1.221 -0.0295 2.7205, -1.271 -0.1377 2.546, -1.1352 -0.1377 2.546, -1.1352 -0.1279 2.5362
            ]
        }
        coordIndex [
            0,1,2,-1,2,1,3,-1,4,5,6,-1,7,8,9,-1,4,6,10,-1,8,7,11,-1,11,7,10,-1,11,10,12,-1,12,10,6,-1,12,6,13,-1,9,1,7,-1,7,1,0,-1,7,0,14,-1,14,0,15,-1,8,16,9,-1,9,16,17,-1,18,19,20,-1,21,22,23,-1,20,24,18,-1,18,24,25,-1,18,25,26,-1,26,25,27,-1,21,23,28,-1,19,18,16,-1,16,18,28,-1,16,28,17,-1,17,28,23,-1,17,23,29,-1,29,23,30,-1,30,23,31,-1,
        ]
    }
}
Shape{
    appearance Appearance {
        material  Material 	{
            diffuseColor 1.0 0.807843137254902 0.4980392156862745
            specularColor 1.0 0.807843137254902 0.4980392156862745
            ambientIntensity 0.83
            transparency 0.0
            shininess 0.5
        }
    }
    geometry IndexedFaceSet {
        ccw TRUE
        solid FALSE
        coord DEF co Coordinate {
            point [
                -1.1348 -0.1377 2.622, -1.1348 -0.1279 2.622, -1.1348 -0.1377 1.6968, -1.1348 -0.1279 1.6968, -1.0285 -0.1377 2.622, -1.0285 -0.1377 1.6968, -1.0285 -0.1279 2.622, -1.0285 -0.1279 1.6968
            ]
        }
        coordIndex [
            0,1,2,-1,2,1,3,-1,4,5,6,-1,6,5,7,-1,
        ]
    }
}
Shape{
    appearance Appearance {
        material  Material 	{
            diffuseColor 0.25098039215686274 0.25098039215686274 0.25098039215686274
            specularColor 0.2196078431372549 0.2196078431372549 0.2196078431372549
            ambientIntensity 0.251
            transparency 0.0
            shininess 0.5
        }
    }
    geometry IndexedFaceSet {
        ccw TRUE
        solid FALSE
        coord DEF co Coordinate {
            point [
                -0.5447 -0.1279 2.3591, -0.5447 -0.1377 2.3689, -1.0282 -0.1279 2.3591, -1.0282 -0.1377 2.3689
            ]
        }
        coordIndex [
            0,1,2,-1,2,1,3,-1,
        ]
    }
}
Shape{
    appearance Appearance {
        material  Material 	{
            diffuseColor 1.0 0.807843137254902 0.4980392156862745
            specularColor 1.0 0.807843137254902 0.4980392156862745
            ambientIntensity 0.83
            transparency 0.0
            shininess 0.5
        }
    }
    geometry IndexedFaceSet {
        ccw TRUE
        solid FALSE
        coord DEF co Coordinate {
            point [
                -0.5443 -0.1377 2.622, -0.5443 -0.1279 2.622, -0.5443 -0.1377 1.6968, -0.5443 -0.1279 1.6968, -0.438 -0.1377 2.622, -0.438 -0.1377 1.6968, -0.438 -0.1279 2.622, -0.438 -0.1279 1.6968, -0.3474 -0.1377 2.4252, -0.3474 -0.1279 2.4252, -0.3474 -0.1377 1.6968, -0.3474 -0.1279 1.6968, -0.2411 -0.1377 2.4252, -0.2411 -0.1377 1.6968, -0.2411 -0.1279 2.4252, -0.2411 -0.1279 1.6968
            ]
        }
        coordIndex [
            0,1,2,-1,2,1,3,-1,4,5,6,-1,6,5,7,-1,8,9,10,-1,10,9,11,-1,12,13,14,-1,14,13,15,-1,
        ]
    }
}
Shape{
    appearance Appearance {
        material  Material 	{
            diffuseColor 0.25098039215686274 0.25098039215686274 0.25098039215686274
            specularColor 0.2196078431372549 0.2196078431372549 0.2196078431372549
            ambientIntensity 0.251
            transparency 0.0
            shininess 0.5
        }
    }
    geometry IndexedFaceSet {
        ccw TRUE
        solid FALSE
        coord DEF co Coordinate {
            point [
                1.3179 -0.0787 1.0669, 1.3179 0.0788 1.0669, 1.3179 -0.0787 1.6575, 1.3179 0.0788 1.6575, 0.4396 -0.1279 2.6222, 0.4396 -0.1279 2.3591, 0.44 -0.1279 2.622, 1.1801 -0.1279 2.2992, 1.1826 -0.1279 2.3211, 1.1372 -0.1279 2.5362, 1.1899 -0.1279 2.3419, 1.2016 -0.1279 2.3606, -0.1506 -0.1279 1.6968, -0.1506 -0.1279 2.4252, -0.151 -0.1279 2.3591, -1.1348 -0.1279 2.622, -1.1191 -0.1279 2.6417, -1.1193 -0.1279 2.6421, -1.2738 -0.1279 2.5362, -1.2766 -0.1279 2.5266, -1.1352 -0.1279 2.5362, -1.2766 -0.1279 2.3976, 1.2172 -0.1279 2.3762, 1.2358 -0.1279 2.3879, 1.2758 -0.1279 2.5362, 1.2566 -0.1279 2.3952, 1.2785 -0.1279 2.5266, 1.2785 -0.1279 2.3976, 0.4555 -0.1279 2.6421, 0.4557 -0.1279 2.6417, 0.5307 -0.1279 2.6421, 0.5305 -0.1279 2.6417, 0.5467 -0.1279 2.6222, 0.5463 -0.1279 2.622, 0.5467 -0.1279 2.3591, 0.5463 -0.1279 1.6968, 1.0301 -0.1279 2.3591, 1.0305 -0.1279 1.6968, 1.0305 -0.1279 2.622, 0.2427 -0.1279 2.4253, 0.2427 -0.1279 2.3591, 0.2431 -0.1279 2.4252, -0.151 -0.1279 2.4253, -0.5447 -0.1279 2.6222, -0.5447 -0.1279 2.3591, -0.5443 -0.1279 2.622, -1.0441 -0.1279 2.6421, -1.0443 -0.1279 2.6417, -1.0282 -0.1279 2.6222, -1.0285 -0.1279 2.622, -1.0282 -0.1279 2.3591, -1.0285 -0.1279 1.6968, -0.5443 -0.1279 1.6968, 1.2086 -0.1279 1.7518, 1.1966 -0.1279 1.7642, 1.1368 -0.1279 1.6968, -0.2411 -0.1279 1.6968, -0.2408 -0.1279 2.3591, -0.2411 -0.1279 2.4252, -0.2408 -0.1279 2.4253, -0.2569 -0.1279 2.4449, -0.2567 -0.1279 2.4453, -0.3317 -0.1279 2.4449, -0.3319 -0.1279 2.4453, -0.3474 -0.1279 2.4252, -0.3478 -0.1279 2.4253, -0.3478 -0.1279 2.3591, 0.2587 -0.1279 2.4453, 0.2589 -0.1279 2.4449, 0.3338 -0.1279 2.4453, 0.3337 -0.1279 2.4449, 0.3498 -0.1279 2.4253, 0.3494 -0.1279 2.4252, 0.3498 -0.1279 2.3591, 0.3494 -0.1279 1.6968, 0.44 -0.1279 1.6968, 0.0459 -0.1279 2.4253, 0.0459 -0.1279 2.3591, 0.0463 -0.1279 2.4252, -0.135 -0.1279 2.4453, -0.1348 -0.1279 2.4449, -0.0599 -0.1279 2.4453, -0.06 -0.1279 2.4449, -0.0439 -0.1279 2.4253, -0.0443 -0.1279 2.4252, -0.0439 -0.1279 2.3591, -0.0443 -0.1279 1.6968, 0.0463 -0.1279 1.6968, -0.5287 -0.1279 2.6421, -0.5285 -0.1279 2.6417, -0.4536 -0.1279 2.6421, -0.4537 -0.1279 2.6417, -0.4376 -0.1279 2.6222, -0.438 -0.1279 2.622, -0.4376 -0.1279 2.3591, -0.438 -0.1279 1.6968, -0.3474 -0.1279 1.6968, -1.2547 -0.1279 2.3952, -1.2339 -0.1279 2.3879, -1.2152 -0.1279 2.3762, 1.1876 -0.1279 1.779, 1.182 -0.1279 1.7953, 1.1801 -0.1279 1.8125, 1.2785 -0.1279 1.6968, 1.2392 -0.1279 1.7362, 1.223 -0.1279 1.7423, 1.1368 -0.1279 2.622, 1.1372 -0.1279 2.6222, 1.1211 -0.1279 2.6417, 1.1212 -0.1279 2.6421, 1.0463 -0.1279 2.6417, 1.0461 -0.1279 2.6421, 1.0301 -0.1279 2.6222, 0.0618 -0.1279 2.4453, 0.062 -0.1279 2.4449, 0.137 -0.1279 2.4453, 0.1368 -0.1279 2.4449, 0.153 -0.1279 2.4253, 0.1526 -0.1279 2.4252, 0.153 -0.1279 2.3591, 0.1526 -0.1279 1.6968, 0.2431 -0.1279 1.6968, -1.1996 -0.1279 2.3606, -1.1879 -0.1279 2.3419, -1.1806 -0.1279 2.3211, -1.2372 -0.1279 1.7362, -1.2766 -0.1279 1.6968, -1.2211 -0.1279 1.7423, -1.1348 -0.1279 1.6968, -1.1856 -0.1279 1.779, -1.1946 -0.1279 1.7642, -1.2066 -0.1279 1.7518, -1.1352 -0.1279 2.6222, -1.1781 -0.1279 2.2992, -1.1781 -0.1279 1.8125, -1.18 -0.1279 1.7953, -0.4376 0.128 2.6222, -0.4376 0.128 2.3591, -0.438 0.128 2.622, -0.0439 0.128 2.4253, -0.0439 0.128 2.3591, -0.0443 0.128 2.4252, -1.1781 0.128 2.2992, -1.1806 0.128 2.3211, -1.1352 0.128 2.5362, -1.1879 0.128 2.3419, -1.1996 0.128 2.3606, 0.153 0.128 2.4253, 0.153 0.128 2.3591, 0.1526 0.128 2.4252, 1.1372 0.128 2.5362, 1.2758 0.128 2.5362, 1.2785 0.128 2.5266, -1.2152 0.128 2.3762, -1.2339 0.128 2.3879, -1.2738 0.128 2.5362, -1.2547 0.128 2.3952, -1.2766 0.128 2.5266, -1.2766 0.128 2.3976, -0.4536 0.128 2.6421, -0.4537 0.128 2.6417, -0.5287 0.128 2.6421, -0.5285 0.128 2.6417, -0.5447 0.128 2.6222, -0.5443 0.128 2.622, -0.5447 0.128 2.3591, -0.5443 0.128 1.6968, -1.0282 0.128 2.3591, -1.0285 0.128 1.6968, -1.0285 0.128 2.622, -0.2408 0.128 2.4253, -0.2408 0.128 2.3591, -0.2411 0.128 2.4252, 0.3498 0.128 2.4253, 0.3498 0.128 2.3591, 0.3494 0.128 2.4252, -0.0599 0.128 2.4453, -0.06 0.128 2.4449, -0.135 0.128 2.4453, -0.1348 0.128 2.4449, -0.151 0.128 2.4253, -0.1506 0.128 2.4252, -0.151 0.128 2.3591, -0.1506 0.128 1.6968, -0.2411 0.128 1.6968, 0.137 0.128 2.4453, 0.1368 0.128 2.4449, 0.0618 0.128 2.4453, 0.062 0.128 2.4449, 0.0459 0.128 2.4253, 0.0463 0.128 2.4252, 0.0459 0.128 2.3591, 0.0463 0.128 1.6968, -0.0443 0.128 1.6968, 1.1368 0.128 2.622, 1.1211 0.128 2.6417, 1.1212 0.128 2.6421, -1.2766 0.128 1.6968, -1.2372 0.128 1.7362, -1.1348 0.128 1.6968, -1.2211 0.128 1.7423, -1.2066 0.128 1.7518, -1.18 0.128 1.7953, -1.1781 0.128 1.8125, -0.2567 0.128 2.4453, -0.2569 0.128 2.4449, -0.3319 0.128 2.4453, -0.3317 0.128 2.4449, -0.3478 0.128 2.4253, -0.3474 0.128 2.4252, -0.3478 0.128 2.3591, -0.3474 0.128 1.6968, -0.438 0.128 1.6968, 0.3338 0.128 2.4453, 0.3337 0.128 2.4449, 0.2587 0.128 2.4453, 0.2589 0.128 2.4449, 0.2427 0.128 2.4253, 0.2431 0.128 2.4252, 0.2427 0.128 2.3591, 0.2431 0.128 1.6968, 0.1526 0.128 1.6968, 0.5467 0.128 2.6222, 0.5467 0.128 2.3591, 0.5463 0.128 2.622, 1.0461 0.128 2.6421, 1.0463 0.128 2.6417, 1.0301 0.128 2.6222, 1.0305 0.128 2.622, 1.0301 0.128 2.3591, 1.0305 0.128 1.6968, 0.5463 0.128 1.6968, 1.2785 0.128 2.3976, 1.2566 0.128 2.3952, 1.2358 0.128 2.3879, -1.1348 0.128 2.622, -1.1352 0.128 2.6222, -1.1191 0.128 2.6417, -1.1193 0.128 2.6421, -1.0443 0.128 2.6417, -1.0441 0.128 2.6421, -1.0282 0.128 2.6222, -1.1946 0.128 1.7642, -1.1856 0.128 1.779, 0.5307 0.128 2.6421, 0.5305 0.128 2.6417, 0.4555 0.128 2.6421, 0.4557 0.128 2.6417, 0.4396 0.128 2.6222, 0.44 0.128 2.622, 0.4396 0.128 2.3591, 0.44 0.128 1.6968, 0.3494 0.128 1.6968, 1.2172 0.128 2.3762, 1.2016 0.128 2.3606, 1.1899 0.128 2.3419, 1.182 0.128 1.7953, 1.1876 0.128 1.779, 1.1368 0.128 1.6968, 1.1966 0.128 1.7642, 1.2392 0.128 1.7362, 1.2785 0.128 1.6968, 1.223 0.128 1.7423, 1.2086 0.128 1.7518, 1.1826 0.128 2.3211, 1.1801 0.128 2.2992, 1.1801 0.128 1.8125, 1.1372 0.128 2.6222, 1.2086 0.0296 1.7518, 1.1966 0.0296 1.7642, 1.1876 0.0296 1.779, 1.182 0.0296 1.7953, 1.1801 0.0296 1.8125, 1.1801 -0.0295 1.8125, 1.182 -0.0295 1.7953, 1.1876 -0.0295 1.779, 1.1966 -0.0295 1.7642, 1.2086 -0.0295 1.7518, 1.2195 -0.0295 1.7443, 1.2195 0.0296 1.7443, -1.1781 0.0296 1.8125, -1.18 0.0296 1.7953, -1.2066 -0.0295 1.7518, -1.1856 0.0296 1.779, -1.1946 0.0296 1.7642, -1.2066 0.0296 1.7518, -1.2175 0.0296 1.7443, -1.2175 -0.0295 1.7443, -1.1946 -0.0295 1.7642, -1.1856 -0.0295 1.779, -1.18 -0.0295 1.7953, -1.1781 -0.0295 1.8125, 0.8455 0.5099 0.2539, 0.8455 0.5099 0.2085, 0.8455 0.504 0.2598, 0.8455 0.4902 0.2085, 0.8455 0.504 0.4862, 0.8455 0.4902 0.5827, -0.8474 0.4902 0.2085, -0.8474 0.5099 0.2085, -1.3593 0.4902 0.2085, -1.0187 0.4902 0.2085, -1.3593 0.5689 0.2085, -1.0187 0.5099 0.2085, 1.0207 0.4902 0.2085, 1.3573 0.4902 0.2085, 1.0207 0.5099 0.2085, 1.3573 0.5689 0.2085, -0.8474 0.5099 0.2539, -0.8474 0.504 0.2598, -0.8474 0.504 0.4862, -0.8474 0.4902 0.5827, -1.0187 0.4902 0.5827, -1.0187 0.504 0.4862, -1.0187 0.5099 0.2539, -1.0187 0.504 0.2598, -1.3849 0.4456 0.5801, -1.3409 0.4659 0.5597, -1.7608 0.4902 0.5354, -1.2942 0.4794 0.5463, -1.2463 0.4875 0.5382, -1.1978 0.4902 0.5354, -1.4162 0.4312 0.5945, -1.5379 0.4312 0.5945, -1.6458 0.4312 0.5945, -1.7608 0.4312 0.5945, 1.6478 0.4312 0.5945, 1.7589 0.4312 0.5945, 1.7589 0.4902 0.5354, 1.1998 0.4902 0.5354, 1.2483 0.4875 0.5382, 1.2962 0.4794 0.5463, 1.3428 0.4659 0.5597, 1.3877 0.4473 0.5783, 1.4181 0.4312 0.5945, 1.5399 0.4312 0.5945, 1.7589 -0.4901 0.5354, 1.7589 -0.4901 0.0707, 1.7589 -0.3326 0.0707, 1.7589 -0.3326 -0.0, 1.7589 0.3327 -0.0, 1.7589 0.3327 0.0707, 1.7589 0.4902 0.0707, 1.7589 -0.4311 0.5945, 1.7589 -0.1551 0.5945, 1.7589 0.1552 0.5945, 1.0207 0.5099 0.2539, 1.0207 0.504 0.2598, 1.0207 0.504 0.4862, 1.0207 0.4902 0.5827, -0.2845 0.4115 0.5433, -0.2845 0.4115 0.2992, -0.3436 0.4705 0.5433, -0.3633 0.4902 0.2992, -0.3633 0.4902 0.563, -0.2845 0.3327 0.2992, 0.2786 0.3327 0.2992, 0.2786 0.4115 0.2992, 0.3574 0.4902 0.2992, 0.2786 0.4115 0.5433, 0.3377 0.4705 0.5433, 0.3574 0.4902 0.563
            ]
        }
        coordIndex [
            0,1,2,-1,2,1,3,-1,4,5,6,-1,7,8,9,-1,9,8,10,-1,9,10,11,-1,12,13,14,-1,15,16,17,-1,18,19,20,-1,20,19,21,-1,11,22,9,-1,9,22,23,-1,9,23,24,-1,24,23,25,-1,24,25,26,-1,26,25,27,-1,4,6,28,-1,28,6,29,-1,28,29,30,-1,30,29,31,-1,30,31,32,-1,32,31,33,-1,32,33,34,-1,34,33,35,-1,34,35,36,-1,36,35,37,-1,36,37,38,-1,39,40,41,-1,14,13,42,-1,43,44,45,-1,17,16,46,-1,46,16,47,-1,46,47,48,-1,48,47,49,-1,48,49,50,-1,50,49,51,-1,50,51,44,-1,44,51,52,-1,44,52,45,-1,53,54,55,-1,12,14,56,-1,56,14,57,-1,56,57,58,-1,58,57,59,-1,58,59,60,-1,60,59,61,-1,60,61,62,-1,62,61,63,-1,62,63,64,-1,64,63,65,-1,64,65,66,-1,39,41,67,-1,67,41,68,-1,67,68,69,-1,69,68,70,-1,69,70,71,-1,71,70,72,-1,71,72,73,-1,73,72,74,-1,73,74,5,-1,5,74,75,-1,5,75,6,-1,76,77,78,-1,42,13,79,-1,79,13,80,-1,79,80,81,-1,81,80,82,-1,81,82,83,-1,83,82,84,-1,83,84,85,-1,85,84,86,-1,85,86,77,-1,77,86,87,-1,77,87,78,-1,43,45,88,-1,88,45,89,-1,88,89,90,-1,90,89,91,-1,90,91,92,-1,92,91,93,-1,92,93,94,-1,94,93,95,-1,94,95,66,-1,66,95,96,-1,66,96,64,-1,21,97,20,-1,20,97,98,-1,20,98,99,-1,54,100,55,-1,55,100,101,-1,55,101,102,-1,103,104,55,-1,55,104,105,-1,55,105,53,-1,102,7,55,-1,55,7,9,-1,55,9,106,-1,106,9,107,-1,106,107,108,-1,108,107,109,-1,108,109,110,-1,110,109,111,-1,110,111,38,-1,38,111,112,-1,38,112,36,-1,76,78,113,-1,113,78,114,-1,113,114,115,-1,115,114,116,-1,115,116,117,-1,117,116,118,-1,117,118,119,-1,119,118,120,-1,119,120,40,-1,40,120,121,-1,40,121,41,-1,99,122,20,-1,20,122,123,-1,20,123,124,-1,125,126,127,-1,127,126,128,-1,129,130,128,-1,128,130,131,-1,128,131,127,-1,17,132,15,-1,15,132,20,-1,15,20,128,-1,124,133,20,-1,20,133,134,-1,20,134,128,-1,128,134,135,-1,128,135,129,-1,136,137,138,-1,139,140,141,-1,142,143,144,-1,144,143,145,-1,144,145,146,-1,147,148,149,-1,150,151,152,-1,146,153,144,-1,144,153,154,-1,144,154,155,-1,155,154,156,-1,155,156,157,-1,157,156,158,-1,136,138,159,-1,159,138,160,-1,159,160,161,-1,161,160,162,-1,161,162,163,-1,163,162,164,-1,163,164,165,-1,165,164,166,-1,165,166,167,-1,167,166,168,-1,167,168,169,-1,170,171,172,-1,173,174,175,-1,139,141,176,-1,176,141,177,-1,176,177,178,-1,178,177,179,-1,178,179,180,-1,180,179,181,-1,180,181,182,-1,182,181,183,-1,182,183,171,-1,171,183,184,-1,171,184,172,-1,147,149,185,-1,185,149,186,-1,185,186,187,-1,187,186,188,-1,187,188,189,-1,189,188,190,-1,189,190,191,-1,191,190,192,-1,191,192,140,-1,140,192,193,-1,140,193,141,-1,194,195,196,-1,197,198,199,-1,199,198,200,-1,199,200,201,-1,199,202,203,-1,170,172,204,-1,204,172,205,-1,204,205,206,-1,206,205,207,-1,206,207,208,-1,208,207,209,-1,208,209,210,-1,210,209,211,-1,210,211,137,-1,137,211,212,-1,137,212,138,-1,173,175,213,-1,213,175,214,-1,213,214,215,-1,215,214,216,-1,215,216,217,-1,217,216,218,-1,217,218,219,-1,219,218,220,-1,219,220,148,-1,148,220,221,-1,148,221,149,-1,222,223,224,-1,196,195,225,-1,225,195,226,-1,225,226,227,-1,227,226,228,-1,227,228,229,-1,229,228,230,-1,229,230,223,-1,223,230,231,-1,223,231,224,-1,152,232,150,-1,150,232,233,-1,150,233,234,-1,203,142,199,-1,199,142,144,-1,199,144,235,-1,235,144,236,-1,235,236,237,-1,237,236,238,-1,237,238,239,-1,239,238,240,-1,239,240,169,-1,169,240,241,-1,169,241,167,-1,201,242,199,-1,199,242,243,-1,199,243,202,-1,222,224,244,-1,244,224,245,-1,244,245,246,-1,246,245,247,-1,246,247,248,-1,248,247,249,-1,248,249,250,-1,250,249,251,-1,250,251,174,-1,174,251,252,-1,174,252,175,-1,234,253,150,-1,150,253,254,-1,150,254,255,-1,256,257,258,-1,258,257,259,-1,260,261,262,-1,262,261,258,-1,262,258,263,-1,263,258,259,-1,255,264,150,-1,150,264,265,-1,150,265,266,-1,196,267,194,-1,194,267,150,-1,194,150,258,-1,258,150,266,-1,258,266,256,-1,262,263,268,-1,268,263,269,-1,269,263,259,-1,269,259,270,-1,270,259,257,-1,270,257,271,-1,257,256,271,-1,271,256,266,-1,271,266,272,-1,273,102,274,-1,274,102,101,-1,274,101,275,-1,275,101,100,-1,275,100,276,-1,276,100,54,-1,276,54,277,-1,277,54,53,-1,277,53,278,-1,278,53,105,-1,278,105,279,-1,268,279,262,-1,262,279,105,-1,262,105,260,-1,260,105,104,-1,203,202,280,-1,280,202,281,-1,127,131,282,-1,281,202,283,-1,283,202,243,-1,283,243,284,-1,284,243,242,-1,284,242,285,-1,285,242,201,-1,285,201,286,-1,286,201,200,-1,286,200,287,-1,282,131,288,-1,288,131,130,-1,288,130,289,-1,289,130,129,-1,289,129,290,-1,129,135,290,-1,290,135,134,-1,290,134,291,-1,282,287,127,-1,127,287,200,-1,127,200,125,-1,125,200,198,-1,292,293,294,-1,294,293,295,-1,294,295,296,-1,296,295,297,-1,298,295,299,-1,299,295,293,-1,300,301,302,-1,302,301,303,-1,304,305,306,-1,306,305,307,-1,306,307,293,-1,293,307,302,-1,293,302,299,-1,299,302,303,-1,298,299,308,-1,308,309,298,-1,298,309,310,-1,298,310,311,-1,312,311,313,-1,313,311,310,-1,314,303,315,-1,315,303,301,-1,315,301,313,-1,313,301,312,-1,316,317,318,-1,317,319,318,-1,318,319,320,-1,318,320,321,-1,322,316,323,-1,323,316,318,-1,323,318,324,-1,324,318,325,-1,326,327,328,-1,328,329,330,-1,330,331,328,-1,328,331,332,-1,328,332,333,-1,333,334,328,-1,328,334,335,-1,328,335,326,-1,336,337,338,-1,339,340,341,-1,341,342,328,-1,339,341,338,-1,343,336,344,-1,344,336,338,-1,344,338,345,-1,345,338,341,-1,345,341,327,-1,327,341,328,-1,304,306,346,-1,346,347,304,-1,304,347,348,-1,304,348,349,-1,297,349,296,-1,296,349,348,-1,350,351,352,-1,352,351,353,-1,352,353,354,-1,355,356,351,-1,351,356,357,-1,351,357,353,-1,353,357,358,-1,357,359,358,-1,358,359,360,-1,358,360,361,-1,361,360,354,-1,354,360,352,-1,
        ]
    }
}
Shape{
    appearance Appearance {
        material  Material 	{
            diffuseColor 1.0 1.0 1.0
            specularColor 1.0 1.0 1.0
            ambientIntensity 1.0
            transparency 0.0
            shininess 0.5
        }
    }
    geometry IndexedFaceSet {
        ccw TRUE
        solid FALSE
        coord DEF co Coordinate {
            point [
                0.0205 0.4911 0.8865, 0.001 0.491 0.8891, 0.2963 0.4902 0.9107, -0.2942 0.4902 0.9107, 0.0663 0.4923 0.8514, 0.0543 0.4917 0.867, 0.0387 0.4913 0.879, -0.0185 0.4911 0.8865, -0.0367 0.4913 0.879, -0.0523 0.4917 0.867, 0.2963 0.4936 0.8137, 0.0764 0.4936 0.8137, 0.0738 0.4929 0.8332, -0.2267 0.4973 0.7071, -0.2493 0.4968 0.7211, -0.0718 0.4943 0.7943, -0.2682 0.4962 0.7398, -0.0743 0.4936 0.8137, -0.2824 0.4954 0.7622, -0.0642 0.4923 0.8514, -0.0718 0.4929 0.8332, -0.2942 0.4936 0.8137, -0.2913 0.4945 0.7873, -0.2015 0.4976 0.6985, -0.0642 0.4949 0.7761, -0.1761 0.4977 0.6957, -0.0523 0.4955 0.7605, -0.0367 0.4959 0.7485, -0.0185 0.4961 0.741, 0.001 0.4962 0.7384, 0.1782 0.4977 0.6957, 0.0205 0.4961 0.741, 0.0387 0.4959 0.7485, 0.0543 0.4955 0.7605, 0.2037 0.4976 0.6985, 0.0663 0.4949 0.7761, 0.229 0.4973 0.7072, 0.0738 0.4943 0.7943, 0.2517 0.4968 0.7214, 0.2935 0.4945 0.7883, 0.2848 0.4954 0.763, 0.2706 0.4962 0.7403, -0.2942 0.4902 0.8136, -0.2913 0.4902 0.7872, -0.2824 0.4902 0.7621, -0.2682 0.4902 0.7396, -0.2493 0.4902 0.7208, -0.2267 0.4902 0.7068, -0.2015 0.4902 0.6982, -0.1761 0.4902 0.6954, 0.1782 0.4902 0.6954, 0.2037 0.4902 0.6982, 0.229 0.4902 0.7069, 0.2517 0.4902 0.7211, 0.2706 0.4902 0.7401, 0.2848 0.4902 0.7628, 0.2935 0.4902 0.7881, 0.2963 0.4902 0.8136
            ]
        }
        coordIndex [
            0,1,2,-1,2,1,3,-1,4,5,2,-1,2,5,6,-1,2,6,0,-1,1,7,3,-1,3,7,8,-1,3,8,9,-1,10,11,2,-1,2,11,12,-1,2,12,4,-1,13,14,15,-1,15,14,16,-1,15,16,17,-1,17,16,18,-1,9,19,3,-1,3,19,20,-1,3,20,21,-1,21,20,17,-1,21,17,22,-1,22,17,18,-1,13,15,23,-1,23,15,24,-1,23,24,25,-1,25,24,26,-1,25,26,27,-1,27,28,25,-1,25,28,29,-1,25,29,30,-1,30,29,31,-1,31,32,30,-1,30,32,33,-1,30,33,34,-1,34,33,35,-1,34,35,36,-1,36,35,37,-1,36,37,38,-1,10,39,11,-1,11,39,40,-1,11,40,37,-1,37,40,41,-1,37,41,38,-1,42,3,21,-1,42,21,22,-1,42,22,43,-1,43,22,18,-1,43,18,44,-1,44,18,16,-1,44,16,45,-1,45,16,14,-1,45,14,46,-1,46,14,13,-1,46,13,47,-1,47,13,23,-1,47,23,48,-1,48,23,25,-1,48,25,49,-1,50,49,30,-1,30,49,25,-1,51,50,30,-1,30,34,51,-1,51,34,36,-1,51,36,52,-1,52,36,38,-1,52,38,53,-1,53,38,41,-1,53,41,54,-1,54,41,40,-1,54,40,55,-1,55,40,39,-1,55,39,56,-1,56,39,10,-1,56,10,57,-1,2,57,10,-1,
        ]
    }
}
Shape{
    appearance Appearance {
        material  Material 	{
            diffuseColor 0.25098039215686274 0.25098039215686274 0.25098039215686274
            specularColor 0.2196078431372549 0.2196078431372549 0.2196078431372549
            ambientIntensity 0.251
            transparency 0.0
            shininess 0.5
        }
    }
    geometry IndexedFaceSet {
        ccw TRUE
        solid FALSE
        coord DEF co Coordinate {
            point [
                -1.3159 -0.0787 1.0669, -1.3159 -0.0787 1.6575, -1.3159 0.0788 1.0669, -1.3159 0.0788 1.6575
            ]
        }
        coordIndex [
            0,1,2,-1,2,1,3,-1,
        ]
    }
}
Shape{
    appearance Appearance {
        material  Material 	{
            diffuseColor 1.0 0.807843137254902 0.4980392156862745
            specularColor 1.0 0.807843137254902 0.4980392156862745
            ambientIntensity 0.83
            transparency 0.0
            shininess 0.5
        }
    }
    geometry IndexedFaceSet {
        ccw TRUE
        solid FALSE
        coord DEF co Coordinate {
            point [
                0.2431 -0.1377 1.6968, 0.3494 -0.1377 1.6968, 0.2431 -0.1377 2.4252, 0.3494 -0.1377 2.4252, 0.2589 -0.1377 2.4449, 0.3337 -0.1377 2.4449
            ]
        }
        coordIndex [
            0,1,2,-1,2,1,3,-1,2,3,4,-1,4,3,5,-1,
        ]
    }
}
Shape{
    appearance Appearance {
        material  Material 	{
            diffuseColor 0.25098039215686274 0.25098039215686274 0.25098039215686274
            specularColor 0.2196078431372549 0.2196078431372549 0.2196078431372549
            ambientIntensity 0.251
            transparency 0.0
            shininess 0.5
        }
    }
    geometry IndexedFaceSet {
        ccw TRUE
        solid FALSE
        coord DEF co Coordinate {
            point [
                1.1368 -0.1279 1.6968, 1.1368 -0.1377 1.6968, 1.2785 -0.1279 1.6968, 1.2785 -0.1377 1.6968, 1.1604 -0.2362 1.0669, 1.1868 -0.2339 1.0669, 1.1604 -0.2362 1.0865, 1.1868 -0.2339 1.0865, 1.2001 -0.2311 1.5078, 1.2239 -0.2228 1.6118, 1.2057 -0.2295 1.6051, 1.1884 -0.2349 1.5078, 1.1868 -0.2339 1.6006, 1.1869 -0.235 1.5078, 1.2001 -0.2311 1.0865, 1.2239 -0.2228 1.0669, 1.2001 -0.2311 1.185, 1.2001 -0.2311 1.4094, 1.1884 -0.2349 1.185, 1.1884 -0.2349 1.4094, 1.1869 -0.235 1.185, 1.1869 -0.235 1.4094, 1.1761 -0.2358 1.4094, 1.1761 -0.2358 1.185, 1.1682 -0.236 1.4088, 1.1682 -0.236 1.1855, 1.1682 -0.236 1.1855, 1.1604 -0.2362 1.1871, 1.1682 -0.236 1.4088, 1.1604 -0.2362 1.4072, 1.1604 -0.2362 1.5085, 1.1692 -0.236 1.5078, 1.1604 -0.2362 1.5984, 1.1726 -0.2357 1.5078, 1.1761 -0.2358 1.5078, 1.3045 -0.1422 1.0669, 1.2847 -0.1755 1.6591, 1.2847 -0.1755 1.0669, 1.2572 -0.2029 1.6317, 1.2572 -0.2029 1.0669, 1.2412 -0.2139 1.6207, 1.2973 -0.1565 1.6781, 1.3045 -0.1422 1.6709, 1.3113 -0.124 1.6641, 1.3157 -0.1051 1.6597, 1.3157 -0.1051 1.0669, 1.3179 -0.0787 1.0669, 1.3179 -0.0787 1.6575, -1.1348 -0.1377 1.6968, -1.1348 -0.1279 1.6968, -1.2766 -0.1377 1.6968, -1.2766 -0.1279 1.6968, -0.5443 -0.1377 1.6968, -0.5443 -0.1279 1.6968, -1.0285 -0.1377 1.6968, -1.0285 -0.1279 1.6968, -0.3474 -0.1377 1.6968, -0.3474 -0.1279 1.6968, -0.438 -0.1377 1.6968, -0.438 -0.1279 1.6968, -0.1506 -0.1377 1.6968, -0.1506 -0.1279 1.6968, -0.2411 -0.1377 1.6968, -0.2411 -0.1279 1.6968, 0.0463 -0.1377 1.6968, 0.0463 -0.1279 1.6968, -0.0443 -0.1377 1.6968, -0.0443 -0.1279 1.6968, 0.2431 -0.1377 1.6968, 0.2431 -0.1279 1.6968, 0.1526 -0.1377 1.6968, 0.1526 -0.1279 1.6968, 0.44 -0.1377 1.6968, 0.44 -0.1279 1.6968, 0.3494 -0.1377 1.6968, 0.3494 -0.1279 1.6968, 1.0305 -0.1377 1.6968, 1.0305 -0.1279 1.6968, 0.5463 -0.1377 1.6968, 0.5463 -0.1279 1.6968, -1.0285 0.1378 1.6968, -1.0285 0.128 1.6968, -0.5443 0.1378 1.6968, -0.5443 0.128 1.6968, -0.438 0.1378 1.6968, -0.438 0.128 1.6968, -0.3474 0.1378 1.6968, -0.3474 0.128 1.6968, -0.2411 0.1378 1.6968, -0.2411 0.128 1.6968, -0.1506 0.1378 1.6968, -0.1506 0.128 1.6968, -0.0443 0.1378 1.6968, -0.0443 0.128 1.6968, 0.0463 0.1378 1.6968, 0.0463 0.128 1.6968, 0.1526 0.1378 1.6968, 0.1526 0.128 1.6968, 0.2431 0.1378 1.6968, 0.2431 0.128 1.6968, 0.3494 0.1378 1.6968, 0.3494 0.128 1.6968, 0.44 0.1378 1.6968, 0.44 0.128 1.6968, 0.5463 0.1378 1.6968, 0.5463 0.128 1.6968, 1.0305 0.1378 1.6968, 1.0305 0.128 1.6968, 1.1368 0.1378 1.6968, 1.1368 0.128 1.6968, 1.2785 0.1378 1.6968, 1.2785 0.128 1.6968, 1.2392 0.128 1.7362, 1.2392 -0.1279 1.7362, 1.2973 0.1566 1.6781, 1.3044 0.1427 1.671, 1.3112 0.1243 1.6642, 1.3179 0.0788 1.6575, 1.3157 0.1053 1.6597, -1.2954 -0.1565 1.6781, -1.3024 -0.1426 1.671, -1.3159 -0.0787 1.6575, -1.3137 -0.1052 1.6597, -1.3092 -0.1242 1.6642, -1.2766 0.1378 1.6968, -1.2954 0.1566 1.6781, -1.2766 0.128 1.6968, -1.3026 0.1423 1.6709, -1.3093 0.1241 1.6641, -1.2372 -0.1279 1.7362, -1.2372 0.128 1.7362, -1.3137 0.1052 1.6597, -1.3159 0.0788 1.6575, -1.1348 0.128 1.6968, -1.1348 0.1378 1.6968, 1.5124 -0.0354 -0.2718, 1.5054 -0.0183 -0.2718, 1.5738 0.0 -0.2718, 1.503 0.0 -0.2718, 1.5054 0.0184 -0.2718, 1.5555 -0.0684 -0.2718, 1.5384 -0.0613 -0.2718, 1.5237 -0.0501 -0.2718, 1.6093 -0.0613 -0.2718, 1.5922 -0.0684 -0.2718, 1.5738 -0.0708 -0.2718, 1.6423 -0.0183 -0.2718, 1.6352 -0.0354 -0.2718, 1.6239 -0.0501 -0.2718, 1.6352 0.0355 -0.2718, 1.6423 0.0184 -0.2718, 1.6447 0.0 -0.2718, 1.5922 0.0685 -0.2718, 1.6093 0.0614 -0.2718, 1.6239 0.0502 -0.2718, 1.5384 0.0614 -0.2718, 1.5555 0.0685 -0.2718, 1.5738 0.0709 -0.2718, 1.5124 0.0355 -0.2718, 1.5237 0.0502 -0.2718, -1.6372 -0.0354 -0.2718, -1.6442 -0.0183 -0.2718, -1.5758 0.0 -0.2718, -1.6467 0.0 -0.2718, -1.6442 0.0184 -0.2718, -1.5941 -0.0684 -0.2718, -1.6112 -0.0613 -0.2718, -1.6259 -0.0501 -0.2718, -1.5404 -0.0613 -0.2718, -1.5574 -0.0684 -0.2718, -1.5758 -0.0708 -0.2718, -1.5073 -0.0183 -0.2718, -1.5144 -0.0354 -0.2718, -1.5257 -0.0501 -0.2718, -1.5144 0.0355 -0.2718, -1.5073 0.0184 -0.2718, -1.5049 0.0 -0.2718, -1.5574 0.0685 -0.2718, -1.5404 0.0614 -0.2718, -1.5257 0.0502 -0.2718, -1.6112 0.0614 -0.2718, -1.5941 0.0685 -0.2718, -1.5758 0.0709 -0.2718, -1.6372 0.0355 -0.2718, -1.6259 0.0502 -0.2718, -1.0187 0.4902 0.8701, -1.0187 0.2934 0.8701, -0.4675 0.4902 0.8701, -0.4675 0.2934 0.8701, 1.0207 0.4902 0.8701, 1.0207 0.4902 0.9882, 1.1998 0.4902 0.9882, 0.3574 0.4902 0.2992, 0.8455 0.4902 0.2085, -0.8474 0.4902 0.2085, 1.7589 0.4902 0.5354, 1.7589 0.4902 0.0707, 1.3967 0.4902 0.0707, -0.2824 0.4902 0.7621, -0.2682 0.4902 0.7396, -1.7608 0.4902 0.0707, -1.7608 0.4902 0.5354, -1.4409 0.4902 0.0707, -1.3986 0.4902 0.1692, -1.3986 0.4902 0.0707, 0.8455 0.4902 0.5827, 1.0207 0.4902 0.5827, 1.0207 0.4902 0.2085, 1.1998 0.4902 0.5354, 1.3573 0.4902 0.2085, 1.3967 0.4902 0.1692, -0.8474 0.4902 0.5827, -0.3633 0.4902 0.563, -0.3633 0.4902 0.2992, -0.2913 0.4902 0.7872, -0.2493 0.4902 0.7208, -0.2267 0.4902 0.7068, 0.2037 0.4902 0.6982, 0.229 0.4902 0.7069, 0.3574 0.4902 0.563, 0.2517 0.4902 0.7211, -1.0187 0.4902 0.9882, -1.1978 0.4902 0.9882, -1.0187 0.4902 0.5827, -1.1978 0.4902 0.5354, -1.0187 0.4902 0.2085, -1.3593 0.4902 0.2085, 0.4695 0.4902 0.8701, 0.2706 0.4902 0.7401, 0.2848 0.4902 0.7628, 0.2935 0.4902 0.7881, 0.2963 0.4902 0.8136, 0.4695 0.4902 0.9882, 0.2963 0.4902 0.9107, -0.4675 0.4902 0.9882, -0.2942 0.4902 0.9107, -0.2942 0.4902 0.8136, -0.2015 0.4902 0.6982, -0.1761 0.4902 0.6954, 0.1782 0.4902 0.6954, 1.0207 0.2934 0.8701, 0.4695 0.2934 0.8701, 1.2483 0.4875 0.5382, 1.2962 0.4794 0.9882, 1.3877 0.4473 0.9882, 1.3428 0.4659 0.5597, 1.2962 0.4794 0.5463, 1.4698 0.3957 0.5945, 1.4181 0.4312 0.5945, 1.3877 0.4473 0.5783, 1.4698 0.3957 0.9882, 1.5384 0.3272 0.9882, 1.5384 0.3272 0.5945, 1.59 0.245 0.9882, 1.59 0.245 0.5945, 1.622 0.1535 0.9882, 1.622 0.1535 0.5945, 1.6329 0.0571 0.9882, 1.6329 0.0571 0.5945, 1.6329 -0.057 0.6693, 1.6329 -0.057 0.5945, 1.6324 -0.0295 0.6693, 1.6329 -0.0295 0.8287, 1.6324 -0.0295 0.9882, -1.1585 -0.2362 1.0865, -1.1743 -0.2362 1.0865, -1.1835 -0.2342 1.0865, -1.1866 -0.2349 1.0865, -1.1983 -0.231 1.0865, -1.1983 -0.231 1.185, -1.1863 -0.2336 1.185, -1.1835 -0.2342 1.185, -1.1742 -0.2358 1.185, -1.1742 -0.2358 1.4094, -1.1743 -0.2362 1.5078, -1.1835 -0.2342 1.4094, -1.1866 -0.2349 1.5078, -1.1983 -0.231 1.5078, -1.1983 -0.231 1.4094, -1.1863 -0.2336 1.4094, -1.1835 -0.2342 1.5078, -1.1673 -0.236 1.5078, -1.3159 -0.0787 1.0669, -1.3137 -0.1052 1.0669, -1.3024 -0.1426 1.0669, -1.2823 -0.176 1.6586, -1.2823 -0.176 1.0669, -1.2546 -0.2034 1.0669, -1.2546 -0.2034 1.6312, -1.221 -0.2232 1.0669, -1.221 -0.2232 1.6114, -1.2384 -0.2144 1.6202, -1.2026 -0.2299 1.6047, -1.1835 -0.2342 1.6004, -1.1585 -0.2362 1.5085, -1.1585 -0.2362 1.5984, -1.1662 -0.2361 1.1855, -1.1664 -0.2361 1.4088, -1.1585 -0.2362 1.1855, -1.1585 -0.2362 1.4072, -1.1835 -0.2342 1.0669, -1.1585 -0.2362 1.0669, 1.1682 -0.236 1.4088, 1.1682 -0.2362 1.4088, 1.1682 -0.2362 1.1855, 1.1682 -0.236 1.1855, 1.1761 -0.2362 1.0865, 1.1884 -0.2349 1.0865, -1.222 0.2229 1.6118, -1.2392 0.214 1.6207, -1.1585 0.2363 1.5984, -1.2038 0.2296 1.6051, -1.2827 0.1756 1.6591, -1.2553 0.203 1.6317, -1.1848 0.234 1.6006, 1.1604 0.2363 1.5984, 1.2843 0.1761 1.6586, 1.2566 0.2035 1.6312, 1.2404 0.2145 1.6202, 1.2229 0.2233 1.6114, 1.2046 0.23 1.6047, 1.1855 0.2343 1.6004, 1.1693 0.2361 1.5078, 1.1727 0.2358 1.5078, 1.1762 0.2359 1.5078, 1.2003 0.2311 1.5078, 1.2003 0.2311 1.4094, 1.1885 0.235 1.4094, 1.1762 0.2359 1.4094, 1.1856 0.2352 1.4094, 1.1856 0.2352 1.5078, 1.1885 0.235 1.5078, 1.1682 0.2361 1.4088, 1.1682 0.2363 1.4088, 1.1682 0.2361 1.4088, 1.1604 0.2363 1.4072, 1.1604 0.2363 1.1871, 1.1682 0.2361 1.1855, 1.1682 0.2363 1.1855, 1.1682 0.2361 1.1855, 1.1762 0.2359 1.185, 1.2003 0.2311 1.185, 1.2003 0.2311 1.0865, 1.1885 0.235 1.0865, 1.1762 0.2363 1.0865, 1.1856 0.2352 1.185, 1.1885 0.235 1.185, 1.1604 0.2363 1.0865, 1.1855 0.2343 1.0865, -1.1741 0.2359 1.0865, -1.1663 0.2363 1.0865, -1.1663 0.2361 1.0865, -1.1585 0.2363 1.0865, -1.1981 0.2312 1.0865, -1.1981 0.2312 1.185, -1.1864 0.235 1.185, -1.1741 0.2359 1.185, -1.1849 0.2351 1.185, -1.1849 0.2351 1.0865, -1.1864 0.235 1.0865, -1.1662 0.2361 1.1855, -1.1662 0.2363 1.1855, -1.1662 0.2361 1.1855, -1.1585 0.2363 1.1871, -1.1585 0.2363 1.4072, -1.1662 0.2361 1.4088, -1.1662 0.2363 1.4088, -1.1662 0.2361 1.4088, -1.1741 0.2359 1.4094, -1.1981 0.2312 1.4094, -1.1981 0.2312 1.5078, -1.1864 0.235 1.4094, -1.1864 0.235 1.5078, -1.1849 0.2351 1.4094, -1.1742 0.2363 1.5078, -1.1673 0.2361 1.5078, -1.1848 0.234 1.5078, -1.3857 0.4473 0.9882, -1.3849 0.4456 0.5801, -1.4162 0.4312 0.5945, -1.4678 0.3957 0.9882, -1.3409 0.4659 0.5597, -1.2942 0.4794 0.9882, -1.2942 0.4794 0.5463, -1.2463 0.4875 0.5382, -1.4678 0.3957 0.5945, -1.5364 0.3272 0.5945, -1.5364 0.3272 0.9882, -1.588 0.245 0.5945, -1.588 0.245 0.9882, -1.62 0.1535 0.5945, -1.62 0.1535 0.9882, -1.6309 0.0571 0.5945, -1.6309 0.0571 0.9882, -1.5522 -0.057 1.0669, -1.5522 0.0571 1.0669, -1.6309 -0.057 0.9882, -1.1978 0.4115 1.0669, -1.2767 0.4026 1.0669, -1.3516 0.3764 1.0669, -1.4188 0.3342 1.0669, -1.4749 0.2781 1.0669, -1.5171 0.2109 1.0669, -1.5433 0.136 1.0669, -1.0187 0.4115 1.0669, -1.0187 0.2934 1.0669, -0.4675 0.2934 1.0669, -0.4675 0.4115 1.0669, 0.4695 0.4115 1.0669, 0.4695 0.2934 1.0669, 1.0207 0.2934 1.0669, 1.0207 0.4115 1.0669, 1.1998 0.4115 1.0669, 1.5541 0.0571 1.0669, 1.5453 0.136 1.0669, 1.519 0.2109 1.0669, 1.4768 0.2781 1.0669, 1.4207 0.3342 1.0669, 1.3535 0.3764 1.0669, 1.2787 0.4026 1.0669, 1.5541 -0.0295 1.0669, 1.5926 -0.0295 1.0275, 1.5531 -0.0295 1.0669, -1.1585 0.2363 1.5085, 1.1604 0.2363 1.0669, -1.1585 0.2363 1.0669, 1.1604 0.2363 1.5085
            ]
        }
        coordIndex [
            0,1,2,-1,2,1,3,-1,4,5,6,-1,6,5,7,-1,8,9,10,-1,8,10,11,-1,11,10,12,-1,11,12,13,-1,7,5,14,-1,14,5,15,-1,14,15,16,-1,16,15,17,-1,16,17,18,-1,18,17,19,-1,18,19,20,-1,19,21,20,-1,20,21,22,-1,20,22,23,-1,23,22,24,-1,23,24,25,-1,25,24,26,-1,26,24,27,-1,27,24,28,-1,27,28,29,-1,30,31,32,-1,32,31,33,-1,32,33,12,-1,12,33,34,-1,12,34,13,-1,35,36,37,-1,37,36,38,-1,37,38,39,-1,39,38,40,-1,39,40,15,-1,15,40,9,-1,15,9,17,-1,17,9,8,-1,41,36,42,-1,42,36,35,-1,42,35,43,-1,43,35,44,-1,35,45,44,-1,44,45,46,-1,44,46,47,-1,48,49,50,-1,50,49,51,-1,52,53,54,-1,54,53,55,-1,56,57,58,-1,58,57,59,-1,60,61,62,-1,62,61,63,-1,64,65,66,-1,66,65,67,-1,68,69,70,-1,70,69,71,-1,72,73,74,-1,74,73,75,-1,76,77,78,-1,78,77,79,-1,80,81,82,-1,82,81,83,-1,84,85,86,-1,86,85,87,-1,88,89,90,-1,90,89,91,-1,92,93,94,-1,94,93,95,-1,96,97,98,-1,98,97,99,-1,100,101,102,-1,102,101,103,-1,104,105,106,-1,106,105,107,-1,108,109,110,-1,110,109,111,-1,2,3,41,-1,111,112,2,-1,2,112,113,-1,114,110,115,-1,115,110,111,-1,115,111,116,-1,41,42,2,-1,2,42,43,-1,2,43,44,-1,44,47,2,-1,2,47,117,-1,2,117,111,-1,111,117,118,-1,111,118,116,-1,119,50,120,-1,120,50,51,-1,121,122,51,-1,51,122,123,-1,51,123,120,-1,124,125,126,-1,126,125,127,-1,126,127,128,-1,129,130,51,-1,51,130,126,-1,51,126,121,-1,128,131,126,-1,126,131,132,-1,126,132,121,-1,133,134,126,-1,126,134,124,-1,135,136,137,-1,137,136,138,-1,137,138,139,-1,140,141,137,-1,137,141,142,-1,137,142,135,-1,143,144,137,-1,137,144,145,-1,137,145,140,-1,146,147,137,-1,137,147,148,-1,137,148,143,-1,149,150,137,-1,137,150,151,-1,137,151,146,-1,152,153,137,-1,137,153,154,-1,137,154,149,-1,155,156,137,-1,137,156,157,-1,137,157,152,-1,139,158,137,-1,137,158,159,-1,137,159,155,-1,160,161,162,-1,162,161,163,-1,162,163,164,-1,165,166,162,-1,162,166,167,-1,162,167,160,-1,168,169,162,-1,162,169,170,-1,162,170,165,-1,171,172,162,-1,162,172,173,-1,162,173,168,-1,174,175,162,-1,162,175,176,-1,162,176,171,-1,177,178,162,-1,162,178,179,-1,162,179,174,-1,180,181,162,-1,162,181,182,-1,162,182,177,-1,164,183,162,-1,162,183,184,-1,162,184,180,-1,185,186,187,-1,187,186,188,-1,189,190,191,-1,192,193,194,-1,195,196,197,-1,198,199,187,-1,200,201,202,-1,202,201,203,-1,202,203,204,-1,205,189,206,-1,206,189,191,-1,206,191,207,-1,207,191,208,-1,207,208,209,-1,209,208,195,-1,209,195,210,-1,210,195,197,-1,211,212,194,-1,194,212,213,-1,194,213,192,-1,198,187,214,-1,215,216,212,-1,217,218,219,-1,219,218,220,-1,221,185,222,-1,222,185,223,-1,222,223,224,-1,224,223,225,-1,224,225,201,-1,201,225,226,-1,201,226,203,-1,193,192,205,-1,205,192,219,-1,205,219,189,-1,189,219,220,-1,189,220,227,-1,227,220,228,-1,227,228,229,-1,199,215,187,-1,187,215,212,-1,187,212,185,-1,185,212,211,-1,185,211,223,-1,229,230,227,-1,227,230,231,-1,227,231,232,-1,232,231,233,-1,232,233,234,-1,234,233,235,-1,234,235,187,-1,187,235,236,-1,187,236,214,-1,216,237,212,-1,212,237,238,-1,212,238,219,-1,219,238,239,-1,219,239,217,-1,240,189,241,-1,241,189,227,-1,208,191,242,-1,242,191,243,-1,244,245,243,-1,243,245,246,-1,243,246,242,-1,247,248,244,-1,244,248,249,-1,244,249,245,-1,244,250,247,-1,247,250,251,-1,247,251,252,-1,252,251,253,-1,252,253,254,-1,254,253,255,-1,254,255,256,-1,256,255,257,-1,256,257,258,-1,259,260,261,-1,261,260,258,-1,261,258,262,-1,262,258,257,-1,262,257,263,-1,264,265,266,-1,266,265,267,-1,266,267,268,-1,269,268,270,-1,270,268,267,-1,270,267,271,-1,271,267,265,-1,271,265,272,-1,273,274,275,-1,275,274,276,-1,277,278,276,-1,276,278,279,-1,276,279,275,-1,277,276,280,-1,280,276,274,-1,280,274,281,-1,282,283,121,-1,121,283,122,-1,122,283,123,-1,123,283,284,-1,123,284,120,-1,120,284,285,-1,120,285,119,-1,284,286,285,-1,285,286,287,-1,285,287,288,-1,289,290,287,-1,287,290,291,-1,287,291,288,-1,266,268,289,-1,278,269,279,-1,279,269,270,-1,279,270,275,-1,268,269,289,-1,289,269,278,-1,289,278,290,-1,290,278,277,-1,290,277,292,-1,292,277,293,-1,294,295,281,-1,281,295,293,-1,281,293,280,-1,280,293,277,-1,270,271,275,-1,275,271,272,-1,275,272,273,-1,273,272,296,-1,273,296,297,-1,297,296,298,-1,297,298,299,-1,289,300,266,-1,266,300,301,-1,266,301,264,-1,9,40,1,-1,32,76,78,-1,295,60,62,-1,50,119,48,-1,48,119,285,-1,48,285,288,-1,288,291,48,-1,48,291,290,-1,48,290,292,-1,9,1,10,-1,78,72,32,-1,32,72,74,-1,32,74,68,-1,68,70,32,-1,32,70,64,-1,32,64,295,-1,295,64,66,-1,295,66,60,-1,62,56,295,-1,295,56,58,-1,295,58,52,-1,52,54,295,-1,295,54,48,-1,295,48,293,-1,293,48,292,-1,41,3,36,-1,36,3,1,-1,36,1,38,-1,38,1,40,-1,76,32,1,-1,1,32,12,-1,1,12,10,-1,33,31,34,-1,17,8,11,-1,34,22,13,-1,13,22,21,-1,13,21,11,-1,11,21,19,-1,11,19,17,-1,29,302,303,-1,303,302,24,-1,303,24,22,-1,23,25,304,-1,304,25,305,-1,304,305,27,-1,23,306,20,-1,20,306,307,-1,14,16,307,-1,307,16,18,-1,307,18,20,-1,14,307,7,-1,7,307,306,-1,7,306,6,-1,308,309,134,-1,82,84,310,-1,308,134,311,-1,82,310,80,-1,125,124,312,-1,312,124,134,-1,312,134,313,-1,313,134,309,-1,80,310,134,-1,134,310,314,-1,134,314,311,-1,98,100,315,-1,315,100,102,-1,315,102,104,-1,84,86,310,-1,310,86,88,-1,310,88,90,-1,90,92,310,-1,310,92,94,-1,310,94,315,-1,315,94,96,-1,315,96,98,-1,110,114,108,-1,108,114,316,-1,108,316,317,-1,317,318,108,-1,108,318,319,-1,108,319,320,-1,104,106,315,-1,315,106,108,-1,315,108,321,-1,321,108,320,-1,322,323,324,-1,325,326,327,-1,328,324,329,-1,329,324,330,-1,329,330,327,-1,327,330,331,-1,327,331,325,-1,328,332,333,-1,333,332,334,-1,333,334,335,-1,336,337,338,-1,338,337,339,-1,338,339,340,-1,341,342,343,-1,344,340,345,-1,344,345,343,-1,343,345,346,-1,343,346,341,-1,347,344,348,-1,348,344,343,-1,348,343,342,-1,349,350,351,-1,351,350,352,-1,353,354,355,-1,356,349,357,-1,357,349,358,-1,357,358,355,-1,355,358,359,-1,355,359,353,-1,356,360,361,-1,361,360,362,-1,361,362,363,-1,364,365,366,-1,366,365,367,-1,366,367,368,-1,369,370,371,-1,371,370,372,-1,371,372,373,-1,373,372,374,-1,373,374,368,-1,375,374,376,-1,376,374,372,-1,376,372,370,-1,377,378,379,-1,377,379,380,-1,378,377,381,-1,381,377,382,-1,381,382,383,-1,383,382,384,-1,384,382,222,-1,384,222,224,-1,379,385,380,-1,380,385,386,-1,380,386,387,-1,387,386,388,-1,387,388,389,-1,389,388,390,-1,389,390,391,-1,391,390,392,-1,391,392,393,-1,394,395,396,-1,396,395,393,-1,397,222,382,-1,397,382,398,-1,398,382,377,-1,398,377,399,-1,399,377,380,-1,399,380,400,-1,400,380,387,-1,400,387,401,-1,401,387,389,-1,401,389,402,-1,402,389,391,-1,402,391,403,-1,403,391,393,-1,403,393,395,-1,222,397,221,-1,221,397,404,-1,185,221,186,-1,186,221,404,-1,186,404,405,-1,186,405,188,-1,188,405,406,-1,234,187,407,-1,407,187,188,-1,407,188,406,-1,407,408,234,-1,234,408,232,-1,227,232,241,-1,241,232,408,-1,241,408,409,-1,410,240,409,-1,409,240,241,-1,190,189,411,-1,411,189,240,-1,411,240,410,-1,412,191,411,-1,411,191,190,-1,413,257,255,-1,413,255,414,-1,414,255,253,-1,414,253,415,-1,415,253,251,-1,415,251,416,-1,416,251,250,-1,416,250,417,-1,417,250,244,-1,417,244,418,-1,418,244,243,-1,418,243,419,-1,419,243,191,-1,419,191,412,-1,263,257,420,-1,420,257,413,-1,263,420,421,-1,421,420,422,-1,30,32,295,-1,264,301,4,-1,6,295,4,-1,4,295,294,-1,6,306,23,-1,303,22,34,-1,23,304,6,-1,6,304,27,-1,6,27,295,-1,295,27,29,-1,295,29,30,-1,30,29,303,-1,30,303,31,-1,31,303,34,-1,274,273,281,-1,281,273,297,-1,281,297,294,-1,294,297,299,-1,294,299,4,-1,4,299,298,-1,4,298,264,-1,264,298,296,-1,264,296,265,-1,265,296,272,-1,423,310,315,-1,347,424,425,-1,352,315,425,-1,425,315,426,-1,366,368,374,-1,324,328,322,-1,322,328,333,-1,322,333,426,-1,426,333,335,-1,426,335,425,-1,425,335,336,-1,425,336,347,-1,347,336,338,-1,347,338,344,-1,344,338,340,-1,349,356,350,-1,350,356,361,-1,350,361,352,-1,352,361,363,-1,352,363,315,-1,315,363,364,-1,315,364,423,-1,423,364,366,-1,423,366,375,-1,375,366,374,-1,
        ]
    }
}
Shape{
    appearance Appearance {
        material  Material 	{
            diffuseColor 1.0 1.0 1.0
            specularColor 1.0 1.0 1.0
            ambientIntensity 1.0
            transparency 0.0
            shininess 0.5
        }
    }
    geometry IndexedFaceSet {
        ccw TRUE
        solid FALSE
        coord DEF co Coordinate {
            point [
                -0.0379 -0.4937 0.8752, -0.0507 -0.4941 0.8654, -0.0454 -0.4997 0.8618, 0.0177 -0.5039 0.8714, 0.0221 -0.5039 0.8696, 0.0247 -0.4992 0.8762, 0.0614 -0.5039 0.8288, 0.0639 -0.5039 0.8141, 0.0673 -0.5012 0.814, 0.0593 -0.5039 0.8347, 0.0664 -0.501 0.8266, 0.0578 -0.5039 0.8374, 0.0626 -0.5005 0.8393, 0.052 -0.5039 0.8477, 0.0561 -0.5001 0.8513, 0.048 -0.5039 0.8526, 0.0473 -0.4997 0.8618, 0.0366 -0.4994 0.8703, 0.0315 -0.5039 0.8657, 0.0369 -0.5039 0.8624, 0.0427 -0.5039 0.8573, 0.0116 -0.5039 0.8727, 0.0009 -0.4991 0.8806, 0.0009 -0.5039 0.8733, -0.024 -0.5039 0.8685, -0.0203 -0.5039 0.8696, -0.0229 -0.4992 0.8762, -0.0097 -0.5039 0.8727, -0.0034 -0.5039 0.8735, -0.0297 -0.5039 0.8657, -0.0347 -0.4994 0.8703, -0.0411 -0.5039 0.8575, -0.0463 -0.5039 0.8524, -0.0418 -0.5039 0.857, -0.0548 -0.5039 0.8402, -0.0543 -0.5001 0.8513, -0.0655 -0.5012 0.814, -0.0621 -0.5039 0.8141, -0.0645 -0.501 0.8266, -0.0614 -0.5039 0.8202, -0.0607 -0.5005 0.8393, -0.0575 -0.5039 0.8345, -0.0561 -0.5039 0.8375, -0.024 -0.4965 0.8792, -0.0355 -0.4937 0.877, -0.0249 -0.4935 0.8814, -0.0591 -0.4945 0.8544, -0.0623 -0.4946 0.8503, 0.0739 -0.4959 0.8138, 0.0721 -0.4954 0.8275, 0.0714 -0.4952 0.8327, 0.0259 -0.4965 0.8792, 0.0198 -0.4934 0.8843, 0.0009 -0.4963 0.8838, 0.0009 -0.4933 0.8868, -0.0179 -0.4934 0.8843, 0.0398 -0.4937 0.8752, 0.0374 -0.4937 0.877, 0.0268 -0.4935 0.8814, 0.0679 -0.4949 0.8412, 0.0641 -0.4946 0.8503, 0.061 -0.4945 0.8544, 0.0525 -0.4941 0.8654, -0.072 -0.4959 0.8138, -0.0702 -0.4954 0.8275, -0.0695 -0.4952 0.8327, -0.066 -0.4949 0.8412, -0.0234 -0.5024 0.7503, -0.0227 -0.5039 0.7523, -0.0342 -0.5039 0.7586, -0.0404 -0.5039 0.7631, -0.0443 -0.5039 0.7674, -0.0497 -0.4977 0.7616, -0.0702 -0.4964 0.8002, -0.066 -0.4968 0.7864, -0.0597 -0.5039 0.7931, -0.0695 -0.4965 0.795, -0.0611 -0.5039 0.7993, -0.0613 -0.5039 0.8021, -0.0507 -0.4977 0.7623, -0.0505 -0.5039 0.7741, -0.0591 -0.4973 0.7733, -0.0528 -0.5039 0.7778, -0.0623 -0.4972 0.7774, -0.0538 -0.5039 0.7794, -0.0583 -0.5039 0.7899, 0.0009 -0.5025 0.7458, -0.0016 -0.5039 0.7478, -0.011 -0.5025 0.7469, -0.0164 -0.5039 0.7501, -0.0223 -0.5039 0.7521, 0.0194 -0.5039 0.7505, 0.0047 -0.5039 0.7478, 0.0009 -0.5039 0.7478, 0.0129 -0.5025 0.7469, 0.0253 -0.5024 0.7503, 0.0246 -0.5039 0.7523, 0.0254 -0.5039 0.7526, 0.061 -0.4973 0.7733, 0.0547 -0.5039 0.7778, 0.0531 -0.5039 0.7752, 0.0525 -0.4977 0.7623, 0.0462 -0.5039 0.7673, 0.0516 -0.4977 0.7616, 0.0433 -0.5039 0.764, 0.0398 -0.498 0.7525, 0.0721 -0.4964 0.8002, 0.0564 -0.5039 0.7807, 0.0641 -0.4972 0.7774, 0.0601 -0.5039 0.7899, 0.0679 -0.4968 0.7864, 0.0619 -0.5039 0.7945, 0.0714 -0.4965 0.795, 0.0632 -0.5039 0.8007, 0.0633 -0.5039 0.8021, 0.0384 -0.5039 0.76, 0.036 -0.5039 0.7587, 0.0374 -0.4981 0.7507, 0.0268 -0.4982 0.7463, 0.0198 -0.4983 0.7434, -0.0355 -0.5039 0.7592, -0.0379 -0.498 0.7525, -0.0355 -0.4981 0.7507, -0.0249 -0.4982 0.7463, -0.0179 -0.4983 0.7434, -0.0118 -0.4984 0.7426, 0.0009 -0.4984 0.7409, 0.0137 -0.4984 0.7426
            ]
        }
        coordIndex [
            0,1,2,-1,3,4,5,-1,6,7,8,-1,9,6,10,-1,11,12,13,-1,13,12,14,-1,13,14,15,-1,15,14,16,-1,5,4,17,-1,4,18,17,-1,17,18,19,-1,17,19,16,-1,16,19,20,-1,16,20,15,-1,3,5,21,-1,21,5,22,-1,21,22,23,-1,24,25,26,-1,26,25,27,-1,26,27,22,-1,22,27,28,-1,22,28,23,-1,24,26,29,-1,29,26,30,-1,29,30,31,-1,32,33,2,-1,34,32,35,-1,36,37,38,-1,38,37,39,-1,38,39,40,-1,40,39,41,-1,40,41,42,-1,0,43,44,-1,44,43,45,-1,32,2,35,-1,35,2,1,-1,35,1,46,-1,46,47,35,-1,35,47,40,-1,35,40,34,-1,34,40,42,-1,6,8,10,-1,10,8,48,-1,10,48,49,-1,49,50,10,-1,10,50,12,-1,10,12,9,-1,9,12,11,-1,51,52,53,-1,53,52,54,-1,53,54,43,-1,43,54,55,-1,43,55,45,-1,56,57,51,-1,51,57,58,-1,51,58,52,-1,50,59,12,-1,12,59,60,-1,12,60,14,-1,14,60,61,-1,14,61,16,-1,16,61,62,-1,16,62,17,-1,63,36,64,-1,64,36,38,-1,64,38,65,-1,65,38,40,-1,65,40,66,-1,66,40,47,-1,62,56,17,-1,17,56,51,-1,17,51,5,-1,5,51,53,-1,5,53,22,-1,22,53,43,-1,22,43,26,-1,26,43,0,-1,26,0,30,-1,30,0,2,-1,30,2,31,-1,31,2,33,-1,67,68,69,-1,70,71,72,-1,36,63,73,-1,74,75,76,-1,76,75,77,-1,76,77,73,-1,73,77,78,-1,73,78,36,-1,36,78,37,-1,72,71,79,-1,79,71,80,-1,79,80,81,-1,81,80,82,-1,81,82,83,-1,83,82,84,-1,83,84,74,-1,74,84,85,-1,74,85,75,-1,86,87,88,-1,88,87,89,-1,88,89,67,-1,67,89,90,-1,67,90,68,-1,91,92,86,-1,86,92,93,-1,86,93,87,-1,86,94,91,-1,91,94,95,-1,91,95,96,-1,96,95,97,-1,98,99,100,-1,98,100,101,-1,101,100,102,-1,101,102,103,-1,103,102,104,-1,103,104,105,-1,106,48,8,-1,99,98,107,-1,107,98,108,-1,107,108,109,-1,109,108,110,-1,109,110,111,-1,111,110,112,-1,111,112,113,-1,113,112,106,-1,113,106,114,-1,114,106,8,-1,114,8,7,-1,104,115,105,-1,105,115,116,-1,105,116,117,-1,117,116,97,-1,117,97,118,-1,118,97,95,-1,118,95,119,-1,119,95,94,-1,70,72,120,-1,120,72,121,-1,120,121,69,-1,69,121,122,-1,69,122,67,-1,67,122,123,-1,67,123,88,-1,123,124,88,-1,88,124,125,-1,88,125,86,-1,86,125,126,-1,86,126,94,-1,94,126,127,-1,94,127,119,-1,
        ]
    }
}
Shape{
    appearance Appearance {
        material  Material 	{
            diffuseColor 0.25098039215686274 0.25098039215686274 0.25098039215686274
            specularColor 0.2196078431372549 0.2196078431372549 0.2196078431372549
            ambientIntensity 0.251
            transparency 0.0
            shininess 0.5
        }
    }
    geometry IndexedFaceSet {
        ccw TRUE
        solid FALSE
        coord DEF co Coordinate {
            point [
                -1.2908 -0.48 0.9882, -1.1978 -0.4901 0.9882, -1.1978 -0.4114 1.0669, -1.5875 -0.246 0.9882, -1.5171 -0.2108 1.0669, -1.6199 -0.154 0.9882, -1.5431 -0.1363 1.0669, -1.6309 -0.057 0.9882, -1.5433 -0.1359 1.0669, -1.5522 -0.057 1.0669, -1.5353 -0.3284 0.9882, -1.4749 -0.278 1.0669, -1.5166 -0.2116 1.0669, -1.466 -0.3971 0.9882, -1.4188 -0.3341 1.0669, -1.4739 -0.279 1.0669, -1.3831 -0.4485 0.9882, -1.3516 -0.3763 1.0669, -1.4171 -0.3351 1.0669, -1.2739 -0.4028 1.0669, -1.2767 -0.4025 1.0669, -1.3493 -0.3771 1.0669, -1.6309 0.0571 0.9882, -1.6309 -0.057 0.5945, -1.6309 0.0571 0.5945, -1.0187 -0.2933 1.0669, -1.0187 -0.2933 0.8701, -0.4675 -0.2933 1.0669, -0.4675 -0.2933 0.8701, 1.1868 -0.2339 1.0669, 1.1604 -0.2362 1.0669, 1.1998 -0.4114 1.0669, 1.0207 -0.2933 1.0669, 1.0207 -0.4114 1.0669, -1.1585 0.2363 1.0669, 1.1604 0.2363 1.0669, 0.4695 0.2934 1.0669, 1.0207 0.2934 1.0669, -0.4675 -0.4114 1.0669, 0.4695 -0.4114 1.0669, 0.4695 -0.2933 1.0669, 1.1855 0.2343 1.0669, 1.2229 0.2233 1.0669, 1.1998 0.4115 1.0669, -1.222 0.2229 1.0669, -1.1848 0.234 1.0669, -1.0187 0.2934 1.0669, -0.4675 0.2934 1.0669, -0.4675 0.4115 1.0669, 0.4695 0.4115 1.0669, -1.0187 -0.4114 1.0669, -1.1585 -0.2362 1.0669, 1.0207 0.4115 1.0669, 1.3044 0.1427 1.0669, 1.5531 -0.0295 1.0669, 1.2843 0.1761 1.0669, 1.2566 0.2035 1.0669, -1.1835 -0.2342 1.0669, -1.221 -0.2232 1.0669, 1.4207 0.3342 1.0669, 1.5453 0.136 1.0669, 1.4768 0.2781 1.0669, 1.519 0.2109 1.0669, 1.5541 -0.0295 1.0669, 1.5541 0.0571 1.0669, 1.2787 0.4026 1.0669, 1.3535 0.3764 1.0669, -1.2546 -0.2034 1.0669, -1.2823 -0.176 1.0669, -1.3024 -0.1426 1.0669, -1.3137 -0.1052 1.0669, 1.2239 -0.2228 1.0669, 1.283 -0.4015 1.0669, 1.2572 -0.2029 1.0669, 1.3615 -0.3723 1.0669, 1.2847 -0.1755 1.0669, 1.431 -0.3256 1.0669, 1.3045 -0.1422 1.0669, -1.2553 0.203 1.0669, -1.2767 0.4026 1.0669, -1.1978 0.4115 1.0669, -1.0187 0.4115 1.0669, 1.3157 0.1053 1.0669, 1.3179 0.0788 1.0669, 1.5502 -0.1097 1.0669, -1.3159 -0.0787 1.0669, -1.3516 0.3764 1.0669, -1.4188 0.3342 1.0669, -1.2827 0.1756 1.0669, -1.4749 0.2781 1.0669, -1.3026 0.1423 1.0669, -1.5171 0.2109 1.0669, -1.3137 0.1052 1.0669, -1.5433 0.136 1.0669, -1.3159 0.0788 1.0669, -1.5522 0.0571 1.0669, 1.4876 -0.2638 1.0669, 1.528 -0.1905 1.0669, 1.3157 -0.1051 1.0669, 1.3179 -0.0787 1.0669, 1.0207 -0.2933 0.8701, 0.4695 -0.2933 0.8701, 0.8455 -0.5098 0.2085, 1.0207 -0.5098 0.2085, 0.8455 -0.5098 0.2539, 1.0207 -0.5098 0.2539, -1.0187 -0.5098 0.2085, -0.8474 -0.5098 0.2085, -1.0187 -0.5098 0.2539, -0.8474 -0.5098 0.2539, -0.2845 -0.3326 0.5433, 0.2786 -0.3326 0.5433, -0.2845 -0.4114 0.5433, 0.2786 -0.4114 0.5433, -0.3436 -0.4704 0.5433, 0.3377 -0.4704 0.5433, -0.2845 -0.4114 0.2992, -0.2845 -0.3326 0.2992, 0.2786 -0.3326 0.2992, 0.2786 -0.4114 0.2992
            ]
        }
        coordIndex [
            0,1,2,-1,3,4,5,-1,5,4,6,-1,5,6,7,-1,7,6,8,-1,7,8,9,-1,10,11,3,-1,3,11,12,-1,3,12,4,-1,13,14,10,-1,10,14,15,-1,10,15,11,-1,16,17,13,-1,13,17,18,-1,13,18,14,-1,2,19,0,-1,0,19,20,-1,0,20,16,-1,16,20,21,-1,16,21,17,-1,7,22,23,-1,23,22,24,-1,25,26,27,-1,27,26,28,-1,29,30,31,-1,31,30,32,-1,31,32,33,-1,34,35,36,-1,36,35,37,-1,38,39,27,-1,27,39,40,-1,41,42,43,-1,44,45,46,-1,46,45,34,-1,46,34,47,-1,47,34,36,-1,47,36,48,-1,48,36,49,-1,50,25,51,-1,51,25,27,-1,51,27,30,-1,30,27,40,-1,30,40,32,-1,41,43,35,-1,35,43,52,-1,35,52,37,-1,53,54,55,-1,55,54,43,-1,55,43,56,-1,56,43,42,-1,50,51,2,-1,2,51,57,-1,2,57,19,-1,19,57,58,-1,19,58,20,-1,59,60,61,-1,61,60,62,-1,54,63,43,-1,43,63,64,-1,43,64,65,-1,65,64,60,-1,65,60,66,-1,66,60,59,-1,20,58,21,-1,21,58,67,-1,21,67,17,-1,17,67,18,-1,18,67,68,-1,18,68,14,-1,69,11,68,-1,68,11,15,-1,68,15,14,-1,70,4,69,-1,69,4,12,-1,69,12,11,-1,29,31,71,-1,71,31,72,-1,71,72,73,-1,73,72,74,-1,73,74,75,-1,75,74,76,-1,75,76,77,-1,78,44,79,-1,79,44,80,-1,80,44,46,-1,80,46,81,-1,53,82,54,-1,54,82,83,-1,54,83,84,-1,85,8,70,-1,70,8,6,-1,70,6,4,-1,79,86,78,-1,78,86,87,-1,78,87,88,-1,88,87,89,-1,88,89,90,-1,90,89,91,-1,90,91,92,-1,92,91,93,-1,92,93,94,-1,94,93,95,-1,94,95,85,-1,85,95,9,-1,85,9,8,-1,76,96,77,-1,77,96,97,-1,77,97,98,-1,98,97,84,-1,98,84,99,-1,99,84,83,-1,100,32,101,-1,101,32,40,-1,102,103,104,-1,104,103,105,-1,106,107,108,-1,108,107,109,-1,110,111,112,-1,112,111,113,-1,112,113,114,-1,114,113,115,-1,112,116,110,-1,110,116,117,-1,111,110,118,-1,118,110,117,-1,119,113,118,-1,118,113,111,-1,
        ]
    }
}
Shape{
    appearance Appearance {
        material  Material 	{
            diffuseColor 1.0 0.807843137254902 0.4980392156862745
            specularColor 1.0 0.807843137254902 0.4980392156862745
            ambientIntensity 0.83
            transparency 0.0
            shininess 0.5
        }
    }
    geometry IndexedFaceSet {
        ccw TRUE
        solid FALSE
        coord DEF co Coordinate {
            point [
                -1.0423 -0.4656 -0.0177, -1.0423 -0.4842 -0.0197, -1.1211 -0.4842 -0.0197, -1.1211 -0.4656 -0.0177, -1.1211 -0.4471 -0.0114, -1.0423 -0.4471 -0.0114, -1.1211 -0.4306 -0.0011, -1.0423 -0.4306 -0.0011, -1.1211 -0.4167 0.0126, -1.0423 -0.4167 0.0126, -1.1211 -0.4063 0.0291, -1.0423 -0.4063 0.0291, -1.1211 -0.3998 0.0475, -1.0423 -0.3998 0.0475, -1.1211 -0.3976 0.0669, -1.0423 -0.3976 0.0669, -1.0423 -0.7066 -0.0197, -1.1211 -0.7066 -0.0197, -1.1211 -0.7263 -0.0079, -1.0423 -0.7263 -0.0079, -1.1211 -0.7263 0.0157, -1.0423 -0.7263 0.0157, -1.1211 -0.7132 0.0236, -1.0423 -0.7132 0.0236, -1.0423 -0.4842 0.0236, -1.1211 -0.4842 0.0236, -0.4518 -0.4656 -0.0177, -0.4518 -0.4842 -0.0197, -0.5305 -0.4842 -0.0197, -0.5305 -0.4656 -0.0177, -0.5305 -0.4471 -0.0114, -0.4518 -0.4471 -0.0114, -0.5305 -0.4306 -0.0011, -0.4518 -0.4306 -0.0011, -0.5305 -0.4167 0.0126, -0.4518 -0.4167 0.0126, -0.5305 -0.4063 0.0291, -0.4518 -0.4063 0.0291, -0.5305 -0.3998 0.0475, -0.4518 -0.3998 0.0475, -0.5305 -0.3976 0.0669, -0.4518 -0.3976 0.0669, -0.4518 -0.7066 -0.0197, -0.5305 -0.7066 -0.0197, -0.5305 -0.7263 -0.0079, -0.4518 -0.7263 -0.0079, -0.4518 -0.721 0.0207, -0.4911 -0.7263 0.0157, -0.5305 -0.7211 0.0207, -0.4911 -0.7132 0.0236, -0.4518 -0.4842 0.0236, -0.5305 -0.4842 0.0236, -0.2549 -0.4656 -0.0177, -0.2549 -0.4842 -0.0197, -0.3337 -0.4842 -0.0197, -0.3337 -0.4656 -0.0177, -0.3337 -0.4471 -0.0114, -0.2549 -0.4471 -0.0114, -0.3337 -0.4306 -0.0011, -0.2549 -0.4306 -0.0011, -0.3337 -0.4167 0.0126, -0.2549 -0.4167 0.0126, -0.3337 -0.4063 0.0291, -0.2549 -0.4063 0.0291, -0.3337 -0.3998 0.0475, -0.2549 -0.3998 0.0475, -0.3337 -0.3976 0.0669, -0.2549 -0.3976 0.0669, -0.2549 -0.7066 -0.0197, -0.3337 -0.7066 -0.0197, -0.3337 -0.7263 -0.0079, -0.2549 -0.7263 -0.0079, -0.3337 -0.7263 0.0157, -0.2549 -0.7263 0.0157, -0.3337 -0.7132 0.0236, -0.2549 -0.7132 0.0236, -0.2549 -0.4842 0.0236, -0.3337 -0.4842 0.0236, -0.0581 -0.4656 -0.0177, -0.0581 -0.4842 -0.0197, -0.1368 -0.4842 -0.0197, -0.1368 -0.4656 -0.0177, -0.1368 -0.4471 -0.0114, -0.0581 -0.4471 -0.0114, -0.1368 -0.4306 -0.0011, -0.0581 -0.4306 -0.0011, -0.1368 -0.4167 0.0126, -0.0581 -0.4167 0.0126, -0.1368 -0.4063 0.0291, -0.0581 -0.4063 0.0291, -0.1368 -0.3998 0.0475, -0.0581 -0.3998 0.0475, -0.1368 -0.3976 0.0669, -0.0581 -0.3976 0.0669, -0.0581 -0.7066 -0.0197, -0.1368 -0.7066 -0.0197, -0.1368 -0.7263 -0.0079, -0.0581 -0.7263 -0.0079, -0.1368 -0.7263 0.0157, -0.0581 -0.7263 0.0157, -0.1368 -0.7132 0.0236, -0.0581 -0.7132 0.0236, -0.0581 -0.4842 0.0236, -0.1368 -0.4842 0.0236, 0.1388 -0.4656 -0.0177, 0.1388 -0.4842 -0.0197, 0.06 -0.4842 -0.0197, 0.06 -0.4656 -0.0177, 0.06 -0.4471 -0.0114, 0.1388 -0.4471 -0.0114, 0.06 -0.4306 -0.0011, 0.1388 -0.4306 -0.0011, 0.06 -0.4167 0.0126, 0.1388 -0.4167 0.0126, 0.06 -0.4063 0.0291, 0.1388 -0.4063 0.0291, 0.06 -0.3998 0.0475, 0.1388 -0.3998 0.0475, 0.06 -0.3976 0.0669, 0.1388 -0.3976 0.0669, 0.1388 -0.7066 -0.0197, 0.06 -0.7066 -0.0197, 0.06 -0.7263 -0.0079, 0.1388 -0.7263 -0.0079, 0.06 -0.7263 0.0157, 0.1388 -0.7263 0.0157, 0.06 -0.7132 0.0236, 0.1388 -0.7132 0.0236, 0.1388 -0.4842 0.0236, 0.06 -0.4842 0.0236, 0.3356 -0.4656 -0.0177, 0.3356 -0.4842 -0.0197, 0.2569 -0.4842 -0.0197, 0.2569 -0.4656 -0.0177, 0.2569 -0.4471 -0.0114, 0.3356 -0.4471 -0.0114, 0.2569 -0.4306 -0.0011, 0.3356 -0.4306 -0.0011, 0.2569 -0.4167 0.0126, 0.3356 -0.4167 0.0126, 0.2569 -0.4063 0.0291, 0.3356 -0.4063 0.0291, 0.2569 -0.3998 0.0475, 0.3356 -0.3998 0.0475, 0.2569 -0.3976 0.0669, 0.3356 -0.3976 0.0669, 0.3356 -0.7066 -0.0197, 0.2569 -0.7066 -0.0197, 0.2569 -0.7263 -0.0079, 0.3356 -0.7263 -0.0079, 0.2569 -0.7263 0.0157, 0.3356 -0.7263 0.0157, 0.2569 -0.7066 0.0276, 0.3356 -0.7066 0.0276, 0.3356 -0.4842 0.0276, 0.2569 -0.4842 0.0276, 0.5325 -0.4656 -0.0177, 0.5325 -0.4842 -0.0197, 0.4537 -0.4842 -0.0197, 0.4537 -0.4656 -0.0177, 0.4537 -0.4471 -0.0114, 0.5325 -0.4471 -0.0114, 0.4537 -0.4306 -0.0011, 0.5325 -0.4306 -0.0011, 0.4537 -0.4167 0.0126, 0.5325 -0.4167 0.0126, 0.4537 -0.4063 0.0291, 0.5325 -0.4063 0.0291, 0.4537 -0.3998 0.0475, 0.5325 -0.3998 0.0475, 0.4537 -0.3976 0.0669, 0.5325 -0.3976 0.0669, 0.5325 -0.7066 -0.0197, 0.4537 -0.7066 -0.0197, 0.4537 -0.7263 -0.0079, 0.5325 -0.7263 -0.0079, 0.4537 -0.7263 0.0157, 0.5325 -0.7263 0.0157, 0.4537 -0.7132 0.0236, 0.5325 -0.7132 0.0236, 0.5325 -0.4842 0.0236, 0.4537 -0.4842 0.0236, 1.123 -0.4656 -0.0177, 1.123 -0.4842 -0.0197, 1.0443 -0.4842 -0.0197, 1.0443 -0.4656 -0.0177, 1.0443 -0.4471 -0.0114, 1.123 -0.4471 -0.0114, 1.0443 -0.4306 -0.0011, 1.123 -0.4306 -0.0011, 1.0443 -0.4167 0.0126, 1.123 -0.4167 0.0126, 1.0443 -0.4063 0.0291, 1.123 -0.4063 0.0291, 1.0443 -0.3998 0.0475, 1.123 -0.3998 0.0475, 1.0443 -0.3976 0.0669, 1.123 -0.3976 0.0669, 1.123 -0.7066 -0.0197, 1.0443 -0.7066 -0.0197, 1.0443 -0.7263 -0.0079, 1.123 -0.7263 -0.0079, 1.0443 -0.7263 0.0157, 1.123 -0.7263 0.0157, 1.0443 -0.7132 0.0236, 1.123 -0.7132 0.0236, 1.123 -0.4842 0.0236, 1.0443 -0.4842 0.0236
            ]
        }
        coordIndex [
            0,1,2,-1,2,3,0,-1,0,3,4,-1,0,4,5,-1,5,4,6,-1,5,6,7,-1,7,6,8,-1,7,8,9,-1,9,8,10,-1,9,10,11,-1,11,10,12,-1,11,12,13,-1,13,12,14,-1,13,14,15,-1,1,16,2,-1,2,16,17,-1,17,16,18,-1,18,16,19,-1,20,18,21,-1,21,18,19,-1,22,20,23,-1,23,20,21,-1,24,25,23,-1,23,25,22,-1,26,27,28,-1,28,29,26,-1,26,29,30,-1,26,30,31,-1,31,30,32,-1,31,32,33,-1,33,32,34,-1,33,34,35,-1,35,34,36,-1,35,36,37,-1,37,36,38,-1,37,38,39,-1,39,38,40,-1,39,40,41,-1,27,42,28,-1,28,42,43,-1,43,42,44,-1,44,42,45,-1,45,46,44,-1,44,46,47,-1,44,47,48,-1,46,49,47,-1,47,49,48,-1,46,50,49,-1,49,50,51,-1,49,51,48,-1,52,53,54,-1,54,55,52,-1,52,55,56,-1,52,56,57,-1,57,56,58,-1,57,58,59,-1,59,58,60,-1,59,60,61,-1,61,60,62,-1,61,62,63,-1,63,62,64,-1,63,64,65,-1,65,64,66,-1,65,66,67,-1,53,68,54,-1,54,68,69,-1,69,68,70,-1,70,68,71,-1,72,70,73,-1,73,70,71,-1,74,72,75,-1,75,72,73,-1,76,77,75,-1,75,77,74,-1,78,79,80,-1,80,81,78,-1,78,81,82,-1,78,82,83,-1,83,82,84,-1,83,84,85,-1,85,84,86,-1,85,86,87,-1,87,86,88,-1,87,88,89,-1,89,88,90,-1,89,90,91,-1,91,90,92,-1,91,92,93,-1,79,94,80,-1,80,94,95,-1,95,94,96,-1,96,94,97,-1,98,96,99,-1,99,96,97,-1,100,98,101,-1,101,98,99,-1,102,103,101,-1,101,103,100,-1,104,105,106,-1,106,107,104,-1,104,107,108,-1,104,108,109,-1,109,108,110,-1,109,110,111,-1,111,110,112,-1,111,112,113,-1,113,112,114,-1,113,114,115,-1,115,114,116,-1,115,116,117,-1,117,116,118,-1,117,118,119,-1,105,120,106,-1,106,120,121,-1,121,120,122,-1,122,120,123,-1,124,122,125,-1,125,122,123,-1,126,124,127,-1,127,124,125,-1,128,129,127,-1,127,129,126,-1,130,131,132,-1,132,133,130,-1,130,133,134,-1,130,134,135,-1,135,134,136,-1,135,136,137,-1,137,136,138,-1,137,138,139,-1,139,138,140,-1,139,140,141,-1,141,140,142,-1,141,142,143,-1,143,142,144,-1,143,144,145,-1,131,146,132,-1,132,146,147,-1,147,146,148,-1,148,146,149,-1,150,148,151,-1,151,148,149,-1,152,150,153,-1,153,150,151,-1,154,155,153,-1,153,155,152,-1,156,157,158,-1,158,159,156,-1,156,159,160,-1,156,160,161,-1,161,160,162,-1,161,162,163,-1,163,162,164,-1,163,164,165,-1,165,164,166,-1,165,166,167,-1,167,166,168,-1,167,168,169,-1,169,168,170,-1,169,170,171,-1,157,172,158,-1,158,172,173,-1,173,172,174,-1,174,172,175,-1,176,174,177,-1,177,174,175,-1,178,176,179,-1,179,176,177,-1,180,181,179,-1,179,181,178,-1,182,183,184,-1,184,185,182,-1,182,185,186,-1,182,186,187,-1,187,186,188,-1,187,188,189,-1,189,188,190,-1,189,190,191,-1,191,190,192,-1,191,192,193,-1,193,192,194,-1,193,194,195,-1,195,194,196,-1,195,196,197,-1,183,198,184,-1,184,198,199,-1,199,198,200,-1,200,198,201,-1,202,200,203,-1,203,200,201,-1,204,202,205,-1,205,202,203,-1,206,207,205,-1,205,207,204,-1,
        ]
    }
}
Shape{
    appearance Appearance {
        material  Material 	{
            diffuseColor 0.25098039215686274 0.25098039215686274 0.25098039215686274
            specularColor 0.2196078431372549 0.2196078431372549 0.2196078431372549
            ambientIntensity 0.251
            transparency 0.0
            shininess 0.5
        }
    }
    geometry IndexedFaceSet {
        ccw TRUE
        solid FALSE
        coord DEF co Coordinate {
            point [
                1.4784 -0.0551 -0.0, 1.4959 -0.0779 -0.0, 1.2785 -0.3326 -0.0, 1.4673 -0.0285 -0.0, 1.2785 0.3327 -0.0, 1.5187 0.0955 -0.0, 1.4959 0.078 -0.0, 1.4784 0.0552 -0.0, 1.4673 0.0286 -0.0, 1.4636 0.0001 -0.0, 1.6803 0.0286 -0.0, 1.6693 0.0552 -0.0, 1.7589 0.3327 -0.0, 1.6518 0.078 -0.0, 1.6289 0.0955 -0.0, 1.6023 0.1065 -0.0, 1.5738 0.1103 -0.0, 1.5453 0.1065 -0.0, 1.7589 -0.3326 -0.0, 1.6023 -0.1064 -0.0, 1.6289 -0.0954 -0.0, 1.6841 0.0001 -0.0, 1.6803 -0.0285 -0.0, 1.6518 -0.0779 -0.0, 1.6693 -0.0551 -0.0, 1.5187 -0.0954 -0.0, 1.5453 -0.1064 -0.0, 1.5738 -0.1102 -0.0, 1.3573 0.4902 0.2085, 1.3967 0.4902 0.1692, 1.3573 0.5689 0.2085, 1.3967 0.5689 0.1692
            ]
        }
        coordIndex [
            0,1,2,-1,0,2,3,-1,4,5,6,-1,6,7,4,-1,4,7,8,-1,4,8,2,-1,2,8,9,-1,2,9,3,-1,10,11,12,-1,12,11,13,-1,12,13,14,-1,14,15,12,-1,12,15,16,-1,12,16,4,-1,4,16,17,-1,4,17,5,-1,18,19,20,-1,10,12,21,-1,21,12,18,-1,21,18,22,-1,20,23,18,-1,18,23,24,-1,18,24,22,-1,1,25,2,-1,2,25,26,-1,2,26,18,-1,18,26,27,-1,18,27,19,-1,28,29,30,-1,30,29,31,-1,
        ]
    }
}
Shape{
    appearance Appearance {
        material  Material 	{
            diffuseColor 1.0 0.807843137254902 0.4980392156862745
            specularColor 1.0 0.807843137254902 0.4980392156862745
            ambientIntensity 0.83
            transparency 0.0
            shininess 0.5
        }
    }
    geometry IndexedFaceSet {
        ccw TRUE
        solid FALSE
        coord DEF co Coordinate {
            point [
                1.0443 0.4847 0.0276, 1.123 0.4847 0.0276, 1.0443 0.7067 0.0276, 1.123 0.7067 0.0276, 1.123 0.7264 0.0157, 1.0443 0.7264 0.0157, 1.123 0.7264 -0.0079, 1.0443 0.7264 -0.0079, 1.123 0.7067 -0.0197, 1.0443 0.7067 -0.0197, 1.0443 0.4843 -0.0197, 1.123 0.4843 -0.0197, 1.0443 0.4657 -0.0177, 1.123 0.4657 -0.0177, 1.123 0.4472 -0.0114, 1.0443 0.4472 -0.0114, 1.123 0.4307 -0.0011, 1.0443 0.4307 -0.0011, 1.123 0.4168 0.0126, 1.0443 0.4168 0.0126, 1.123 0.4064 0.0291, 1.0443 0.4064 0.0291, 1.123 0.3999 0.0475, 1.0443 0.3999 0.0475, 1.123 0.3977 0.0669, 1.0443 0.3977 0.0669, 0.4537 0.4847 0.0276, 0.5325 0.4847 0.0276, 0.4537 0.7067 0.0276, 0.5325 0.7067 0.0276, 0.5325 0.7264 0.0157, 0.4537 0.7264 0.0157, 0.5325 0.7264 -0.0079, 0.4537 0.7264 -0.0079, 0.5325 0.7067 -0.0197, 0.4537 0.7067 -0.0197, 0.4537 0.4843 -0.0197, 0.5325 0.4843 -0.0197, 0.4537 0.4657 -0.0177, 0.5325 0.4657 -0.0177, 0.5325 0.4472 -0.0114, 0.4537 0.4472 -0.0114, 0.5325 0.4307 -0.0011, 0.4537 0.4307 -0.0011, 0.5325 0.4168 0.0126, 0.4537 0.4168 0.0126, 0.5325 0.4064 0.0291, 0.4537 0.4064 0.0291, 0.5325 0.3999 0.0475, 0.4537 0.3999 0.0475, 0.5325 0.3977 0.0669, 0.4537 0.3977 0.0669, 0.2569 0.4847 0.0276, 0.3356 0.4847 0.0276, 0.2569 0.7067 0.0276, 0.3356 0.7067 0.0276, 0.3356 0.7264 0.0157, 0.2569 0.7264 0.0157, 0.3356 0.7264 -0.0079, 0.2569 0.7264 -0.0079, 0.3356 0.7067 -0.0197, 0.2569 0.7067 -0.0197, 0.2569 0.4843 -0.0197, 0.3356 0.4843 -0.0197, 0.2569 0.4657 -0.0177, 0.3356 0.4657 -0.0177, 0.3356 0.4472 -0.0114, 0.2569 0.4472 -0.0114, 0.3356 0.4307 -0.0011, 0.2569 0.4307 -0.0011, 0.3356 0.4168 0.0126, 0.2569 0.4168 0.0126, 0.3356 0.4064 0.0291, 0.2569 0.4064 0.0291, 0.3356 0.3999 0.0475, 0.2569 0.3999 0.0475, 0.3356 0.3977 0.0669, 0.2569 0.3977 0.0669, 0.06 0.4847 0.0276, 0.1388 0.4847 0.0276, 0.06 0.7067 0.0276, 0.1388 0.7067 0.0276, 0.1388 0.7264 0.0157, 0.06 0.7264 0.0157, 0.1388 0.7264 -0.0079, 0.06 0.7264 -0.0079, 0.1388 0.7067 -0.0197, 0.06 0.7067 -0.0197, 0.06 0.4843 -0.0197, 0.1388 0.4843 -0.0197, 0.06 0.4657 -0.0177, 0.1388 0.4657 -0.0177, 0.1388 0.4472 -0.0114, 0.06 0.4472 -0.0114, 0.1388 0.4307 -0.0011, 0.06 0.4307 -0.0011, 0.1388 0.4168 0.0126, 0.06 0.4168 0.0126, 0.1388 0.4064 0.0291, 0.06 0.4064 0.0291, 0.1388 0.3999 0.0475, 0.06 0.3999 0.0475, 0.1388 0.3977 0.0669, 0.06 0.3977 0.0669, -0.1368 0.4847 0.0276, -0.0581 0.4847 0.0276, -0.1368 0.7067 0.0276, -0.0581 0.7067 0.0276, -0.0581 0.7264 0.0157, -0.1368 0.7264 0.0157, -0.0581 0.7264 -0.0079, -0.1368 0.7264 -0.0079, -0.0581 0.7067 -0.0197, -0.1368 0.7067 -0.0197, -0.1368 0.4843 -0.0197, -0.0581 0.4843 -0.0197, -0.1368 0.4657 -0.0177, -0.0581 0.4657 -0.0177, -0.0581 0.4472 -0.0114, -0.1368 0.4472 -0.0114, -0.0581 0.4307 -0.0011, -0.1368 0.4307 -0.0011, -0.0581 0.4168 0.0126, -0.1368 0.4168 0.0126, -0.0581 0.4064 0.0291, -0.1368 0.4064 0.0291, -0.0581 0.3999 0.0475, -0.1368 0.3999 0.0475, -0.0581 0.3977 0.0669, -0.1368 0.3977 0.0669, -0.3337 0.4847 0.0276, -0.2549 0.4847 0.0276, -0.3337 0.7067 0.0276, -0.2549 0.7067 0.0276, -0.2549 0.7264 0.0157, -0.3337 0.7264 0.0157, -0.2549 0.7264 -0.0079, -0.3337 0.7264 -0.0079, -0.2549 0.7067 -0.0197, -0.3337 0.7067 -0.0197, -0.3337 0.4843 -0.0197, -0.2549 0.4843 -0.0197, -0.3337 0.4657 -0.0177, -0.2549 0.4657 -0.0177, -0.2549 0.4472 -0.0114, -0.3337 0.4472 -0.0114, -0.2549 0.4307 -0.0011, -0.3337 0.4307 -0.0011, -0.2549 0.4168 0.0126, -0.3337 0.4168 0.0126, -0.2549 0.4064 0.0291, -0.3337 0.4064 0.0291, -0.2549 0.3999 0.0475, -0.3337 0.3999 0.0475, -0.2549 0.3977 0.0669, -0.3337 0.3977 0.0669, -0.5305 0.4847 0.0276, -0.4518 0.4847 0.0276, -0.5305 0.7067 0.0276, -0.4518 0.7067 0.0276, -0.4518 0.7264 0.0157, -0.5305 0.7264 0.0157, -0.4518 0.7264 -0.0079, -0.5305 0.7264 -0.0079, -0.4518 0.7067 -0.0197, -0.5305 0.7067 -0.0197, -0.5305 0.4843 -0.0197, -0.4518 0.4843 -0.0197, -0.5305 0.4657 -0.0177, -0.4518 0.4657 -0.0177, -0.4518 0.4472 -0.0114, -0.5305 0.4472 -0.0114, -0.4518 0.4307 -0.0011, -0.5305 0.4307 -0.0011, -0.4518 0.4168 0.0126, -0.5305 0.4168 0.0126, -0.4518 0.4064 0.0291, -0.5305 0.4064 0.0291, -0.4518 0.3999 0.0475, -0.5305 0.3999 0.0475, -0.4518 0.3977 0.0669, -0.5305 0.3977 0.0669, -1.1211 0.4847 0.0276, -1.0423 0.4847 0.0276, -1.1211 0.7067 0.0276, -1.0423 0.7067 0.0276, -1.0423 0.7264 0.0157, -1.1211 0.7264 0.0157, -1.0423 0.7264 -0.0079, -1.1211 0.7264 -0.0079, -1.0423 0.7067 -0.0197, -1.1211 0.7067 -0.0197, -1.1211 0.4843 -0.0197, -1.0423 0.4843 -0.0197, -1.1211 0.4657 -0.0177, -1.0423 0.4657 -0.0177, -1.0423 0.4472 -0.0114, -1.1211 0.4472 -0.0114, -1.0423 0.4307 -0.0011, -1.1211 0.4307 -0.0011, -1.0423 0.4168 0.0126, -1.1211 0.4168 0.0126, -1.0423 0.4064 0.0291, -1.1211 0.4064 0.0291, -1.0423 0.3999 0.0475, -1.1211 0.3999 0.0475, -1.0423 0.3977 0.0669, -1.1211 0.3977 0.0669
            ]
        }
        coordIndex [
            0,1,2,-1,2,1,3,-1,3,4,2,-1,2,4,5,-1,4,6,5,-1,5,6,7,-1,8,9,6,-1,6,9,7,-1,10,9,11,-1,11,9,8,-1,12,10,11,-1,11,13,12,-1,12,13,14,-1,12,14,15,-1,15,14,16,-1,15,16,17,-1,17,16,18,-1,17,18,19,-1,19,18,20,-1,19,20,21,-1,21,20,22,-1,21,22,23,-1,23,22,24,-1,23,24,25,-1,26,27,28,-1,28,27,29,-1,29,30,28,-1,28,30,31,-1,30,32,31,-1,31,32,33,-1,34,35,32,-1,32,35,33,-1,36,35,37,-1,37,35,34,-1,38,36,37,-1,37,39,38,-1,38,39,40,-1,38,40,41,-1,41,40,42,-1,41,42,43,-1,43,42,44,-1,43,44,45,-1,45,44,46,-1,45,46,47,-1,47,46,48,-1,47,48,49,-1,49,48,50,-1,49,50,51,-1,52,53,54,-1,54,53,55,-1,55,56,54,-1,54,56,57,-1,56,58,57,-1,57,58,59,-1,60,61,58,-1,58,61,59,-1,62,61,63,-1,63,61,60,-1,64,62,63,-1,63,65,64,-1,64,65,66,-1,64,66,67,-1,67,66,68,-1,67,68,69,-1,69,68,70,-1,69,70,71,-1,71,70,72,-1,71,72,73,-1,73,72,74,-1,73,74,75,-1,75,74,76,-1,75,76,77,-1,78,79,80,-1,80,79,81,-1,81,82,80,-1,80,82,83,-1,82,84,83,-1,83,84,85,-1,86,87,84,-1,84,87,85,-1,88,87,89,-1,89,87,86,-1,90,88,89,-1,89,91,90,-1,90,91,92,-1,90,92,93,-1,93,92,94,-1,93,94,95,-1,95,94,96,-1,95,96,97,-1,97,96,98,-1,97,98,99,-1,99,98,100,-1,99,100,101,-1,101,100,102,-1,101,102,103,-1,104,105,106,-1,106,105,107,-1,107,108,106,-1,106,108,109,-1,108,110,109,-1,109,110,111,-1,112,113,110,-1,110,113,111,-1,114,113,115,-1,115,113,112,-1,116,114,115,-1,115,117,116,-1,116,117,118,-1,116,118,119,-1,119,118,120,-1,119,120,121,-1,121,120,122,-1,121,122,123,-1,123,122,124,-1,123,124,125,-1,125,124,126,-1,125,126,127,-1,127,126,128,-1,127,128,129,-1,130,131,132,-1,132,131,133,-1,133,134,132,-1,132,134,135,-1,134,136,135,-1,135,136,137,-1,138,139,136,-1,136,139,137,-1,140,139,141,-1,141,139,138,-1,142,140,141,-1,141,143,142,-1,142,143,144,-1,142,144,145,-1,145,144,146,-1,145,146,147,-1,147,146,148,-1,147,148,149,-1,149,148,150,-1,149,150,151,-1,151,150,152,-1,151,152,153,-1,153,152,154,-1,153,154,155,-1,156,157,158,-1,158,157,159,-1,159,160,158,-1,158,160,161,-1,160,162,161,-1,161,162,163,-1,164,165,162,-1,162,165,163,-1,166,165,167,-1,167,165,164,-1,168,166,167,-1,167,169,168,-1,168,169,170,-1,168,170,171,-1,171,170,172,-1,171,172,173,-1,173,172,174,-1,173,174,175,-1,175,174,176,-1,175,176,177,-1,177,176,178,-1,177,178,179,-1,179,178,180,-1,179,180,181,-1,182,183,184,-1,184,183,185,-1,185,186,184,-1,184,186,187,-1,186,188,187,-1,187,188,189,-1,190,191,188,-1,188,191,189,-1,192,191,193,-1,193,191,190,-1,194,192,193,-1,193,195,194,-1,194,195,196,-1,194,196,197,-1,197,196,198,-1,197,198,199,-1,199,198,200,-1,199,200,201,-1,201,200,202,-1,201,202,203,-1,203,202,204,-1,203,204,205,-1,205,204,206,-1,205,206,207,-1,
        ]
    }
}
Shape{
    appearance Appearance {
        material  Material 	{
            diffuseColor 0.25098039215686274 0.25098039215686274 0.25098039215686274
            specularColor 0.2196078431372549 0.2196078431372549 0.2196078431372549
            ambientIntensity 0.251
            transparency 0.0
            shininess 0.5
        }
    }
    geometry IndexedFaceSet {
        ccw TRUE
        solid FALSE
        coord DEF co Coordinate {
            point [
                -1.3593 0.5689 0.2085, -1.3986 0.5689 0.1692, -1.3593 0.4902 0.2085, -1.3986 0.4902 0.1692, -1.6043 0.1065 -0.0, -1.6309 0.0955 -0.0, -1.7608 0.3327 -0.0, -1.6537 0.078 -0.0, -1.6713 0.0552 -0.0, -1.6823 -0.0285 -0.0, -1.7608 -0.3326 -0.0, -1.686 0.0001 -0.0, -1.6823 0.0286 -0.0, -1.6713 -0.0551 -0.0, -1.6537 -0.0779 -0.0, -1.6309 -0.0954 -0.0, -1.4803 -0.0551 -0.0, -1.2766 -0.3326 -0.0, -1.4978 -0.0779 -0.0, -1.5207 -0.0954 -0.0, -1.4803 0.0552 -0.0, -1.4978 0.078 -0.0, -1.2766 0.3327 -0.0, -1.4693 -0.0285 -0.0, -1.4656 0.0001 -0.0, -1.4693 0.0286 -0.0, -1.6043 -0.1064 -0.0, -1.5758 -0.1102 -0.0, -1.5473 -0.1064 -0.0, -1.5207 0.0955 -0.0, -1.5473 0.1065 -0.0, -1.5758 0.1103 -0.0, -0.8474 -0.4901 0.5827, -1.0187 -0.4901 0.5827, -0.8474 -0.5039 0.4862, -1.0187 -0.5039 0.4862, -1.0187 -0.4901 0.2085, -1.0187 -0.5098 0.2085, -1.0187 -0.5098 0.2539, -1.0187 -0.5039 0.2598, -1.1978 -0.4901 0.5354, -1.2446 -0.4876 0.538, -1.7608 -0.4901 0.5354, -1.2908 -0.48 0.5455, -1.3378 -0.4669 0.5587, -1.3831 -0.4485 0.5771, -1.4162 -0.4311 0.5945, -1.5379 -0.4311 0.5945, -1.6458 -0.4311 0.5945, -1.7608 -0.4311 0.5945, -1.466 -0.3971 0.5945, -1.3831 -0.4485 0.9882, -1.466 -0.3971 0.9882, -1.5353 -0.3284 0.9882, -1.5353 -0.3284 0.5945, -1.5875 -0.246 0.9882, -1.5875 -0.246 0.5945, -1.6199 -0.154 0.9882, -1.6199 -0.154 0.5945, -1.6309 -0.057 0.9882, -1.6309 -0.057 0.5945, -1.1978 -0.4901 0.9882, -1.2908 -0.48 0.9882, -1.1978 -0.4114 1.0669, -1.0187 -0.4114 1.0669, -1.0187 -0.4901 0.9882, -1.0187 -0.4901 0.8701, -1.0187 -0.2933 0.8701, -1.0187 -0.2933 1.0669, -0.4675 -0.2933 0.8701, -0.4675 -0.4901 0.8701, -0.4675 -0.4114 1.0669, -0.4675 -0.2933 1.0669, -0.4675 -0.4901 0.9882, 0.4695 -0.4114 1.0669, 0.4695 -0.4901 0.9882, 0.4695 -0.2933 1.0669, 0.4695 -0.2933 0.8701, 0.4695 -0.4901 0.8701, 1.0207 -0.4901 0.8701, 1.0207 -0.2933 0.8701, 1.0207 -0.4901 0.9882, 1.0207 -0.4114 1.0669, 1.0207 -0.2933 1.0669, 1.1998 -0.4901 0.9882, 1.1998 -0.4114 1.0669, 1.3555 -0.4611 0.5644, 1.3092 -0.4761 0.5495, 1.7589 -0.4901 0.5354, 1.2615 -0.4857 0.5399, 1.1998 -0.4901 0.5354, 1.4181 -0.4311 0.5945, 1.5399 -0.4311 0.5945, 1.6478 -0.4311 0.5945, 1.7589 -0.4311 0.5945, 1.3573 -0.5688 0.2085, 1.3967 -0.5688 0.1692, 1.3573 -0.4901 0.2085, 1.3967 -0.4901 0.1692, 1.0207 -0.5098 0.2539, 1.0207 -0.5098 0.2085, 1.0207 -0.5039 0.2598, 1.0207 -0.4901 0.2085, 1.0207 -0.5039 0.4862, 1.0207 -0.4901 0.5827, 0.8455 -0.4901 0.5827, 0.8455 -0.5039 0.4862, 0.8455 -0.4901 0.2085, 0.8455 -0.5098 0.2085, 0.8455 -0.5098 0.2539, 0.8455 -0.5039 0.2598, -0.8474 -0.4901 0.2085, -0.8474 -0.5098 0.2085, -1.3593 -0.4901 0.2085, -1.3593 -0.5688 0.2085, -0.8474 -0.5098 0.2539, -0.8474 -0.5039 0.2598
            ]
        }
        coordIndex [
            0,1,2,-1,2,1,3,-1,4,5,6,-1,6,5,7,-1,6,7,8,-1,9,10,11,-1,11,10,6,-1,11,6,12,-1,12,6,8,-1,9,13,10,-1,10,13,14,-1,10,14,15,-1,16,17,18,-1,18,17,19,-1,20,21,22,-1,16,23,17,-1,17,23,24,-1,17,24,22,-1,22,24,25,-1,22,25,20,-1,15,26,10,-1,10,26,27,-1,10,27,17,-1,17,27,28,-1,17,28,19,-1,21,29,22,-1,22,29,30,-1,22,30,6,-1,6,30,31,-1,6,31,4,-1,32,33,34,-1,34,33,35,-1,36,37,38,-1,38,39,36,-1,36,39,35,-1,36,35,33,-1,40,41,42,-1,42,41,43,-1,43,44,42,-1,42,44,45,-1,42,45,46,-1,46,47,42,-1,42,47,48,-1,42,48,49,-1,50,46,51,-1,51,52,50,-1,50,52,53,-1,50,53,54,-1,54,53,55,-1,54,55,56,-1,56,55,57,-1,56,57,58,-1,58,57,59,-1,58,59,60,-1,40,61,41,-1,41,61,62,-1,46,45,51,-1,51,45,44,-1,51,44,62,-1,62,44,43,-1,62,43,41,-1,63,61,64,-1,64,61,65,-1,65,66,64,-1,64,66,67,-1,64,67,68,-1,67,66,69,-1,69,66,70,-1,71,72,73,-1,73,72,69,-1,73,69,70,-1,71,73,74,-1,74,73,75,-1,76,74,77,-1,77,74,75,-1,77,75,78,-1,79,80,78,-1,78,80,77,-1,79,81,80,-1,80,81,82,-1,80,82,83,-1,84,85,81,-1,81,85,82,-1,86,87,88,-1,88,87,89,-1,88,89,90,-1,91,86,92,-1,92,86,88,-1,92,88,93,-1,93,88,94,-1,95,96,97,-1,97,96,98,-1,99,100,101,-1,101,100,102,-1,101,102,103,-1,103,102,104,-1,104,105,103,-1,103,105,106,-1,107,108,109,-1,109,110,107,-1,107,110,106,-1,107,106,105,-1,107,111,108,-1,108,111,112,-1,97,102,95,-1,95,102,100,-1,36,113,37,-1,37,113,114,-1,37,114,112,-1,112,114,95,-1,112,95,108,-1,108,95,100,-1,115,112,116,-1,116,112,111,-1,116,111,34,-1,34,111,32,-1,
        ]
    }
}
Shape{
    appearance Appearance {
        material  Material 	{
            diffuseColor 1.0 1.0 1.0
            specularColor 1.0 1.0 1.0
            ambientIntensity 1.0
            transparency 0.0
            shininess 0.5
        }
    }
    geometry IndexedFaceSet {
        ccw TRUE
        solid FALSE
        coord DEF co Coordinate {
            point [
                -0.2942 -0.4901 0.9107, -0.2943 -0.4901 0.8136, -0.2943 -0.4935 0.8137, -0.1952 -0.4901 0.697, -0.1762 -0.4901 0.6954, -0.1762 -0.4976 0.6957, -0.1952 -0.4976 0.6972, -0.2234 -0.4973 0.7055, -0.2234 -0.4901 0.7053, -0.2487 -0.4967 0.7205, -0.2487 -0.4901 0.7203, -0.2695 -0.496 0.7413, -0.2695 -0.4901 0.7411, -0.2845 -0.4951 0.7666, -0.2845 -0.4901 0.7665, -0.2928 -0.4942 0.7948, -0.2928 -0.4901 0.7947, 0.1781 -0.4901 0.6954, 0.1781 -0.4976 0.6957, 0.2947 -0.4901 0.7948, 0.2962 -0.4901 0.8136, 0.2962 -0.4935 0.8137, 0.2947 -0.4941 0.795, 0.2865 -0.4951 0.7669, 0.2865 -0.4901 0.7667, 0.2717 -0.496 0.7417, 0.2717 -0.4901 0.7415, 0.2511 -0.4967 0.7209, 0.2511 -0.4901 0.7207, 0.226 -0.4973 0.7059, 0.226 -0.4901 0.7056, 0.198 -0.4976 0.6974, 0.198 -0.4901 0.6971, 0.2963 -0.4901 0.9107, 0.0009 -0.4961 0.7384, -0.0186 -0.496 0.741, -0.0367 -0.4912 0.879, -0.0186 -0.491 0.8865, 0.0009 -0.4909 0.8891, 0.0204 -0.491 0.8865, 0.0386 -0.4912 0.879, 0.0542 -0.4916 0.867, -0.0744 -0.4935 0.8137, -0.0719 -0.4928 0.8332, -0.0643 -0.4922 0.8514, -0.0523 -0.4916 0.867, 0.0542 -0.4954 0.7605, 0.0386 -0.4958 0.7485, 0.0204 -0.496 0.741, -0.0367 -0.4958 0.7485, -0.0523 -0.4954 0.7605, -0.0643 -0.4948 0.7761, -0.0719 -0.4942 0.7943, 0.0662 -0.4922 0.8514, 0.0737 -0.4928 0.8332, 0.0763 -0.4935 0.8137, 0.0737 -0.4942 0.7943, 0.0662 -0.4948 0.7761
            ]
        }
        coordIndex [
            0,1,2,-1,3,4,5,-1,5,6,3,-1,3,6,7,-1,3,7,8,-1,8,7,9,-1,8,9,10,-1,10,9,11,-1,10,11,12,-1,12,11,13,-1,12,13,14,-1,14,13,15,-1,14,15,16,-1,16,15,2,-1,16,2,1,-1,4,17,5,-1,5,17,18,-1,19,20,21,-1,21,22,19,-1,19,22,23,-1,19,23,24,-1,24,23,25,-1,24,25,26,-1,26,25,27,-1,26,27,28,-1,28,27,29,-1,28,29,30,-1,30,29,31,-1,30,31,32,-1,32,31,18,-1,32,18,17,-1,20,33,21,-1,18,34,5,-1,5,34,35,-1,36,37,0,-1,0,37,38,-1,0,38,33,-1,38,39,33,-1,33,39,40,-1,33,40,41,-1,2,42,0,-1,0,42,43,-1,43,44,0,-1,0,44,45,-1,0,45,36,-1,46,47,18,-1,18,47,48,-1,18,48,34,-1,35,49,5,-1,5,49,50,-1,5,50,6,-1,6,50,51,-1,6,51,7,-1,7,51,52,-1,7,52,9,-1,2,15,42,-1,42,15,13,-1,42,13,52,-1,52,13,11,-1,52,11,9,-1,41,53,33,-1,33,53,54,-1,33,54,21,-1,21,54,55,-1,27,25,56,-1,56,25,23,-1,56,23,55,-1,55,23,22,-1,55,22,21,-1,46,18,57,-1,57,18,31,-1,57,31,56,-1,56,31,29,-1,56,29,27,-1,
        ]
    }
}
Shape{
    appearance Appearance {
        material  Material 	{
            diffuseColor 0.25098039215686274 0.25098039215686274 0.25098039215686274
            specularColor 0.2196078431372549 0.2196078431372549 0.2196078431372549
            ambientIntensity 0.251
            transparency 0.0
            shininess 0.5
        }
    }
    geometry IndexedFaceSet {
        ccw TRUE
        solid FALSE
        coord DEF co Coordinate {
            point [
                -0.3633 -0.4901 0.563, -0.3436 -0.4704 0.5433, 0.3574 -0.4901 0.563, 0.3377 -0.4704 0.5433, -0.2845 -0.4114 0.2992, -0.2845 -0.4114 0.5433, -0.3633 -0.4901 0.2992, 0.3574 -0.4901 0.2992, 0.2786 -0.4114 0.2992, 0.2786 -0.3326 0.2992, -0.2845 -0.3326 0.2992, 0.2786 -0.4114 0.5433, -1.3593 -0.4901 0.2085, -1.3986 -0.4901 0.1692, -1.3593 -0.5688 0.2085, -1.3986 -0.5688 0.1692
            ]
        }
        coordIndex [
            0,1,2,-1,2,1,3,-1,4,5,6,-1,6,5,1,-1,6,1,0,-1,6,7,8,-1,9,10,8,-1,8,10,4,-1,8,4,6,-1,11,8,3,-1,3,8,7,-1,3,7,2,-1,12,13,14,-1,14,13,15,-1,
        ]
    }
}
Shape{
    appearance Appearance {
        material  Material 	{
            diffuseColor 1.0 0.807843137254902 0.4980392156862745
            specularColor 1.0 0.807843137254902 0.4980392156862745
            ambientIntensity 0.83
            transparency 0.0
            shininess 0.5
        }
    }
    geometry IndexedFaceSet {
        ccw TRUE
        solid FALSE
        coord DEF co Coordinate {
            point [
                -1.1211 -0.4842 0.0236, -1.1211 -0.4842 -0.0197, -1.1211 -0.7132 0.0236, -1.1211 -0.7066 -0.0197, -1.1211 -0.7263 0.0157, -1.1211 -0.7263 -0.0079, -1.1211 -0.4842 0.0276, -1.1211 -0.4471 -0.0114, -1.1211 -0.4656 -0.0177, -1.1211 -0.4754 0.0285, -1.1211 -0.4668 0.0316, -1.1211 -0.4306 -0.0011, -1.1211 -0.4591 0.0366, -1.1211 -0.4167 0.0126, -1.1211 -0.4527 0.0433, -1.1211 -0.4063 0.0291, -1.1211 -0.4481 0.0512, -1.1211 -0.3998 0.0475, -1.1211 -0.4465 0.0602, -1.1211 -0.3976 0.0669, -1.1211 -0.445 0.0688, -1.1211 -0.3976 0.0707, -1.0423 -0.3976 0.0707, -1.0423 -0.3976 0.0669, -1.0423 -0.4656 -0.0177, -1.0423 -0.4471 -0.0114, -1.0423 -0.4842 0.0236, -1.0423 -0.4409 0.0669, -1.0423 -0.3998 0.0475, -1.0423 -0.4431 0.0707, -1.0423 -0.7263 0.0157, -1.0423 -0.7263 -0.0079, -1.0423 -0.7132 0.0236, -1.0423 -0.7066 -0.0197, -1.0423 -0.4842 -0.0197, -1.0423 -0.4448 0.0669, -1.0423 -0.4454 0.06, -1.0423 -0.4063 0.0291, -1.0423 -0.4481 0.0512, -1.0423 -0.4167 0.0126, -1.0423 -0.4527 0.0433, -1.0423 -0.4306 -0.0011, -1.0423 -0.4591 0.0366, -1.0423 -0.4842 0.0276, -1.0423 -0.4754 0.0285, -1.0423 -0.4668 0.0316, -0.5305 -0.4409 0.0669, -0.5305 -0.4448 0.0669, -0.5305 -0.447 0.0707, -0.5305 -0.7263 -0.0079, -0.5305 -0.7211 0.0207, -0.5305 -0.7066 -0.0197, -0.5305 -0.4842 0.0236, -0.5305 -0.3976 0.0707, -0.5305 -0.3976 0.0669, -0.5305 -0.442 0.0572, -0.5305 -0.3998 0.0475, -0.5305 -0.4452 0.048, -0.5305 -0.4063 0.0291, -0.5305 -0.4505 0.0398, -0.5305 -0.4167 0.0126, -0.5305 -0.4574 0.0329, -0.5305 -0.4306 -0.0011, -0.5305 -0.4657 0.0278, -0.5305 -0.4471 -0.0114, -0.5305 -0.4749 0.0246, -0.5305 -0.4656 -0.0177, -0.5305 -0.4842 -0.0197, -0.4518 -0.3976 0.0707, -0.4518 -0.3976 0.0669, -0.4518 -0.447 0.0707, -0.4518 -0.4409 0.0669, -0.4518 -0.4448 0.0669, -0.4518 -0.442 0.0572, -0.4518 -0.3998 0.0475, -0.4518 -0.4063 0.0291, -0.4518 -0.4452 0.048, -0.4518 -0.4167 0.0126, -0.4518 -0.4505 0.0398, -0.4518 -0.4306 -0.0011, -0.4518 -0.4574 0.0329, -0.4518 -0.4471 -0.0114, -0.4518 -0.4657 0.0278, -0.4518 -0.4656 -0.0177, -0.4518 -0.4749 0.0246, -0.4518 -0.4842 -0.0197, -0.4518 -0.4842 0.0236, -0.4518 -0.7066 -0.0197, -0.4518 -0.721 0.0207, -0.4518 -0.7263 -0.0079, -0.3337 -0.3998 0.0475, -0.3337 -0.4409 0.0669, -0.3337 -0.3976 0.0669, -0.3337 -0.4431 0.0707, -0.3337 -0.3976 0.0707, -0.3337 -0.4842 0.0236, -0.3337 -0.4842 -0.0197, -0.3337 -0.7132 0.0236, -0.3337 -0.7066 -0.0197, -0.3337 -0.7263 0.0157, -0.3337 -0.7263 -0.0079, -0.3337 -0.4842 0.0276, -0.3337 -0.4471 -0.0114, -0.3337 -0.4656 -0.0177, -0.3337 -0.4448 0.0669, -0.3337 -0.4458 0.0581, -0.3337 -0.4488 0.0497, -0.3337 -0.4063 0.0291, -0.3337 -0.4535 0.0423, -0.3337 -0.4167 0.0126, -0.3337 -0.4598 0.036, -0.3337 -0.4306 -0.0011, -0.3337 -0.4674 0.0313, -0.3337 -0.4758 0.0285, -0.2549 -0.3976 0.0707, -0.2549 -0.3976 0.0669, -0.2549 -0.4656 -0.0177, -0.2549 -0.4471 -0.0114, -0.2549 -0.4842 0.0236, -0.2549 -0.4448 0.0669, -0.2549 -0.4063 0.0291, -0.2549 -0.4409 0.0669, -0.2549 -0.3998 0.0475, -0.2549 -0.4409 0.0707, -0.2549 -0.7263 0.0157, -0.2549 -0.7263 -0.0079, -0.2549 -0.7132 0.0236, -0.2549 -0.7066 -0.0197, -0.2549 -0.4842 -0.0197, -0.2549 -0.4458 0.0581, -0.2549 -0.4488 0.0497, -0.2549 -0.4167 0.0126, -0.2549 -0.4535 0.0423, -0.2549 -0.4306 -0.0011, -0.2549 -0.4598 0.036, -0.2549 -0.4842 0.0276, -0.2549 -0.4758 0.0285, -0.2549 -0.4674 0.0313, -0.1368 -0.4452 0.0688, -0.1368 -0.3976 0.0707, -0.1368 -0.3976 0.0669, -0.1368 -0.4424 0.0557, -0.1368 -0.3998 0.0475, -0.1368 -0.4467 0.0453, -0.1368 -0.4063 0.0291, -0.1368 -0.4536 0.0363, -0.1368 -0.7263 -0.0079, -0.1368 -0.7263 0.0157, -0.1368 -0.7066 -0.0197, -0.1368 -0.7132 0.0236, -0.1368 -0.4842 -0.0197, -0.1368 -0.4842 0.0236, -0.1368 -0.4656 -0.0177, -0.1368 -0.473 0.0251, -0.1368 -0.4471 -0.0114, -0.1368 -0.4625 0.0294, -0.1368 -0.4306 -0.0011, -0.1368 -0.4167 0.0126, -0.0581 -0.3976 0.0707, -0.0581 -0.3976 0.0669, -0.0581 -0.4452 0.0688, -0.0581 -0.4424 0.0557, -0.0581 -0.4625 0.0294, -0.0581 -0.4306 -0.0011, -0.0581 -0.4536 0.0363, -0.0581 -0.4167 0.0126, -0.0581 -0.4467 0.0453, -0.0581 -0.4063 0.0291, -0.0581 -0.3998 0.0475, -0.0581 -0.7263 0.0157, -0.0581 -0.7263 -0.0079, -0.0581 -0.7132 0.0236, -0.0581 -0.7066 -0.0197, -0.0581 -0.4842 0.0236, -0.0581 -0.4842 -0.0197, -0.0581 -0.473 0.0251, -0.0581 -0.4656 -0.0177, -0.0581 -0.4471 -0.0114, 0.06 -0.3998 0.0475, 0.06 -0.4409 0.0669, 0.06 -0.3976 0.0669, 0.06 -0.4431 0.0707, 0.06 -0.3976 0.0707, 0.06 -0.4471 -0.0114, 0.06 -0.4842 0.0236, 0.06 -0.4842 0.0276, 0.06 -0.4656 -0.0177, 0.06 -0.4842 -0.0197, 0.06 -0.7132 0.0236, 0.06 -0.7066 -0.0197, 0.06 -0.7263 0.0157, 0.06 -0.7263 -0.0079, 0.06 -0.4448 0.0669, 0.06 -0.4458 0.0581, 0.06 -0.4488 0.0497, 0.06 -0.4063 0.0291, 0.06 -0.4535 0.0423, 0.06 -0.4167 0.0126, 0.06 -0.4598 0.036, 0.06 -0.4306 -0.0011, 0.06 -0.4674 0.0313, 0.06 -0.4758 0.0285, 0.1388 -0.3976 0.0707, 0.1388 -0.3976 0.0669, 0.1388 -0.4656 -0.0177, 0.1388 -0.4471 -0.0114, 0.1388 -0.4842 0.0236, 0.1388 -0.4409 0.0669, 0.1388 -0.3998 0.0475, 0.1388 -0.4431 0.0707, 0.1388 -0.7263 0.0157, 0.1388 -0.7263 -0.0079, 0.1388 -0.7132 0.0236, 0.1388 -0.7066 -0.0197, 0.1388 -0.4842 -0.0197, 0.1388 -0.4448 0.0669, 0.1388 -0.4458 0.0581, 0.1388 -0.4063 0.0291, 0.1388 -0.4488 0.0497, 0.1388 -0.4167 0.0126, 0.1388 -0.4535 0.0423, 0.1388 -0.4306 -0.0011, 0.1388 -0.4598 0.036, 0.1388 -0.4842 0.0276, 0.1388 -0.4758 0.0285, 0.1388 -0.4674 0.0313, 0.2569 -0.4409 0.0669, 0.2569 -0.4448 0.0669, 0.2569 -0.445 0.0707, 0.2569 -0.4842 0.0276, 0.2569 -0.4842 0.0236, 0.2569 -0.7066 0.0276, 0.2569 -0.7066 -0.0197, 0.2569 -0.7263 0.0157, 0.2569 -0.7263 -0.0079, 0.2569 -0.3976 0.0707, 0.2569 -0.3976 0.0669, 0.2569 -0.442 0.0572, 0.2569 -0.3998 0.0475, 0.2569 -0.4452 0.048, 0.2569 -0.4063 0.0291, 0.2569 -0.4505 0.0398, 0.2569 -0.4167 0.0126, 0.2569 -0.4574 0.0329, 0.2569 -0.4306 -0.0011, 0.2569 -0.4657 0.0278, 0.2569 -0.4471 -0.0114, 0.2569 -0.4749 0.0246, 0.2569 -0.4656 -0.0177, 0.2569 -0.4842 -0.0197, 0.3356 -0.3976 0.0707, 0.3356 -0.3976 0.0669, 0.3356 -0.445 0.0707, 0.3356 -0.4409 0.0669, 0.3356 -0.4448 0.0669, 0.3356 -0.7263 0.0157, 0.3356 -0.7263 -0.0079, 0.3356 -0.7066 0.0276, 0.3356 -0.7066 -0.0197, 0.3356 -0.4842 0.0276, 0.3356 -0.4842 0.0236, 0.3356 -0.442 0.0572, 0.3356 -0.3998 0.0475, 0.3356 -0.4063 0.0291, 0.3356 -0.4452 0.048, 0.3356 -0.4167 0.0126, 0.3356 -0.4505 0.0398, 0.3356 -0.4306 -0.0011, 0.3356 -0.4574 0.0329, 0.3356 -0.4471 -0.0114, 0.3356 -0.4657 0.0278, 0.3356 -0.4656 -0.0177, 0.3356 -0.4842 -0.0197, 0.3356 -0.4749 0.0246, 0.4537 -0.3998 0.0475, 0.4537 -0.4409 0.0669, 0.4537 -0.3976 0.0669, 0.4537 -0.4431 0.0707, 0.4537 -0.3976 0.0707, 0.4537 -0.4471 -0.0114, 0.4537 -0.4842 0.0236, 0.4537 -0.4842 0.0276, 0.4537 -0.4656 -0.0177, 0.4537 -0.4842 -0.0197, 0.4537 -0.7132 0.0236, 0.4537 -0.7066 -0.0197, 0.4537 -0.7263 0.0157, 0.4537 -0.7263 -0.0079, 0.4537 -0.4448 0.0669, 0.4537 -0.4458 0.0581, 0.4537 -0.4488 0.0497, 0.4537 -0.4063 0.0291, 0.4537 -0.4535 0.0423, 0.4537 -0.4167 0.0126, 0.4537 -0.4598 0.036, 0.4537 -0.4306 -0.0011, 0.4537 -0.4674 0.0313, 0.4537 -0.4758 0.0285, 0.5325 -0.3976 0.0707, 0.5325 -0.3976 0.0669, 0.5325 -0.4409 0.0669, 0.5325 -0.3998 0.0475, 0.5325 -0.4431 0.0707, 0.5325 -0.4656 -0.0177, 0.5325 -0.4471 -0.0114, 0.5325 -0.4842 0.0236, 0.5325 -0.4758 0.0285, 0.5325 -0.4842 0.0276, 0.5325 -0.7263 0.0157, 0.5325 -0.7263 -0.0079, 0.5325 -0.7132 0.0236, 0.5325 -0.7066 -0.0197, 0.5325 -0.4842 -0.0197, 0.5325 -0.4448 0.0669, 0.5325 -0.4458 0.0581, 0.5325 -0.4063 0.0291, 0.5325 -0.4488 0.0497, 0.5325 -0.4167 0.0126, 0.5325 -0.4535 0.0423, 0.5325 -0.4306 -0.0011, 0.5325 -0.4598 0.036, 0.5325 -0.4674 0.0313, 1.0443 -0.3998 0.0475, 1.0443 -0.4409 0.0669, 1.0443 -0.3976 0.0669, 1.0443 -0.4431 0.0707, 1.0443 -0.3976 0.0707, 1.0443 -0.4471 -0.0114, 1.0443 -0.4842 0.0236, 1.0443 -0.4842 0.0276, 1.0443 -0.4656 -0.0177, 1.0443 -0.4842 -0.0197, 1.0443 -0.7132 0.0236, 1.0443 -0.7066 -0.0197, 1.0443 -0.7263 0.0157, 1.0443 -0.7263 -0.0079, 1.0443 -0.4448 0.0669, 1.0443 -0.4458 0.0581, 1.0443 -0.4488 0.0497, 1.0443 -0.4063 0.0291, 1.0443 -0.4535 0.0423, 1.0443 -0.4167 0.0126, 1.0443 -0.4598 0.036, 1.0443 -0.4306 -0.0011, 1.0443 -0.4674 0.0313, 1.0443 -0.4758 0.0285, 1.123 -0.3976 0.0707, 1.123 -0.3976 0.0669, 1.123 -0.4656 -0.0177, 1.123 -0.4471 -0.0114, 1.123 -0.4842 0.0236, 1.123 -0.7263 0.0157, 1.123 -0.7263 -0.0079, 1.123 -0.7132 0.0236, 1.123 -0.7066 -0.0197, 1.123 -0.4842 -0.0197, 1.123 -0.4448 0.0669, 1.123 -0.4063 0.0291, 1.123 -0.4409 0.0669, 1.123 -0.3998 0.0475, 1.123 -0.4409 0.0707, 1.123 -0.4458 0.0581, 1.123 -0.4488 0.0497, 1.123 -0.4167 0.0126, 1.123 -0.4535 0.0423, 1.123 -0.4306 -0.0011, 1.123 -0.4598 0.036, 1.123 -0.4842 0.0276, 1.123 -0.4758 0.0285, 1.123 -0.4674 0.0313
            ]
        }
        coordIndex [
            0,1,2,-1,2,1,3,-1,2,3,4,-1,4,3,5,-1,6,7,0,-1,0,7,8,-1,0,8,1,-1,6,9,7,-1,7,9,10,-1,7,10,11,-1,11,10,12,-1,11,12,13,-1,13,12,14,-1,13,14,15,-1,15,14,16,-1,15,16,17,-1,17,16,18,-1,17,18,19,-1,19,18,20,-1,19,20,21,-1,21,22,19,-1,19,22,23,-1,24,25,26,-1,27,28,29,-1,29,28,23,-1,29,23,22,-1,30,31,32,-1,32,31,33,-1,32,33,26,-1,26,33,34,-1,26,34,24,-1,27,35,28,-1,28,35,36,-1,28,36,37,-1,37,36,38,-1,37,38,39,-1,39,38,40,-1,39,40,41,-1,41,40,42,-1,41,42,25,-1,43,26,44,-1,44,26,25,-1,44,25,45,-1,45,25,42,-1,46,47,48,-1,49,50,51,-1,51,50,52,-1,48,53,46,-1,46,53,54,-1,46,54,55,-1,55,54,56,-1,55,56,57,-1,57,56,58,-1,57,58,59,-1,59,58,60,-1,59,60,61,-1,61,60,62,-1,61,62,63,-1,63,62,64,-1,63,64,65,-1,65,64,66,-1,65,66,52,-1,52,66,67,-1,52,67,51,-1,53,68,54,-1,54,68,69,-1,68,70,71,-1,71,70,72,-1,68,71,69,-1,69,71,73,-1,69,73,74,-1,74,73,75,-1,75,73,76,-1,75,76,77,-1,77,76,78,-1,77,78,79,-1,79,78,80,-1,79,80,81,-1,81,80,82,-1,81,82,83,-1,83,82,84,-1,83,84,85,-1,85,84,86,-1,85,86,87,-1,87,86,88,-1,87,88,89,-1,90,91,92,-1,92,91,93,-1,92,93,94,-1,95,96,97,-1,97,96,98,-1,97,98,99,-1,99,98,100,-1,101,102,95,-1,95,102,103,-1,95,103,96,-1,104,91,105,-1,105,91,90,-1,105,90,106,-1,106,90,107,-1,106,107,108,-1,108,107,109,-1,108,109,110,-1,110,109,111,-1,110,111,112,-1,112,111,102,-1,112,102,113,-1,113,102,101,-1,94,114,92,-1,92,114,115,-1,116,117,118,-1,119,120,121,-1,121,120,122,-1,121,122,123,-1,123,122,115,-1,123,115,114,-1,124,125,126,-1,126,125,127,-1,126,127,118,-1,118,127,128,-1,118,128,116,-1,119,129,120,-1,120,129,130,-1,120,130,131,-1,131,130,132,-1,131,132,133,-1,133,132,134,-1,133,134,117,-1,135,118,136,-1,136,118,117,-1,136,117,137,-1,137,117,134,-1,138,139,140,-1,138,140,141,-1,141,140,142,-1,141,142,143,-1,143,142,144,-1,143,144,145,-1,146,147,148,-1,148,147,149,-1,148,149,150,-1,150,149,151,-1,150,151,152,-1,152,151,153,-1,152,153,154,-1,154,153,155,-1,154,155,156,-1,156,155,145,-1,156,145,157,-1,157,145,144,-1,139,158,140,-1,140,158,159,-1,158,160,159,-1,159,160,161,-1,162,163,164,-1,164,163,165,-1,164,165,166,-1,166,165,167,-1,166,167,161,-1,161,167,168,-1,161,168,159,-1,169,170,171,-1,171,170,172,-1,171,172,173,-1,173,172,174,-1,173,174,175,-1,175,174,176,-1,175,176,162,-1,162,176,177,-1,162,177,163,-1,178,179,180,-1,180,179,181,-1,180,181,182,-1,183,184,185,-1,183,186,184,-1,184,186,187,-1,184,187,188,-1,188,187,189,-1,188,189,190,-1,190,189,191,-1,192,179,193,-1,193,179,178,-1,193,178,194,-1,194,178,195,-1,194,195,196,-1,196,195,197,-1,196,197,198,-1,198,197,199,-1,198,199,200,-1,200,199,183,-1,200,183,201,-1,201,183,185,-1,182,202,180,-1,180,202,203,-1,204,205,206,-1,207,208,209,-1,209,208,203,-1,209,203,202,-1,210,211,212,-1,212,211,213,-1,212,213,206,-1,206,213,214,-1,206,214,204,-1,207,215,208,-1,208,215,216,-1,208,216,217,-1,217,216,218,-1,217,218,219,-1,219,218,220,-1,219,220,221,-1,221,220,222,-1,221,222,205,-1,223,206,224,-1,224,206,205,-1,224,205,225,-1,225,205,222,-1,226,227,228,-1,229,230,231,-1,231,230,232,-1,231,232,233,-1,233,232,234,-1,228,235,226,-1,226,235,236,-1,226,236,237,-1,237,236,238,-1,237,238,239,-1,239,238,240,-1,239,240,241,-1,241,240,242,-1,241,242,243,-1,243,242,244,-1,243,244,245,-1,245,244,246,-1,245,246,247,-1,247,246,248,-1,247,248,230,-1,230,248,249,-1,230,249,232,-1,235,250,236,-1,236,250,251,-1,250,252,253,-1,253,252,254,-1,255,256,257,-1,257,256,258,-1,257,258,259,-1,259,258,260,-1,250,253,251,-1,251,253,261,-1,251,261,262,-1,262,261,263,-1,263,261,264,-1,263,264,265,-1,265,264,266,-1,265,266,267,-1,267,266,268,-1,267,268,269,-1,269,268,270,-1,269,270,271,-1,258,272,260,-1,260,272,271,-1,260,271,273,-1,273,271,270,-1,274,275,276,-1,276,275,277,-1,276,277,278,-1,279,280,281,-1,279,282,280,-1,280,282,283,-1,280,283,284,-1,284,283,285,-1,284,285,286,-1,286,285,287,-1,288,275,289,-1,289,275,274,-1,289,274,290,-1,290,274,291,-1,290,291,292,-1,292,291,293,-1,292,293,294,-1,294,293,295,-1,294,295,296,-1,296,295,279,-1,296,279,297,-1,297,279,281,-1,278,298,276,-1,276,298,299,-1,300,301,302,-1,302,301,299,-1,302,299,298,-1,303,304,305,-1,305,304,306,-1,305,306,307,-1,308,309,310,-1,310,309,311,-1,310,311,305,-1,305,311,312,-1,305,312,303,-1,300,313,301,-1,301,313,314,-1,301,314,315,-1,315,314,316,-1,315,316,317,-1,317,316,318,-1,317,318,319,-1,319,318,320,-1,319,320,304,-1,304,320,321,-1,304,321,306,-1,322,323,324,-1,324,323,325,-1,324,325,326,-1,327,328,329,-1,327,330,328,-1,328,330,331,-1,328,331,332,-1,332,331,333,-1,332,333,334,-1,334,333,335,-1,336,323,337,-1,337,323,322,-1,337,322,338,-1,338,322,339,-1,338,339,340,-1,340,339,341,-1,340,341,342,-1,342,341,343,-1,342,343,344,-1,344,343,327,-1,344,327,345,-1,345,327,329,-1,326,346,324,-1,324,346,347,-1,348,349,350,-1,351,352,353,-1,353,352,354,-1,353,354,350,-1,350,354,355,-1,350,355,348,-1,356,357,358,-1,358,357,359,-1,358,359,360,-1,360,359,347,-1,360,347,346,-1,356,361,357,-1,357,361,362,-1,357,362,363,-1,363,362,364,-1,363,364,365,-1,365,364,366,-1,365,366,349,-1,367,350,368,-1,368,350,349,-1,368,349,369,-1,369,349,366,-1,
        ]
    }
}
Shape{
    appearance Appearance {
        material  Material 	{
            diffuseColor 0.25098039215686274 0.25098039215686274 0.25098039215686274
            specularColor 0.2196078431372549 0.2196078431372549 0.2196078431372549
            ambientIntensity 0.251
            transparency 0.0
            shininess 0.5
        }
    }
    geometry IndexedFaceSet {
        ccw TRUE
        solid FALSE
        coord DEF co Coordinate {
            point [
                1.3967 -0.4901 0.1692, 1.3967 -0.5688 0.1692, 1.3967 -0.4901 0.0707, 1.3967 -0.5688 0.0707, 1.7589 -0.3326 0.0707, 1.2785 -0.3326 0.0707, 1.7589 -0.3326 -0.0, 1.2785 -0.3326 -0.0, 1.2785 0.3327 0.0707, 1.2785 0.3327 -0.0, 1.2785 -0.0856 0.0707, 1.7589 0.3327 0.0707, 1.7589 0.3327 -0.0, 1.3967 0.5689 0.0707, 1.3967 0.5689 0.1692, 1.3967 0.4902 0.0707, 1.3967 0.4902 0.1692
            ]
        }
        coordIndex [
            0,1,2,-1,2,1,3,-1,4,5,6,-1,6,5,7,-1,8,9,10,-1,10,9,7,-1,10,7,5,-1,11,12,8,-1,8,12,9,-1,13,14,15,-1,15,14,16,-1,
        ]
    }
}
Shape{
    appearance Appearance {
        material  Material 	{
            diffuseColor 1.0 0.807843137254902 0.4980392156862745
            specularColor 1.0 0.807843137254902 0.4980392156862745
            ambientIntensity 0.83
            transparency 0.0
            shininess 0.5
        }
    }
    geometry IndexedFaceSet {
        ccw TRUE
        solid FALSE
        coord DEF co Coordinate {
            point [
                1.123 0.4449 0.0707, 1.123 0.3977 0.0707, 1.123 0.4451 0.0669, 1.123 0.3977 0.0669, 1.123 0.4459 0.0603, 1.123 0.3999 0.0475, 1.123 0.4487 0.051, 1.123 0.4064 0.0291, 1.123 0.4536 0.0427, 1.123 0.4168 0.0126, 1.123 0.4605 0.0359, 1.123 0.4307 -0.0011, 1.123 0.4688 0.0309, 1.123 0.4472 -0.0114, 1.123 0.4781 0.0281, 1.123 0.4657 -0.0177, 1.123 0.4847 0.0276, 1.123 0.4843 -0.0197, 1.123 0.7067 0.0276, 1.123 0.7067 -0.0197, 1.123 0.7264 0.0157, 1.123 0.7264 -0.0079
            ]
        }
        coordIndex [
            0,1,2,-1,2,1,3,-1,2,3,4,-1,4,3,5,-1,4,5,6,-1,6,5,7,-1,6,7,8,-1,8,7,9,-1,8,9,10,-1,10,9,11,-1,10,11,12,-1,12,11,13,-1,12,13,14,-1,14,13,15,-1,14,15,16,-1,16,15,17,-1,16,17,18,-1,18,17,19,-1,18,19,20,-1,20,19,21,-1,
        ]
    }
}
Shape{
    appearance Appearance {
        material  Material 	{
            diffuseColor 0.25098039215686274 0.25098039215686274 0.25098039215686274
            specularColor 0.2196078431372549 0.2196078431372549 0.2196078431372549
            ambientIntensity 0.251
            transparency 0.0
            shininess 0.5
        }
    }
    geometry IndexedFaceSet {
        ccw TRUE
        solid FALSE
        coord DEF co Coordinate {
            point [
                1.123 0.3977 0.0707, 1.0443 0.3977 0.0707, 1.123 0.3977 0.0669, 1.0443 0.3977 0.0669
            ]
        }
        coordIndex [
            0,1,2,-1,2,1,3,-1,
        ]
    }
}
Shape{
    appearance Appearance {
        material  Material 	{
            diffuseColor 1.0 0.807843137254902 0.4980392156862745
            specularColor 1.0 0.807843137254902 0.4980392156862745
            ambientIntensity 0.83
            transparency 0.0
            shininess 0.5
        }
    }
    geometry IndexedFaceSet {
        ccw TRUE
        solid FALSE
        coord DEF co Coordinate {
            point [
                1.0443 0.7264 0.0157, 1.0443 0.7264 -0.0079, 1.0443 0.7067 0.0276, 1.0443 0.7067 -0.0197, 1.0443 0.4847 0.0276, 1.0443 0.4843 -0.0197, 1.0443 0.4781 0.0281, 1.0443 0.4657 -0.0177, 1.0443 0.4688 0.0309, 1.0443 0.4472 -0.0114, 1.0443 0.4605 0.0359, 1.0443 0.4307 -0.0011, 1.0443 0.4536 0.0427, 1.0443 0.4168 0.0126, 1.0443 0.4487 0.051, 1.0443 0.4064 0.0291, 1.0443 0.4459 0.0603, 1.0443 0.3999 0.0475, 1.0443 0.4451 0.0669, 1.0443 0.3977 0.0669, 1.0443 0.4449 0.0707, 1.0443 0.3977 0.0707, 0.5325 0.4449 0.0707, 0.5325 0.3977 0.0707, 0.5325 0.4451 0.0669, 0.5325 0.3977 0.0669, 0.5325 0.4459 0.0603, 0.5325 0.3999 0.0475, 0.5325 0.4487 0.051, 0.5325 0.4064 0.0291, 0.5325 0.4536 0.0427, 0.5325 0.4168 0.0126, 0.5325 0.4605 0.0359, 0.5325 0.4307 -0.0011, 0.5325 0.4688 0.0309, 0.5325 0.4472 -0.0114, 0.5325 0.4781 0.0281, 0.5325 0.4657 -0.0177, 0.5325 0.4847 0.0276, 0.5325 0.4843 -0.0197, 0.5325 0.7067 0.0276, 0.5325 0.7067 -0.0197, 0.5325 0.7264 0.0157, 0.5325 0.7264 -0.0079
            ]
        }
        coordIndex [
            0,1,2,-1,2,1,3,-1,2,3,4,-1,4,3,5,-1,4,5,6,-1,6,5,7,-1,6,7,8,-1,8,7,9,-1,8,9,10,-1,10,9,11,-1,10,11,12,-1,12,11,13,-1,12,13,14,-1,14,13,15,-1,14,15,16,-1,16,15,17,-1,16,17,18,-1,18,17,19,-1,18,19,20,-1,20,19,21,-1,22,23,24,-1,24,23,25,-1,24,25,26,-1,26,25,27,-1,26,27,28,-1,28,27,29,-1,28,29,30,-1,30,29,31,-1,30,31,32,-1,32,31,33,-1,32,33,34,-1,34,33,35,-1,34,35,36,-1,36,35,37,-1,36,37,38,-1,38,37,39,-1,38,39,40,-1,40,39,41,-1,40,41,42,-1,42,41,43,-1,
        ]
    }
}
Shape{
    appearance Appearance {
        material  Material 	{
            diffuseColor 0.25098039215686274 0.25098039215686274 0.25098039215686274
            specularColor 0.2196078431372549 0.2196078431372549 0.2196078431372549
            ambientIntensity 0.251
            transparency 0.0
            shininess 0.5
        }
    }
    geometry IndexedFaceSet {
        ccw TRUE
        solid FALSE
        coord DEF co Coordinate {
            point [
                0.5325 0.3977 0.0707, 0.4537 0.3977 0.0707, 0.5325 0.3977 0.0669, 0.4537 0.3977 0.0669
            ]
        }
        coordIndex [
            0,1,2,-1,2,1,3,-1,
        ]
    }
}
Shape{
    appearance Appearance {
        material  Material 	{
            diffuseColor 1.0 0.807843137254902 0.4980392156862745
            specularColor 1.0 0.807843137254902 0.4980392156862745
            ambientIntensity 0.83
            transparency 0.0
            shininess 0.5
        }
    }
    geometry IndexedFaceSet {
        ccw TRUE
        solid FALSE
        coord DEF co Coordinate {
            point [
                0.4537 0.7264 0.0157, 0.4537 0.7264 -0.0079, 0.4537 0.7067 0.0276, 0.4537 0.7067 -0.0197, 0.4537 0.4847 0.0276, 0.4537 0.4843 -0.0197, 0.4537 0.4781 0.0281, 0.4537 0.4657 -0.0177, 0.4537 0.4688 0.0309, 0.4537 0.4472 -0.0114, 0.4537 0.4605 0.0359, 0.4537 0.4307 -0.0011, 0.4537 0.4536 0.0427, 0.4537 0.4168 0.0126, 0.4537 0.4487 0.051, 0.4537 0.4064 0.0291, 0.4537 0.4459 0.0603, 0.4537 0.3999 0.0475, 0.4537 0.4451 0.0669, 0.4537 0.3977 0.0669, 0.4537 0.4449 0.0707, 0.4537 0.3977 0.0707, 0.3356 0.4449 0.0707, 0.3356 0.3977 0.0707, 0.3356 0.4451 0.0669, 0.3356 0.3977 0.0669, 0.3356 0.4459 0.0603, 0.3356 0.3999 0.0475, 0.3356 0.4487 0.051, 0.3356 0.4064 0.0291, 0.3356 0.4536 0.0427, 0.3356 0.4168 0.0126, 0.3356 0.4605 0.0359, 0.3356 0.4307 -0.0011, 0.3356 0.4688 0.0309, 0.3356 0.4472 -0.0114, 0.3356 0.4781 0.0281, 0.3356 0.4657 -0.0177, 0.3356 0.4847 0.0276, 0.3356 0.4843 -0.0197, 0.3356 0.7067 0.0276, 0.3356 0.7067 -0.0197, 0.3356 0.7264 0.0157, 0.3356 0.7264 -0.0079
            ]
        }
        coordIndex [
            0,1,2,-1,2,1,3,-1,2,3,4,-1,4,3,5,-1,4,5,6,-1,6,5,7,-1,6,7,8,-1,8,7,9,-1,8,9,10,-1,10,9,11,-1,10,11,12,-1,12,11,13,-1,12,13,14,-1,14,13,15,-1,14,15,16,-1,16,15,17,-1,16,17,18,-1,18,17,19,-1,18,19,20,-1,20,19,21,-1,22,23,24,-1,24,23,25,-1,24,25,26,-1,26,25,27,-1,26,27,28,-1,28,27,29,-1,28,29,30,-1,30,29,31,-1,30,31,32,-1,32,31,33,-1,32,33,34,-1,34,33,35,-1,34,35,36,-1,36,35,37,-1,36,37,38,-1,38,37,39,-1,38,39,40,-1,40,39,41,-1,40,41,42,-1,42,41,43,-1,
        ]
    }
}
Shape{
    appearance Appearance {
        material  Material 	{
            diffuseColor 0.25098039215686274 0.25098039215686274 0.25098039215686274
            specularColor 0.2196078431372549 0.2196078431372549 0.2196078431372549
            ambientIntensity 0.251
            transparency 0.0
            shininess 0.5
        }
    }
    geometry IndexedFaceSet {
        ccw TRUE
        solid FALSE
        coord DEF co Coordinate {
            point [
                0.3356 0.3977 0.0707, 0.2569 0.3977 0.0707, 0.3356 0.3977 0.0669, 0.2569 0.3977 0.0669
            ]
        }
        coordIndex [
            0,1,2,-1,2,1,3,-1,
        ]
    }
}
Shape{
    appearance Appearance {
        material  Material 	{
            diffuseColor 1.0 0.807843137254902 0.4980392156862745
            specularColor 1.0 0.807843137254902 0.4980392156862745
            ambientIntensity 0.83
            transparency 0.0
            shininess 0.5
        }
    }
    geometry IndexedFaceSet {
        ccw TRUE
        solid FALSE
        coord DEF co Coordinate {
            point [
                0.2569 0.7264 0.0157, 0.2569 0.7264 -0.0079, 0.2569 0.7067 0.0276, 0.2569 0.7067 -0.0197, 0.2569 0.4847 0.0276, 0.2569 0.4843 -0.0197, 0.2569 0.4781 0.0281, 0.2569 0.4657 -0.0177, 0.2569 0.4688 0.0309, 0.2569 0.4472 -0.0114, 0.2569 0.4605 0.0359, 0.2569 0.4307 -0.0011, 0.2569 0.4536 0.0427, 0.2569 0.4168 0.0126, 0.2569 0.4487 0.051, 0.2569 0.4064 0.0291, 0.2569 0.4459 0.0603, 0.2569 0.3999 0.0475, 0.2569 0.4451 0.0669, 0.2569 0.3977 0.0669, 0.2569 0.4449 0.0707, 0.2569 0.3977 0.0707, 0.1388 0.4449 0.0707, 0.1388 0.3977 0.0707, 0.1388 0.4451 0.0669, 0.1388 0.3977 0.0669, 0.1388 0.4459 0.0603, 0.1388 0.3999 0.0475, 0.1388 0.4487 0.051, 0.1388 0.4064 0.0291, 0.1388 0.4536 0.0427, 0.1388 0.4168 0.0126, 0.1388 0.4605 0.0359, 0.1388 0.4307 -0.0011, 0.1388 0.4688 0.0309, 0.1388 0.4472 -0.0114, 0.1388 0.4781 0.0281, 0.1388 0.4657 -0.0177, 0.1388 0.4847 0.0276, 0.1388 0.4843 -0.0197, 0.1388 0.7067 0.0276, 0.1388 0.7067 -0.0197, 0.1388 0.7264 0.0157, 0.1388 0.7264 -0.0079
            ]
        }
        coordIndex [
            0,1,2,-1,2,1,3,-1,2,3,4,-1,4,3,5,-1,4,5,6,-1,6,5,7,-1,6,7,8,-1,8,7,9,-1,8,9,10,-1,10,9,11,-1,10,11,12,-1,12,11,13,-1,12,13,14,-1,14,13,15,-1,14,15,16,-1,16,15,17,-1,16,17,18,-1,18,17,19,-1,18,19,20,-1,20,19,21,-1,22,23,24,-1,24,23,25,-1,24,25,26,-1,26,25,27,-1,26,27,28,-1,28,27,29,-1,28,29,30,-1,30,29,31,-1,30,31,32,-1,32,31,33,-1,32,33,34,-1,34,33,35,-1,34,35,36,-1,36,35,37,-1,36,37,38,-1,38,37,39,-1,38,39,40,-1,40,39,41,-1,40,41,42,-1,42,41,43,-1,
        ]
    }
}
Shape{
    appearance Appearance {
        material  Material 	{
            diffuseColor 0.25098039215686274 0.25098039215686274 0.25098039215686274
            specularColor 0.2196078431372549 0.2196078431372549 0.2196078431372549
            ambientIntensity 0.251
            transparency 0.0
            shininess 0.5
        }
    }
    geometry IndexedFaceSet {
        ccw TRUE
        solid FALSE
        coord DEF co Coordinate {
            point [
                0.1388 0.3977 0.0707, 0.06 0.3977 0.0707, 0.1388 0.3977 0.0669, 0.06 0.3977 0.0669
            ]
        }
        coordIndex [
            0,1,2,-1,2,1,3,-1,
        ]
    }
}
Shape{
    appearance Appearance {
        material  Material 	{
            diffuseColor 1.0 0.807843137254902 0.4980392156862745
            specularColor 1.0 0.807843137254902 0.4980392156862745
            ambientIntensity 0.83
            transparency 0.0
            shininess 0.5
        }
    }
    geometry IndexedFaceSet {
        ccw TRUE
        solid FALSE
        coord DEF co Coordinate {
            point [
                0.06 0.7264 0.0157, 0.06 0.7264 -0.0079, 0.06 0.7067 0.0276, 0.06 0.7067 -0.0197, 0.06 0.4847 0.0276, 0.06 0.4843 -0.0197, 0.06 0.4781 0.0281, 0.06 0.4657 -0.0177, 0.06 0.4688 0.0309, 0.06 0.4472 -0.0114, 0.06 0.4605 0.0359, 0.06 0.4307 -0.0011, 0.06 0.4536 0.0427, 0.06 0.4168 0.0126, 0.06 0.4487 0.051, 0.06 0.4064 0.0291, 0.06 0.4459 0.0603, 0.06 0.3999 0.0475, 0.06 0.4451 0.0669, 0.06 0.3977 0.0669, 0.06 0.4449 0.0707, 0.06 0.3977 0.0707, -0.0581 0.4449 0.0707, -0.0581 0.3977 0.0707, -0.0581 0.4451 0.0669, -0.0581 0.3977 0.0669, -0.0581 0.4459 0.0603, -0.0581 0.3999 0.0475, -0.0581 0.4487 0.051, -0.0581 0.4064 0.0291, -0.0581 0.4536 0.0427, -0.0581 0.4168 0.0126, -0.0581 0.4605 0.0359, -0.0581 0.4307 -0.0011, -0.0581 0.4688 0.0309, -0.0581 0.4472 -0.0114, -0.0581 0.4781 0.0281, -0.0581 0.4657 -0.0177, -0.0581 0.4847 0.0276, -0.0581 0.4843 -0.0197, -0.0581 0.7067 0.0276, -0.0581 0.7067 -0.0197, -0.0581 0.7264 0.0157, -0.0581 0.7264 -0.0079
            ]
        }
        coordIndex [
            0,1,2,-1,2,1,3,-1,2,3,4,-1,4,3,5,-1,4,5,6,-1,6,5,7,-1,6,7,8,-1,8,7,9,-1,8,9,10,-1,10,9,11,-1,10,11,12,-1,12,11,13,-1,12,13,14,-1,14,13,15,-1,14,15,16,-1,16,15,17,-1,16,17,18,-1,18,17,19,-1,18,19,20,-1,20,19,21,-1,22,23,24,-1,24,23,25,-1,24,25,26,-1,26,25,27,-1,26,27,28,-1,28,27,29,-1,28,29,30,-1,30,29,31,-1,30,31,32,-1,32,31,33,-1,32,33,34,-1,34,33,35,-1,34,35,36,-1,36,35,37,-1,36,37,38,-1,38,37,39,-1,38,39,40,-1,40,39,41,-1,40,41,42,-1,42,41,43,-1,
        ]
    }
}
Shape{
    appearance Appearance {
        material  Material 	{
            diffuseColor 0.25098039215686274 0.25098039215686274 0.25098039215686274
            specularColor 0.2196078431372549 0.2196078431372549 0.2196078431372549
            ambientIntensity 0.251
            transparency 0.0
            shininess 0.5
        }
    }
    geometry IndexedFaceSet {
        ccw TRUE
        solid FALSE
        coord DEF co Coordinate {
            point [
                -0.0581 0.3977 0.0707, -0.1368 0.3977 0.0707, -0.0581 0.3977 0.0669, -0.1368 0.3977 0.0669
            ]
        }
        coordIndex [
            0,1,2,-1,2,1,3,-1,
        ]
    }
}
Shape{
    appearance Appearance {
        material  Material 	{
            diffuseColor 1.0 0.807843137254902 0.4980392156862745
            specularColor 1.0 0.807843137254902 0.4980392156862745
            ambientIntensity 0.83
            transparency 0.0
            shininess 0.5
        }
    }
    geometry IndexedFaceSet {
        ccw TRUE
        solid FALSE
        coord DEF co Coordinate {
            point [
                -0.1368 0.7264 0.0157, -0.1368 0.7264 -0.0079, -0.1368 0.7067 0.0276, -0.1368 0.7067 -0.0197, -0.1368 0.4847 0.0276, -0.1368 0.4843 -0.0197, -0.1368 0.4781 0.0281, -0.1368 0.4657 -0.0177, -0.1368 0.4688 0.0309, -0.1368 0.4472 -0.0114, -0.1368 0.4605 0.0359, -0.1368 0.4307 -0.0011, -0.1368 0.4536 0.0427, -0.1368 0.4168 0.0126, -0.1368 0.4487 0.051, -0.1368 0.4064 0.0291, -0.1368 0.4459 0.0603, -0.1368 0.3999 0.0475, -0.1368 0.4451 0.0669, -0.1368 0.3977 0.0669, -0.1368 0.4449 0.0707, -0.1368 0.3977 0.0707, -0.2549 0.4449 0.0707, -0.2549 0.3977 0.0707, -0.2549 0.4451 0.0669, -0.2549 0.3977 0.0669, -0.2549 0.4459 0.0603, -0.2549 0.3999 0.0475, -0.2549 0.4487 0.051, -0.2549 0.4064 0.0291, -0.2549 0.4536 0.0427, -0.2549 0.4168 0.0126, -0.2549 0.4605 0.0359, -0.2549 0.4307 -0.0011, -0.2549 0.4688 0.0309, -0.2549 0.4472 -0.0114, -0.2549 0.4781 0.0281, -0.2549 0.4657 -0.0177, -0.2549 0.4847 0.0276, -0.2549 0.4843 -0.0197, -0.2549 0.7067 0.0276, -0.2549 0.7067 -0.0197, -0.2549 0.7264 0.0157, -0.2549 0.7264 -0.0079
            ]
        }
        coordIndex [
            0,1,2,-1,2,1,3,-1,2,3,4,-1,4,3,5,-1,4,5,6,-1,6,5,7,-1,6,7,8,-1,8,7,9,-1,8,9,10,-1,10,9,11,-1,10,11,12,-1,12,11,13,-1,12,13,14,-1,14,13,15,-1,14,15,16,-1,16,15,17,-1,16,17,18,-1,18,17,19,-1,18,19,20,-1,20,19,21,-1,22,23,24,-1,24,23,25,-1,24,25,26,-1,26,25,27,-1,26,27,28,-1,28,27,29,-1,28,29,30,-1,30,29,31,-1,30,31,32,-1,32,31,33,-1,32,33,34,-1,34,33,35,-1,34,35,36,-1,36,35,37,-1,36,37,38,-1,38,37,39,-1,38,39,40,-1,40,39,41,-1,40,41,42,-1,42,41,43,-1,
        ]
    }
}
Shape{
    appearance Appearance {
        material  Material 	{
            diffuseColor 0.25098039215686274 0.25098039215686274 0.25098039215686274
            specularColor 0.2196078431372549 0.2196078431372549 0.2196078431372549
            ambientIntensity 0.251
            transparency 0.0
            shininess 0.5
        }
    }
    geometry IndexedFaceSet {
        ccw TRUE
        solid FALSE
        coord DEF co Coordinate {
            point [
                -0.2549 0.3977 0.0707, -0.3337 0.3977 0.0707, -0.2549 0.3977 0.0669, -0.3337 0.3977 0.0669
            ]
        }
        coordIndex [
            0,1,2,-1,2,1,3,-1,
        ]
    }
}
Shape{
    appearance Appearance {
        material  Material 	{
            diffuseColor 1.0 0.807843137254902 0.4980392156862745
            specularColor 1.0 0.807843137254902 0.4980392156862745
            ambientIntensity 0.83
            transparency 0.0
            shininess 0.5
        }
    }
    geometry IndexedFaceSet {
        ccw TRUE
        solid FALSE
        coord DEF co Coordinate {
            point [
                -0.3337 0.7264 0.0157, -0.3337 0.7264 -0.0079, -0.3337 0.7067 0.0276, -0.3337 0.7067 -0.0197, -0.3337 0.4847 0.0276, -0.3337 0.4843 -0.0197, -0.3337 0.4781 0.0281, -0.3337 0.4657 -0.0177, -0.3337 0.4688 0.0309, -0.3337 0.4472 -0.0114, -0.3337 0.4605 0.0359, -0.3337 0.4307 -0.0011, -0.3337 0.4536 0.0427, -0.3337 0.4168 0.0126, -0.3337 0.4487 0.051, -0.3337 0.4064 0.0291, -0.3337 0.4459 0.0603, -0.3337 0.3999 0.0475, -0.3337 0.4451 0.0669, -0.3337 0.3977 0.0669, -0.3337 0.4449 0.0707, -0.3337 0.3977 0.0707, -0.4518 0.4449 0.0707, -0.4518 0.3977 0.0707, -0.4518 0.4451 0.0669, -0.4518 0.3977 0.0669, -0.4518 0.4459 0.0603, -0.4518 0.3999 0.0475, -0.4518 0.4487 0.051, -0.4518 0.4064 0.0291, -0.4518 0.4536 0.0427, -0.4518 0.4168 0.0126, -0.4518 0.4605 0.0359, -0.4518 0.4307 -0.0011, -0.4518 0.4688 0.0309, -0.4518 0.4472 -0.0114, -0.4518 0.4781 0.0281, -0.4518 0.4657 -0.0177, -0.4518 0.4847 0.0276, -0.4518 0.4843 -0.0197, -0.4518 0.7067 0.0276, -0.4518 0.7067 -0.0197, -0.4518 0.7264 0.0157, -0.4518 0.7264 -0.0079
            ]
        }
        coordIndex [
            0,1,2,-1,2,1,3,-1,2,3,4,-1,4,3,5,-1,4,5,6,-1,6,5,7,-1,6,7,8,-1,8,7,9,-1,8,9,10,-1,10,9,11,-1,10,11,12,-1,12,11,13,-1,12,13,14,-1,14,13,15,-1,14,15,16,-1,16,15,17,-1,16,17,18,-1,18,17,19,-1,18,19,20,-1,20,19,21,-1,22,23,24,-1,24,23,25,-1,24,25,26,-1,26,25,27,-1,26,27,28,-1,28,27,29,-1,28,29,30,-1,30,29,31,-1,30,31,32,-1,32,31,33,-1,32,33,34,-1,34,33,35,-1,34,35,36,-1,36,35,37,-1,36,37,38,-1,38,37,39,-1,38,39,40,-1,40,39,41,-1,40,41,42,-1,42,41,43,-1,
        ]
    }
}
Shape{
    appearance Appearance {
        material  Material 	{
            diffuseColor 0.25098039215686274 0.25098039215686274 0.25098039215686274
            specularColor 0.2196078431372549 0.2196078431372549 0.2196078431372549
            ambientIntensity 0.251
            transparency 0.0
            shininess 0.5
        }
    }
    geometry IndexedFaceSet {
        ccw TRUE
        solid FALSE
        coord DEF co Coordinate {
            point [
                -0.4518 0.3977 0.0707, -0.5305 0.3977 0.0707, -0.4518 0.3977 0.0669, -0.5305 0.3977 0.0669
            ]
        }
        coordIndex [
            0,1,2,-1,2,1,3,-1,
        ]
    }
}
Shape{
    appearance Appearance {
        material  Material 	{
            diffuseColor 1.0 0.807843137254902 0.4980392156862745
            specularColor 1.0 0.807843137254902 0.4980392156862745
            ambientIntensity 0.83
            transparency 0.0
            shininess 0.5
        }
    }
    geometry IndexedFaceSet {
        ccw TRUE
        solid FALSE
        coord DEF co Coordinate {
            point [
                -0.5305 0.7264 0.0157, -0.5305 0.7264 -0.0079, -0.5305 0.7067 0.0276, -0.5305 0.7067 -0.0197, -0.5305 0.4847 0.0276, -0.5305 0.4843 -0.0197, -0.5305 0.4781 0.0281, -0.5305 0.4657 -0.0177, -0.5305 0.4688 0.0309, -0.5305 0.4472 -0.0114, -0.5305 0.4605 0.0359, -0.5305 0.4307 -0.0011, -0.5305 0.4536 0.0427, -0.5305 0.4168 0.0126, -0.5305 0.4487 0.051, -0.5305 0.4064 0.0291, -0.5305 0.4459 0.0603, -0.5305 0.3999 0.0475, -0.5305 0.4451 0.0669, -0.5305 0.3977 0.0669, -0.5305 0.4449 0.0707, -0.5305 0.3977 0.0707, -1.0423 0.4449 0.0707, -1.0423 0.3977 0.0707, -1.0423 0.4451 0.0669, -1.0423 0.3977 0.0669, -1.0423 0.4459 0.0603, -1.0423 0.3999 0.0475, -1.0423 0.4487 0.051, -1.0423 0.4064 0.0291, -1.0423 0.4536 0.0427, -1.0423 0.4168 0.0126, -1.0423 0.4605 0.0359, -1.0423 0.4307 -0.0011, -1.0423 0.4688 0.0309, -1.0423 0.4472 -0.0114, -1.0423 0.4781 0.0281, -1.0423 0.4657 -0.0177, -1.0423 0.4847 0.0276, -1.0423 0.4843 -0.0197, -1.0423 0.7067 0.0276, -1.0423 0.7067 -0.0197, -1.0423 0.7264 0.0157, -1.0423 0.7264 -0.0079
            ]
        }
        coordIndex [
            0,1,2,-1,2,1,3,-1,2,3,4,-1,4,3,5,-1,4,5,6,-1,6,5,7,-1,6,7,8,-1,8,7,9,-1,8,9,10,-1,10,9,11,-1,10,11,12,-1,12,11,13,-1,12,13,14,-1,14,13,15,-1,14,15,16,-1,16,15,17,-1,16,17,18,-1,18,17,19,-1,18,19,20,-1,20,19,21,-1,22,23,24,-1,24,23,25,-1,24,25,26,-1,26,25,27,-1,26,27,28,-1,28,27,29,-1,28,29,30,-1,30,29,31,-1,30,31,32,-1,32,31,33,-1,32,33,34,-1,34,33,35,-1,34,35,36,-1,36,35,37,-1,36,37,38,-1,38,37,39,-1,38,39,40,-1,40,39,41,-1,40,41,42,-1,42,41,43,-1,
        ]
    }
}
Shape{
    appearance Appearance {
        material  Material 	{
            diffuseColor 0.25098039215686274 0.25098039215686274 0.25098039215686274
            specularColor 0.2196078431372549 0.2196078431372549 0.2196078431372549
            ambientIntensity 0.251
            transparency 0.0
            shininess 0.5
        }
    }
    geometry IndexedFaceSet {
        ccw TRUE
        solid FALSE
        coord DEF co Coordinate {
            point [
                -1.0423 0.3977 0.0707, -1.1211 0.3977 0.0707, -1.0423 0.3977 0.0669, -1.1211 0.3977 0.0669
            ]
        }
        coordIndex [
            0,1,2,-1,2,1,3,-1,
        ]
    }
}
Shape{
    appearance Appearance {
        material  Material 	{
            diffuseColor 1.0 0.807843137254902 0.4980392156862745
            specularColor 1.0 0.807843137254902 0.4980392156862745
            ambientIntensity 0.83
            transparency 0.0
            shininess 0.5
        }
    }
    geometry IndexedFaceSet {
        ccw TRUE
        solid FALSE
        coord DEF co Coordinate {
            point [
                -1.1211 0.7264 0.0157, -1.1211 0.7264 -0.0079, -1.1211 0.7067 0.0276, -1.1211 0.7067 -0.0197, -1.1211 0.4847 0.0276, -1.1211 0.4843 -0.0197, -1.1211 0.4781 0.0281, -1.1211 0.4657 -0.0177, -1.1211 0.4688 0.0309, -1.1211 0.4472 -0.0114, -1.1211 0.4605 0.0359, -1.1211 0.4307 -0.0011, -1.1211 0.4536 0.0427, -1.1211 0.4168 0.0126, -1.1211 0.4487 0.051, -1.1211 0.4064 0.0291, -1.1211 0.4459 0.0603, -1.1211 0.3999 0.0475, -1.1211 0.4451 0.0669, -1.1211 0.3977 0.0669, -1.1211 0.4449 0.0707, -1.1211 0.3977 0.0707
            ]
        }
        coordIndex [
            0,1,2,-1,2,1,3,-1,2,3,4,-1,4,3,5,-1,4,5,6,-1,6,5,7,-1,6,7,8,-1,8,7,9,-1,8,9,10,-1,10,9,11,-1,10,11,12,-1,12,11,13,-1,12,13,14,-1,14,13,15,-1,14,15,16,-1,16,15,17,-1,16,17,18,-1,18,17,19,-1,18,19,20,-1,20,19,21,-1,
        ]
    }
}
Shape{
    appearance Appearance {
        material  Material 	{
            diffuseColor 0.25098039215686274 0.25098039215686274 0.25098039215686274
            specularColor 0.2196078431372549 0.2196078431372549 0.2196078431372549
            ambientIntensity 0.251
            transparency 0.0
            shininess 0.5
        }
    }
    geometry IndexedFaceSet {
        ccw TRUE
        solid FALSE
        coord DEF co Coordinate {
            point [
                -1.3986 0.4902 0.0707, -1.3986 0.4902 0.1692, -1.3986 0.5689 0.0707, -1.3986 0.5689 0.1692, -1.7608 0.3327 -0.0, -1.7608 0.3327 0.0707, -1.2766 0.3327 -0.0, -1.4409 0.3327 0.0707, -1.2766 0.3327 0.0707, -1.2766 -0.3326 0.0707, -1.2766 -0.3326 -0.0, -1.2766 -0.0856 0.0707, -1.7608 -0.3326 0.0707, -1.7608 -0.3326 -0.0, -1.4409 -0.3326 0.0707, -1.0187 -0.4901 0.9882, -1.1978 -0.4901 0.9882, -1.0187 -0.4901 0.8701, -1.1978 -0.4901 0.5354, 1.7589 -0.4901 0.5354, 1.1998 -0.4901 0.5354, 1.0207 -0.4901 0.2085, 1.0207 -0.4901 0.5827, -0.8474 -0.4901 0.5827, -1.0187 -0.4901 0.5827, -1.0187 -0.4901 0.2085, 0.3574 -0.4901 0.563, 1.0207 -0.4901 0.8701, 0.4695 -0.4901 0.8701, 0.2947 -0.4901 0.7948, 0.2865 -0.4901 0.7667, 1.3967 -0.4901 0.0707, 1.7589 -0.4901 0.0707, 1.3967 -0.4901 0.1692, 1.3573 -0.4901 0.2085, -0.1952 -0.4901 0.697, -0.2234 -0.4901 0.7053, -0.3633 -0.4901 0.563, -0.2487 -0.4901 0.7203, 0.226 -0.4901 0.7056, 0.2511 -0.4901 0.7207, 0.2717 -0.4901 0.7415, 1.1998 -0.4901 0.9882, 1.0207 -0.4901 0.9882, -1.7608 -0.4901 0.5354, -1.7608 -0.4901 0.0707, -1.4409 -0.4901 0.0707, -1.3593 -0.4901 0.2085, -1.3986 -0.4901 0.1692, -1.3986 -0.4901 0.0707, 0.198 -0.4901 0.6971, 0.1781 -0.4901 0.6954, -0.1762 -0.4901 0.6954, 0.8455 -0.4901 0.5827, 0.8455 -0.4901 0.2085, 0.3574 -0.4901 0.2992, -0.8474 -0.4901 0.2085, -0.3633 -0.4901 0.2992, -0.4675 -0.4901 0.8701, -0.2695 -0.4901 0.7411, -0.2845 -0.4901 0.7665, -0.2928 -0.4901 0.7947, -0.2943 -0.4901 0.8136, -0.4675 -0.4901 0.9882, -0.2942 -0.4901 0.9107, 0.4695 -0.4901 0.9882, 0.2963 -0.4901 0.9107, 0.2962 -0.4901 0.8136, -1.3986 -0.5688 0.1692, -1.3986 -0.5688 0.0707, 0.4537 -0.4431 0.0707, 0.4537 -0.5688 0.0707, 0.3947 -0.5688 0.0707, 0.2569 -0.445 0.0707, 0.2569 -0.5688 0.0707, 0.1978 -0.5688 0.0707, 0.06 -0.4431 0.0707, 0.06 -0.5688 0.0707, 0.001 -0.5688 0.0707, -0.1368 -0.4452 0.0688, -0.1368 -0.5688 0.0707, -0.1959 -0.5688 0.0707, -0.3337 -0.4431 0.0707, -0.3337 -0.5688 0.0707, -0.3927 -0.5688 0.0707, -1.1211 -0.5688 0.0707, -1.1211 -0.445 0.0688, -1.1211 -0.3976 0.0707, -0.4518 -0.5688 0.0707, -0.4518 -0.447 0.0707, -0.4518 -0.3976 0.0707, -0.3927 -0.0856 0.0707, -0.7864 -0.0856 0.0707, -0.5305 -0.3976 0.0707, -0.7864 -0.5688 0.0707, -0.5305 -0.447 0.0707, -0.5305 -0.5688 0.0707, -0.2549 -0.4452 0.0707, -0.2549 -0.4409 0.0707, -0.2549 -0.5688 0.0707, -0.2549 -0.3976 0.0707, -0.0581 -0.5688 0.0707, -0.0581 -0.4452 0.0688, -0.0581 -0.3976 0.0707, -0.1368 -0.3976 0.0707, -0.1959 -0.0856 0.0707, 0.001 -0.0856 0.0707, -0.3337 -0.3976 0.0707, 0.1388 -0.5688 0.0707, 0.1388 -0.4431 0.0707, 0.1388 -0.3976 0.0707, 0.3356 -0.5688 0.0707, 0.3356 -0.445 0.0707, 0.3356 -0.3976 0.0707, 0.2569 -0.3976 0.0707, 0.1978 -0.0856 0.0707, 0.3947 -0.0856 0.0707, 0.06 -0.3976 0.0707, 0.4537 -0.3976 0.0707, 0.5325 -0.3976 0.0707, 0.7884 -0.0856 0.0707, 0.5325 -0.4431 0.0707, 0.7884 -0.5688 0.0707, 0.5325 -0.5688 0.0707, 1.123 -0.3976 0.0707, 1.0443 -0.3976 0.0707, 1.123 -0.4452 0.0707, 1.0443 -0.4431 0.0707, 1.123 -0.4409 0.0707, 1.0443 -0.5688 0.0707, 1.3967 -0.5688 0.0707, 1.123 -0.5688 0.0707, 1.2785 -0.3326 0.0707, 1.7589 -0.3326 0.0707, 1.2785 -0.0856 0.0707, 0.7884 0.5689 0.0707, 1.0443 0.5689 0.0707, 1.0443 0.4453 0.0707, 1.7589 0.4902 0.0707, 1.7589 0.3327 0.0707, 1.3967 0.4902 0.0707, 1.2785 0.3327 0.0707, 1.3967 0.5689 0.0707, 1.123 0.4453 0.0707, 1.123 0.4449 0.0707, 1.0443 0.4449 0.0707, 1.0443 0.3977 0.0707, 1.123 0.3977 0.0707, 1.123 0.5689 0.0707, 0.5325 0.4453 0.0707, 0.5325 0.5689 0.0707, 0.3947 0.5689 0.0707, 0.4537 0.4453 0.0707, 0.4537 0.5689 0.0707, 0.5325 0.4449 0.0707, 0.5325 0.3977 0.0707, 0.4537 0.3977 0.0707, 0.4537 0.4449 0.0707, 0.3356 0.4453 0.0707, 0.3356 0.5689 0.0707, 0.1978 0.5689 0.0707, 0.2569 0.4453 0.0707, 0.2569 0.5689 0.0707, 0.3356 0.4449 0.0707, 0.3356 0.3977 0.0707, 0.2569 0.3977 0.0707, 0.2569 0.4449 0.0707, 0.1388 0.4453 0.0707, 0.1388 0.5689 0.0707, 0.001 0.5689 0.0707, 0.06 0.4453 0.0707, 0.06 0.5689 0.0707, 0.1388 0.4449 0.0707, 0.1388 0.3977 0.0707, 0.06 0.3977 0.0707, 0.06 0.4449 0.0707, -0.0581 0.4453 0.0707, -0.0581 0.5689 0.0707, -0.1959 0.5689 0.0707, -0.1368 0.4453 0.0707, -0.1368 0.5689 0.0707, -0.0581 0.4449 0.0707, -0.0581 0.3977 0.0707, -0.1368 0.3977 0.0707, -0.1368 0.4449 0.0707, -0.2549 0.4453 0.0707, -0.2549 0.5689 0.0707, -0.3927 0.5689 0.0707, -0.3337 0.4453 0.0707, -0.3337 0.5689 0.0707, -0.2549 0.4449 0.0707, -0.2549 0.3977 0.0707, -0.3337 0.3977 0.0707, -0.3337 0.4449 0.0707, -0.4518 0.4453 0.0707, -0.4518 0.5689 0.0707, -0.5305 0.5689 0.0707, -0.5305 0.4453 0.0707, -0.4518 0.4449 0.0707, -0.4518 0.3977 0.0707, -0.5305 0.3977 0.0707, -0.5305 0.4449 0.0707, -1.1211 0.3977 0.0707, -1.0423 0.3977 0.0707, -0.7864 0.5689 0.0707, -1.0423 0.4449 0.0707, -1.1211 0.5689 0.0707, -1.1211 0.4453 0.0707, -1.1211 0.4449 0.0707, -1.0423 0.4453 0.0707, -1.0423 0.5689 0.0707, -1.7608 0.4902 0.0707, -1.4409 0.4902 0.0707, -1.0423 -0.3976 0.0707, -1.0423 -0.4431 0.0707, -1.0423 -0.5688 0.0707
            ]
        }
        coordIndex [
            0,1,2,-1,2,1,3,-1,4,5,6,-1,6,5,7,-1,6,7,8,-1,9,10,11,-1,11,10,6,-1,11,6,8,-1,12,13,14,-1,14,13,10,-1,14,10,9,-1,15,16,17,-1,17,16,18,-1,19,20,21,-1,21,20,22,-1,23,17,24,-1,24,17,18,-1,24,18,25,-1,26,27,28,-1,29,30,28,-1,31,32,33,-1,33,32,19,-1,33,19,34,-1,34,19,21,-1,35,36,37,-1,37,36,38,-1,39,26,40,-1,40,26,28,-1,40,28,41,-1,41,28,30,-1,42,43,27,-1,44,45,46,-1,25,18,47,-1,47,18,44,-1,47,44,48,-1,48,44,46,-1,48,46,49,-1,39,50,26,-1,26,50,51,-1,26,51,37,-1,37,51,52,-1,37,52,35,-1,20,42,22,-1,22,42,27,-1,22,27,53,-1,53,27,26,-1,53,26,54,-1,54,26,55,-1,54,55,56,-1,56,55,57,-1,56,57,23,-1,23,57,37,-1,23,37,17,-1,17,37,38,-1,17,38,58,-1,58,38,59,-1,58,59,60,-1,60,61,58,-1,58,61,62,-1,58,62,63,-1,63,62,64,-1,63,64,65,-1,65,64,66,-1,65,66,28,-1,28,66,67,-1,28,67,29,-1,68,48,69,-1,69,48,49,-1,70,71,72,-1,73,74,75,-1,76,77,78,-1,79,80,81,-1,82,83,84,-1,85,69,86,-1,86,69,49,-1,86,49,87,-1,88,89,84,-1,84,89,90,-1,84,90,91,-1,91,90,92,-1,92,90,93,-1,92,93,94,-1,94,93,95,-1,94,95,96,-1,97,82,98,-1,99,97,81,-1,81,97,98,-1,81,98,100,-1,101,102,78,-1,78,102,103,-1,104,105,103,-1,103,105,106,-1,103,106,78,-1,82,84,107,-1,107,84,91,-1,107,91,100,-1,100,91,105,-1,100,105,81,-1,81,105,104,-1,81,104,79,-1,108,109,75,-1,75,109,110,-1,111,112,72,-1,72,112,113,-1,114,115,113,-1,113,115,116,-1,113,116,72,-1,76,78,117,-1,117,78,106,-1,117,106,110,-1,110,106,115,-1,110,115,75,-1,75,115,114,-1,75,114,73,-1,70,72,118,-1,118,72,116,-1,118,116,119,-1,119,116,120,-1,119,120,121,-1,121,120,122,-1,121,122,123,-1,124,125,120,-1,126,127,128,-1,120,125,122,-1,122,125,127,-1,122,127,129,-1,130,131,31,-1,31,131,132,-1,31,132,32,-1,32,132,133,-1,124,134,128,-1,128,134,132,-1,128,132,126,-1,126,132,131,-1,135,136,120,-1,120,136,137,-1,138,139,140,-1,140,139,141,-1,140,141,142,-1,143,144,137,-1,137,144,145,-1,137,145,120,-1,120,145,146,-1,120,146,147,-1,124,120,134,-1,134,120,147,-1,134,147,141,-1,141,147,144,-1,141,144,142,-1,142,144,143,-1,142,143,148,-1,149,150,135,-1,116,151,152,-1,152,151,153,-1,152,149,154,-1,154,149,135,-1,154,135,155,-1,155,135,120,-1,155,120,156,-1,156,120,116,-1,156,116,157,-1,157,116,152,-1,157,152,154,-1,158,159,151,-1,115,160,161,-1,161,160,162,-1,161,158,163,-1,163,158,151,-1,163,151,164,-1,164,151,116,-1,164,116,165,-1,165,116,115,-1,165,115,166,-1,166,115,161,-1,166,161,163,-1,167,168,160,-1,106,169,170,-1,170,169,171,-1,170,167,172,-1,172,167,160,-1,172,160,173,-1,173,160,115,-1,173,115,174,-1,174,115,106,-1,174,106,175,-1,175,106,170,-1,175,170,172,-1,176,177,169,-1,105,178,179,-1,179,178,180,-1,179,176,181,-1,181,176,169,-1,181,169,182,-1,182,169,106,-1,182,106,183,-1,183,106,105,-1,183,105,184,-1,184,105,179,-1,184,179,181,-1,185,186,178,-1,91,187,188,-1,188,187,189,-1,188,185,190,-1,190,185,178,-1,190,178,191,-1,191,178,105,-1,191,105,192,-1,192,105,91,-1,192,91,193,-1,193,91,188,-1,193,188,190,-1,194,195,187,-1,196,197,92,-1,197,194,198,-1,198,194,187,-1,198,187,199,-1,199,187,91,-1,199,91,200,-1,200,91,92,-1,200,92,201,-1,201,92,197,-1,201,197,198,-1,202,203,92,-1,196,92,204,-1,204,92,203,-1,204,203,205,-1,206,207,8,-1,92,11,202,-1,202,11,8,-1,202,8,208,-1,208,8,207,-1,208,207,205,-1,205,207,209,-1,205,209,204,-1,204,209,210,-1,5,211,7,-1,7,211,212,-1,7,212,8,-1,8,212,0,-1,8,0,206,-1,206,0,2,-1,45,12,46,-1,46,12,14,-1,46,14,49,-1,49,14,9,-1,49,9,87,-1,87,9,11,-1,87,11,213,-1,213,11,92,-1,213,92,214,-1,214,92,94,-1,214,94,215,-1,
        ]
    }
}
Shape{
    appearance Appearance {
        material  Material 	{
            diffuseColor 1.0 0.807843137254902 0.4980392156862745
            specularColor 1.0 0.807843137254902 0.4980392156862745
            ambientIntensity 0.83
            transparency 0.0
            shininess 0.5
        }
    }
    geometry IndexedFaceSet {
        ccw TRUE
        solid FALSE
        coord DEF co Coordinate {
            point [
                0.44 0.128 2.622, 0.4557 0.128 2.6417, 0.44 0.1378 2.622, 0.4557 0.1378 2.6417, 0.5305 0.128 2.6417, 0.5305 0.1378 2.6417, 0.5463 0.128 2.622, 0.5463 0.1378 2.622
            ]
        }
        coordIndex [
            0,1,2,-1,2,1,3,-1,1,4,3,-1,3,4,5,-1,4,6,5,-1,5,6,7,-1,
        ]
    }
}
Shape{
    appearance Appearance {
        material  Material 	{
            diffuseColor 0.25098039215686274 0.25098039215686274 0.25098039215686274
            specularColor 0.2196078431372549 0.2196078431372549 0.2196078431372549
            ambientIntensity 0.251
            transparency 0.0
            shininess 0.5
        }
    }
    geometry IndexedFaceSet {
        ccw TRUE
        solid FALSE
        coord DEF co Coordinate {
            point [
                0.5467 0.1378 2.6222, 0.5467 0.1378 2.3689, 0.5467 0.128 2.6222, 0.5467 0.128 2.3591, 0.5307 0.128 2.6421, 0.5307 0.1378 2.6421, 0.4555 0.128 2.6421, 0.4555 0.1378 2.6421, 0.4396 0.128 2.6222, 0.4396 0.1378 2.6222, 0.4396 0.128 2.3591, 0.4396 0.1378 2.3689
            ]
        }
        coordIndex [
            0,1,2,-1,2,1,3,-1,2,4,0,-1,0,4,5,-1,4,6,5,-1,5,6,7,-1,6,8,7,-1,7,8,9,-1,8,10,9,-1,9,10,11,-1,
        ]
    }
}
Shape{
    appearance Appearance {
        material  Material 	{
            diffuseColor 1.0 0.807843137254902 0.4980392156862745
            specularColor 1.0 0.807843137254902 0.4980392156862745
            ambientIntensity 0.83
            transparency 0.0
            shininess 0.5
        }
    }
    geometry IndexedFaceSet {
        ccw TRUE
        solid FALSE
        coord DEF co Coordinate {
            point [
                1.0305 0.128 2.622, 1.0463 0.128 2.6417, 1.0305 0.1378 2.622, 1.0463 0.1378 2.6417, 1.1211 0.128 2.6417, 1.1211 0.1378 2.6417, 1.1368 0.128 2.622, 1.1368 0.1378 2.622
            ]
        }
        coordIndex [
            0,1,2,-1,2,1,3,-1,1,4,3,-1,3,4,5,-1,4,6,5,-1,5,6,7,-1,
        ]
    }
}
Shape{
    appearance Appearance {
        material  Material 	{
            diffuseColor 0.25098039215686274 0.25098039215686274 0.25098039215686274
            specularColor 0.2196078431372549 0.2196078431372549 0.2196078431372549
            ambientIntensity 0.251
            transparency 0.0
            shininess 0.5
        }
    }
    geometry IndexedFaceSet {
        ccw TRUE
        solid FALSE
        coord DEF co Coordinate {
            point [
                1.1372 0.1378 2.6222, 1.1372 0.1378 2.546, 1.1372 0.128 2.6222, 1.1372 0.128 2.5362, 1.1212 0.128 2.6421, 1.1212 0.1378 2.6421, 1.0461 0.128 2.6421, 1.0461 0.1378 2.6421, 1.0301 0.128 2.6222, 1.0301 0.1378 2.6222, 1.0301 0.128 2.3591, 1.0301 0.1378 2.3689, 0.3498 0.128 2.4253, 0.3498 0.1378 2.4253, 0.3498 0.128 2.3591, 0.3498 0.1378 2.3689, 0.3338 0.128 2.4453, 0.3338 0.1378 2.4453, 0.2587 0.128 2.4453, 0.2587 0.1378 2.4453, 0.2427 0.128 2.4253, 0.2427 0.1378 2.4253, 0.2427 0.1378 2.3689, 0.2427 0.128 2.3591
            ]
        }
        coordIndex [
            0,1,2,-1,2,1,3,-1,2,4,0,-1,0,4,5,-1,4,6,5,-1,5,6,7,-1,6,8,7,-1,7,8,9,-1,8,10,9,-1,9,10,11,-1,12,13,14,-1,14,13,15,-1,12,16,13,-1,13,16,17,-1,16,18,17,-1,17,18,19,-1,18,20,19,-1,19,20,21,-1,21,20,22,-1,22,20,23,-1,
        ]
    }
}
Shape{
    appearance Appearance {
        material  Material 	{
            diffuseColor 1.0 0.807843137254902 0.4980392156862745
            specularColor 1.0 0.807843137254902 0.4980392156862745
            ambientIntensity 0.83
            transparency 0.0
            shininess 0.5
        }
    }
    geometry IndexedFaceSet {
        ccw TRUE
        solid FALSE
        coord DEF co Coordinate {
            point [
                0.2431 0.128 2.4252, 0.2589 0.128 2.4449, 0.2431 0.1378 2.4252, 0.2589 0.1378 2.4449, 0.3337 0.128 2.4449, 0.3337 0.1378 2.4449, 0.3494 0.128 2.4252, 0.3494 0.1378 2.4252, -0.5443 0.128 2.622, -0.5285 0.128 2.6417, -0.5443 0.1378 2.622, -0.5285 0.1378 2.6417, -0.4537 0.128 2.6417, -0.4537 0.1378 2.6417, -0.438 0.128 2.622, -0.438 0.1378 2.622
            ]
        }
        coordIndex [
            0,1,2,-1,2,1,3,-1,1,4,3,-1,3,4,5,-1,4,6,5,-1,5,6,7,-1,8,9,10,-1,10,9,11,-1,9,12,11,-1,11,12,13,-1,12,14,13,-1,13,14,15,-1,
        ]
    }
}
Shape{
    appearance Appearance {
        material  Material 	{
            diffuseColor 0.25098039215686274 0.25098039215686274 0.25098039215686274
            specularColor 0.2196078431372549 0.2196078431372549 0.2196078431372549
            ambientIntensity 0.251
            transparency 0.0
            shininess 0.5
        }
    }
    geometry IndexedFaceSet {
        ccw TRUE
        solid FALSE
        coord DEF co Coordinate {
            point [
                -0.4376 0.1378 2.6222, -0.4376 0.1378 2.3689, -0.4376 0.128 2.6222, -0.4376 0.128 2.3591, -0.4536 0.128 2.6421, -0.4536 0.1378 2.6421, -0.5287 0.128 2.6421, -0.5287 0.1378 2.6421, -0.5447 0.128 2.6222, -0.5447 0.1378 2.6222, -0.5447 0.128 2.3591, -0.5447 0.1378 2.3689
            ]
        }
        coordIndex [
            0,1,2,-1,2,1,3,-1,2,4,0,-1,0,4,5,-1,4,6,5,-1,5,6,7,-1,6,8,7,-1,7,8,9,-1,8,10,9,-1,9,10,11,-1,
        ]
    }
}
Shape{
    appearance Appearance {
        material  Material 	{
            diffuseColor 1.0 0.807843137254902 0.4980392156862745
            specularColor 1.0 0.807843137254902 0.4980392156862745
            ambientIntensity 0.83
            transparency 0.0
            shininess 0.5
        }
    }
    geometry IndexedFaceSet {
        ccw TRUE
        solid FALSE
        coord DEF co Coordinate {
            point [
                -1.1348 0.128 2.622, -1.1191 0.128 2.6417, -1.1348 0.1378 2.622, -1.1191 0.1378 2.6417, -1.0443 0.128 2.6417, -1.0443 0.1378 2.6417, -1.0285 0.128 2.622, -1.0285 0.1378 2.622
            ]
        }
        coordIndex [
            0,1,2,-1,2,1,3,-1,1,4,3,-1,3,4,5,-1,4,6,5,-1,5,6,7,-1,
        ]
    }
}
Shape{
    appearance Appearance {
        material  Material 	{
            diffuseColor 0.25098039215686274 0.25098039215686274 0.25098039215686274
            specularColor 0.2196078431372549 0.2196078431372549 0.2196078431372549
            ambientIntensity 0.251
            transparency 0.0
            shininess 0.5
        }
    }
    geometry IndexedFaceSet {
        ccw TRUE
        solid FALSE
        coord DEF co Coordinate {
            point [
                -1.0282 0.1378 2.6222, -1.0282 0.1378 2.3689, -1.0282 0.128 2.6222, -1.0282 0.128 2.3591, -1.0441 0.128 2.6421, -1.0441 0.1378 2.6421, -1.1193 0.128 2.6421, -1.1193 0.1378 2.6421, -1.1352 0.128 2.6222, -1.1352 0.1378 2.6222, -1.1352 0.128 2.5362, -1.1352 0.1378 2.546, 0.153 0.128 2.4253, 0.153 0.1378 2.4253, 0.153 0.128 2.3591, 0.153 0.1378 2.3689, 0.137 0.128 2.4453, 0.137 0.1378 2.4453, 0.0618 0.128 2.4453, 0.0618 0.1378 2.4453, 0.0459 0.128 2.4253, 0.0459 0.1378 2.4253, 0.0459 0.1378 2.3689, 0.0459 0.128 2.3591
            ]
        }
        coordIndex [
            0,1,2,-1,2,1,3,-1,2,4,0,-1,0,4,5,-1,4,6,5,-1,5,6,7,-1,6,8,7,-1,7,8,9,-1,8,10,9,-1,9,10,11,-1,12,13,14,-1,14,13,15,-1,12,16,13,-1,13,16,17,-1,16,18,17,-1,17,18,19,-1,18,20,19,-1,19,20,21,-1,21,20,22,-1,22,20,23,-1,
        ]
    }
}
Shape{
    appearance Appearance {
        material  Material 	{
            diffuseColor 1.0 0.807843137254902 0.4980392156862745
            specularColor 1.0 0.807843137254902 0.4980392156862745
            ambientIntensity 0.83
            transparency 0.0
            shininess 0.5
        }
    }
    geometry IndexedFaceSet {
        ccw TRUE
        solid FALSE
        coord DEF co Coordinate {
            point [
                0.0463 0.128 2.4252, 0.062 0.128 2.4449, 0.0463 0.1378 2.4252, 0.062 0.1378 2.4449, 0.1368 0.128 2.4449, 0.1368 0.1378 2.4449, 0.1526 0.128 2.4252, 0.1526 0.1378 2.4252
            ]
        }
        coordIndex [
            0,1,2,-1,2,1,3,-1,1,4,3,-1,3,4,5,-1,4,6,5,-1,5,6,7,-1,
        ]
    }
}
Shape{
    appearance Appearance {
        material  Material 	{
            diffuseColor 0.25098039215686274 0.25098039215686274 0.25098039215686274
            specularColor 0.2196078431372549 0.2196078431372549 0.2196078431372549
            ambientIntensity 0.251
            transparency 0.0
            shininess 0.5
        }
    }
    geometry IndexedFaceSet {
        ccw TRUE
        solid FALSE
        coord DEF co Coordinate {
            point [
                -0.2408 0.128 2.4253, -0.2408 0.1378 2.4253, -0.2408 0.128 2.3591, -0.2408 0.1378 2.3689, -0.2567 0.128 2.4453, -0.2567 0.1378 2.4453, -0.3319 0.128 2.4453, -0.3319 0.1378 2.4453, -0.3478 0.128 2.4253, -0.3478 0.1378 2.4253, -0.3478 0.1378 2.3689, -0.3478 0.128 2.3591
            ]
        }
        coordIndex [
            0,1,2,-1,2,1,3,-1,0,4,1,-1,1,4,5,-1,4,6,5,-1,5,6,7,-1,6,8,7,-1,7,8,9,-1,9,8,10,-1,10,8,11,-1,
        ]
    }
}
Shape{
    appearance Appearance {
        material  Material 	{
            diffuseColor 1.0 0.807843137254902 0.4980392156862745
            specularColor 1.0 0.807843137254902 0.4980392156862745
            ambientIntensity 0.83
            transparency 0.0
            shininess 0.5
        }
    }
    geometry IndexedFaceSet {
        ccw TRUE
        solid FALSE
        coord DEF co Coordinate {
            point [
                -0.3474 0.128 2.4252, -0.3317 0.128 2.4449, -0.3474 0.1378 2.4252, -0.3317 0.1378 2.4449, -0.2569 0.128 2.4449, -0.2569 0.1378 2.4449, -0.2411 0.128 2.4252, -0.2411 0.1378 2.4252
            ]
        }
        coordIndex [
            0,1,2,-1,2,1,3,-1,1,4,3,-1,3,4,5,-1,4,6,5,-1,5,6,7,-1,
        ]
    }
}
Shape{
    appearance Appearance {
        material  Material 	{
            diffuseColor 0.25098039215686274 0.25098039215686274 0.25098039215686274
            specularColor 0.2196078431372549 0.2196078431372549 0.2196078431372549
            ambientIntensity 0.251
            transparency 0.0
            shininess 0.5
        }
    }
    geometry IndexedFaceSet {
        ccw TRUE
        solid FALSE
        coord DEF co Coordinate {
            point [
                -0.0439 0.128 2.4253, -0.0439 0.1378 2.4253, -0.0439 0.128 2.3591, -0.0439 0.1378 2.3689, -0.0599 0.128 2.4453, -0.0599 0.1378 2.4453, -0.135 0.128 2.4453, -0.135 0.1378 2.4453, -0.151 0.128 2.4253, -0.151 0.1378 2.4253, -0.151 0.1378 2.3689, -0.151 0.128 2.3591
            ]
        }
        coordIndex [
            0,1,2,-1,2,1,3,-1,0,4,1,-1,1,4,5,-1,4,6,5,-1,5,6,7,-1,6,8,7,-1,7,8,9,-1,9,8,10,-1,10,8,11,-1,
        ]
    }
}
Shape{
    appearance Appearance {
        material  Material 	{
            diffuseColor 1.0 0.807843137254902 0.4980392156862745
            specularColor 1.0 0.807843137254902 0.4980392156862745
            ambientIntensity 0.83
            transparency 0.0
            shininess 0.5
        }
    }
    geometry IndexedFaceSet {
        ccw TRUE
        solid FALSE
        coord DEF co Coordinate {
            point [
                -0.1506 0.128 2.4252, -0.1348 0.128 2.4449, -0.1506 0.1378 2.4252, -0.1348 0.1378 2.4449, -0.06 0.128 2.4449, -0.06 0.1378 2.4449, -0.0443 0.128 2.4252, -0.0443 0.1378 2.4252
            ]
        }
        coordIndex [
            0,1,2,-1,2,1,3,-1,1,4,3,-1,3,4,5,-1,4,6,5,-1,5,6,7,-1,
        ]
    }
}
Shape{
    appearance Appearance {
        material  Material 	{
            diffuseColor 0.25098039215686274 0.25098039215686274 0.25098039215686274
            specularColor 0.2196078431372549 0.2196078431372549 0.2196078431372549
            ambientIntensity 0.251
            transparency 0.0
            shininess 0.5
        }
    }
    geometry IndexedFaceSet {
        ccw TRUE
        solid FALSE
        coord DEF co Coordinate {
            point [
                0.4396 -0.1279 2.6222, 0.4396 -0.1377 2.6222, 0.4396 -0.1279 2.3591, 0.4396 -0.1377 2.3689, 0.4555 -0.1279 2.6421, 0.4555 -0.1377 2.6421, 0.5307 -0.1279 2.6421, 0.5307 -0.1377 2.6421, 0.5467 -0.1279 2.6222, 0.5467 -0.1377 2.6222, 0.5467 -0.1377 2.3689, 0.5467 -0.1279 2.3591
            ]
        }
        coordIndex [
            0,1,2,-1,2,1,3,-1,0,4,1,-1,1,4,5,-1,4,6,5,-1,5,6,7,-1,6,8,7,-1,7,8,9,-1,9,8,10,-1,10,8,11,-1,
        ]
    }
}
Shape{
    appearance Appearance {
        material  Material 	{
            diffuseColor 1.0 0.807843137254902 0.4980392156862745
            specularColor 1.0 0.807843137254902 0.4980392156862745
            ambientIntensity 0.83
            transparency 0.0
            shininess 0.5
        }
    }
    geometry IndexedFaceSet {
        ccw TRUE
        solid FALSE
        coord DEF co Coordinate {
            point [
                0.5463 -0.1279 2.622, 0.5305 -0.1279 2.6417, 0.5463 -0.1377 2.622, 0.5305 -0.1377 2.6417, 0.4557 -0.1279 2.6417, 0.4557 -0.1377 2.6417, 0.44 -0.1279 2.622, 0.44 -0.1377 2.622
            ]
        }
        coordIndex [
            0,1,2,-1,2,1,3,-1,1,4,3,-1,3,4,5,-1,4,6,5,-1,5,6,7,-1,
        ]
    }
}
Shape{
    appearance Appearance {
        material  Material 	{
            diffuseColor 0.25098039215686274 0.25098039215686274 0.25098039215686274
            specularColor 0.2196078431372549 0.2196078431372549 0.2196078431372549
            ambientIntensity 0.251
            transparency 0.0
            shininess 0.5
        }
    }
    geometry IndexedFaceSet {
        ccw TRUE
        solid FALSE
        coord DEF co Coordinate {
            point [
                1.0301 -0.1279 2.6222, 1.0301 -0.1377 2.6222, 1.0301 -0.1279 2.3591, 1.0301 -0.1377 2.3689, 1.0461 -0.1279 2.6421, 1.0461 -0.1377 2.6421, 1.1212 -0.1279 2.6421, 1.1212 -0.1377 2.6421, 1.1372 -0.1279 2.6222, 1.1372 -0.1377 2.6222, 1.1372 -0.1377 2.546, 1.1372 -0.1279 2.5362
            ]
        }
        coordIndex [
            0,1,2,-1,2,1,3,-1,0,4,1,-1,1,4,5,-1,4,6,5,-1,5,6,7,-1,6,8,7,-1,7,8,9,-1,9,8,10,-1,10,8,11,-1,
        ]
    }
}
Shape{
    appearance Appearance {
        material  Material 	{
            diffuseColor 1.0 0.807843137254902 0.4980392156862745
            specularColor 1.0 0.807843137254902 0.4980392156862745
            ambientIntensity 0.83
            transparency 0.0
            shininess 0.5
        }
    }
    geometry IndexedFaceSet {
        ccw TRUE
        solid FALSE
        coord DEF co Coordinate {
            point [
                1.1368 -0.1279 2.622, 1.1211 -0.1279 2.6417, 1.1368 -0.1377 2.622, 1.1211 -0.1377 2.6417, 1.0463 -0.1279 2.6417, 1.0463 -0.1377 2.6417, 1.0305 -0.1279 2.622, 1.0305 -0.1377 2.622
            ]
        }
        coordIndex [
            0,1,2,-1,2,1,3,-1,1,4,3,-1,3,4,5,-1,4,6,5,-1,5,6,7,-1,
        ]
    }
}
Shape{
    appearance Appearance {
        material  Material 	{
            diffuseColor 0.25098039215686274 0.25098039215686274 0.25098039215686274
            specularColor 0.2196078431372549 0.2196078431372549 0.2196078431372549
            ambientIntensity 0.251
            transparency 0.0
            shininess 0.5
        }
    }
    geometry IndexedFaceSet {
        ccw TRUE
        solid FALSE
        coord DEF co Coordinate {
            point [
                0.3498 -0.1279 2.4253, 0.3498 -0.1279 2.3591, 0.3498 -0.1377 2.4253, 0.3498 -0.1377 2.3689
            ]
        }
        coordIndex [
            0,1,2,-1,2,1,3,-1,
        ]
    }
}
Shape{
    appearance Appearance {
        material  Material 	{
            diffuseColor 1.0 0.807843137254902 0.4980392156862745
            specularColor 1.0 0.807843137254902 0.4980392156862745
            ambientIntensity 0.83
            transparency 0.0
            shininess 0.5
        }
    }
    geometry IndexedFaceSet {
        ccw TRUE
        solid FALSE
        coord DEF co Coordinate {
            point [
                0.3494 -0.1279 2.4252, 0.3337 -0.1279 2.4449, 0.3494 -0.1377 2.4252, 0.3337 -0.1377 2.4449, 0.2589 -0.1279 2.4449, 0.2589 -0.1377 2.4449, 0.2431 -0.1279 2.4252, 0.2431 -0.1377 2.4252
            ]
        }
        coordIndex [
            0,1,2,-1,2,1,3,-1,1,4,3,-1,3,4,5,-1,4,6,5,-1,5,6,7,-1,
        ]
    }
}
Shape{
    appearance Appearance {
        material  Material 	{
            diffuseColor 0.25098039215686274 0.25098039215686274 0.25098039215686274
            specularColor 0.2196078431372549 0.2196078431372549 0.2196078431372549
            ambientIntensity 0.251
            transparency 0.0
            shininess 0.5
        }
    }
    geometry IndexedFaceSet {
        ccw TRUE
        solid FALSE
        coord DEF co Coordinate {
            point [
                0.2427 -0.1377 2.4253, 0.2427 -0.1377 2.3689, 0.2427 -0.1279 2.4253, 0.2427 -0.1279 2.3591, 0.2587 -0.1279 2.4453, 0.2587 -0.1377 2.4453, 0.3338 -0.1279 2.4453, 0.3338 -0.1377 2.4453, 0.3498 -0.1279 2.4253, 0.3498 -0.1377 2.4253, -0.5447 -0.1279 2.6222, -0.5447 -0.1377 2.6222, -0.5447 -0.1279 2.3591, -0.5447 -0.1377 2.3689, -0.5287 -0.1279 2.6421, -0.5287 -0.1377 2.6421, -0.4536 -0.1279 2.6421, -0.4536 -0.1377 2.6421, -0.4376 -0.1279 2.6222, -0.4376 -0.1377 2.6222, -0.4376 -0.1377 2.3689, -0.4376 -0.1279 2.3591
            ]
        }
        coordIndex [
            0,1,2,-1,2,1,3,-1,2,4,0,-1,0,4,5,-1,4,6,5,-1,5,6,7,-1,6,8,7,-1,7,8,9,-1,10,11,12,-1,12,11,13,-1,10,14,11,-1,11,14,15,-1,14,16,15,-1,15,16,17,-1,16,18,17,-1,17,18,19,-1,19,18,20,-1,20,18,21,-1,
        ]
    }
}
Shape{
    appearance Appearance {
        material  Material 	{
            diffuseColor 1.0 0.807843137254902 0.4980392156862745
            specularColor 1.0 0.807843137254902 0.4980392156862745
            ambientIntensity 0.83
            transparency 0.0
            shininess 0.5
        }
    }
    geometry IndexedFaceSet {
        ccw TRUE
        solid FALSE
        coord DEF co Coordinate {
            point [
                -0.438 -0.1279 2.622, -0.4537 -0.1279 2.6417, -0.438 -0.1377 2.622, -0.4537 -0.1377 2.6417, -0.5285 -0.1279 2.6417, -0.5285 -0.1377 2.6417, -0.5443 -0.1279 2.622, -0.5443 -0.1377 2.622
            ]
        }
        coordIndex [
            0,1,2,-1,2,1,3,-1,1,4,3,-1,3,4,5,-1,4,6,5,-1,5,6,7,-1,
        ]
    }
}
Shape{
    appearance Appearance {
        material  Material 	{
            diffuseColor 0.25098039215686274 0.25098039215686274 0.25098039215686274
            specularColor 0.2196078431372549 0.2196078431372549 0.2196078431372549
            ambientIntensity 0.251
            transparency 0.0
            shininess 0.5
        }
    }
    geometry IndexedFaceSet {
        ccw TRUE
        solid FALSE
        coord DEF co Coordinate {
            point [
                -1.1352 -0.1279 2.6222, -1.1352 -0.1377 2.6222, -1.1352 -0.1279 2.5362, -1.1352 -0.1377 2.546, -1.1193 -0.1279 2.6421, -1.1193 -0.1377 2.6421, -1.0441 -0.1279 2.6421, -1.0441 -0.1377 2.6421, -1.0282 -0.1279 2.6222, -1.0282 -0.1377 2.6222, -1.0282 -0.1377 2.3689, -1.0282 -0.1279 2.3591
            ]
        }
        coordIndex [
            0,1,2,-1,2,1,3,-1,0,4,1,-1,1,4,5,-1,4,6,5,-1,5,6,7,-1,6,8,7,-1,7,8,9,-1,9,8,10,-1,10,8,11,-1,
        ]
    }
}
Shape{
    appearance Appearance {
        material  Material 	{
            diffuseColor 1.0 0.807843137254902 0.4980392156862745
            specularColor 1.0 0.807843137254902 0.4980392156862745
            ambientIntensity 0.83
            transparency 0.0
            shininess 0.5
        }
    }
    geometry IndexedFaceSet {
        ccw TRUE
        solid FALSE
        coord DEF co Coordinate {
            point [
                -1.0285 -0.1279 2.622, -1.0443 -0.1279 2.6417, -1.0285 -0.1377 2.622, -1.0443 -0.1377 2.6417, -1.1191 -0.1279 2.6417, -1.1191 -0.1377 2.6417, -1.1348 -0.1279 2.622, -1.1348 -0.1377 2.622
            ]
        }
        coordIndex [
            0,1,2,-1,2,1,3,-1,1,4,3,-1,3,4,5,-1,4,6,5,-1,5,6,7,-1,
        ]
    }
}
Shape{
    appearance Appearance {
        material  Material 	{
            diffuseColor 0.25098039215686274 0.25098039215686274 0.25098039215686274
            specularColor 0.2196078431372549 0.2196078431372549 0.2196078431372549
            ambientIntensity 0.251
            transparency 0.0
            shininess 0.5
        }
    }
    geometry IndexedFaceSet {
        ccw TRUE
        solid FALSE
        coord DEF co Coordinate {
            point [
                0.153 -0.1279 2.4253, 0.153 -0.1279 2.3591, 0.153 -0.1377 2.4253, 0.153 -0.1377 2.3689
            ]
        }
        coordIndex [
            0,1,2,-1,2,1,3,-1,
        ]
    }
}
Shape{
    appearance Appearance {
        material  Material 	{
            diffuseColor 1.0 0.807843137254902 0.4980392156862745
            specularColor 1.0 0.807843137254902 0.4980392156862745
            ambientIntensity 0.83
            transparency 0.0
            shininess 0.5
        }
    }
    geometry IndexedFaceSet {
        ccw TRUE
        solid FALSE
        coord DEF co Coordinate {
            point [
                0.1526 -0.1279 2.4252, 0.1368 -0.1279 2.4449, 0.1526 -0.1377 2.4252, 0.1368 -0.1377 2.4449, 0.062 -0.1279 2.4449, 0.062 -0.1377 2.4449, 0.0463 -0.1279 2.4252, 0.0463 -0.1377 2.4252
            ]
        }
        coordIndex [
            0,1,2,-1,2,1,3,-1,1,4,3,-1,3,4,5,-1,4,6,5,-1,5,6,7,-1,
        ]
    }
}
Shape{
    appearance Appearance {
        material  Material 	{
            diffuseColor 0.25098039215686274 0.25098039215686274 0.25098039215686274
            specularColor 0.2196078431372549 0.2196078431372549 0.2196078431372549
            ambientIntensity 0.251
            transparency 0.0
            shininess 0.5
        }
    }
    geometry IndexedFaceSet {
        ccw TRUE
        solid FALSE
        coord DEF co Coordinate {
            point [
                0.0459 -0.1377 2.4253, 0.0459 -0.1377 2.3689, 0.0459 -0.1279 2.4253, 0.0459 -0.1279 2.3591, 0.0618 -0.1279 2.4453, 0.0618 -0.1377 2.4453, 0.137 -0.1279 2.4453, 0.137 -0.1377 2.4453, 0.153 -0.1279 2.4253, 0.153 -0.1377 2.4253, -0.2408 -0.1279 2.4253, -0.2408 -0.1279 2.3591, -0.2408 -0.1377 2.4253, -0.2408 -0.1377 2.3689
            ]
        }
        coordIndex [
            0,1,2,-1,2,1,3,-1,2,4,0,-1,0,4,5,-1,4,6,5,-1,5,6,7,-1,6,8,7,-1,7,8,9,-1,10,11,12,-1,12,11,13,-1,
        ]
    }
}
Shape{
    appearance Appearance {
        material  Material 	{
            diffuseColor 1.0 0.807843137254902 0.4980392156862745
            specularColor 1.0 0.807843137254902 0.4980392156862745
            ambientIntensity 0.83
            transparency 0.0
            shininess 0.5
        }
    }
    geometry IndexedFaceSet {
        ccw TRUE
        solid FALSE
        coord DEF co Coordinate {
            point [
                -0.2411 -0.1279 2.4252, -0.2569 -0.1279 2.4449, -0.2411 -0.1377 2.4252, -0.2569 -0.1377 2.4449, -0.3317 -0.1279 2.4449, -0.3317 -0.1377 2.4449, -0.3474 -0.1279 2.4252, -0.3474 -0.1377 2.4252
            ]
        }
        coordIndex [
            0,1,2,-1,2,1,3,-1,1,4,3,-1,3,4,5,-1,4,6,5,-1,5,6,7,-1,
        ]
    }
}
Shape{
    appearance Appearance {
        material  Material 	{
            diffuseColor 0.25098039215686274 0.25098039215686274 0.25098039215686274
            specularColor 0.2196078431372549 0.2196078431372549 0.2196078431372549
            ambientIntensity 0.251
            transparency 0.0
            shininess 0.5
        }
    }
    geometry IndexedFaceSet {
        ccw TRUE
        solid FALSE
        coord DEF co Coordinate {
            point [
                -0.3478 -0.1377 2.4253, -0.3478 -0.1377 2.3689, -0.3478 -0.1279 2.4253, -0.3478 -0.1279 2.3591, -0.3319 -0.1279 2.4453, -0.3319 -0.1377 2.4453, -0.2567 -0.1279 2.4453, -0.2567 -0.1377 2.4453, -0.2408 -0.1279 2.4253, -0.2408 -0.1377 2.4253, -0.0439 -0.1279 2.4253, -0.0439 -0.1279 2.3591, -0.0439 -0.1377 2.4253, -0.0439 -0.1377 2.3689
            ]
        }
        coordIndex [
            0,1,2,-1,2,1,3,-1,2,4,0,-1,0,4,5,-1,4,6,5,-1,5,6,7,-1,6,8,7,-1,7,8,9,-1,10,11,12,-1,12,11,13,-1,
        ]
    }
}
Shape{
    appearance Appearance {
        material  Material 	{
            diffuseColor 1.0 0.807843137254902 0.4980392156862745
            specularColor 1.0 0.807843137254902 0.4980392156862745
            ambientIntensity 0.83
            transparency 0.0
            shininess 0.5
        }
    }
    geometry IndexedFaceSet {
        ccw TRUE
        solid FALSE
        coord DEF co Coordinate {
            point [
                -0.0443 -0.1279 2.4252, -0.06 -0.1279 2.4449, -0.0443 -0.1377 2.4252, -0.06 -0.1377 2.4449, -0.1348 -0.1279 2.4449, -0.1348 -0.1377 2.4449, -0.1506 -0.1279 2.4252, -0.1506 -0.1377 2.4252
            ]
        }
        coordIndex [
            0,1,2,-1,2,1,3,-1,1,4,3,-1,3,4,5,-1,4,6,5,-1,5,6,7,-1,
        ]
    }
}
Shape{
    appearance Appearance {
        material  Material 	{
            diffuseColor 0.25098039215686274 0.25098039215686274 0.25098039215686274
            specularColor 0.2196078431372549 0.2196078431372549 0.2196078431372549
            ambientIntensity 0.251
            transparency 0.0
            shininess 0.5
        }
    }
    geometry IndexedFaceSet {
        ccw TRUE
        solid FALSE
        coord DEF co Coordinate {
            point [
                -0.151 -0.1377 2.4253, -0.151 -0.1377 2.3689, -0.151 -0.1279 2.4253, -0.151 -0.1279 2.3591, -0.135 -0.1279 2.4453, -0.135 -0.1377 2.4453, -0.0599 -0.1279 2.4453, -0.0599 -0.1377 2.4453, -0.0439 -0.1279 2.4253, -0.0439 -0.1377 2.4253
            ]
        }
        coordIndex [
            0,1,2,-1,2,1,3,-1,2,4,0,-1,0,4,5,-1,4,6,5,-1,5,6,7,-1,6,8,7,-1,7,8,9,-1,
        ]
    }
}
Shape{
    appearance Appearance {
        material  Material 	{
            diffuseColor 1.0 0.807843137254902 0.4980392156862745
            specularColor 1.0 0.807843137254902 0.4980392156862745
            ambientIntensity 0.83
            transparency 0.0
            shininess 0.5
        }
    }
    geometry IndexedFaceSet {
        ccw TRUE
        solid FALSE
        coord DEF co Coordinate {
            point [
                1.123 -0.4448 0.0669, 1.0443 -0.4448 0.0669, 1.123 -0.4458 0.0581, 1.0443 -0.4458 0.0581, 1.123 -0.4488 0.0497, 1.0443 -0.4488 0.0497, 1.123 -0.4535 0.0423, 1.0443 -0.4535 0.0423, 1.123 -0.4598 0.036, 1.0443 -0.4598 0.036, 1.123 -0.4674 0.0313, 1.0443 -0.4674 0.0313, 1.123 -0.4758 0.0285, 1.0443 -0.4758 0.0285, 1.123 -0.4842 0.0276, 1.0443 -0.4842 0.0276, 1.123 -0.4409 0.0669, 1.123 -0.4409 0.0707, 1.0443 -0.4409 0.0669, 1.0443 -0.4431 0.0707
            ]
        }
        coordIndex [
            0,1,2,-1,2,1,3,-1,2,3,4,-1,4,3,5,-1,4,5,6,-1,6,5,7,-1,6,7,8,-1,8,7,9,-1,8,9,10,-1,10,9,11,-1,10,11,12,-1,12,11,13,-1,12,13,14,-1,14,13,15,-1,16,17,18,-1,18,17,19,-1,
        ]
    }
}
Shape{
    appearance Appearance {
        material  Material 	{
            diffuseColor 0.25098039215686274 0.25098039215686274 0.25098039215686274
            specularColor 0.2196078431372549 0.2196078431372549 0.2196078431372549
            ambientIntensity 0.251
            transparency 0.0
            shininess 0.5
        }
    }
    geometry IndexedFaceSet {
        ccw TRUE
        solid FALSE
        coord DEF co Coordinate {
            point [
                1.123 -0.4452 0.0669, 1.0443 -0.4452 0.0669, 1.123 -0.4452 0.0707, 1.0443 -0.4431 0.0707, 1.123 -0.4767 0.0327, 1.123 -0.4842 0.0319, 1.0443 -0.4842 0.0319, 1.0443 -0.4767 0.0327, 1.0443 -0.4692 0.0353, 1.123 -0.4692 0.0353, 1.0443 -0.4625 0.0394, 1.123 -0.4625 0.0394, 1.0443 -0.4569 0.045, 1.123 -0.4569 0.045, 1.0443 -0.4527 0.0516, 1.123 -0.4527 0.0516, 1.0443 -0.4501 0.0591, 1.123 -0.4501 0.0591, 1.0443 -0.4492 0.0669, 1.123 -0.4492 0.0669, 1.123 -0.4842 0.0276, 1.123 -0.5688 0.0276, 1.0443 -0.4842 0.0276, 1.0443 -0.5688 0.0276
            ]
        }
        coordIndex [
            0,1,2,-1,2,1,3,-1,4,5,6,-1,6,7,4,-1,4,7,8,-1,4,8,9,-1,9,8,10,-1,9,10,11,-1,11,10,12,-1,11,12,13,-1,13,12,14,-1,13,14,15,-1,15,14,16,-1,15,16,17,-1,17,16,18,-1,17,18,19,-1,20,21,22,-1,22,21,23,-1,
        ]
    }
}
Shape{
    appearance Appearance {
        material  Material 	{
            diffuseColor 1.0 0.807843137254902 0.4980392156862745
            specularColor 1.0 0.807843137254902 0.4980392156862745
            ambientIntensity 0.83
            transparency 0.0
            shininess 0.5
        }
    }
    geometry IndexedFaceSet {
        ccw TRUE
        solid FALSE
        coord DEF co Coordinate {
            point [
                -1.0423 -0.4448 0.0669, -1.1211 -0.445 0.0688, -1.0423 -0.4454 0.06, -1.1211 -0.4465 0.0602, -1.0423 -0.4481 0.0512, -1.1211 -0.4481 0.0512, -1.0423 -0.4527 0.0433, -1.1211 -0.4527 0.0433, -1.0423 -0.4591 0.0366, -1.1211 -0.4591 0.0366, -1.0423 -0.4668 0.0316, -1.1211 -0.4668 0.0316, -1.0423 -0.4754 0.0285, -1.1211 -0.4754 0.0285, -1.0423 -0.4842 0.0276, -1.1211 -0.4842 0.0276, -1.0423 -0.4409 0.0669, -1.0817 -0.4409 0.0707, -1.0423 -0.4431 0.0707
            ]
        }
        coordIndex [
            0,1,2,-1,2,1,3,-1,2,3,4,-1,4,3,5,-1,4,5,6,-1,6,5,7,-1,6,7,8,-1,8,7,9,-1,8,9,10,-1,10,9,11,-1,10,11,12,-1,12,11,13,-1,12,13,14,-1,14,13,15,-1,1,16,17,-1,17,16,18,-1,
        ]
    }
}
Shape{
    appearance Appearance {
        material  Material 	{
            diffuseColor 0.25098039215686274 0.25098039215686274 0.25098039215686274
            specularColor 0.2196078431372549 0.2196078431372549 0.2196078431372549
            ambientIntensity 0.251
            transparency 0.0
            shininess 0.5
        }
    }
    geometry IndexedFaceSet {
        ccw TRUE
        solid FALSE
        coord DEF co Coordinate {
            point [
                -1.0423 -0.4431 0.0707, -1.0423 -0.4452 0.0669, -1.0817 -0.4452 0.0707, -1.1211 -0.445 0.0688, -1.1211 -0.4488 0.0604, -1.0423 -0.4492 0.0669, -1.0423 -0.4764 0.0328, -1.0423 -0.4842 0.0319, -1.1211 -0.4842 0.0319, -1.0423 -0.4497 0.0608, -1.0423 -0.4521 0.053, -1.1211 -0.4521 0.053, -1.0423 -0.4562 0.0459, -1.1211 -0.4562 0.0459, -1.0423 -0.4618 0.04, -1.1211 -0.4618 0.04, -1.0423 -0.4687 0.0355, -1.1211 -0.4687 0.0355, -1.1211 -0.4764 0.0328, -1.0423 -0.4842 0.0276, -1.0423 -0.5688 0.0276, -1.1211 -0.4842 0.0276, -1.1211 -0.5688 0.0276
            ]
        }
        coordIndex [
            0,1,2,-1,2,1,3,-1,4,3,5,-1,6,7,8,-1,5,9,4,-1,4,9,10,-1,4,10,11,-1,11,10,12,-1,11,12,13,-1,13,12,14,-1,13,14,15,-1,15,14,16,-1,15,16,17,-1,17,16,6,-1,17,6,18,-1,18,6,8,-1,19,20,21,-1,21,20,22,-1,
        ]
    }
}
Shape{
    appearance Appearance {
        material  Material 	{
            diffuseColor 1.0 0.807843137254902 0.4980392156862745
            specularColor 1.0 0.807843137254902 0.4980392156862745
            ambientIntensity 0.83
            transparency 0.0
            shininess 0.5
        }
    }
    geometry IndexedFaceSet {
        ccw TRUE
        solid FALSE
        coord DEF co Coordinate {
            point [
                0.5325 -0.4448 0.0669, 0.4537 -0.4448 0.0669, 0.5325 -0.4458 0.0581, 0.4537 -0.4458 0.0581, 0.5325 -0.4488 0.0497, 0.4537 -0.4488 0.0497, 0.5325 -0.4535 0.0423, 0.4537 -0.4535 0.0423, 0.5325 -0.4598 0.036, 0.4537 -0.4598 0.036, 0.5325 -0.4674 0.0313, 0.4537 -0.4674 0.0313, 0.5325 -0.4758 0.0285, 0.4537 -0.4758 0.0285, 0.5325 -0.4842 0.0276, 0.4537 -0.4842 0.0276, 0.4537 -0.4431 0.0707, 0.4537 -0.4409 0.0669, 0.4931 -0.4409 0.0707, 0.5325 -0.4409 0.0669, 0.5325 -0.4431 0.0707
            ]
        }
        coordIndex [
            0,1,2,-1,2,1,3,-1,2,3,4,-1,4,3,5,-1,4,5,6,-1,6,5,7,-1,6,7,8,-1,8,7,9,-1,8,9,10,-1,10,9,11,-1,10,11,12,-1,12,11,13,-1,12,13,14,-1,14,13,15,-1,16,17,18,-1,18,17,19,-1,18,19,20,-1,
        ]
    }
}
Shape{
    appearance Appearance {
        material  Material 	{
            diffuseColor 0.25098039215686274 0.25098039215686274 0.25098039215686274
            specularColor 0.2196078431372549 0.2196078431372549 0.2196078431372549
            ambientIntensity 0.251
            transparency 0.0
            shininess 0.5
        }
    }
    geometry IndexedFaceSet {
        ccw TRUE
        solid FALSE
        coord DEF co Coordinate {
            point [
                0.5325 -0.4431 0.0707, 0.5325 -0.4452 0.0669, 0.4931 -0.4452 0.0707, 0.4537 -0.4452 0.0669, 0.4537 -0.4431 0.0707, 0.5325 -0.4767 0.0327, 0.5325 -0.4842 0.0319, 0.4537 -0.4842 0.0319, 0.4537 -0.4767 0.0327, 0.4537 -0.4692 0.0353, 0.5325 -0.4692 0.0353, 0.4537 -0.4625 0.0394, 0.5325 -0.4625 0.0394, 0.4537 -0.4569 0.045, 0.5325 -0.4569 0.045, 0.4537 -0.4527 0.0516, 0.5325 -0.4527 0.0516, 0.4537 -0.4501 0.0591, 0.5325 -0.4501 0.0591, 0.4537 -0.4492 0.0669, 0.5325 -0.4492 0.0669, 0.5325 -0.5688 0.0276, 0.4537 -0.5688 0.0276, 0.5325 -0.4842 0.0276, 0.4537 -0.4842 0.0276
            ]
        }
        coordIndex [
            0,1,2,-1,2,1,3,-1,2,3,4,-1,5,6,7,-1,7,8,5,-1,5,8,9,-1,5,9,10,-1,10,9,11,-1,10,11,12,-1,12,11,13,-1,12,13,14,-1,14,13,15,-1,14,15,16,-1,16,15,17,-1,16,17,18,-1,18,17,19,-1,18,19,20,-1,21,22,23,-1,23,22,24,-1,
        ]
    }
}
Shape{
    appearance Appearance {
        material  Material 	{
            diffuseColor 1.0 0.807843137254902 0.4980392156862745
            specularColor 1.0 0.807843137254902 0.4980392156862745
            ambientIntensity 0.83
            transparency 0.0
            shininess 0.5
        }
    }
    geometry IndexedFaceSet {
        ccw TRUE
        solid FALSE
        coord DEF co Coordinate {
            point [
                0.3356 -0.4409 0.0669, 0.2569 -0.4409 0.0669, 0.3356 -0.442 0.0572, 0.2569 -0.442 0.0572, 0.3356 -0.4452 0.048, 0.2569 -0.4452 0.048, 0.3356 -0.4505 0.0398, 0.2569 -0.4505 0.0398, 0.3356 -0.4574 0.0329, 0.2569 -0.4574 0.0329, 0.3356 -0.4657 0.0278, 0.2569 -0.4657 0.0278, 0.3356 -0.4749 0.0246, 0.2569 -0.4749 0.0246, 0.3356 -0.4842 0.0236, 0.2569 -0.4842 0.0236, 0.2569 -0.445 0.0707, 0.2569 -0.4448 0.0669, 0.2963 -0.4448 0.0707, 0.3356 -0.4448 0.0669, 0.3356 -0.445 0.0707
            ]
        }
        coordIndex [
            0,1,2,-1,2,1,3,-1,2,3,4,-1,4,3,5,-1,4,5,6,-1,6,5,7,-1,6,7,8,-1,8,7,9,-1,8,9,10,-1,10,9,11,-1,10,11,12,-1,12,11,13,-1,12,13,14,-1,14,13,15,-1,16,17,18,-1,18,17,19,-1,18,19,20,-1,
        ]
    }
}
Shape{
    appearance Appearance {
        material  Material 	{
            diffuseColor 0.25098039215686274 0.25098039215686274 0.25098039215686274
            specularColor 0.2196078431372549 0.2196078431372549 0.2196078431372549
            ambientIntensity 0.251
            transparency 0.0
            shininess 0.5
        }
    }
    geometry IndexedFaceSet {
        ccw TRUE
        solid FALSE
        coord DEF co Coordinate {
            point [
                0.3356 -0.445 0.0707, 0.3356 -0.445 0.0669, 0.2963 -0.4452 0.0707, 0.2569 -0.445 0.0669, 0.2569 -0.445 0.0707, 0.2569 -0.4454 0.0603, 0.3356 -0.4454 0.0603, 0.3356 -0.4482 0.051, 0.2569 -0.4482 0.051, 0.3356 -0.4531 0.0427, 0.2569 -0.4531 0.0427, 0.3356 -0.46 0.0359, 0.2569 -0.46 0.0359, 0.3356 -0.4683 0.0309, 0.2569 -0.4683 0.0309, 0.3356 -0.4776 0.0281, 0.2569 -0.4776 0.0281, 0.3356 -0.4842 0.0276, 0.2569 -0.4842 0.0276, 0.3356 -0.5688 0.0319, 0.2569 -0.5688 0.0319, 0.3356 -0.4842 0.0319, 0.2569 -0.4842 0.0319
            ]
        }
        coordIndex [
            0,1,2,-1,2,1,3,-1,2,3,4,-1,5,3,1,-1,1,6,5,-1,5,6,7,-1,5,7,8,-1,8,7,9,-1,8,9,10,-1,10,9,11,-1,10,11,12,-1,12,11,13,-1,12,13,14,-1,14,13,15,-1,14,15,16,-1,16,15,17,-1,16,17,18,-1,19,20,21,-1,21,20,22,-1,
        ]
    }
}
Shape{
    appearance Appearance {
        material  Material 	{
            diffuseColor 1.0 0.807843137254902 0.4980392156862745
            specularColor 1.0 0.807843137254902 0.4980392156862745
            ambientIntensity 0.83
            transparency 0.0
            shininess 0.5
        }
    }
    geometry IndexedFaceSet {
        ccw TRUE
        solid FALSE
        coord DEF co Coordinate {
            point [
                0.1388 -0.4448 0.0669, 0.06 -0.4448 0.0669, 0.1388 -0.4458 0.0581, 0.06 -0.4458 0.0581, 0.1388 -0.4488 0.0497, 0.06 -0.4488 0.0497, 0.1388 -0.4535 0.0423, 0.06 -0.4535 0.0423, 0.1388 -0.4598 0.036, 0.06 -0.4598 0.036, 0.1388 -0.4674 0.0313, 0.06 -0.4674 0.0313, 0.1388 -0.4758 0.0285, 0.06 -0.4758 0.0285, 0.1388 -0.4842 0.0276, 0.06 -0.4842 0.0276, 0.06 -0.4431 0.0707, 0.06 -0.4409 0.0669, 0.0994 -0.4409 0.0707, 0.1388 -0.4409 0.0669, 0.1388 -0.4431 0.0707
            ]
        }
        coordIndex [
            0,1,2,-1,2,1,3,-1,2,3,4,-1,4,3,5,-1,4,5,6,-1,6,5,7,-1,6,7,8,-1,8,7,9,-1,8,9,10,-1,10,9,11,-1,10,11,12,-1,12,11,13,-1,12,13,14,-1,14,13,15,-1,16,17,18,-1,18,17,19,-1,18,19,20,-1,
        ]
    }
}
Shape{
    appearance Appearance {
        material  Material 	{
            diffuseColor 0.25098039215686274 0.25098039215686274 0.25098039215686274
            specularColor 0.2196078431372549 0.2196078431372549 0.2196078431372549
            ambientIntensity 0.251
            transparency 0.0
            shininess 0.5
        }
    }
    geometry IndexedFaceSet {
        ccw TRUE
        solid FALSE
        coord DEF co Coordinate {
            point [
                0.1388 -0.4431 0.0707, 0.1388 -0.4452 0.0669, 0.0994 -0.4452 0.0707, 0.06 -0.4452 0.0669, 0.06 -0.4431 0.0707, 0.1388 -0.4767 0.0327, 0.1388 -0.4842 0.0319, 0.06 -0.4842 0.0319, 0.06 -0.4767 0.0327, 0.06 -0.4692 0.0353, 0.1388 -0.4692 0.0353, 0.06 -0.4625 0.0394, 0.1388 -0.4625 0.0394, 0.06 -0.4569 0.045, 0.1388 -0.4569 0.045, 0.06 -0.4527 0.0516, 0.1388 -0.4527 0.0516, 0.06 -0.4501 0.0591, 0.1388 -0.4501 0.0591, 0.06 -0.4492 0.0669, 0.1388 -0.4492 0.0669, 0.1388 -0.5688 0.0276, 0.06 -0.5688 0.0276, 0.1388 -0.4842 0.0276, 0.06 -0.4842 0.0276
            ]
        }
        coordIndex [
            0,1,2,-1,2,1,3,-1,2,3,4,-1,5,6,7,-1,7,8,5,-1,5,8,9,-1,5,9,10,-1,10,9,11,-1,10,11,12,-1,12,11,13,-1,12,13,14,-1,14,13,15,-1,14,15,16,-1,16,15,17,-1,16,17,18,-1,18,17,19,-1,18,19,20,-1,21,22,23,-1,23,22,24,-1,
        ]
    }
}
Shape{
    appearance Appearance {
        material  Material 	{
            diffuseColor 1.0 0.807843137254902 0.4980392156862745
            specularColor 1.0 0.807843137254902 0.4980392156862745
            ambientIntensity 0.83
            transparency 0.0
            shininess 0.5
        }
    }
    geometry IndexedFaceSet {
        ccw TRUE
        solid FALSE
        coord DEF co Coordinate {
            point [
                -0.0974 -0.4409 0.0669, -0.1368 -0.4452 0.0688, -0.1368 -0.4424 0.0557, -0.0581 -0.4452 0.0688, -0.0581 -0.4424 0.0557, -0.0581 -0.4467 0.0453, -0.1368 -0.4467 0.0453, -0.0581 -0.4536 0.0363, -0.1368 -0.4536 0.0363, -0.0581 -0.4625 0.0294, -0.1368 -0.4625 0.0294, -0.0581 -0.473 0.0251, -0.1368 -0.473 0.0251, -0.0581 -0.4842 0.0236, -0.1368 -0.4842 0.0236, -0.0974 -0.4409 0.0707
            ]
        }
        coordIndex [
            0,1,2,-1,3,0,4,-1,4,0,2,-1,4,2,5,-1,5,2,6,-1,5,6,7,-1,7,6,8,-1,7,8,9,-1,9,8,10,-1,9,10,11,-1,11,10,12,-1,11,12,13,-1,13,12,14,-1,3,15,0,-1,0,15,1,-1,
        ]
    }
}
Shape{
    appearance Appearance {
        material  Material 	{
            diffuseColor 0.25098039215686274 0.25098039215686274 0.25098039215686274
            specularColor 0.2196078431372549 0.2196078431372549 0.2196078431372549
            ambientIntensity 0.251
            transparency 0.0
            shininess 0.5
        }
    }
    geometry IndexedFaceSet {
        ccw TRUE
        solid FALSE
        coord DEF co Coordinate {
            point [
                -0.1368 -0.4452 0.0688, -0.0974 -0.4448 0.0707, -0.0974 -0.4448 0.0669, -0.0581 -0.4452 0.0688, -0.0974 -0.449 0.0669, -0.0581 -0.4498 0.0591, -0.1368 -0.4498 0.0591, -0.0581 -0.4525 0.0517, -0.1368 -0.4525 0.0517, -0.0581 -0.4567 0.045, -0.1368 -0.4567 0.045, -0.0581 -0.4622 0.0395, -0.1368 -0.4622 0.0395, -0.0581 -0.4689 0.0353, -0.1368 -0.4689 0.0353, -0.0581 -0.4764 0.0327, -0.1368 -0.4764 0.0327, -0.0581 -0.4842 0.0319, -0.1368 -0.4842 0.0319, -0.0581 -0.5688 0.0276, -0.1368 -0.5688 0.0276, -0.0581 -0.4842 0.0276, -0.1368 -0.4842 0.0276
            ]
        }
        coordIndex [
            0,1,2,-1,2,1,3,-1,4,3,5,-1,6,7,8,-1,8,7,9,-1,8,9,10,-1,10,9,11,-1,10,11,12,-1,12,11,13,-1,12,13,14,-1,14,13,15,-1,14,15,16,-1,16,15,17,-1,16,17,18,-1,0,4,6,-1,6,4,5,-1,6,5,7,-1,19,20,21,-1,21,20,22,-1,
        ]
    }
}
Shape{
    appearance Appearance {
        material  Material 	{
            diffuseColor 1.0 0.807843137254902 0.4980392156862745
            specularColor 1.0 0.807843137254902 0.4980392156862745
            ambientIntensity 0.83
            transparency 0.0
            shininess 0.5
        }
    }
    geometry IndexedFaceSet {
        ccw TRUE
        solid FALSE
        coord DEF co Coordinate {
            point [
                -0.2549 -0.4448 0.0669, -0.3337 -0.4448 0.0669, -0.2549 -0.4458 0.0581, -0.3337 -0.4458 0.0581, -0.2549 -0.4488 0.0497, -0.3337 -0.4488 0.0497, -0.2549 -0.4535 0.0423, -0.3337 -0.4535 0.0423, -0.2549 -0.4598 0.036, -0.3337 -0.4598 0.036, -0.2549 -0.4674 0.0313, -0.3337 -0.4674 0.0313, -0.2549 -0.4758 0.0285, -0.3337 -0.4758 0.0285, -0.2549 -0.4842 0.0276, -0.3337 -0.4842 0.0276, -0.2549 -0.4409 0.0669, -0.2549 -0.4409 0.0707, -0.3337 -0.4409 0.0669, -0.3337 -0.4431 0.0707
            ]
        }
        coordIndex [
            0,1,2,-1,2,1,3,-1,2,3,4,-1,4,3,5,-1,4,5,6,-1,6,5,7,-1,6,7,8,-1,8,7,9,-1,8,9,10,-1,10,9,11,-1,10,11,12,-1,12,11,13,-1,12,13,14,-1,14,13,15,-1,16,17,18,-1,18,17,19,-1,
        ]
    }
}
Shape{
    appearance Appearance {
        material  Material 	{
            diffuseColor 0.25098039215686274 0.25098039215686274 0.25098039215686274
            specularColor 0.2196078431372549 0.2196078431372549 0.2196078431372549
            ambientIntensity 0.251
            transparency 0.0
            shininess 0.5
        }
    }
    geometry IndexedFaceSet {
        ccw TRUE
        solid FALSE
        coord DEF co Coordinate {
            point [
                -0.2549 -0.4452 0.0669, -0.3337 -0.4452 0.0669, -0.2549 -0.4452 0.0707, -0.3337 -0.4431 0.0707, -0.2549 -0.4767 0.0327, -0.2549 -0.4842 0.0319, -0.3337 -0.4842 0.0319, -0.3337 -0.4767 0.0327, -0.3337 -0.4692 0.0353, -0.2549 -0.4692 0.0353, -0.3337 -0.4625 0.0394, -0.2549 -0.4625 0.0394, -0.3337 -0.4569 0.045, -0.2549 -0.4569 0.045, -0.3337 -0.4527 0.0516, -0.2549 -0.4527 0.0516, -0.3337 -0.4501 0.0591, -0.2549 -0.4501 0.0591, -0.3337 -0.4492 0.0669, -0.2549 -0.4492 0.0669, -0.2549 -0.5688 0.0276, -0.3337 -0.5688 0.0276, -0.2549 -0.4842 0.0276, -0.3337 -0.4842 0.0276, -0.4518 -0.5688 0.0276, -0.5305 -0.5688 0.0276, -0.4518 -0.4842 0.0276, -0.5305 -0.4842 0.0276, -0.5305 -0.474 0.0289, -0.4518 -0.474 0.0289, -0.5305 -0.4645 0.0328, -0.4518 -0.4645 0.0328, -0.5305 -0.4564 0.0391, -0.4518 -0.4564 0.0391, -0.5305 -0.4501 0.0472, -0.4518 -0.4501 0.0472, -0.5305 -0.4462 0.0567, -0.4518 -0.4462 0.0567, -0.5305 -0.4448 0.0669, -0.4518 -0.4448 0.0669
            ]
        }
        coordIndex [
            0,1,2,-1,2,1,3,-1,4,5,6,-1,6,7,4,-1,4,7,8,-1,4,8,9,-1,9,8,10,-1,9,10,11,-1,11,10,12,-1,11,12,13,-1,13,12,14,-1,13,14,15,-1,15,14,16,-1,15,16,17,-1,17,16,18,-1,17,18,19,-1,20,21,22,-1,22,21,23,-1,24,25,26,-1,26,25,27,-1,26,27,28,-1,26,28,29,-1,29,28,30,-1,29,30,31,-1,31,30,32,-1,31,32,33,-1,33,32,34,-1,33,34,35,-1,35,34,36,-1,35,36,37,-1,37,36,38,-1,37,38,39,-1,
        ]
    }
}
Shape{
    appearance Appearance {
        material  Material 	{
            diffuseColor 1.0 0.807843137254902 0.4980392156862745
            specularColor 1.0 0.807843137254902 0.4980392156862745
            ambientIntensity 0.83
            transparency 0.0
            shininess 0.5
        }
    }
    geometry IndexedFaceSet {
        ccw TRUE
        solid FALSE
        coord DEF co Coordinate {
            point [
                -0.4518 -0.4409 0.0669, -0.5305 -0.4409 0.0669, -0.4518 -0.442 0.0572, -0.5305 -0.442 0.0572, -0.4518 -0.4452 0.048, -0.5305 -0.4452 0.048, -0.4518 -0.4505 0.0398, -0.5305 -0.4505 0.0398, -0.4518 -0.4574 0.0329, -0.5305 -0.4574 0.0329, -0.4518 -0.4657 0.0278, -0.5305 -0.4657 0.0278, -0.4518 -0.4749 0.0246, -0.5305 -0.4749 0.0246, -0.4518 -0.4842 0.0236, -0.5305 -0.4842 0.0236
            ]
        }
        coordIndex [
            0,1,2,-1,2,1,3,-1,2,3,4,-1,4,3,5,-1,4,5,6,-1,6,5,7,-1,6,7,8,-1,8,7,9,-1,8,9,10,-1,10,9,11,-1,10,11,12,-1,12,11,13,-1,12,13,14,-1,14,13,15,-1,
        ]
    }
}
Shape{
    appearance Appearance {
        material  Material 	{
            diffuseColor 0.25098039215686274 0.25098039215686274 0.25098039215686274
            specularColor 0.2196078431372549 0.2196078431372549 0.2196078431372549
            ambientIntensity 0.251
            transparency 0.0
            shininess 0.5
        }
    }
    geometry IndexedFaceSet {
        ccw TRUE
        solid FALSE
        coord DEF co Coordinate {
            point [
                -0.4518 -0.447 0.0707, -0.4518 -0.4492 0.0669, -0.4911 -0.4492 0.0707, -0.5305 -0.4492 0.0669, -0.5305 -0.447 0.0707
            ]
        }
        coordIndex [
            0,1,2,-1,2,1,3,-1,2,3,4,-1,
        ]
    }
}
Shape{
    appearance Appearance {
        material  Material 	{
            diffuseColor 1.0 0.807843137254902 0.4980392156862745
            specularColor 1.0 0.807843137254902 0.4980392156862745
            ambientIntensity 0.83
            transparency 0.0
            shininess 0.5
        }
    }
    geometry IndexedFaceSet {
        ccw TRUE
        solid FALSE
        coord DEF co Coordinate {
            point [
                -0.5305 -0.447 0.0707, -0.5305 -0.4448 0.0669, -0.4911 -0.4448 0.0707, -0.4518 -0.4448 0.0669, -0.4518 -0.447 0.0707
            ]
        }
        coordIndex [
            0,1,2,-1,2,1,3,-1,2,3,4,-1,
        ]
    }
}
Shape{
    appearance Appearance {
        material  Material 	{
            diffuseColor 0.25098039215686274 0.25098039215686274 0.25098039215686274
            specularColor 0.2196078431372549 0.2196078431372549 0.2196078431372549
            ambientIntensity 0.251
            transparency 0.0
            shininess 0.5
        }
    }
    geometry IndexedFaceSet {
        ccw TRUE
        solid FALSE
        coord DEF co Coordinate {
            point [
                -1.1211 0.4453 0.0707, -1.1211 0.4453 0.0669, -1.0423 0.4453 0.0707, -1.0423 0.4453 0.0669, -1.0423 0.4462 0.0585, -1.1211 0.4462 0.0585, -1.1211 0.4491 0.0501, -1.0423 0.4491 0.0501, -1.1211 0.4538 0.0425, -1.0423 0.4538 0.0425, -1.1211 0.46 0.0362, -1.0423 0.46 0.0362, -1.1211 0.4675 0.0315, -1.0423 0.4675 0.0315, -1.1211 0.4759 0.0286, -1.0423 0.4759 0.0286, -1.1211 0.4847 0.0276, -1.0423 0.4847 0.0276, -1.1211 0.5689 0.0276, -1.0423 0.5689 0.0276
            ]
        }
        coordIndex [
            0,1,2,-1,2,1,3,-1,4,3,1,-1,1,5,4,-1,4,5,6,-1,4,6,7,-1,7,6,8,-1,7,8,9,-1,9,8,10,-1,9,10,11,-1,11,10,12,-1,11,12,13,-1,13,12,14,-1,13,14,15,-1,15,14,16,-1,15,16,17,-1,16,18,17,-1,17,18,19,-1,
        ]
    }
}
Shape{
    appearance Appearance {
        material  Material 	{
            diffuseColor 1.0 0.807843137254902 0.4980392156862745
            specularColor 1.0 0.807843137254902 0.4980392156862745
            ambientIntensity 0.83
            transparency 0.0
            shininess 0.5
        }
    }
    geometry IndexedFaceSet {
        ccw TRUE
        solid FALSE
        coord DEF co Coordinate {
            point [
                -1.0423 0.4847 0.0276, -1.1211 0.4847 0.0276, -1.0423 0.4781 0.0281, -1.1211 0.4781 0.0281, -1.0423 0.4688 0.0309, -1.1211 0.4688 0.0309, -1.0423 0.4605 0.0359, -1.1211 0.4605 0.0359, -1.0423 0.4536 0.0427, -1.1211 0.4536 0.0427, -1.0423 0.4487 0.051, -1.1211 0.4487 0.051, -1.0423 0.4459 0.0603, -1.1211 0.4459 0.0603, -1.0423 0.4451 0.0669, -1.1211 0.4451 0.0669, -1.1211 0.4449 0.0707, -1.0423 0.4449 0.0707
            ]
        }
        coordIndex [
            0,1,2,-1,2,1,3,-1,2,3,4,-1,4,3,5,-1,4,5,6,-1,6,5,7,-1,6,7,8,-1,8,7,9,-1,8,9,10,-1,10,9,11,-1,10,11,12,-1,12,11,13,-1,12,13,14,-1,14,13,15,-1,16,17,15,-1,15,17,14,-1,
        ]
    }
}
Shape{
    appearance Appearance {
        material  Material 	{
            diffuseColor 0.25098039215686274 0.25098039215686274 0.25098039215686274
            specularColor 0.2196078431372549 0.2196078431372549 0.2196078431372549
            ambientIntensity 0.251
            transparency 0.0
            shininess 0.5
        }
    }
    geometry IndexedFaceSet {
        ccw TRUE
        solid FALSE
        coord DEF co Coordinate {
            point [
                -0.5305 0.4453 0.0707, -0.5305 0.4453 0.0669, -0.4518 0.4453 0.0707, -0.4518 0.4453 0.0669, -0.4518 0.4462 0.0585, -0.5305 0.4462 0.0585, -0.5305 0.4491 0.0501, -0.4518 0.4491 0.0501, -0.5305 0.4538 0.0425, -0.4518 0.4538 0.0425, -0.5305 0.46 0.0362, -0.4518 0.46 0.0362, -0.5305 0.4675 0.0315, -0.4518 0.4675 0.0315, -0.5305 0.4759 0.0286, -0.4518 0.4759 0.0286, -0.5305 0.4847 0.0276, -0.4518 0.4847 0.0276, -0.5305 0.5689 0.0276, -0.4518 0.5689 0.0276
            ]
        }
        coordIndex [
            0,1,2,-1,2,1,3,-1,4,3,1,-1,1,5,4,-1,4,5,6,-1,4,6,7,-1,7,6,8,-1,7,8,9,-1,9,8,10,-1,9,10,11,-1,11,10,12,-1,11,12,13,-1,13,12,14,-1,13,14,15,-1,15,14,16,-1,15,16,17,-1,16,18,17,-1,17,18,19,-1,
        ]
    }
}
Shape{
    appearance Appearance {
        material  Material 	{
            diffuseColor 1.0 0.807843137254902 0.4980392156862745
            specularColor 1.0 0.807843137254902 0.4980392156862745
            ambientIntensity 0.83
            transparency 0.0
            shininess 0.5
        }
    }
    geometry IndexedFaceSet {
        ccw TRUE
        solid FALSE
        coord DEF co Coordinate {
            point [
                -0.4518 0.4847 0.0276, -0.5305 0.4847 0.0276, -0.4518 0.4781 0.0281, -0.5305 0.4781 0.0281, -0.4518 0.4688 0.0309, -0.5305 0.4688 0.0309, -0.4518 0.4605 0.0359, -0.5305 0.4605 0.0359, -0.4518 0.4536 0.0427, -0.5305 0.4536 0.0427, -0.4518 0.4487 0.051, -0.5305 0.4487 0.051, -0.4518 0.4459 0.0603, -0.5305 0.4459 0.0603, -0.4518 0.4451 0.0669, -0.5305 0.4451 0.0669, -0.5305 0.4449 0.0707, -0.4518 0.4449 0.0707
            ]
        }
        coordIndex [
            0,1,2,-1,2,1,3,-1,2,3,4,-1,4,3,5,-1,4,5,6,-1,6,5,7,-1,6,7,8,-1,8,7,9,-1,8,9,10,-1,10,9,11,-1,10,11,12,-1,12,11,13,-1,12,13,14,-1,14,13,15,-1,16,17,15,-1,15,17,14,-1,
        ]
    }
}
Shape{
    appearance Appearance {
        material  Material 	{
            diffuseColor 0.25098039215686274 0.25098039215686274 0.25098039215686274
            specularColor 0.2196078431372549 0.2196078431372549 0.2196078431372549
            ambientIntensity 0.251
            transparency 0.0
            shininess 0.5
        }
    }
    geometry IndexedFaceSet {
        ccw TRUE
        solid FALSE
        coord DEF co Coordinate {
            point [
                -0.3337 0.4453 0.0707, -0.3337 0.4453 0.0669, -0.2549 0.4453 0.0707, -0.2549 0.4453 0.0669, -0.2549 0.4462 0.0585, -0.3337 0.4462 0.0585, -0.3337 0.4491 0.0501, -0.2549 0.4491 0.0501, -0.3337 0.4538 0.0425, -0.2549 0.4538 0.0425, -0.3337 0.46 0.0362, -0.2549 0.46 0.0362, -0.3337 0.4675 0.0315, -0.2549 0.4675 0.0315, -0.3337 0.4759 0.0286, -0.2549 0.4759 0.0286, -0.3337 0.4847 0.0276, -0.2549 0.4847 0.0276, -0.3337 0.5689 0.0276, -0.2549 0.5689 0.0276
            ]
        }
        coordIndex [
            0,1,2,-1,2,1,3,-1,4,3,1,-1,1,5,4,-1,4,5,6,-1,4,6,7,-1,7,6,8,-1,7,8,9,-1,9,8,10,-1,9,10,11,-1,11,10,12,-1,11,12,13,-1,13,12,14,-1,13,14,15,-1,15,14,16,-1,15,16,17,-1,16,18,17,-1,17,18,19,-1,
        ]
    }
}
Shape{
    appearance Appearance {
        material  Material 	{
            diffuseColor 1.0 0.807843137254902 0.4980392156862745
            specularColor 1.0 0.807843137254902 0.4980392156862745
            ambientIntensity 0.83
            transparency 0.0
            shininess 0.5
        }
    }
    geometry IndexedFaceSet {
        ccw TRUE
        solid FALSE
        coord DEF co Coordinate {
            point [
                -0.2549 0.4847 0.0276, -0.3337 0.4847 0.0276, -0.2549 0.4781 0.0281, -0.3337 0.4781 0.0281, -0.2549 0.4688 0.0309, -0.3337 0.4688 0.0309, -0.2549 0.4605 0.0359, -0.3337 0.4605 0.0359, -0.2549 0.4536 0.0427, -0.3337 0.4536 0.0427, -0.2549 0.4487 0.051, -0.3337 0.4487 0.051, -0.2549 0.4459 0.0603, -0.3337 0.4459 0.0603, -0.2549 0.4451 0.0669, -0.3337 0.4451 0.0669, -0.3337 0.4449 0.0707, -0.2549 0.4449 0.0707
            ]
        }
        coordIndex [
            0,1,2,-1,2,1,3,-1,2,3,4,-1,4,3,5,-1,4,5,6,-1,6,5,7,-1,6,7,8,-1,8,7,9,-1,8,9,10,-1,10,9,11,-1,10,11,12,-1,12,11,13,-1,12,13,14,-1,14,13,15,-1,16,17,15,-1,15,17,14,-1,
        ]
    }
}
Shape{
    appearance Appearance {
        material  Material 	{
            diffuseColor 0.25098039215686274 0.25098039215686274 0.25098039215686274
            specularColor 0.2196078431372549 0.2196078431372549 0.2196078431372549
            ambientIntensity 0.251
            transparency 0.0
            shininess 0.5
        }
    }
    geometry IndexedFaceSet {
        ccw TRUE
        solid FALSE
        coord DEF co Coordinate {
            point [
                -0.1368 0.4453 0.0707, -0.1368 0.4453 0.0669, -0.0581 0.4453 0.0707, -0.0581 0.4453 0.0669, -0.0581 0.4462 0.0585, -0.1368 0.4462 0.0585, -0.1368 0.4491 0.0501, -0.0581 0.4491 0.0501, -0.1368 0.4538 0.0425, -0.0581 0.4538 0.0425, -0.1368 0.46 0.0362, -0.0581 0.46 0.0362, -0.1368 0.4675 0.0315, -0.0581 0.4675 0.0315, -0.1368 0.4759 0.0286, -0.0581 0.4759 0.0286, -0.1368 0.4847 0.0276, -0.0581 0.4847 0.0276, -0.1368 0.5689 0.0276, -0.0581 0.5689 0.0276
            ]
        }
        coordIndex [
            0,1,2,-1,2,1,3,-1,4,3,1,-1,1,5,4,-1,4,5,6,-1,4,6,7,-1,7,6,8,-1,7,8,9,-1,9,8,10,-1,9,10,11,-1,11,10,12,-1,11,12,13,-1,13,12,14,-1,13,14,15,-1,15,14,16,-1,15,16,17,-1,16,18,17,-1,17,18,19,-1,
        ]
    }
}
Shape{
    appearance Appearance {
        material  Material 	{
            diffuseColor 1.0 0.807843137254902 0.4980392156862745
            specularColor 1.0 0.807843137254902 0.4980392156862745
            ambientIntensity 0.83
            transparency 0.0
            shininess 0.5
        }
    }
    geometry IndexedFaceSet {
        ccw TRUE
        solid FALSE
        coord DEF co Coordinate {
            point [
                -0.0581 0.4847 0.0276, -0.1368 0.4847 0.0276, -0.0581 0.4781 0.0281, -0.1368 0.4781 0.0281, -0.0581 0.4688 0.0309, -0.1368 0.4688 0.0309, -0.0581 0.4605 0.0359, -0.1368 0.4605 0.0359, -0.0581 0.4536 0.0427, -0.1368 0.4536 0.0427, -0.0581 0.4487 0.051, -0.1368 0.4487 0.051, -0.0581 0.4459 0.0603, -0.1368 0.4459 0.0603, -0.0581 0.4451 0.0669, -0.1368 0.4451 0.0669, -0.1368 0.4449 0.0707, -0.0581 0.4449 0.0707
            ]
        }
        coordIndex [
            0,1,2,-1,2,1,3,-1,2,3,4,-1,4,3,5,-1,4,5,6,-1,6,5,7,-1,6,7,8,-1,8,7,9,-1,8,9,10,-1,10,9,11,-1,10,11,12,-1,12,11,13,-1,12,13,14,-1,14,13,15,-1,16,17,15,-1,15,17,14,-1,
        ]
    }
}
Shape{
    appearance Appearance {
        material  Material 	{
            diffuseColor 0.25098039215686274 0.25098039215686274 0.25098039215686274
            specularColor 0.2196078431372549 0.2196078431372549 0.2196078431372549
            ambientIntensity 0.251
            transparency 0.0
            shininess 0.5
        }
    }
    geometry IndexedFaceSet {
        ccw TRUE
        solid FALSE
        coord DEF co Coordinate {
            point [
                0.06 0.4453 0.0707, 0.06 0.4453 0.0669, 0.1388 0.4453 0.0707, 0.1388 0.4453 0.0669, 0.1388 0.4462 0.0585, 0.06 0.4462 0.0585, 0.06 0.4491 0.0501, 0.1388 0.4491 0.0501, 0.06 0.4538 0.0425, 0.1388 0.4538 0.0425, 0.06 0.46 0.0362, 0.1388 0.46 0.0362, 0.06 0.4675 0.0315, 0.1388 0.4675 0.0315, 0.06 0.4759 0.0286, 0.1388 0.4759 0.0286, 0.06 0.4847 0.0276, 0.1388 0.4847 0.0276, 0.06 0.5689 0.0276, 0.1388 0.5689 0.0276
            ]
        }
        coordIndex [
            0,1,2,-1,2,1,3,-1,4,3,1,-1,1,5,4,-1,4,5,6,-1,4,6,7,-1,7,6,8,-1,7,8,9,-1,9,8,10,-1,9,10,11,-1,11,10,12,-1,11,12,13,-1,13,12,14,-1,13,14,15,-1,15,14,16,-1,15,16,17,-1,16,18,17,-1,17,18,19,-1,
        ]
    }
}
Shape{
    appearance Appearance {
        material  Material 	{
            diffuseColor 1.0 0.807843137254902 0.4980392156862745
            specularColor 1.0 0.807843137254902 0.4980392156862745
            ambientIntensity 0.83
            transparency 0.0
            shininess 0.5
        }
    }
    geometry IndexedFaceSet {
        ccw TRUE
        solid FALSE
        coord DEF co Coordinate {
            point [
                0.1388 0.4847 0.0276, 0.06 0.4847 0.0276, 0.1388 0.4781 0.0281, 0.06 0.4781 0.0281, 0.1388 0.4688 0.0309, 0.06 0.4688 0.0309, 0.1388 0.4605 0.0359, 0.06 0.4605 0.0359, 0.1388 0.4536 0.0427, 0.06 0.4536 0.0427, 0.1388 0.4487 0.051, 0.06 0.4487 0.051, 0.1388 0.4459 0.0603, 0.06 0.4459 0.0603, 0.1388 0.4451 0.0669, 0.06 0.4451 0.0669, 0.06 0.4449 0.0707, 0.1388 0.4449 0.0707
            ]
        }
        coordIndex [
            0,1,2,-1,2,1,3,-1,2,3,4,-1,4,3,5,-1,4,5,6,-1,6,5,7,-1,6,7,8,-1,8,7,9,-1,8,9,10,-1,10,9,11,-1,10,11,12,-1,12,11,13,-1,12,13,14,-1,14,13,15,-1,16,17,15,-1,15,17,14,-1,
        ]
    }
}
Shape{
    appearance Appearance {
        material  Material 	{
            diffuseColor 0.25098039215686274 0.25098039215686274 0.25098039215686274
            specularColor 0.2196078431372549 0.2196078431372549 0.2196078431372549
            ambientIntensity 0.251
            transparency 0.0
            shininess 0.5
        }
    }
    geometry IndexedFaceSet {
        ccw TRUE
        solid FALSE
        coord DEF co Coordinate {
            point [
                0.2569 0.4453 0.0707, 0.2569 0.4453 0.0669, 0.3356 0.4453 0.0707, 0.3356 0.4453 0.0669, 0.3356 0.4462 0.0585, 0.2569 0.4462 0.0585, 0.2569 0.4491 0.0501, 0.3356 0.4491 0.0501, 0.2569 0.4538 0.0425, 0.3356 0.4538 0.0425, 0.2569 0.46 0.0362, 0.3356 0.46 0.0362, 0.2569 0.4675 0.0315, 0.3356 0.4675 0.0315, 0.2569 0.4759 0.0286, 0.3356 0.4759 0.0286, 0.2569 0.4847 0.0276, 0.3356 0.4847 0.0276, 0.2569 0.5689 0.0276, 0.3356 0.5689 0.0276
            ]
        }
        coordIndex [
            0,1,2,-1,2,1,3,-1,4,3,1,-1,1,5,4,-1,4,5,6,-1,4,6,7,-1,7,6,8,-1,7,8,9,-1,9,8,10,-1,9,10,11,-1,11,10,12,-1,11,12,13,-1,13,12,14,-1,13,14,15,-1,15,14,16,-1,15,16,17,-1,16,18,17,-1,17,18,19,-1,
        ]
    }
}
Shape{
    appearance Appearance {
        material  Material 	{
            diffuseColor 1.0 0.807843137254902 0.4980392156862745
            specularColor 1.0 0.807843137254902 0.4980392156862745
            ambientIntensity 0.83
            transparency 0.0
            shininess 0.5
        }
    }
    geometry IndexedFaceSet {
        ccw TRUE
        solid FALSE
        coord DEF co Coordinate {
            point [
                0.3356 0.4847 0.0276, 0.2569 0.4847 0.0276, 0.3356 0.4781 0.0281, 0.2569 0.4781 0.0281, 0.3356 0.4688 0.0309, 0.2569 0.4688 0.0309, 0.3356 0.4605 0.0359, 0.2569 0.4605 0.0359, 0.3356 0.4536 0.0427, 0.2569 0.4536 0.0427, 0.3356 0.4487 0.051, 0.2569 0.4487 0.051, 0.3356 0.4459 0.0603, 0.2569 0.4459 0.0603, 0.3356 0.4451 0.0669, 0.2569 0.4451 0.0669, 0.2569 0.4449 0.0707, 0.3356 0.4449 0.0707
            ]
        }
        coordIndex [
            0,1,2,-1,2,1,3,-1,2,3,4,-1,4,3,5,-1,4,5,6,-1,6,5,7,-1,6,7,8,-1,8,7,9,-1,8,9,10,-1,10,9,11,-1,10,11,12,-1,12,11,13,-1,12,13,14,-1,14,13,15,-1,16,17,15,-1,15,17,14,-1,
        ]
    }
}
Shape{
    appearance Appearance {
        material  Material 	{
            diffuseColor 0.25098039215686274 0.25098039215686274 0.25098039215686274
            specularColor 0.2196078431372549 0.2196078431372549 0.2196078431372549
            ambientIntensity 0.251
            transparency 0.0
            shininess 0.5
        }
    }
    geometry IndexedFaceSet {
        ccw TRUE
        solid FALSE
        coord DEF co Coordinate {
            point [
                0.4537 0.4453 0.0707, 0.4537 0.4453 0.0669, 0.5325 0.4453 0.0707, 0.5325 0.4453 0.0669, 0.5325 0.4462 0.0585, 0.4537 0.4462 0.0585, 0.4537 0.4491 0.0501, 0.5325 0.4491 0.0501, 0.4537 0.4538 0.0425, 0.5325 0.4538 0.0425, 0.4537 0.46 0.0362, 0.5325 0.46 0.0362, 0.4537 0.4675 0.0315, 0.5325 0.4675 0.0315, 0.4537 0.4759 0.0286, 0.5325 0.4759 0.0286, 0.4537 0.4847 0.0276, 0.5325 0.4847 0.0276, 0.4537 0.5689 0.0276, 0.5325 0.5689 0.0276
            ]
        }
        coordIndex [
            0,1,2,-1,2,1,3,-1,4,3,1,-1,1,5,4,-1,4,5,6,-1,4,6,7,-1,7,6,8,-1,7,8,9,-1,9,8,10,-1,9,10,11,-1,11,10,12,-1,11,12,13,-1,13,12,14,-1,13,14,15,-1,15,14,16,-1,15,16,17,-1,16,18,17,-1,17,18,19,-1,
        ]
    }
}
Shape{
    appearance Appearance {
        material  Material 	{
            diffuseColor 1.0 0.807843137254902 0.4980392156862745
            specularColor 1.0 0.807843137254902 0.4980392156862745
            ambientIntensity 0.83
            transparency 0.0
            shininess 0.5
        }
    }
    geometry IndexedFaceSet {
        ccw TRUE
        solid FALSE
        coord DEF co Coordinate {
            point [
                0.5325 0.4847 0.0276, 0.4537 0.4847 0.0276, 0.5325 0.4781 0.0281, 0.4537 0.4781 0.0281, 0.5325 0.4688 0.0309, 0.4537 0.4688 0.0309, 0.5325 0.4605 0.0359, 0.4537 0.4605 0.0359, 0.5325 0.4536 0.0427, 0.4537 0.4536 0.0427, 0.5325 0.4487 0.051, 0.4537 0.4487 0.051, 0.5325 0.4459 0.0603, 0.4537 0.4459 0.0603, 0.5325 0.4451 0.0669, 0.4537 0.4451 0.0669, 0.4537 0.4449 0.0707, 0.5325 0.4449 0.0707, 1.123 0.4847 0.0276, 1.0443 0.4847 0.0276, 1.123 0.4781 0.0281, 1.0443 0.4781 0.0281, 1.123 0.4688 0.0309, 1.0443 0.4688 0.0309, 1.123 0.4605 0.0359, 1.0443 0.4605 0.0359, 1.123 0.4536 0.0427, 1.0443 0.4536 0.0427, 1.123 0.4487 0.051, 1.0443 0.4487 0.051, 1.123 0.4459 0.0603, 1.0443 0.4459 0.0603, 1.123 0.4451 0.0669, 1.0443 0.4451 0.0669
            ]
        }
        coordIndex [
            0,1,2,-1,2,1,3,-1,2,3,4,-1,4,3,5,-1,4,5,6,-1,6,5,7,-1,6,7,8,-1,8,7,9,-1,8,9,10,-1,10,9,11,-1,10,11,12,-1,12,11,13,-1,12,13,14,-1,14,13,15,-1,16,17,15,-1,15,17,14,-1,18,19,20,-1,20,19,21,-1,20,21,22,-1,22,21,23,-1,22,23,24,-1,24,23,25,-1,24,25,26,-1,26,25,27,-1,26,27,28,-1,28,27,29,-1,28,29,30,-1,30,29,31,-1,30,31,32,-1,32,31,33,-1,
        ]
    }
}
Shape{
    appearance Appearance {
        material  Material 	{
            diffuseColor 0.25098039215686274 0.25098039215686274 0.25098039215686274
            specularColor 0.2196078431372549 0.2196078431372549 0.2196078431372549
            ambientIntensity 0.251
            transparency 0.0
            shininess 0.5
        }
    }
    geometry IndexedFaceSet {
        ccw TRUE
        solid FALSE
        coord DEF co Coordinate {
            point [
                1.0443 0.4847 0.0276, 1.0443 0.5689 0.0276, 1.123 0.4847 0.0276, 1.123 0.5689 0.0276, 1.123 0.4453 0.0669, 1.0443 0.4453 0.0669, 1.0443 0.4467 0.0567, 1.123 0.4467 0.0567, 1.0443 0.4506 0.0472, 1.123 0.4506 0.0472, 1.0443 0.4569 0.0391, 1.123 0.4569 0.0391, 1.0443 0.465 0.0328, 1.123 0.465 0.0328, 1.0443 0.4745 0.0289, 1.123 0.4745 0.0289
            ]
        }
        coordIndex [
            0,1,2,-1,2,1,3,-1,4,5,6,-1,4,6,7,-1,7,6,8,-1,7,8,9,-1,9,8,10,-1,9,10,11,-1,11,10,12,-1,11,12,13,-1,13,12,14,-1,13,14,15,-1,15,14,0,-1,15,0,2,-1,
        ]
    }
}
Shape{
    appearance Appearance {
        material  Material 	{
            diffuseColor 1.0 0.807843137254902 0.4980392156862745
            specularColor 1.0 0.807843137254902 0.4980392156862745
            ambientIntensity 0.83
            transparency 0.0
            shininess 0.5
        }
    }
    geometry IndexedFaceSet {
        ccw TRUE
        solid FALSE
        coord DEF co Coordinate {
            point [
                1.0443 0.4449 0.0707, 1.123 0.4449 0.0707, 1.0443 0.4451 0.0669, 1.123 0.4451 0.0669
            ]
        }
        coordIndex [
            0,1,2,-1,2,1,3,-1,
        ]
    }
}
Shape{
    appearance Appearance {
        material  Material 	{
            diffuseColor 0.25098039215686274 0.25098039215686274 0.25098039215686274
            specularColor 0.2196078431372549 0.2196078431372549 0.2196078431372549
            ambientIntensity 0.251
            transparency 0.0
            shininess 0.5
        }
    }
    geometry IndexedFaceSet {
        ccw TRUE
        solid FALSE
        coord DEF co Coordinate {
            point [
                1.0443 0.4453 0.0707, 1.0443 0.4453 0.0669, 1.123 0.4453 0.0707, 1.123 0.4453 0.0669, 0.5325 -0.4431 0.0707, 0.4931 -0.4452 0.0707, 0.4931 -0.4409 0.0707, 0.4537 -0.4431 0.0707, 0.3356 -0.445 0.0707, 0.2963 -0.4452 0.0707, 0.2963 -0.4448 0.0707, 0.2569 -0.445 0.0707, 0.1388 -0.4431 0.0707, 0.0994 -0.4452 0.0707, 0.0994 -0.4409 0.0707, 0.06 -0.4431 0.0707, -0.1368 -0.4452 0.0688, -0.0974 -0.4409 0.0707, -0.0974 -0.4448 0.0707, -0.0581 -0.4452 0.0688, -0.5305 -0.447 0.0707, -0.4911 -0.4448 0.0707, -0.4911 -0.4492 0.0707, -0.4518 -0.447 0.0707, 1.6324 -0.0295 0.9882, 1.632 -0.0295 0.8287, 1.6329 -0.0295 0.8287, 1.6324 -0.0295 0.6693, -0.5305 -0.4492 0.0669, -0.4518 -0.4492 0.0669, -0.5305 -0.4448 0.0669, -0.4518 -0.4448 0.0669, -0.5305 -0.4409 0.0669, -0.4518 -0.4409 0.0669, -0.5305 -0.4448 0.0669, -0.4518 -0.4448 0.0669, -0.3337 -0.4842 0.0236, -0.2549 -0.4842 0.0236, -0.3337 -0.4842 0.0276, -0.2549 -0.4842 0.0276, -0.2549 -0.4492 0.0669, -0.3337 -0.4492 0.0669, -0.2549 -0.4452 0.0669, -0.3337 -0.4452 0.0669, -0.3337 -0.4842 0.0319, -0.2549 -0.4842 0.0319, -0.3337 -0.4842 0.0276, -0.2549 -0.4842 0.0276, 0.06 -0.4842 0.0236, 0.1388 -0.4842 0.0236, 0.06 -0.4842 0.0276, 0.1388 -0.4842 0.0276, 0.1388 -0.4492 0.0669, 0.06 -0.4492 0.0669, 0.1388 -0.4452 0.0669, 0.06 -0.4452 0.0669, 0.06 -0.4842 0.0319, 0.1388 -0.4842 0.0319, 0.06 -0.4842 0.0276, 0.1388 -0.4842 0.0276, 0.3356 -0.4842 0.0319, 0.2569 -0.4842 0.0319, 0.3356 -0.4842 0.0276, 0.2569 -0.4842 0.0276, 0.3356 -0.4842 0.0236, 0.2569 -0.4842 0.0236, 0.3356 -0.4842 0.0276, 0.2569 -0.4842 0.0276, 0.2569 -0.4409 0.0669, 0.3356 -0.4409 0.0669, 0.2569 -0.4448 0.0669, 0.3356 -0.4448 0.0669, 0.4537 -0.4842 0.0236, 0.5325 -0.4842 0.0236, 0.4537 -0.4842 0.0276, 0.5325 -0.4842 0.0276, 0.5325 -0.4492 0.0669, 0.4537 -0.4492 0.0669, 0.5325 -0.4452 0.0669, 0.4537 -0.4452 0.0669, 0.4537 -0.4842 0.0319, 0.5325 -0.4842 0.0319, 0.4537 -0.4842 0.0276, 0.5325 -0.4842 0.0276, -1.1211 -0.4842 0.0236, -1.0423 -0.4842 0.0236, -1.1211 -0.4842 0.0276, -1.0423 -0.4842 0.0276, -1.1211 -0.4842 0.0319, -1.0423 -0.4842 0.0319, -1.1211 -0.4842 0.0276, -1.0423 -0.4842 0.0276, -1.0423 -0.4452 0.0669, -1.0423 -0.4492 0.0669, -1.1211 -0.445 0.0688, 1.0443 -0.4842 0.0236, 1.123 -0.4842 0.0236, 1.0443 -0.4842 0.0276, 1.123 -0.4842 0.0276, 1.123 -0.4492 0.0669, 1.0443 -0.4492 0.0669, 1.123 -0.4452 0.0669, 1.0443 -0.4452 0.0669, 1.0443 -0.4842 0.0319, 1.123 -0.4842 0.0319, 1.0443 -0.4842 0.0276, 1.123 -0.4842 0.0276
            ]
        }
        coordIndex [
            0,1,2,-1,2,1,3,-1,4,5,6,-1,6,5,7,-1,8,9,10,-1,10,9,11,-1,12,13,14,-1,14,13,15,-1,16,17,18,-1,18,17,19,-1,20,21,22,-1,22,21,23,-1,24,25,26,-1,26,25,27,-1,28,29,30,-1,30,29,31,-1,32,33,34,-1,34,33,35,-1,36,37,38,-1,38,37,39,-1,40,41,42,-1,42,41,43,-1,44,45,46,-1,46,45,47,-1,48,49,50,-1,50,49,51,-1,52,53,54,-1,54,53,55,-1,56,57,58,-1,58,57,59,-1,60,61,62,-1,62,61,63,-1,64,65,66,-1,66,65,67,-1,68,69,70,-1,70,69,71,-1,72,73,74,-1,74,73,75,-1,76,77,78,-1,78,77,79,-1,80,81,82,-1,82,81,83,-1,84,85,86,-1,86,85,87,-1,88,89,90,-1,90,89,91,-1,92,93,94,-1,95,96,97,-1,97,96,98,-1,99,100,101,-1,101,100,102,-1,103,104,105,-1,105,104,106,-1,
        ]
    }
}
Shape{
    appearance Appearance {
        material  Material 	{
            diffuseColor 0.7529411764705882 0.7529411764705882 0.7529411764705882
            specularColor 0.6627450980392157 0.6627450980392157 0.6627450980392157
            ambientIntensity 0.7529
            transparency 0.0
            shininess 0.5
        }
    }
    geometry IndexedFaceSet {
        ccw TRUE
        solid FALSE
        coord DEF co Coordinate {
            point [
                0.032 0.504 1.2096, 0.0453 0.504 1.2138, 0.0103 0.504 1.5711, 0.0202 0.504 1.5613, -0.9928 0.504 1.0868, -0.4816 0.504 1.0868, -1.0187 0.504 0.4862, -0.8474 0.504 0.4862, -0.9928 0.504 0.8896, -0.389 0.504 0.5801, -0.3907 0.504 0.5945, -0.389 0.504 0.6089, -0.3317 0.504 0.6535, -0.4816 0.504 0.8896, -0.337 0.504 0.6533, -0.3512 0.504 0.6502, 0.003 0.504 1.5828, -0.0014 0.504 1.596, -0.0017 0.504 1.6043, -0.0017 0.504 2.5492, -0.001 0.504 2.7992, -1.247 0.504 2.7992, 0.3108 0.504 2.1162, 0.316 0.504 2.1295, 0.3158 0.504 2.1396, 0.3109 0.504 1.1715, 0.3161 0.504 1.1849, 0.3158 0.504 1.1947, -1.2077 0.504 0.4665, -1.0187 0.504 0.2598, -1.2018 0.504 0.4808, -1.1998 0.504 0.4961, -1.4064 0.504 0.2355, -1.2589 0.504 0.437, -1.6329 0.504 0.437, -0.3941 0.504 0.2598, -0.3928 0.504 0.2642, -0.8474 0.504 0.2598, -0.3907 0.504 0.2795, -0.3907 0.504 0.5748, -0.3874 0.504 0.5748, 0.0813 0.504 2.1565, 0.2347 0.504 2.5633, 0.3158 0.504 2.514, 0.2423 0.504 2.5661, -0.062 0.504 0.8141, -0.0594 0.504 0.8288, -0.05 0.504 0.8477, -0.0461 0.504 0.8526, 0.3158 0.504 1.5691, 0.2347 0.504 1.6185, 0.0813 0.504 1.2116, 0.2828 0.504 1.6185, 0.2697 0.504 1.6226, -1.3833 0.504 0.2536, -1.3748 0.504 0.257, -1.2436 0.504 0.439, -1.7116 0.504 -0.1575, -1.436 0.504 -0.1575, -1.7116 0.504 0.3583, -1.436 0.504 0.1485, -1.434 0.504 0.1733, -1.4282 0.504 0.1968, -1.7089 0.504 0.3786, -1.4188 0.504 0.2179, -1.7011 0.504 0.3976, -1.6886 0.504 0.4139, -1.6533 0.504 0.4343, -1.6722 0.504 0.4265, -0.3837 0.504 0.6225, -0.3753 0.504 0.6343, -0.3642 0.504 0.6438, -1.1998 0.504 0.6339, -1.247 0.504 0.6339, -0.0017 0.504 2.1044, -0.0014 0.504 2.1127, 0.003 0.504 2.1258, 0.0103 0.504 2.1376, 0.0453 0.504 2.1587, 0.0202 0.504 2.5062, 0.0103 0.504 2.5159, -0.0558 0.504 0.8374, 0.2917 0.504 1.1504, 0.3026 0.504 1.1598, 0.2559 0.504 1.6235, 0.2423 0.504 1.6213, -1.3914 0.504 0.2488, -1.2171 0.504 0.4543, -1.2293 0.504 0.4449, -1.3573 0.504 0.2598, -1.3661 0.504 0.2591, -0.0014 0.504 2.5409, 0.2551 0.504 2.0854, 0.2648 0.504 2.0856, 0.2788 0.504 2.0888, 0.3164 0.504 2.5224, 0.3118 0.504 2.5354, 0.3044 0.504 2.5469, 0.2945 0.504 2.5564, 0.2827 0.504 2.5634, 0.2696 0.504 2.5675, 0.2559 0.504 2.5684, -0.0175 0.504 0.7505, -0.001 0.504 0.6535, -0.0027 0.504 0.7478, -0.001 0.504 0.7477, -0.0364 0.504 0.76, -0.0413 0.504 0.764, -0.0442 0.504 0.7673, -0.0511 0.504 0.7752, -0.0527 0.504 0.7778, -0.0544 0.504 0.7806, -0.0581 0.504 0.7899, -0.0573 0.504 0.8347, -0.0014 0.504 1.1677, 0.003 0.504 1.1809, 0.0103 0.504 1.1927, 0.0202 0.504 1.2024, 0.0813 0.504 1.5522, 0.0728 0.504 1.5512, 0.0728 0.504 1.2121, 0.0591 0.504 1.5489, 0.059 0.504 1.213, 0.0453 0.504 1.5499, 0.0321 0.504 1.5541, 0.3164 0.504 1.5772, 0.3119 0.504 1.5902, 0.0813 0.504 2.4971, 0.0728 0.504 2.4961, 0.0728 0.504 2.157, 0.0591 0.504 2.4938, 0.059 0.504 2.1579, 0.0453 0.504 2.4948, 0.0321 0.504 2.499, 0.2916 0.504 2.0952, 0.3025 0.504 2.1045, -0.0595 0.504 0.7933, -0.0599 0.504 0.7945, -0.0613 0.504 0.8007, -0.0296 0.504 0.8657, -0.0349 0.504 0.8624, -0.0408 0.504 0.8573, 0.2551 0.504 1.1405, 0.2649 0.504 1.1407, 0.2789 0.504 1.1439, 0.3045 0.504 1.6019, 0.2946 0.504 1.6114, 0.003 0.504 2.5277, 0.0321 0.504 2.1545, 0.0202 0.504 2.1473, -0.0226 0.504 0.7523, -0.0234 0.504 0.7526, -0.0341 0.504 0.7586, -0.0202 0.504 0.8696, -0.0157 0.504 0.8714, -0.0017 0.504 1.1595, -0.0096 0.504 0.8727, -0.001 0.504 0.8736, -0.4345 0.5413 0.2225, -0.4272 0.5389 0.225, -0.4203 0.5354 0.2284, -0.4139 0.5312 0.2327, -0.408 0.5261 0.2378, -0.3987 0.5138 0.25, -1.0187 0.5099 0.2539, -1.3573 0.5434 0.2205, -0.8474 0.5099 0.2539, -0.4498 0.5434 0.2205, -0.4421 0.5429 0.221, 1.3593 0.5434 0.2205, 1.3593 0.504 0.2598, 1.0207 0.504 0.2598, 0.4 0.504 0.2598, 0.4046 0.5138 0.25, 0.8455 0.504 0.2598, 0.414 0.5261 0.2378, 0.4198 0.5312 0.2327, 0.4262 0.5354 0.2284, 0.4331 0.5389 0.225, 0.4404 0.5413 0.2225, 0.448 0.5429 0.221, 0.4557 0.5434 0.2205, 0.8455 0.5099 0.2539, 1.0207 0.5099 0.2539, 0.2332 0.504 2.5713, 1.249 0.504 2.7992, 0.003 0.504 2.7992, 0.0555 0.504 2.4966, 0.0651 0.504 2.4963, 0.3987 0.504 0.2642, 0.005 0.504 2.1137, 0.2348 0.504 2.0858, 0.0651 0.504 2.1572, 0.2332 0.504 1.6264, 0.3051 0.504 2.097, 0.2931 0.504 2.0869, 0.0418 0.504 1.5549, 0.0555 0.504 1.5517, 0.2481 0.504 2.0777, 0.0651 0.504 1.5514, 0.2638 0.504 2.077, 0.2791 0.504 2.0801, 0.0418 0.504 2.4998, 0.005 0.504 2.5398, 0.0031 0.504 2.5492, 0.3933 0.504 0.5748, 0.3967 0.504 0.5748, 0.3949 0.504 0.5801, 0.3967 0.504 0.5945, 0.0031 0.504 2.1043, 0.0031 0.504 1.6043, 0.005 0.504 1.5949, 0.0103 0.504 1.5819, 0.0418 0.504 2.1537, 0.0292 0.504 2.1474, 0.0185 0.504 2.1382, 0.0185 0.504 1.5704, 0.0292 0.504 1.5613, 0.0555 0.504 2.157, 0.0103 0.504 2.1268, 0.0103 0.504 2.5267, 0.0185 0.504 2.5153, 0.0292 0.504 2.5062, 0.3812 0.504 0.6343, 0.3896 0.504 0.6225, 0.8455 0.504 0.4862, 0.3949 0.504 0.6089, 0.0238 0.504 0.8694, 0.037 0.504 0.8624, 0.2348 0.504 1.1409, 1.6348 0.504 0.437, 1.2608 0.504 0.437, 1.7109 0.504 0.3786, 0.2348 0.504 1.6228, 0.3199 0.504 2.1242, 0.3142 0.504 2.1097, 0.063 0.504 0.8225, 0.064 0.504 0.8141, 0.3571 0.504 0.6502, 0.0631 0.504 0.7993, 0.4836 0.504 0.8896, 1.2018 0.504 0.6339, 0.9947 0.504 0.8896, 1.249 0.504 0.6339, 0.9947 0.504 1.0868, 0.4836 0.504 1.0868, 0.3219 0.504 1.1949, 0.042 0.504 0.8586, 0.043 0.504 0.8575, 0.0521 0.504 0.8476, 0.0556 0.504 0.8423, 0.0577 0.504 0.8373, 0.0615 0.504 0.8286, 0.2931 0.504 1.142, 0.2791 0.504 1.1352, 0.2638 0.504 1.1321, 0.2481 0.504 1.1328, 1.6905 0.504 0.4139, 1.6742 0.504 0.4265, 1.6552 0.504 0.4343, 1.4302 0.504 0.1968, 1.7136 0.504 0.3583, 1.4208 0.504 0.2179, 1.4083 0.504 0.2355, 1.2455 0.504 0.439, 1.2313 0.504 0.4449, 1.2191 0.504 0.4543, 1.2097 0.504 0.4665, 1.0207 0.504 0.4862, 1.2038 0.504 0.4808, 1.2018 0.504 0.4961, 0.2635 0.504 2.5727, 0.2778 0.504 2.5697, 0.291 0.504 2.5633, 0.3022 0.504 2.5539, 0.3108 0.504 2.542, 0.3161 0.504 2.5283, 0.0555 0.504 1.2121, 0.005 0.504 1.1689, 0.0651 0.504 1.2124, 0.0031 0.504 1.1594, 0.3701 0.504 0.6438, 0.3967 0.504 0.2795, 1.438 0.504 -0.1575, 1.7136 0.504 -0.1575, 1.438 0.504 0.1485, 1.436 0.504 0.1733, 1.3681 0.504 0.2591, 1.3768 0.504 0.257, 0.2488 0.504 2.572, 0.2348 0.504 2.5677, 0.3219 0.504 1.5689, 0.3161 0.504 1.5834, 0.3179 0.504 1.5689, 0.0224 0.504 0.8699, 0.0177 0.504 0.8714, 0.003 0.504 0.8736, 0.0247 0.504 0.7523, 0.0243 0.504 0.7521, 0.003 0.504 0.6535, 0.0183 0.504 0.7501, 0.003 0.504 0.7477, 1.703 0.504 0.3976, 1.3853 0.504 0.2536, 1.3934 0.504 0.2488, 0.2488 0.504 1.6271, 0.2635 0.504 1.6278, 0.3219 0.504 2.1398, 0.2778 0.504 1.6248, 0.291 0.504 1.6184, 0.3022 0.504 1.609, 0.3108 0.504 1.5971, 0.0418 0.504 1.2089, 0.0292 0.504 1.2025, 0.0558 0.504 0.7794, 0.3376 0.504 0.6535, 0.0602 0.504 0.7899, 0.3429 0.504 0.6533, 0.0616 0.504 0.7931, 0.0617 0.504 0.7932, 0.0548 0.504 0.7778, 0.0524 0.504 0.7741, 0.0462 0.504 0.7673, 0.0424 0.504 0.7631, 0.0374 0.504 0.7592, 0.0362 0.504 0.7586, 0.3199 0.504 1.1794, 0.3142 0.504 1.1648, 0.3051 0.504 1.1521, 0.0185 0.504 1.1933, 0.0103 0.504 1.1819, 0.3219 0.504 2.5138, 0.3179 0.504 2.5138, -1.2589 0.622 0.5945, -1.2589 0.5432 0.5945, -1.3403 0.5313 0.5945, -1.3475 0.6121 0.5945, -1.3599 0.5284 0.5945, -1.444 0.5827 0.5945, -1.4326 0.4992 0.5945, -1.5329 0.5348 0.5945, -1.4547 0.4903 0.5945, -1.5152 0.4473 0.5945, -1.6107 0.4705 0.5945, -1.5379 0.4312 0.5945, -1.6458 0.4312 0.5945, 1.7589 -0.1551 0.5945, 1.7589 0.1552 0.5945, 1.7608 -0.1102 0.5945, 1.7608 0.1103 0.5945, 1.2608 0.5432 0.5945, 1.2608 0.622 0.5945, 1.346 0.5324 0.5945, 1.3489 0.6123 0.5945, 1.438 0.5 0.5945, 1.4449 0.5831 0.5945, 1.5204 0.4478 0.5945, 1.5334 0.5358 0.5945, 1.5399 0.4312 0.5945, 1.6109 0.4722 0.5945, 1.6478 0.4312 0.5945, 0.4404 -0.5412 0.2225, 0.4331 -0.5388 0.225, 0.8455 -0.5039 0.2598, 0.4262 -0.5353 0.2284, 0.4198 -0.5311 0.2327, 0.414 -0.526 0.2378, 0.4046 -0.5137 0.25, 0.4 -0.5039 0.2598, 1.0207 -0.5039 0.2598, 1.3593 -0.5039 0.2598, 1.0207 -0.5098 0.2539, 1.3593 -0.5433 0.2205, 0.8455 -0.5098 0.2539, 0.4557 -0.5433 0.2205, 0.448 -0.5428 0.221, -1.6329 -0.5039 0.437, -1.2589 -0.5039 0.437, -1.7089 -0.5039 0.3786, -1.6886 -0.5039 0.4139, -1.6722 -0.5039 0.4265, -1.6533 -0.5039 0.4343, -1.4282 -0.5039 0.1968, -1.7116 -0.5039 0.3583, -1.4188 -0.5039 0.2179, -1.4064 -0.5039 0.2355, -1.2436 -0.5039 0.439, -1.2293 -0.5039 0.4449, -1.2171 -0.5039 0.4543, -1.0187 -0.5039 0.2598, -1.2077 -0.5039 0.4665, -1.0187 -0.5039 0.4862, -1.2018 -0.5039 0.4808, 1.249 -0.5039 2.7992, 1.249 -0.5039 0.6339, 0.9947 -0.5039 0.8898, 0.9947 -0.5039 0.8894, 0.4836 -0.5039 1.087, -1.247 -0.5039 2.7992, 0.9947 -0.5039 1.087, 0.9947 -0.5039 1.0866, -0.9928 -0.5039 1.0866, -1.247 -0.5039 0.6339, -0.9928 -0.5039 1.087, -0.4816 -0.5039 1.087, -0.9928 -0.5039 0.8898, -0.9928 -0.5039 0.8894, -1.1998 -0.5039 0.6339, -1.436 -0.5039 -0.1575, -1.7116 -0.5039 -0.1575, -1.436 -0.5039 0.1485, -1.434 -0.5039 0.1733, -1.3661 -0.5039 0.2591, -1.3748 -0.5039 0.257, 1.2018 -0.5039 0.6339, -0.0016 -0.5039 0.7478, 0.0009 -0.5039 0.7478, 1.0207 -0.5039 0.4862, 1.2038 -0.5039 0.4808, 1.2097 -0.5039 0.4665, 1.3894 -0.5039 0.2514, 1.3796 -0.5039 0.256, 1.2455 -0.5039 0.439, 1.7136 -0.5039 -0.1575, 1.438 -0.5039 -0.1575, 1.7136 -0.5039 0.3583, 1.438 -0.5039 0.1485, 1.4353 -0.5039 0.1773, 1.4274 -0.5039 0.2042, 1.7109 -0.5039 0.3786, 1.4149 -0.5039 0.2272, 1.703 -0.5039 0.3976, -1.7011 -0.5039 0.3976, -1.3573 -0.5039 0.2598, -1.3833 -0.5039 0.2536, -1.3914 -0.5039 0.2488, 0.0254 -0.5039 0.7526, 0.036 -0.5039 0.7587, 0.4836 -0.5039 0.8894, 0.0384 -0.5039 0.76, 0.0433 -0.5039 0.764, 0.0462 -0.5039 0.7673, 0.0531 -0.5039 0.7752, 0.0547 -0.5039 0.7778, 0.0564 -0.5039 0.7807, 0.0601 -0.5039 0.7899, 0.0619 -0.5039 0.7945, 0.0632 -0.5039 0.8007, 0.0633 -0.5039 0.8021, 0.0639 -0.5039 0.8141, 0.4836 -0.5039 0.8898, 0.0614 -0.5039 0.8288, 0.4836 -0.5039 1.0866, 1.2191 -0.5039 0.4543, 1.2313 -0.5039 0.4449, 1.3695 -0.5039 0.2589, 1.4072 -0.5039 0.2368, 1.6742 -0.5039 0.4265, 1.6905 -0.5039 0.4139, 1.2608 -0.5039 0.437, 1.6348 -0.5039 0.437, 1.6552 -0.5039 0.4343, 0.3967 -0.5039 0.5748, 0.3933 -0.5039 0.5748, 0.3949 -0.5039 0.5801, 0.0047 -0.5039 0.7478, 0.0194 -0.5039 0.7505, 0.0246 -0.5039 0.7523, 0.0593 -0.5039 0.8347, 0.0578 -0.5039 0.8374, 0.052 -0.5039 0.8477, 0.048 -0.5039 0.8526, 0.0427 -0.5039 0.8573, 0.0369 -0.5039 0.8624, 0.0315 -0.5039 0.8657, 1.3986 -0.5039 0.2449, -0.8474 -0.5039 0.2598, -0.8474 -0.5039 0.4862, -0.3907 -0.5039 0.5748, -0.0203 -0.5039 0.8696, -0.024 -0.5039 0.8685, -0.0297 -0.5039 0.8657, -0.0411 -0.5039 0.8575, -0.0548 -0.5039 0.8402, -0.4816 -0.5039 1.0866, -0.0463 -0.5039 0.8524, -0.0418 -0.5039 0.857, 0.0221 -0.5039 0.8696, 0.0177 -0.5039 0.8714, 0.0116 -0.5039 0.8727, 0.0009 -0.5039 0.8733, -0.0034 -0.5039 0.8735, -0.0097 -0.5039 0.8727, -0.3907 -0.5039 0.2795, -0.3928 -0.5039 0.2642, -0.3941 -0.5039 0.2598, 0.3967 -0.5039 0.5945, 0.3949 -0.5039 0.6089, 0.8455 -0.5039 0.4862, 0.3896 -0.5039 0.6225, 0.3812 -0.5039 0.6343, -0.0613 -0.5039 0.8021, -0.0611 -0.5039 0.7993, -0.4816 -0.5039 0.8894, 1.2018 -0.5039 0.4961, -0.3837 -0.5039 0.6225, -0.389 -0.5039 0.6089, -0.3907 -0.5039 0.5945, -0.389 -0.5039 0.5801, -1.1998 -0.5039 0.4961, -0.3874 -0.5039 0.5748, -0.3317 -0.5039 0.6535, -0.337 -0.5039 0.6533, -0.0227 -0.5039 0.7523, -0.0223 -0.5039 0.7521, -0.0164 -0.5039 0.7501, 0.3376 -0.5039 0.6535, 0.3429 -0.5039 0.6533, 0.3571 -0.5039 0.6502, 0.3701 -0.5039 0.6438, -0.0597 -0.5039 0.7931, -0.0583 -0.5039 0.7899, -0.0538 -0.5039 0.7794, -0.0528 -0.5039 0.7778, -0.0505 -0.5039 0.7741, -0.0443 -0.5039 0.7674, -0.3512 -0.5039 0.6502, -0.3642 -0.5039 0.6438, -0.3753 -0.5039 0.6343, 0.3967 -0.5039 0.2795, 0.3987 -0.5039 0.2642, -0.0561 -0.5039 0.8375, -0.0575 -0.5039 0.8345, -0.4816 -0.5039 0.8898, -0.0614 -0.5039 0.8202, -0.0621 -0.5039 0.8141, -0.0404 -0.5039 0.7631, -0.0355 -0.5039 0.7592, -0.0342 -0.5039 0.7586, -1.3573 -0.5433 0.2205, -0.3987 -0.5137 0.25, -0.408 -0.526 0.2378, -0.4139 -0.5311 0.2327, -0.4203 -0.5353 0.2284, -0.4272 -0.5388 0.225, -0.4345 -0.5412 0.2225, -0.4421 -0.5428 0.221, -0.4498 -0.5433 0.2205, -0.8474 -0.5098 0.2539, -1.0187 -0.5098 0.2539, -1.6808 -0.5212 -0.279, -1.6886 -0.6056 -0.2722, -1.6886 -0.5203 -0.2722, -1.7011 -0.6079 -0.2559, -1.7011 -0.5179 -0.2559, -1.7089 -0.6106 -0.2369, -1.7089 -0.5152 -0.2369, -1.7116 -0.6136 -0.2165, -1.7116 -0.5123 -0.2165, -1.6329 -0.5236 -0.2953, -1.6329 -0.6023 -0.2953, -1.6432 -0.5235 -0.2946, -1.6432 -0.6024 -0.2946, -1.6533 -0.5232 -0.2926, -1.6533 -0.6027 -0.2926, -1.663 -0.5227 -0.2893, -1.663 -0.6032 -0.2893, -1.6722 -0.5221 -0.2847, -1.6722 -0.6038 -0.2847, -1.6808 -0.6046 -0.279, -1.6886 0.6057 -0.2722, -1.7011 0.518 -0.2559, -1.7011 0.608 -0.2559, -1.7089 0.5153 -0.2369, -1.7089 0.6107 -0.2369, -1.7116 0.5124 -0.2165, -1.7116 0.6137 -0.2165, -1.6329 0.6024 -0.2953, -1.6329 0.5237 -0.2953, -1.6432 0.6025 -0.2946, -1.6432 0.5236 -0.2946, -1.6533 0.6028 -0.2926, -1.6533 0.5233 -0.2926, -1.663 0.6033 -0.2893, -1.663 0.5228 -0.2893, -1.6722 0.6039 -0.2847, -1.6722 0.5222 -0.2847, -1.6808 0.6047 -0.279, -1.6808 0.5213 -0.279, -1.6886 0.5204 -0.2722, -1.5148 -0.6023 -0.2953, -1.5148 -0.5236 -0.2953, -1.4972 -0.5233 -0.2933, -1.4972 -0.6026 -0.2933, -1.4806 -0.5225 -0.2875, -1.4806 -0.6034 -0.2875, -1.4657 -0.5211 -0.2781, -1.4657 -0.6048 -0.2781, -1.4532 -0.5193 -0.2656, -1.4532 -0.6065 -0.2656, -1.4438 -0.5172 -0.2507, -1.4438 -0.6087 -0.2507, -1.438 -0.5148 -0.2341, -1.438 -0.6111 -0.2341, -1.436 -0.5123 -0.2165, -1.436 -0.6136 -0.2165, -1.5148 0.5237 -0.2953, -1.5148 0.6024 -0.2953, -1.4972 0.6027 -0.2933, -1.4972 0.5234 -0.2933, -1.4806 0.6035 -0.2875, -1.4806 0.5226 -0.2875, -1.4657 0.6049 -0.2781, -1.4657 0.5212 -0.2781, -1.4532 0.6066 -0.2656, -1.4532 0.5194 -0.2656, -1.4438 0.6088 -0.2507, -1.4438 0.5173 -0.2507, -1.438 0.6112 -0.2341, -1.438 0.5149 -0.2341, -1.436 0.6137 -0.2165, -1.436 0.5124 -0.2165, 1.5167 -0.5236 -0.2953, 1.5167 -0.6023 -0.2953, 1.4992 -0.6026 -0.2933, 1.4992 -0.5233 -0.2933, 1.4826 -0.6034 -0.2875, 1.4826 -0.5225 -0.2875, 1.4676 -0.6048 -0.2781, 1.4676 -0.5211 -0.2781, 1.4552 -0.6065 -0.2656, 1.4552 -0.5193 -0.2656, 1.4458 -0.6087 -0.2507, 1.4458 -0.5172 -0.2507, 1.44 -0.6111 -0.2341, 1.44 -0.5148 -0.2341, 1.438 -0.6136 -0.2165, 1.438 -0.5123 -0.2165, 1.6348 -0.6023 -0.2953, 1.6348 -0.5236 -0.2953, 1.6524 -0.5233 -0.2933, 1.6524 -0.6026 -0.2933, 1.669 -0.5225 -0.2875, 1.669 -0.6034 -0.2875, 1.6839 -0.5211 -0.2781, 1.6839 -0.6048 -0.2781, 1.6964 -0.5193 -0.2656, 1.6964 -0.6065 -0.2656, 1.7058 -0.5172 -0.2507, 1.7058 -0.6087 -0.2507, 1.7116 -0.5148 -0.2341, 1.7116 -0.6111 -0.2341, 1.7136 -0.5123 -0.2165, 1.7136 -0.6136 -0.2165, 1.5167 0.6024 -0.2953, 1.5167 0.5237 -0.2953, 1.4992 0.5234 -0.2933, 1.4992 0.6027 -0.2933, 1.4826 0.5226 -0.2875, 1.4826 0.6035 -0.2875, 1.4676 0.5212 -0.2781, 1.4676 0.6049 -0.2781, 1.4552 0.5194 -0.2656, 1.4552 0.6066 -0.2656, 1.4458 0.5173 -0.2507, 1.4458 0.6088 -0.2507, 1.44 0.5149 -0.2341, 1.44 0.6112 -0.2341, 1.438 0.5124 -0.2165, 1.438 0.6137 -0.2165, 1.6348 0.5237 -0.2953, 1.6348 0.6024 -0.2953, 1.6524 0.6027 -0.2933, 1.6524 0.5234 -0.2933, 1.669 0.6035 -0.2875, 1.669 0.5226 -0.2875, 1.6839 0.6049 -0.2781, 1.6839 0.5212 -0.2781, 1.6964 0.6066 -0.2656, 1.6964 0.5194 -0.2656, 1.7058 0.6088 -0.2507, 1.7058 0.5173 -0.2507, 1.7116 0.6112 -0.2341, 1.7116 0.5149 -0.2341, 1.7136 0.6137 -0.2165, 1.7136 0.5124 -0.2165, 1.438 0.6221 -0.1575, 1.7136 0.6221 -0.1575, 1.7136 -0.622 -0.1575, 1.438 -0.622 -0.1575, -1.7116 -0.622 -0.1575, -1.436 -0.622 -0.1575, -1.7116 0.6221 -0.1575, -1.436 0.6221 -0.1575, -0.9928 0.6221 1.087, -0.4816 0.6221 1.087, -0.9928 0.6221 1.0866, -0.4816 0.6221 1.0866, 0.4836 0.6221 1.0868, 0.9947 0.6221 1.0868, 0.4836 0.563 1.087, 0.9947 0.563 1.087, 0.4836 0.563 1.0866, 0.9947 0.563 1.0866, 0.9947 -0.622 1.087, 0.4836 -0.622 1.087, 0.9947 -0.622 1.0866, 0.4836 -0.622 1.0866, -0.4816 -0.622 1.087, -0.9928 -0.622 1.087, -0.4816 -0.622 1.0866, -0.9928 -0.622 1.0866, -0.9928 0.6221 0.8894, -0.4816 0.6221 0.8894, -0.9928 0.6221 0.8898, -0.4816 0.6221 0.8898, 0.4836 0.563 0.8894, 0.9947 0.563 0.8894, 0.4836 0.6221 0.8896, 0.9947 0.6221 0.8896, 0.4836 0.563 0.8898, 0.9947 0.563 0.8898, 0.9947 -0.622 0.8894, 0.4836 -0.622 0.8894, 0.9947 -0.622 0.8898, 0.4836 -0.622 0.8898, -0.4816 -0.622 0.8894, -0.9928 -0.622 0.8894, -0.4816 -0.622 0.8898, -0.9928 -0.622 0.8898, 0.9788 0.5024 0.8898, 0.4995 0.5024 0.8898, 0.5234 0.618 0.8898, 0.5148 0.4975 0.8898, 0.5616 0.606 0.8898, 0.5288 0.4897 0.8898, 0.5965 0.5865 0.8898, 0.6263 0.4215 0.8898, 0.694 0.5182 0.8898, 0.6686 0.399 0.8898, 0.711 0.5092 0.8898, 0.7152 0.3873 0.8898, 0.7296 0.5046 0.8898, 0.7632 0.3873 0.8898, 0.7488 0.5046 0.8898, 0.8097 0.399 0.8898, 0.7674 0.5092 0.8898, 0.8521 0.4215 0.8898, 0.7843 0.5182 0.8898, 0.9496 0.4897 0.8898, 0.8818 0.5865 0.8898, 0.9636 0.4975 0.8898, 0.9168 0.606 0.8898, 0.9549 0.618 0.8898, 0.9549 0.618 1.0866, 0.4995 0.5024 1.0866, 0.5234 0.618 1.0866, 0.5616 0.606 1.0866, 0.5148 0.4975 1.0866, 0.5965 0.5865 1.0866, 0.5288 0.4897 1.0866, 0.694 0.5182 1.0866, 0.6263 0.4215 1.0866, 0.711 0.5092 1.0866, 0.6686 0.399 1.0866, 0.7296 0.5046 1.0866, 0.7152 0.3873 1.0866, 0.7488 0.5046 1.0866, 0.7632 0.3873 1.0866, 0.7674 0.5092 1.0866, 0.8097 0.399 1.0866, 0.7843 0.5182 1.0866, 0.8521 0.4215 1.0866, 0.8818 0.5865 1.0866, 0.9496 0.4897 1.0866, 0.9168 0.606 1.0866, 0.9636 0.4975 1.0866, 0.9788 0.5024 1.0866, -0.9769 0.5024 0.8898, -0.953 0.618 0.8898, -0.9616 0.4975 0.8898, -0.9148 0.606 0.8898, -0.9476 0.4897 0.8898, -0.8799 0.5865 0.8898, -0.8501 0.4215 0.8898, -0.7824 0.5182 0.8898, -0.8077 0.399 0.8898, -0.7654 0.5092 0.8898, -0.7612 0.3873 0.8898, -0.7468 0.5046 0.8898, -0.7132 0.3873 0.8898, -0.7276 0.5046 0.8898, -0.6667 0.399 0.8898, -0.709 0.5092 0.8898, -0.6243 0.4215 0.8898, -0.692 0.5182 0.8898, -0.5268 0.4897 0.8898, -0.5945 0.5865 0.8898, -0.5128 0.4975 0.8898, -0.5596 0.606 0.8898, -0.4976 0.5024 0.8898, -0.5214 0.618 0.8898, -0.4976 0.5024 1.0866, -0.5214 0.618 1.0866, -0.5128 0.4975 1.0866, -0.5596 0.606 1.0866, -0.5268 0.4897 1.0866, -0.5945 0.5865 1.0866, -0.6243 0.4215 1.0866, -0.692 0.5182 1.0866, -0.6667 0.399 1.0866, -0.709 0.5092 1.0866, -0.7132 0.3873 1.0866, -0.7276 0.5046 1.0866, -0.7612 0.3873 1.0866, -0.7468 0.5046 1.0866, -0.8077 0.399 1.0866, -0.7654 0.5092 1.0866, -0.8501 0.4215 1.0866, -0.7824 0.5182 1.0866, -0.9476 0.4897 1.0866, -0.8799 0.5865 1.0866, -0.9616 0.4975 1.0866, -0.9148 0.606 1.0866, -0.9769 0.5024 1.0866, -0.953 0.618 1.0866, -0.9769 -0.5023 1.0866, -0.953 -0.6179 1.0866, -0.9616 -0.4974 1.0866, -0.9148 -0.6059 1.0866, -0.9476 -0.4896 1.0866, -0.8799 -0.5864 1.0866, -0.8501 -0.4214 1.0866, -0.7824 -0.5181 1.0866, -0.8077 -0.3989 1.0866, -0.7654 -0.5091 1.0866, -0.7612 -0.3872 1.0866, -0.7468 -0.5045 1.0866, -0.7132 -0.3872 1.0866, -0.7276 -0.5045 1.0866, -0.6667 -0.3989 1.0866, -0.709 -0.5091 1.0866, -0.6243 -0.4214 1.0866, -0.692 -0.5181 1.0866, -0.5268 -0.4896 1.0866, -0.5945 -0.5864 1.0866, -0.5128 -0.4974 1.0866, -0.5596 -0.6059 1.0866, -0.4976 -0.5023 1.0866, -0.5214 -0.6179 1.0866, 0.9788 -0.5023 0.8898, 0.9549 -0.6179 0.8898, 0.9636 -0.4974 0.8898, 0.9168 -0.6059 0.8898, 0.9496 -0.4896 0.8898, 0.8818 -0.5864 0.8898, 0.8521 -0.4214 0.8898, 0.7843 -0.5181 0.8898, 0.8097 -0.3989 0.8898, 0.7674 -0.5091 0.8898, 0.7632 -0.3872 0.8898, 0.7488 -0.5045 0.8898, 0.7152 -0.3872 0.8898, 0.7296 -0.5045 0.8898, 0.6686 -0.3989 0.8898, 0.711 -0.5091 0.8898, 0.6263 -0.4214 0.8898, 0.694 -0.5181 0.8898, 0.5288 -0.4896 0.8898, 0.5965 -0.5864 0.8898, 0.5148 -0.4974 0.8898, 0.5616 -0.6059 0.8898, 0.4995 -0.5023 0.8898, 0.5234 -0.6179 0.8898, 0.4995 -0.5023 1.0866, 0.5234 -0.6179 1.0866, 0.5148 -0.4974 1.0866, 0.5616 -0.6059 1.0866, 0.5288 -0.4896 1.0866, 0.5965 -0.5864 1.0866, 0.6263 -0.4214 1.0866, 0.694 -0.5181 1.0866, 0.6686 -0.3989 1.0866, 0.711 -0.5091 1.0866, 0.7152 -0.3872 1.0866, 0.7296 -0.5045 1.0866, 0.7632 -0.3872 1.0866, 0.7488 -0.5045 1.0866, 0.8097 -0.3989 1.0866, 0.7674 -0.5091 1.0866, 0.8521 -0.4214 1.0866, 0.7843 -0.5181 1.0866, 0.9496 -0.4896 1.0866, 0.8818 -0.5864 1.0866, 0.9636 -0.4974 1.0866, 0.9168 -0.6059 1.0866, 0.9788 -0.5023 1.0866, 0.9549 -0.6179 1.0866, 0.3785 0.5432 0.5524, 0.3808 0.543 0.555, 0.3812 0.6221 0.5546, 0.3933 0.5413 0.5748, 0.3949 0.6221 0.5801, 0.3896 0.6221 0.5665, 0.3892 0.542 0.5667, 0.3871 0.5424 0.5624, 0.3779 0.5432 0.5519, 0.3731 0.6221 0.5473, 0.3697 0.5432 0.5458, 0.37 0.622 0.5453, 0.3668 0.5432 0.5437, 0.3649 0.6219 0.542, 0.3569 0.5419 0.5392, 0.357 0.6212 0.5391, 0.3518 0.6208 0.5371, 0.3559 0.5418 0.5388, 0.3439 0.6195 0.5362, 0.3546 0.5416 0.5382, 0.3428 0.6194 0.536, 0.3434 0.5388 0.5357, 0.3429 0.5386 0.5357, 0.3376 0.6185 0.5354, 0.3376 0.5367 0.5354, 0.3376 0.6221 0.6535, 0.3429 0.6221 0.6533, 0.3571 0.6221 0.6502, 0.3701 0.6221 0.6438, 0.3812 0.6221 0.6343, 0.3896 0.6221 0.6225, 0.3949 0.6221 0.6089, 0.3967 0.6221 0.5945, -0.3907 0.5405 0.5748, -0.3907 0.5405 0.2795, -0.3874 0.5413 0.5748, -1.247 0.6221 0.5933, -0.001 0.6221 2.9173, -0.001 0.6221 2.5925, -0.0384 0.6221 2.5925, -0.0384 0.6221 2.4744, 0.314 0.6221 2.4744, 0.314 0.6221 2.1791, -0.0384 0.6221 2.1791, -0.0384 0.6221 2.0629, -1.247 0.6221 2.9173, 0.314 0.6221 1.5295, 0.314 0.6221 1.2342, -0.0384 0.6221 1.5295, -0.0384 0.6221 1.2342, -1.2436 0.6221 0.439, -1.2589 0.6221 0.437, -1.7116 0.6221 0.3583, -1.6329 0.6221 0.437, -1.436 0.6221 0.1417, -1.4333 0.6221 0.1621, -0.001 0.6221 2.0629, -0.001 0.6221 1.6476, -0.0384 0.6221 1.6476, -1.3777 0.6221 0.2178, -1.3967 0.6221 0.2099, -1.413 0.6221 0.1974, -1.4255 0.6221 0.1811, -0.0384 0.6221 1.1161, -1.6886 0.6221 0.4139, -1.7011 0.6221 0.3976, -1.7089 0.6221 0.3786, -1.6722 0.6221 0.4265, -1.6533 0.6221 0.4343, -1.2293 0.6221 0.4449, -0.4498 0.6221 0.2205, -1.3573 0.6221 0.2205, -1.2018 0.6221 0.4808, -0.3987 0.6221 0.25, -0.408 0.6221 0.2378, -0.001 0.6221 1.1161, -0.001 0.6221 0.6535, -0.3317 0.6221 0.6535, -0.337 0.6221 0.6533, -1.2171 0.6221 0.4543, -1.2077 0.6221 0.4665, -0.4345 0.6221 0.2225, -0.4203 0.6221 0.2284, -0.3512 0.6221 0.6502, -0.3642 0.6221 0.6438, -0.3753 0.6221 0.6343, -0.3857 0.6221 0.3033, -0.3899 0.6221 0.2894, -0.389 0.6221 0.5801, -0.3837 0.6221 0.5665, -0.3753 0.6221 0.5546, -0.3907 0.6221 0.2795, -0.3928 0.6221 0.2642, -1.2057 0.6221 0.5611, -1.2127 0.6221 0.5722, -0.3907 0.6221 0.5945, -1.222 0.6221 0.5816, -1.2332 0.6221 0.5886, -0.3837 0.6221 0.6225, -0.389 0.6221 0.6089, -1.2457 0.6221 0.593, -0.3672 0.6221 0.5473, -0.3672 0.6221 0.3267, -0.368 0.6221 0.3261, -0.3783 0.6221 0.3158, -1.1998 0.6221 0.4961, -1.1998 0.6221 0.5354, -1.2013 0.6221 0.5486, -0.0017 0.6142 1.1595, -0.001 0.6142 1.1161, -0.001 0.5065 0.8678, -0.001 0.51 0.8595, -0.001 0.5144 0.7805, -0.001 0.514 0.7746, -0.001 0.5052 0.7502, -0.001 0.5134 0.7719, -0.001 0.5108 0.761, -0.001 0.5106 0.7606, -0.001 0.5104 0.8569, -0.001 0.5122 0.8456, -0.001 0.5144 0.7833, -0.0014 0.6142 1.1677, 0.003 0.6142 1.1809, 0.0103 0.6142 1.1927, 0.0202 0.6142 1.2024, 0.032 0.6142 1.2096, 0.0453 0.6142 1.2138, 0.059 0.6142 1.213, 0.0728 0.6142 1.2121, 0.0813 0.6142 1.2116, 0.2551 0.6142 1.1405, 0.3158 0.6142 1.1947, 0.3161 0.6142 1.1849, 0.3109 0.6142 1.1715, 0.3026 0.6142 1.1598, 0.2917 0.6142 1.1504, 0.2789 0.6142 1.1439, 0.2649 0.6142 1.1407, 0.314 0.6142 1.5295, 0.3158 0.6142 1.5691, 0.314 0.6142 1.2342, 0.3164 0.6142 1.5772, 0.3119 0.6142 1.5902, 0.3045 0.6142 1.6019, 0.2946 0.6142 1.6114, 0.2828 0.6142 1.6185, 0.2697 0.6142 1.6226, 0.2559 0.6142 1.6235, 0.2423 0.6142 1.6213, 0.2347 0.6142 1.6185, 0.0813 0.6142 1.5522, 0.0728 0.6142 1.5512, 0.0591 0.6142 1.5489, 0.0453 0.6142 1.5499, 0.0321 0.6142 1.5541, 0.0202 0.6142 1.5613, 0.0103 0.6142 1.5711, 0.003 0.6142 1.5828, -0.0014 0.6142 1.596, -0.0017 0.6142 1.6043, -0.001 0.6142 1.6476, -0.0017 0.6142 2.1044, -0.001 0.6142 2.0629, -0.0014 0.6142 2.1127, 0.003 0.6142 2.1258, 0.0103 0.6142 2.1376, 0.0202 0.6142 2.1473, 0.0321 0.6142 2.1545, 0.0453 0.6142 2.1587, 0.059 0.6142 2.1579, 0.0728 0.6142 2.157, 0.0813 0.6142 2.1565, 0.2551 0.6142 2.0854, 0.316 0.6142 2.1295, 0.3158 0.6142 2.1396, 0.3108 0.6142 2.1162, 0.3025 0.6142 2.1045, 0.2916 0.6142 2.0952, 0.2788 0.6142 2.0888, 0.2648 0.6142 2.0856, 0.314 0.6142 2.4744, 0.3158 0.6142 2.514, 0.314 0.6142 2.1791, 0.3164 0.6142 2.5224, 0.3118 0.6142 2.5354, 0.3044 0.6142 2.5469, 0.2945 0.6142 2.5564, 0.2827 0.6142 2.5634, 0.2696 0.6142 2.5675, 0.2559 0.6142 2.5684, 0.2423 0.6142 2.5661, 0.2347 0.6142 2.5633, 0.0813 0.6142 2.4971, 0.0728 0.6142 2.4961, 0.0591 0.6142 2.4938, 0.0453 0.6142 2.4948, 0.0321 0.6142 2.499, 0.0202 0.6142 2.5062, 0.0103 0.6142 2.5159, 0.003 0.6142 2.5277, -0.0014 0.6142 2.5409, -0.0017 0.6142 2.5492, -0.001 0.6142 2.5925, -0.001 0.563 2.9173, -1.247 0.563 2.9173, -1.3347 0.4941 2.7992, -1.4179 0.465 2.7992, -1.4179 0.465 0.6339, -1.4164 0.4655 0.6339, -1.3347 0.4941 0.6339, -1.332 0.4944 0.6339, -1.5549 0.3558 2.7992, -1.6018 0.2811 2.7992, -1.6018 0.2811 0.6339, -1.5551 0.3553 0.6339, -1.5549 0.3558 0.6339, -1.4925 0.4181 2.7992, -1.4925 0.4181 0.6339, -1.4921 0.4184 0.6339, -1.6309 0.1979 2.7992, -1.6407 0.1103 2.7992, -1.6407 0.1103 0.6339, -1.6312 0.1953 0.6339, -1.6309 0.1979 0.6339, -1.6023 0.2796 0.6339, -1.2394 0.5467 0.5912, -1.2332 0.5492 0.5886, -1.222 0.5562 0.5816, -1.2127 0.5656 0.5722, -1.2457 0.5449 0.5929, -1.247 0.5446 0.5933, -1.2057 0.5768 0.5611, -1.2013 0.5893 0.5486, -1.1998 0.6024 0.5354, -1.436 0.5107 0.1417, -1.434 0.518 0.1592, -1.4331 0.5191 0.162, -1.4282 0.5249 0.1759, -1.4251 0.527 0.1809, -1.4188 0.5311 0.1908, -1.4126 0.5337 0.1971, -1.4064 0.5362 0.2033, -1.3964 0.5388 0.2095, -1.3914 0.5401 0.2127, -1.3776 0.5421 0.2175, -1.3748 0.5425 0.2185, -0.2786 0.5984 0.5354, -0.2786 0.5984 0.3386, -0.3052 0.6109 0.3386, -0.338 0.6196 0.5359, -0.337 0.6194 0.5358, -0.3317 0.6185 0.3386, -0.3317 0.6185 0.5354, -0.3052 0.6109 0.5354, -0.3641 0.622 0.5455, -0.3547 0.6217 0.54, -0.3589 0.6219 0.332, -0.338 0.6195 0.3378, -0.3415 0.6201 0.3374, -0.3413 0.6202 0.5362, -0.3459 0.6208 0.3369, -0.3511 0.6213 0.539, -0.3554 0.6216 0.3333, -0.3895 0.5408 0.2894, -0.3891 0.5409 0.293, -0.3851 0.5417 0.3031, -0.3843 0.5419 0.3052, -0.3773 0.5428 0.3151, -0.3551 0.5425 0.3328, -0.3636 0.5433 0.3281, -0.367 0.5432 0.325, -0.3719 0.5431 0.3206, -0.3763 0.5429 0.3166, -0.3521 0.5422 0.3345, -0.35 0.5418 0.3351, -0.3317 0.5367 0.3386, -0.3415 0.5399 0.3376, -0.3424 0.5402 0.3375, -1.2529 0.5436 0.5942, -1.2529 0.6221 0.5942, -1.7498 0.206 0.5945, -1.7589 0.1103 0.5945, -1.7589 0.1103 2.9173, -1.6743 0.3921 2.9173, -1.7213 0.3028 0.5945, -1.7213 0.3028 2.9173, -1.7498 0.206 2.9173, -1.3475 0.6121 2.9173, -1.444 0.5827 2.9173, -1.5329 0.5348 2.9173, -1.6107 0.4705 2.9173, -1.6743 0.3921 0.5945, -1.2529 0.6221 0.5942, 1.5327 0.4631 2.9173, 1.5334 0.5358 2.9173, 1.4466 0.5177 2.9173, 1.4449 0.5831 2.9173, 1.3504 0.5516 2.9173, 1.3489 0.6123 2.9173, 1.249 0.563 2.9173, 1.249 0.6221 2.9173, 0.003 0.563 2.9173, 0.003 0.6221 2.9173, -1.3478 0.5517 2.9173, -1.4435 0.5182 2.9173, -1.5293 0.4643 2.9173, -1.601 0.3926 2.9173, -1.655 0.3067 2.9173, -1.6885 0.211 2.9173, -1.6998 0.1103 2.9173, -1.6998 -0.1102 2.9173, -1.7589 -0.1102 2.9173, -1.6892 -0.2074 2.9173, -1.749 -0.21 2.9173, -1.6563 -0.3039 2.9173, -1.7199 -0.306 2.9173, -1.6025 -0.3906 2.9173, -1.6726 -0.3945 2.9173, -1.5308 -0.463 2.9173, 1.603 -0.3925 2.9173, 1.6801 -0.3861 2.9173, 1.6569 -0.3066 2.9173, 1.7292 -0.2873 2.9173, 1.6904 -0.2109 2.9173, 1.756 -0.1803 2.9173, 1.7018 -0.1102 2.9173, 1.7608 -0.1102 2.9173, 1.7018 0.1103 2.9173, 1.7608 0.1103 2.9173, 1.6912 0.2075 2.9173, 1.751 0.2101 2.9173, 1.6582 0.304 2.9173, 1.7219 0.3062 2.9173, 1.6045 0.3907 2.9173, 1.6746 0.3946 2.9173, 1.6109 0.4722 2.9173, 1.249 -0.5629 2.9173, 1.249 -0.622 2.9173, 1.3498 -0.5516 2.9173, 1.3191 -0.6172 2.9173, 1.4455 -0.5181 2.9173, 1.4262 -0.5904 2.9173, 1.5313 -0.4642 2.9173, 1.525 -0.5412 2.9173, 1.6109 -0.4721 2.9173, -1.609 -0.4721 2.9173, -1.5314 -0.5357 2.9173, -1.4446 -0.5176 2.9173, -1.4429 -0.583 2.9173, -1.3484 -0.5515 2.9173, -1.3469 -0.6122 2.9173, -1.247 -0.5629 2.9173, -1.247 -0.622 2.9173, -0.4718 -0.622 2.9173, -0.066 -0.622 2.9173, 0.0094 -0.622 2.9173, 0.2138 -0.622 2.9173, 0.2391 -0.622 2.9173, 0.011 -0.622 2.9173, 0.0688 -0.622 2.9173, 0.0756 -0.622 2.9173, 0.3 -0.622 2.9173, 0.436 -0.622 2.9173, 0.1202 -0.622 2.9173, 0.1388 -0.622 2.9173, 1.249 0.6221 0.5933, 0.003 0.6221 0.6535, 0.003 0.6221 1.1161, 0.3553 0.6221 1.1161, 0.3553 0.6221 1.6476, 0.003 0.6221 1.6476, 0.003 0.6221 2.0629, 0.3553 0.6221 1.2342, 0.3553 0.6221 2.0629, 0.3553 0.6221 2.1791, 1.7136 0.6221 0.3583, 1.438 0.6221 0.1417, 0.3553 0.6221 1.5295, 0.3219 0.6221 1.5295, 0.3205 0.6221 1.2342, 1.2313 0.6221 0.4449, 1.2455 0.6221 0.439, 1.4149 0.6221 0.1974, 1.4274 0.6221 0.1811, 1.2191 0.6221 0.4543, 1.3986 0.6221 0.2099, 1.3796 0.6221 0.2178, 1.3593 0.6221 0.2205, 0.4557 0.6221 0.2205, 1.2097 0.6221 0.4665, 1.2608 0.6221 0.437, 1.6348 0.6221 0.437, 1.6552 0.6221 0.4343, 0.003 0.6221 2.5925, 0.3553 0.6221 2.5925, 0.3553 0.6221 2.4744, 0.3219 0.6221 2.4744, 0.3205 0.6221 2.1791, 0.4262 0.6221 0.2284, 0.414 0.6221 0.2378, 1.2038 0.6221 0.4808, 0.4046 0.6221 0.25, 0.3987 0.6221 0.2642, 1.4353 0.6221 0.1621, 1.7109 0.6221 0.3786, 1.703 0.6221 0.3976, 0.3842 0.6221 0.3158, 1.2477 0.6221 0.593, 0.3916 0.6221 0.3033, 1.2352 0.6221 0.5886, 1.224 0.6221 0.5816, 1.2147 0.6221 0.5722, 1.2076 0.6221 0.5611, 1.2033 0.6221 0.5486, 0.4404 0.6221 0.2225, 0.3731 0.6221 0.3267, 0.3739 0.6221 0.3261, 1.6742 0.6221 0.4265, 1.6905 0.6221 0.4139, 0.3967 0.6221 0.2795, 0.3958 0.6221 0.2894, 1.2018 0.6221 0.4961, 1.2018 0.6221 0.5354, -0.6243 -0.4214 0.8898, -0.6667 -0.3989 0.8898, -0.7132 -0.3872 0.8898, -0.7612 -0.3872 0.8898, -0.8077 -0.3989 0.8898, -0.8501 -0.4214 0.8898, -0.9476 -0.4896 0.8898, -0.5268 -0.4896 0.8898, -0.9769 -0.5023 0.8898, -0.9616 -0.4974 0.8898, -0.5128 -0.4974 0.8898, -0.4976 -0.5023 0.8898, -0.8799 -0.5864 0.8898, -0.7824 -0.5181 0.8898, -0.5945 -0.5864 0.8898, -0.692 -0.5181 0.8898, -0.953 -0.6179 0.8898, -0.9148 -0.6059 0.8898, -0.5596 -0.6059 0.8898, -0.5214 -0.6179 0.8898, -0.3874 -0.5412 0.5748, -0.3907 -0.5404 0.5748, -0.3907 -0.5404 0.2795, -0.3907 -0.622 0.2795, -0.3928 -0.622 0.2642, -0.3987 -0.622 0.25, -0.408 -0.622 0.2378, -0.4203 -0.622 0.2284, -0.4345 -0.622 0.2225, -0.4498 -0.622 0.2205, -1.3748 -0.5424 0.2185, -1.3776 -0.542 0.2175, -1.3914 -0.54 0.2127, -1.3964 -0.5387 0.2095, -1.4064 -0.5361 0.2033, -1.4126 -0.5336 0.1971, -1.4188 -0.531 0.1908, -1.4251 -0.5269 0.1809, -1.4282 -0.5248 0.1759, -1.4331 -0.519 0.162, -1.434 -0.5179 0.1593, -1.436 -0.5106 0.1417, -1.436 -0.622 0.1417, -1.7116 -0.622 0.3583, -1.6329 -0.622 0.437, -1.6533 -0.622 0.4343, -1.6722 -0.622 0.4265, -1.6886 -0.622 0.4139, -1.7011 -0.622 0.3976, -1.7089 -0.622 0.3786, -1.2589 -0.622 0.437, -1.2436 -0.622 0.439, -1.2293 -0.622 0.4449, -1.2171 -0.622 0.4543, -1.2077 -0.622 0.4665, -1.2018 -0.622 0.4808, -1.1998 -0.622 0.4961, -1.1998 -0.622 0.5354, -1.1998 -0.6023 0.5354, -1.2127 -0.5655 0.5723, -1.222 -0.5561 0.5816, -1.2332 -0.5491 0.5886, -1.2013 -0.5892 0.5486, -1.2057 -0.5767 0.5611, -1.247 -0.5444 0.5933, -1.2457 -0.5448 0.5929, -1.2394 -0.5466 0.5912, -1.6407 -0.1102 0.6339, -1.6407 -0.1102 2.7992, -1.6316 -0.1947 0.6339, -1.6316 -0.1947 2.7992, -1.6305 -0.1977 0.6339, -1.6305 -0.1977 2.7992, -1.6029 -0.2786 0.6339, -1.6029 -0.2786 2.7992, -1.6015 -0.2809 0.6339, -1.6015 -0.2809 2.7992, -1.5562 -0.354 0.6339, -1.5562 -0.354 2.7992, -1.5547 -0.3555 0.6339, -1.5547 -0.3555 2.7992, -1.4938 -0.417 0.6339, -1.4938 -0.417 2.7992, -1.4924 -0.4178 0.6339, -1.4924 -0.4178 2.7992, -1.4188 -0.4644 0.6339, -1.4188 -0.4644 2.7992, -1.4178 -0.4648 0.6339, -1.4178 -0.4648 2.7992, -1.3352 -0.4939 0.6339, -1.3352 -0.4939 2.7992, -1.3346 -0.494 0.6339, -1.3346 -0.494 2.7992, 1.3027 -0.4978 0.6339, 1.3366 -0.494 2.7992, 1.3366 -0.494 0.6339, 1.3845 -0.4773 0.6339, 1.4198 -0.4649 2.7992, 1.4198 -0.4649 0.6339, 1.46 -0.4397 0.6339, 1.4945 -0.418 2.7992, 1.4945 -0.418 0.6339, 1.5257 -0.3868 0.6339, 1.5568 -0.3557 2.7992, 1.5568 -0.3557 0.6339, 1.5785 -0.3211 0.6339, 1.6037 -0.281 2.7992, 1.6037 -0.281 0.6339, 1.6161 -0.2457 0.6339, 1.6328 -0.1978 2.7992, 1.6328 -0.1978 0.6339, 1.6367 -0.1639 0.6339, 1.6427 -0.1102 2.7992, 1.6427 -0.1102 0.6339, 1.2018 -0.5433 0.5945, 1.249 -0.5421 0.5957, 1.2604 -0.5432 0.5945, 1.2608 -0.5432 0.5945, 1.2018 -0.622 0.5945, 1.2018 -0.622 0.4961, 1.2608 -0.622 0.437, 1.2455 -0.622 0.439, 1.2313 -0.622 0.4449, 1.2191 -0.622 0.4543, 1.2097 -0.622 0.4665, 1.2038 -0.622 0.4808, 1.6348 -0.622 0.437, 1.3542 -0.622 0.437, 1.6552 -0.622 0.4343, 1.6742 -0.622 0.4265, 1.6905 -0.622 0.4139, 1.703 -0.622 0.3976, 1.7109 -0.622 0.3786, 1.7136 -0.622 0.3583, 1.438 -0.5106 0.1417, 1.438 -0.622 0.1417, 1.3796 -0.5421 0.2178, 1.3894 -0.5408 0.2145, 1.3986 -0.5389 0.2099, 1.4072 -0.5365 0.2042, 1.4149 -0.5337 0.1974, 1.4274 -0.5269 0.1811, 1.4353 -0.5191 0.1621, 1.3695 -0.543 0.2198, 0.3967 -0.5404 0.2795, 0.4557 -0.622 0.2205, 0.4404 -0.622 0.2225, 0.436 -0.622 0.2243, 0.4262 -0.622 0.2284, 0.414 -0.622 0.2378, 0.4046 -0.622 0.25, 0.3987 -0.622 0.2642, 0.3967 -0.622 0.2795, 0.3967 -0.5404 0.5748, 0.3933 -0.5412 0.5748, 0.3376 -0.622 0.6535, 0.3 -0.622 0.6535, 0.2391 -0.622 0.6535, 0.2138 -0.622 0.6535, 0.1388 -0.622 0.6535, 0.1202 -0.622 0.6535, 0.0756 -0.622 0.6535, -0.066 -0.622 0.6535, -0.3317 -0.622 0.6535, 0.0688 -0.622 0.6535, 0.011 -0.622 0.6535, 0.0094 -0.622 0.6535, -0.0384 0.6142 2.5925, -0.0384 0.6142 2.4744, -0.0384 0.6142 2.1791, -0.0384 0.6142 2.0629, -0.0384 0.6142 1.6476, -0.0384 0.6142 1.5295, -0.0384 0.6142 1.2342, -0.0384 0.6142 1.1161, 0.3967 0.5405 0.5748, 0.3967 0.5405 0.2795, 1.3768 0.5425 0.2185, 1.3795 0.5421 0.2175, 1.3934 0.5401 0.2127, 1.3984 0.5388 0.2095, 1.4083 0.5362 0.2033, 1.4146 0.5337 0.1971, 1.4208 0.5311 0.1908, 1.4271 0.527 0.1809, 1.4302 0.5249 0.1759, 1.4351 0.5191 0.162, 1.436 0.518 0.1592, 1.438 0.5107 0.1417, 1.2018 0.6024 0.5354, 1.2147 0.5656 0.5722, 1.224 0.5562 0.5816, 1.2352 0.5492 0.5886, 1.2033 0.5893 0.5486, 1.2076 0.5768 0.5611, 1.249 0.5446 0.5933, 1.2477 0.5449 0.5929, 1.2413 0.5467 0.5912, 1.6427 0.1103 0.6339, 1.6427 0.1103 2.7992, 1.6335 0.1948 0.6339, 1.6335 0.1948 2.7992, 1.6325 0.1978 0.6339, 1.6325 0.1978 2.7992, 1.6049 0.2787 0.6339, 1.6049 0.2787 2.7992, 1.6035 0.281 0.6339, 1.6035 0.281 2.7992, 1.5581 0.3541 0.6339, 1.5581 0.3541 2.7992, 1.5567 0.3556 0.6339, 1.5567 0.3556 2.7992, 1.4957 0.4171 0.6339, 1.4957 0.4171 2.7992, 1.4944 0.4179 0.6339, 1.4944 0.4179 2.7992, 1.4208 0.4645 0.6339, 1.4208 0.4645 2.7992, 1.4198 0.4649 0.6339, 1.4198 0.4649 2.7992, 1.3371 0.494 0.6339, 1.3371 0.494 2.7992, 1.3366 0.4941 0.6339, 1.3366 0.4941 2.7992, 0.0031 0.6142 2.5492, 0.003 0.6142 2.5925, 0.0651 0.6142 2.4963, 0.0555 0.6142 2.4966, 0.0418 0.6142 2.4998, 0.0292 0.6142 2.5062, 0.0185 0.6142 2.5153, 0.0103 0.6142 2.5267, 0.005 0.6142 2.5398, 0.2332 0.6142 2.5713, 0.2348 0.6142 2.5677, 0.2488 0.6142 2.572, 0.2635 0.6142 2.5727, 0.2778 0.6142 2.5697, 0.291 0.6142 2.5633, 0.3022 0.6142 2.5539, 0.3108 0.6142 2.542, 0.3161 0.6142 2.5283, 0.3179 0.6142 2.5138, 0.3219 0.6142 2.5138, 0.3205 0.6142 2.4744, 0.3219 0.6142 2.1398, 0.3205 0.6142 2.1791, 0.3199 0.6142 2.1242, 0.3142 0.6142 2.1097, 0.3051 0.6142 2.097, 0.2931 0.6142 2.0869, 0.2791 0.6142 2.0801, 0.2638 0.6142 2.077, 0.2481 0.6142 2.0777, 0.2348 0.6142 2.0858, 0.0651 0.6142 2.1572, 0.0031 0.6142 2.1043, 0.005 0.6142 2.1137, 0.0103 0.6142 2.1268, 0.0185 0.6142 2.1382, 0.0292 0.6142 2.1474, 0.0418 0.6142 2.1537, 0.0555 0.6142 2.157, 0.003 0.6142 2.0629, 0.0031 0.6142 1.6043, 0.003 0.6142 1.6476, 0.0651 0.6142 1.5514, 0.0555 0.6142 1.5517, 0.0418 0.6142 1.5549, 0.0292 0.6142 1.5613, 0.0185 0.6142 1.5704, 0.0103 0.6142 1.5819, 0.005 0.6142 1.5949, 0.2332 0.6142 1.6264, 0.2348 0.6142 1.6228, 0.2488 0.6142 1.6271, 0.2635 0.6142 1.6278, 0.2778 0.6142 1.6248, 0.291 0.6142 1.6184, 0.3022 0.6142 1.609, 0.3108 0.6142 1.5971, 0.3161 0.6142 1.5834, 0.3179 0.6142 1.5689, 0.3219 0.6142 1.5689, 0.3205 0.6142 1.5295, 0.3219 0.6142 1.1949, 0.3205 0.6142 1.2342, 0.3199 0.6142 1.1794, 0.3142 0.6142 1.1648, 0.3051 0.6142 1.1521, 0.2931 0.6142 1.142, 0.2791 0.6142 1.1352, 0.2638 0.6142 1.1321, 0.2481 0.6142 1.1328, 0.2348 0.6142 1.1409, 0.0651 0.6142 1.2124, 0.0031 0.6142 1.1594, 0.005 0.6142 1.1689, 0.0103 0.6142 1.1819, 0.0185 0.6142 1.1933, 0.0292 0.6142 1.2025, 0.0418 0.6142 1.2089, 0.0555 0.6142 1.2121, 0.003 0.6142 1.1161, 0.003 0.5065 0.8679, 0.003 0.5097 0.8604, 0.003 0.5103 0.8569, 0.003 0.5057 0.7503, 0.003 0.5085 0.7555, 0.003 0.5103 0.7607, 0.003 0.5131 0.7687, 0.003 0.5133 0.7719, 0.003 0.5144 0.7833, 0.003 0.5122 0.8456, 0.003 0.5055 0.75, 0.3376 0.5367 0.3386, 0.3376 0.6185 0.3386, 0.3475 0.5399 0.3375, 0.3439 0.6196 0.3381, 0.3472 0.6202 0.3378, 0.3475 0.6202 0.3377, 0.3492 0.5404 0.3373, 0.3831 0.5428 0.315, 0.381 0.543 0.3179, 0.3778 0.5431 0.3207, 0.3729 0.5432 0.325, 0.3688 0.5433 0.3286, 0.3614 0.6217 0.3335, 0.3611 0.5425 0.3329, 0.3606 0.6217 0.334, 0.3588 0.5423 0.3342, 0.3559 0.5417 0.3351, 0.3904 0.5418 0.3049, 0.3911 0.5417 0.3031, 0.3951 0.5409 0.2926, 0.3955 0.5408 0.2894, 0.3111 0.6109 0.5354, 0.3111 0.6109 0.3386, 0.2845 0.5984 0.3386, 0.2845 0.5984 0.5354, 0.3553 0.6142 1.1161, 0.3553 0.6142 1.2342, 0.3553 0.6142 1.5295, 0.3553 0.6142 1.6476, 0.3553 0.6142 2.0629, 0.3553 0.6142 2.1791, 0.3553 0.6142 2.4744, 0.3553 0.6142 2.5925, 1.2549 0.6221 0.5942, 1.6746 0.3946 0.5945, 1.7219 0.3061 0.5945, 1.751 0.2101 0.5945, 1.2549 0.6221 0.5942, 1.2549 0.5436 0.5942, 0.3731 -0.622 0.5473, 0.37 -0.6219 0.5455, 0.3731 -0.622 0.3267, 0.3606 -0.6216 0.54, 0.3649 -0.6218 0.332, 0.3376 -0.6184 0.3386, 0.3439 -0.6194 0.3378, 0.3439 -0.6195 0.5359, 0.3475 -0.62 0.3374, 0.3472 -0.6201 0.5362, 0.3518 -0.6207 0.3369, 0.357 -0.6212 0.539, 0.3613 -0.6215 0.3333, 0.3429 -0.6193 0.5358, 0.3376 -0.6184 0.5354, 0.3111 -0.6108 0.3386, 0.3111 -0.6108 0.5354, 0.2845 -0.5983 0.5354, 0.2845 -0.5983 0.3386, 0.3954 -0.5407 0.2894, 0.3958 -0.622 0.2894, 0.395 -0.5408 0.293, 0.3916 -0.622 0.3033, 0.3822 -0.5428 0.3166, 0.3832 -0.5427 0.3151, 0.3842 -0.622 0.3158, 0.3902 -0.5418 0.3052, 0.391 -0.5416 0.3031, 0.3778 -0.543 0.3206, 0.3739 -0.622 0.3261, 0.373 -0.5432 0.3251, 0.3609 -0.5424 0.3328, 0.3708 -0.5432 0.3271, 0.3588 -0.5422 0.334, 0.3559 -0.5416 0.335, 0.3376 -0.5366 0.3386, 0.3474 -0.5398 0.3375, 0.3483 -0.5401 0.3374, 1.3542 -0.622 0.2205, 1.3593 -0.622 0.2205, 1.4353 -0.622 0.1621, 1.4274 -0.622 0.1811, 1.4149 -0.622 0.1974, 1.3986 -0.622 0.2099, 1.3796 -0.622 0.2178, 1.2608 -0.6219 0.5945, 1.3191 -0.6172 0.5945, 1.3084 -0.5392 0.5945, 1.4262 -0.5904 0.5945, 1.3989 -0.5165 0.5945, 1.525 -0.5412 0.5945, 1.4825 -0.4749 0.5945, 1.6109 -0.4721 0.5945, 1.5399 -0.4311 0.5945, 1.6478 -0.4311 0.5945, 1.249 -0.622 1.4039, 1.249 -0.622 1.2654, 1.249 -0.622 1.299, 1.249 -0.622 1.1955, 1.249 -0.622 1.1227, 1.249 -0.622 0.5957, 1.7292 -0.2873 0.5945, 1.756 -0.1803 0.5945, 1.6801 -0.3861 0.5945, -1.2529 -0.622 0.5942, -1.247 -0.622 0.5933, -1.247 -0.622 1.1227, -1.247 -0.622 1.4039, -1.247 -0.622 1.1955, -1.3469 -0.6122 0.5945, -1.2589 -0.6219 0.5945, -1.247 -0.622 1.2654, -1.247 -0.622 1.299, -1.4429 -0.583 0.5945, -1.5314 -0.5357 0.5945, -1.609 -0.4721 0.5945, -1.6458 -0.4311 0.5945, -1.6726 -0.3945 0.5945, -1.7199 -0.306 0.5945, -1.749 -0.21 0.5945, -1.7589 -0.1102 0.5945, -1.2589 -0.5431 0.5945, -1.2529 -0.622 0.5942, -1.2529 -0.5435 0.5942, -1.2457 -0.622 0.593, -1.2332 -0.622 0.5886, -1.222 -0.622 0.5816, -1.2127 -0.622 0.5723, -1.2057 -0.622 0.5611, -1.2013 -0.622 0.5486, -1.3573 -0.622 0.2205, -1.3777 -0.622 0.2178, -1.3967 -0.622 0.2099, -1.413 -0.622 0.1974, -1.4255 -0.622 0.1811, -1.4333 -0.622 0.1621, -0.4718 -0.622 0.2205, -0.3317 -0.5366 0.3386, -0.3317 -0.6184 0.3386, -0.3416 -0.5398 0.3375, -0.338 -0.6195 0.3381, -0.3413 -0.6201 0.3378, -0.3416 -0.6201 0.3377, -0.343 -0.5402 0.3373, -0.3774 -0.5427 0.3151, -0.3751 -0.5429 0.3181, -0.3783 -0.622 0.3158, -0.3719 -0.543 0.3209, -0.368 -0.622 0.3261, -0.3671 -0.5431 0.325, -0.3672 -0.622 0.3267, -0.3638 -0.5432 0.3278, -0.3555 -0.6216 0.3335, -0.3551 -0.5424 0.3328, -0.3547 -0.6216 0.334, -0.3529 -0.5422 0.334, -0.35 -0.5416 0.335, -0.3835 -0.5419 0.307, -0.3857 -0.622 0.3033, -0.3852 -0.5416 0.3031, -0.3882 -0.541 0.2964, -0.3899 -0.622 0.2894, -0.3895 -0.5407 0.2893, -0.3906 -0.5404 0.2832, -0.2786 -0.5983 0.5354, -0.3052 -0.6108 0.5354, -0.2786 -0.5983 0.3386, -0.3052 -0.6108 0.3386, -0.3317 -0.6184 0.5354, -0.3369 -0.6193 0.536, -0.338 -0.6194 0.5362, -0.3459 -0.6207 0.5371, -0.3511 -0.6211 0.5391, -0.3589 -0.6218 0.542, -0.3672 -0.622 0.5473, -0.3641 -0.6219 0.5453, -0.1689 -0.3986 0.5354, -0.3317 -0.4925 0.5354, -0.1099 -0.5008 0.5354, -0.3317 -0.5366 0.5354, -1.67 -0.2031 0.5945, -1.6801 -0.1102 0.5945, -1.6385 -0.2955 0.5945, -1.5871 -0.3784 0.5945, -1.5379 -0.4311 0.5945, -1.5184 -0.4477 0.5945, -1.436 -0.4999 0.5945, -1.344 -0.5323 0.5945, -1.2529 -0.5435 0.5942, 1.5552 -0.4164 0.5945, 1.6138 -0.3437 0.5945, 1.6553 -0.2601 0.5945, 1.678 -0.1695 0.5945, 1.6821 -0.1102 0.5945, 0.3376 -0.4925 0.5354, 0.1748 -0.3986 0.5354, 0.3376 -0.5366 0.5354, 0.1158 -0.5008 0.5354, -0.3369 0.5384 0.536, -0.3435 0.5405 0.5367, -0.3317 0.5367 0.5354, -0.3719 0.5431 0.5523, -0.3676 0.5434 0.5482, -0.35 0.5417 0.539, -0.351 0.5418 0.5393, -0.3552 0.5426 0.5407, -0.3638 0.5431 0.5459, -0.3781 0.5427 0.5583, -0.3748 0.5429 0.5551, -0.3853 0.5417 0.5697, -0.3834 0.542 0.5667, -0.3317 0.4926 0.5354, -0.1689 0.3987 0.5354, -0.1099 0.5009 0.5354, -1.2529 0.5436 0.5942, -1.5848 0.3788 0.5945, -1.598 0.364 0.5945, -1.637 0.2961 0.5945, -1.643 0.2858 0.5945, -1.6695 0.2037 0.5945, -1.6707 0.2 0.5945, -1.6801 0.1103 0.5945, -0.1689 0.3987 0.3386, -0.3317 0.4926 0.3386, -0.1099 0.5009 0.3386, -0.0758 0.4813 0.4961, -0.1023 0.4966 0.5344, -0.0758 0.4813 0.3779, -0.0766 0.4818 0.5048, -0.0792 0.4832 0.5131, -0.0832 0.4856 0.5206, -0.0769 0.4819 0.3678, -0.0804 0.4839 0.3583, -0.0858 0.487 0.3501, -0.0928 0.4911 0.3439, -0.0951 0.4924 0.5315, -0.0886 0.4887 0.5268, -0.1011 0.4958 0.3399, 0.1748 0.3987 0.5354, 0.3376 0.4926 0.5354, 0.1158 0.5009 0.5354, 1.672 0.2032 0.5945, 1.6821 0.1103 0.5945, 1.6405 0.2956 0.5945, 1.5891 0.3785 0.5945, 1.2549 0.5436 0.5942, 0.3376 0.4926 0.3386, 0.1748 0.3987 0.3386, 0.1158 0.5009 0.3386, 0.0817 0.4813 0.4961, 0.0817 0.4813 0.3779, 0.0825 0.4818 0.5048, 0.0851 0.4832 0.5131, 0.0891 0.4856 0.5206, 0.0945 0.4887 0.5268, 0.1082 0.4966 0.3396, 0.101 0.4924 0.3425, 0.0945 0.4887 0.3472, 0.0891 0.4856 0.3534, 0.0851 0.4832 0.3609, 0.0825 0.4818 0.3692, 0.101 0.4924 0.5315, 0.1082 0.4966 0.5344, -0.1348 0.379 0.4961, -0.1357 0.3795 0.5048, -0.1382 0.3809 0.5131, -0.1423 0.3833 0.5206, -0.1477 0.3864 0.5268, -0.1541 0.3901 0.5315, -0.1613 0.3943 0.5344, -0.1348 0.379 0.3779, -0.136 0.3796 0.3678, -0.1394 0.3816 0.3583, -0.1448 0.3847 0.3501, -0.1601 0.3936 0.3399, -0.1519 0.3888 0.3439, 0.1407 0.379 0.4961, 0.1407 0.379 0.3779, 0.1416 0.3795 0.5048, 0.1441 0.3809 0.5131, 0.1482 0.3833 0.5206, 0.1536 0.3864 0.5268, 0.1601 0.3901 0.5315, 0.1673 0.3943 0.5344, 0.1416 0.3795 0.3692, 0.1441 0.3809 0.3609, 0.1482 0.3833 0.3534, 0.1536 0.3864 0.3472, 0.1601 0.3901 0.3425, 0.1673 0.3943 0.3396, -0.1348 -0.3789 0.3779, -0.0758 -0.4812 0.3779, -0.0766 -0.4816 0.3692, -0.1357 -0.3794 0.3692, -0.0792 -0.4831 0.3609, -0.1382 -0.3808 0.3609, -0.0832 -0.4855 0.3534, -0.1423 -0.3832 0.3534, -0.0886 -0.4886 0.3472, -0.1477 -0.3863 0.3472, -0.0951 -0.4923 0.3425, -0.1541 -0.39 0.3425, -0.1023 -0.4965 0.3396, -0.1613 -0.3942 0.3396, -0.1099 -0.5008 0.3386, -0.1689 -0.3986 0.3386, -0.0758 -0.4812 0.4961, -0.1348 -0.3789 0.4961, -0.3317 -0.4925 0.3386, -0.1601 -0.3935 0.5341, -0.1519 -0.3887 0.5302, -0.1448 -0.3846 0.5239, -0.1394 -0.3815 0.5157, -0.136 -0.3795 0.5062, -0.0769 -0.4818 0.5062, -0.0804 -0.4838 0.5157, -0.0858 -0.4869 0.5239, -0.0928 -0.491 0.5302, -0.1011 -0.4957 0.5341, 0.1407 -0.3789 0.4961, 0.1407 -0.3789 0.3779, 0.0817 -0.4812 0.4961, 0.0817 -0.4812 0.3779, 0.1416 -0.3794 0.3692, 0.0825 -0.4816 0.3692, 0.1441 -0.3808 0.3609, 0.0851 -0.4831 0.3609, 0.1482 -0.3832 0.3534, 0.0891 -0.4855 0.3534, 0.1536 -0.3863 0.3472, 0.0945 -0.4886 0.3472, 0.1601 -0.39 0.3425, 0.101 -0.4923 0.3425, 0.1673 -0.3942 0.3396, 0.1082 -0.4965 0.3396, 0.1748 -0.3986 0.3386, 0.1158 -0.5008 0.3386, 0.3376 -0.4925 0.3386, 0.0825 -0.4816 0.5048, 0.1416 -0.3794 0.5048, 0.0851 -0.4831 0.5131, 0.1441 -0.3808 0.5131, 0.0891 -0.4855 0.5206, 0.1482 -0.3832 0.5206, 0.0945 -0.4886 0.5268, 0.1536 -0.3863 0.5268, 0.101 -0.4923 0.5315, 0.1601 -0.39 0.5315, 0.1082 -0.4965 0.5344, 0.1673 -0.3942 0.5344, -0.709 -0.5091 0.8898, -0.7276 -0.5045 0.8898, -0.7468 -0.5045 0.8898, -0.7654 -0.5091 0.8898, -0.3725 -0.5431 0.5523, -0.3748 -0.5429 0.5551, -0.3753 -0.622 0.5546, -0.389 -0.622 0.5801, -0.3837 -0.622 0.5665, -0.3833 -0.5419 0.5667, -0.3813 -0.5422 0.5625, -0.3719 -0.5431 0.5519, -0.3638 -0.5431 0.5458, -0.3607 -0.543 0.5436, -0.351 -0.5418 0.5392, -0.35 -0.5417 0.5387, -0.3487 -0.5415 0.5382, -0.337 -0.5385 0.5358, -0.3363 -0.5383 0.5356, -0.337 -0.622 0.6533, -0.3512 -0.622 0.6502, -0.3642 -0.622 0.6438, -0.3753 -0.622 0.6343, -0.3837 -0.622 0.6225, -0.389 -0.622 0.6089, -0.3907 -0.622 0.5945, 0.3569 -0.5417 0.5393, 0.3559 -0.5416 0.539, 0.3494 -0.5404 0.5367, 0.3611 -0.5425 0.5407, 0.3697 -0.543 0.5459, 0.3734 -0.5433 0.5481, 0.3778 -0.543 0.5524, 0.3812 -0.622 0.5546, 0.3807 -0.5428 0.5551, 0.3428 -0.5383 0.536, 0.384 -0.5427 0.5582, 0.3896 -0.622 0.5665, 0.3893 -0.5419 0.5667, 0.3912 -0.5416 0.5697, 0.3949 -0.622 0.5801, 0.3429 -0.622 0.6533, 0.3571 -0.622 0.6502, 0.3701 -0.622 0.6438, 0.3812 -0.622 0.6343, 0.3896 -0.622 0.6225, 0.3949 -0.622 0.6089, 0.3967 -0.622 0.5945
            ]
        }
        coordIndex [
            0,1,2,-1,2,1,3,-1,4,5,2,-1,6,7,8,-1,9,10,8,-1,8,10,11,-1,12,13,14,-1,14,13,15,-1,2,16,4,-1,4,16,17,-1,4,17,18,-1,19,20,21,-1,22,23,24,-1,25,26,27,-1,28,29,30,-1,30,29,6,-1,30,6,31,-1,32,33,34,-1,35,36,37,-1,37,36,38,-1,37,38,7,-1,7,38,39,-1,7,39,8,-1,8,39,40,-1,8,40,9,-1,41,24,42,-1,42,24,43,-1,42,43,44,-1,13,45,46,-1,47,48,5,-1,49,50,27,-1,27,50,51,-1,52,53,49,-1,54,55,56,-1,57,58,59,-1,59,58,60,-1,60,61,59,-1,59,61,62,-1,59,62,63,-1,63,62,64,-1,63,64,65,-1,65,64,32,-1,65,32,66,-1,34,67,32,-1,32,67,68,-1,32,68,66,-1,11,69,8,-1,8,69,70,-1,8,70,13,-1,13,70,71,-1,13,71,15,-1,31,6,72,-1,72,6,8,-1,72,8,73,-1,73,8,4,-1,73,4,21,-1,21,4,18,-1,21,18,74,-1,74,75,21,-1,21,75,76,-1,21,76,77,-1,78,79,80,-1,47,5,81,-1,82,83,25,-1,53,84,49,-1,49,84,85,-1,49,85,50,-1,33,32,56,-1,56,32,86,-1,56,86,54,-1,28,87,29,-1,29,87,88,-1,29,88,89,-1,89,88,56,-1,89,56,90,-1,90,56,55,-1,19,21,91,-1,41,92,24,-1,24,92,93,-1,24,93,94,-1,43,95,96,-1,96,97,43,-1,43,97,98,-1,43,98,99,-1,99,100,43,-1,43,100,101,-1,43,101,44,-1,102,103,104,-1,104,103,105,-1,106,107,12,-1,12,107,108,-1,12,108,109,-1,109,110,12,-1,12,110,111,-1,12,111,112,-1,13,46,5,-1,5,46,113,-1,5,113,81,-1,114,115,5,-1,5,115,116,-1,5,116,2,-1,2,116,117,-1,2,117,0,-1,50,118,51,-1,51,118,119,-1,51,119,120,-1,120,119,121,-1,120,121,122,-1,122,121,123,-1,122,123,1,-1,1,123,124,-1,1,124,3,-1,49,125,126,-1,42,127,41,-1,41,127,128,-1,41,128,129,-1,129,128,130,-1,129,130,131,-1,131,130,132,-1,131,132,78,-1,78,132,133,-1,78,133,79,-1,94,134,24,-1,24,134,135,-1,24,135,22,-1,112,136,12,-1,12,136,137,-1,12,137,13,-1,13,137,138,-1,13,138,45,-1,139,114,140,-1,140,114,5,-1,140,5,141,-1,141,5,48,-1,51,142,27,-1,27,142,143,-1,27,143,25,-1,25,143,144,-1,25,144,82,-1,126,145,49,-1,49,145,146,-1,49,146,52,-1,80,147,78,-1,78,147,91,-1,78,91,148,-1,148,91,21,-1,148,21,149,-1,149,21,77,-1,102,150,103,-1,103,150,151,-1,103,151,12,-1,12,151,152,-1,12,152,106,-1,139,153,114,-1,114,153,154,-1,114,154,155,-1,155,154,156,-1,155,156,157,-1,158,159,37,-1,37,159,160,-1,37,160,161,-1,161,162,37,-1,37,162,163,-1,37,163,35,-1,29,89,164,-1,164,89,165,-1,164,165,166,-1,166,165,167,-1,166,167,37,-1,37,167,168,-1,37,168,158,-1,169,170,171,-1,172,173,174,-1,174,173,175,-1,174,175,176,-1,176,177,174,-1,174,177,178,-1,174,178,179,-1,179,180,174,-1,174,180,181,-1,174,181,182,-1,182,181,169,-1,182,169,183,-1,183,169,171,-1,184,185,186,-1,187,188,184,-1,189,172,174,-1,190,191,192,-1,193,194,195,-1,196,197,198,-1,198,197,199,-1,198,199,200,-1,200,199,193,-1,200,193,201,-1,201,193,195,-1,202,187,203,-1,203,187,184,-1,203,184,204,-1,204,184,186,-1,205,206,207,-1,207,206,208,-1,190,209,191,-1,191,209,210,-1,191,210,198,-1,198,210,211,-1,198,211,212,-1,213,214,215,-1,212,216,198,-1,198,216,217,-1,198,217,196,-1,192,218,190,-1,190,218,213,-1,190,213,219,-1,219,213,215,-1,220,221,203,-1,203,221,222,-1,203,222,202,-1,223,224,225,-1,225,224,226,-1,227,228,229,-1,230,231,232,-1,233,234,193,-1,193,234,235,-1,193,235,194,-1,236,237,238,-1,238,237,239,-1,240,241,242,-1,242,241,243,-1,242,243,244,-1,244,243,185,-1,244,185,245,-1,245,185,246,-1,228,247,229,-1,229,247,248,-1,229,248,249,-1,249,250,229,-1,229,250,251,-1,229,251,252,-1,253,254,240,-1,240,254,255,-1,240,255,256,-1,257,258,259,-1,260,261,262,-1,262,261,232,-1,262,232,263,-1,263,232,231,-1,263,231,264,-1,265,266,171,-1,171,266,267,-1,171,267,268,-1,268,267,269,-1,256,229,240,-1,240,229,225,-1,240,225,241,-1,241,225,268,-1,241,268,270,-1,270,268,269,-1,271,272,185,-1,185,272,273,-1,273,274,185,-1,185,274,275,-1,185,275,276,-1,277,278,279,-1,279,278,280,-1,223,225,281,-1,281,225,229,-1,281,229,238,-1,238,229,252,-1,238,252,236,-1,226,208,225,-1,225,208,206,-1,225,206,174,-1,174,206,282,-1,174,282,189,-1,283,284,285,-1,285,284,261,-1,285,261,286,-1,286,261,260,-1,264,287,288,-1,271,185,289,-1,289,185,184,-1,289,184,290,-1,246,185,291,-1,291,185,292,-1,291,292,293,-1,227,229,294,-1,294,229,279,-1,294,279,295,-1,295,279,280,-1,295,280,296,-1,297,298,299,-1,299,298,300,-1,299,300,301,-1,230,232,259,-1,259,232,302,-1,259,302,257,-1,265,171,264,-1,264,171,170,-1,264,170,287,-1,288,303,264,-1,264,303,304,-1,264,304,263,-1,233,305,234,-1,234,305,306,-1,234,306,307,-1,307,306,308,-1,309,310,185,-1,185,310,311,-1,185,311,292,-1,277,312,313,-1,314,315,316,-1,316,315,317,-1,316,317,318,-1,318,317,238,-1,318,238,319,-1,319,238,239,-1,314,320,315,-1,315,320,321,-1,315,321,322,-1,322,323,315,-1,315,323,324,-1,315,324,299,-1,299,324,325,-1,299,325,297,-1,246,326,245,-1,245,326,327,-1,245,327,240,-1,240,327,328,-1,240,328,253,-1,313,329,277,-1,277,329,330,-1,277,330,278,-1,308,309,307,-1,307,309,185,-1,307,185,331,-1,331,185,276,-1,331,276,332,-1,333,334,335,-1,333,335,336,-1,336,335,337,-1,336,337,338,-1,338,337,339,-1,338,339,340,-1,339,341,340,-1,340,341,342,-1,340,342,343,-1,343,342,344,-1,343,344,345,-1,346,347,348,-1,348,347,349,-1,350,351,352,-1,352,351,353,-1,352,353,354,-1,354,353,355,-1,354,355,356,-1,356,355,357,-1,356,357,358,-1,358,357,359,-1,358,359,360,-1,361,362,363,-1,363,362,364,-1,363,364,365,-1,365,366,363,-1,363,366,367,-1,363,367,368,-1,369,370,371,-1,371,370,372,-1,371,372,373,-1,373,372,374,-1,373,374,363,-1,363,374,375,-1,363,375,361,-1,376,377,378,-1,379,380,381,-1,382,383,384,-1,384,383,378,-1,384,378,385,-1,385,378,377,-1,385,377,386,-1,387,388,389,-1,389,388,390,-1,389,390,391,-1,391,390,392,-1,393,394,395,-1,395,394,396,-1,397,398,399,-1,399,398,393,-1,399,393,400,-1,400,393,395,-1,401,402,403,-1,403,402,398,-1,403,398,404,-1,401,405,402,-1,402,405,406,-1,402,406,407,-1,408,409,410,-1,410,409,383,-1,410,383,411,-1,411,383,382,-1,386,412,413,-1,414,415,416,-1,417,418,369,-1,369,418,419,-1,420,421,422,-1,423,424,425,-1,425,424,426,-1,426,427,425,-1,425,427,428,-1,425,428,429,-1,429,428,430,-1,429,430,431,-1,376,378,381,-1,381,378,432,-1,381,432,379,-1,387,389,386,-1,386,389,433,-1,386,433,412,-1,413,434,386,-1,386,434,435,-1,386,435,385,-1,436,437,438,-1,437,439,438,-1,438,439,440,-1,438,440,441,-1,441,442,438,-1,438,442,443,-1,438,443,444,-1,444,445,438,-1,438,445,446,-1,438,446,447,-1,447,448,438,-1,438,448,449,-1,438,449,450,-1,450,449,451,-1,450,451,452,-1,419,453,369,-1,369,453,454,-1,369,454,370,-1,370,454,422,-1,370,422,455,-1,455,422,421,-1,456,457,430,-1,430,457,458,-1,430,458,431,-1,459,460,456,-1,456,460,461,-1,456,461,457,-1,462,463,464,-1,414,416,394,-1,394,416,465,-1,394,465,396,-1,396,465,466,-1,396,466,438,-1,438,466,467,-1,438,467,436,-1,451,468,452,-1,452,468,469,-1,452,469,397,-1,397,469,470,-1,397,470,471,-1,471,472,397,-1,397,472,473,-1,397,473,474,-1,459,456,422,-1,422,456,475,-1,422,475,420,-1,476,477,478,-1,479,480,404,-1,404,480,481,-1,404,481,482,-1,483,484,485,-1,485,484,404,-1,485,404,486,-1,486,404,482,-1,474,487,397,-1,397,487,488,-1,397,488,398,-1,398,488,489,-1,489,490,398,-1,398,490,491,-1,398,491,404,-1,404,491,492,-1,404,492,479,-1,478,493,476,-1,476,493,494,-1,476,494,495,-1,496,497,498,-1,498,497,499,-1,498,499,500,-1,501,502,503,-1,498,414,417,-1,417,414,504,-1,417,504,418,-1,505,506,406,-1,406,506,507,-1,406,507,508,-1,392,509,391,-1,391,509,407,-1,391,407,477,-1,477,407,406,-1,477,406,478,-1,478,406,508,-1,478,508,510,-1,511,512,503,-1,513,514,511,-1,511,514,515,-1,511,515,516,-1,516,515,415,-1,516,415,517,-1,517,415,414,-1,517,414,518,-1,518,414,498,-1,518,498,519,-1,519,498,500,-1,502,520,503,-1,503,520,521,-1,503,521,522,-1,522,523,503,-1,503,523,524,-1,503,524,525,-1,512,526,503,-1,503,526,527,-1,503,527,406,-1,406,527,528,-1,406,528,505,-1,464,496,462,-1,462,496,498,-1,462,498,529,-1,529,498,363,-1,529,363,530,-1,530,363,368,-1,483,531,484,-1,484,531,532,-1,484,532,533,-1,533,532,534,-1,533,534,503,-1,503,534,535,-1,503,535,501,-1,525,536,503,-1,503,536,537,-1,503,537,511,-1,511,537,538,-1,511,538,513,-1,539,433,389,-1,495,540,476,-1,476,540,541,-1,476,541,542,-1,542,543,476,-1,476,543,544,-1,476,544,545,-1,545,546,476,-1,476,546,547,-1,476,547,548,-1,548,547,539,-1,548,539,549,-1,549,539,389,-1,550,551,552,-1,552,551,553,-1,552,553,554,-1,554,553,555,-1,554,555,556,-1,556,555,557,-1,556,557,558,-1,559,560,561,-1,561,560,562,-1,561,562,563,-1,563,562,564,-1,563,564,565,-1,565,564,566,-1,565,566,567,-1,567,566,568,-1,567,568,550,-1,550,568,569,-1,550,569,551,-1,570,571,572,-1,572,571,573,-1,572,573,574,-1,574,573,575,-1,574,575,576,-1,577,578,579,-1,579,578,580,-1,579,580,581,-1,581,580,582,-1,581,582,583,-1,583,582,584,-1,583,584,585,-1,585,584,586,-1,585,586,587,-1,587,586,588,-1,587,588,570,-1,570,588,589,-1,570,589,571,-1,590,591,592,-1,590,592,593,-1,593,592,594,-1,593,594,595,-1,595,594,596,-1,595,596,597,-1,597,596,598,-1,597,598,599,-1,599,598,600,-1,599,600,601,-1,601,600,602,-1,601,602,603,-1,603,602,604,-1,603,604,605,-1,606,607,608,-1,606,608,609,-1,609,608,610,-1,609,610,611,-1,611,610,612,-1,611,612,613,-1,613,612,614,-1,613,614,615,-1,615,614,616,-1,615,616,617,-1,617,616,618,-1,617,618,619,-1,619,618,620,-1,619,620,621,-1,622,623,624,-1,622,624,625,-1,625,624,626,-1,625,626,627,-1,627,626,628,-1,627,628,629,-1,629,628,630,-1,629,630,631,-1,631,630,632,-1,631,632,633,-1,633,632,634,-1,633,634,635,-1,635,634,636,-1,635,636,637,-1,638,639,640,-1,638,640,641,-1,641,640,642,-1,641,642,643,-1,643,642,644,-1,643,644,645,-1,645,644,646,-1,645,646,647,-1,647,646,648,-1,647,648,649,-1,649,648,650,-1,649,650,651,-1,651,650,652,-1,651,652,653,-1,654,655,656,-1,654,656,657,-1,657,656,658,-1,657,658,659,-1,659,658,660,-1,659,660,661,-1,661,660,662,-1,661,662,663,-1,663,662,664,-1,663,664,665,-1,665,664,666,-1,665,666,667,-1,667,666,668,-1,667,668,669,-1,670,671,672,-1,670,672,673,-1,673,672,674,-1,673,674,675,-1,675,674,676,-1,675,676,677,-1,677,676,678,-1,677,678,679,-1,679,678,680,-1,679,680,681,-1,681,680,682,-1,681,682,683,-1,683,682,684,-1,683,684,685,-1,685,284,283,-1,283,668,685,-1,685,668,655,-1,685,655,670,-1,668,666,655,-1,655,666,664,-1,655,664,662,-1,679,681,670,-1,670,681,683,-1,670,683,685,-1,662,660,655,-1,655,660,658,-1,655,658,656,-1,673,675,670,-1,670,675,677,-1,670,677,679,-1,669,686,687,-1,687,684,669,-1,669,684,671,-1,669,671,654,-1,684,682,671,-1,671,682,680,-1,671,680,678,-1,663,665,654,-1,654,665,667,-1,654,667,669,-1,678,676,671,-1,671,676,674,-1,671,674,672,-1,657,659,654,-1,654,659,661,-1,654,661,663,-1,653,688,689,-1,689,636,653,-1,653,636,623,-1,653,623,638,-1,636,634,623,-1,623,634,632,-1,623,632,630,-1,647,649,638,-1,638,649,651,-1,638,651,653,-1,630,628,623,-1,623,628,626,-1,623,626,624,-1,641,643,638,-1,638,643,645,-1,638,645,647,-1,637,424,423,-1,423,652,637,-1,637,652,639,-1,637,639,622,-1,652,650,639,-1,639,650,648,-1,639,648,646,-1,631,633,622,-1,622,633,635,-1,622,635,637,-1,646,644,639,-1,639,644,642,-1,639,642,640,-1,625,627,622,-1,622,627,629,-1,622,629,631,-1,560,590,605,-1,569,557,551,-1,551,557,555,-1,551,555,553,-1,599,601,590,-1,590,601,603,-1,590,603,605,-1,569,568,557,-1,557,568,566,-1,557,566,564,-1,564,562,557,-1,557,562,560,-1,557,560,690,-1,690,560,605,-1,690,605,691,-1,593,595,590,-1,590,595,597,-1,590,597,599,-1,409,408,604,-1,565,567,558,-1,565,558,563,-1,567,550,558,-1,558,550,552,-1,558,552,556,-1,556,552,554,-1,604,602,591,-1,591,602,600,-1,591,600,598,-1,604,591,409,-1,409,591,559,-1,409,559,558,-1,558,559,561,-1,558,561,563,-1,598,596,591,-1,591,596,594,-1,591,594,592,-1,578,606,621,-1,588,575,589,-1,589,575,573,-1,589,573,571,-1,615,617,606,-1,606,617,619,-1,606,619,621,-1,588,586,575,-1,575,586,584,-1,575,584,582,-1,582,580,575,-1,575,580,578,-1,575,578,57,-1,57,578,621,-1,57,621,58,-1,609,611,606,-1,606,611,613,-1,606,613,615,-1,692,693,620,-1,583,585,576,-1,583,576,581,-1,585,587,576,-1,576,587,570,-1,576,570,574,-1,574,570,572,-1,620,618,607,-1,607,618,616,-1,607,616,614,-1,620,607,692,-1,692,607,577,-1,692,577,576,-1,576,577,579,-1,576,579,581,-1,614,612,607,-1,607,612,610,-1,607,610,608,-1,606,578,607,-1,607,578,577,-1,590,560,591,-1,591,560,559,-1,638,623,639,-1,639,623,622,-1,670,655,671,-1,671,655,654,-1,4,694,5,-1,5,694,695,-1,696,694,4,-1,5,695,697,-1,698,699,700,-1,700,699,701,-1,700,701,245,-1,245,701,244,-1,698,700,702,-1,702,700,245,-1,699,703,701,-1,701,703,244,-1,399,704,397,-1,397,704,705,-1,704,399,706,-1,706,399,400,-1,397,705,452,-1,452,705,707,-1,404,708,403,-1,403,708,709,-1,708,404,710,-1,710,404,484,-1,403,709,401,-1,401,709,711,-1,712,8,713,-1,713,8,13,-1,8,712,714,-1,715,713,13,-1,240,242,716,-1,716,242,717,-1,716,717,718,-1,718,717,719,-1,718,720,716,-1,716,720,240,-1,242,721,717,-1,717,721,719,-1,722,396,723,-1,723,396,438,-1,396,722,395,-1,395,722,724,-1,723,438,725,-1,725,438,450,-1,726,503,727,-1,727,503,406,-1,503,726,533,-1,533,726,728,-1,727,406,729,-1,729,406,405,-1,721,242,730,-1,731,732,733,-1,733,732,734,-1,733,734,735,-1,735,734,736,-1,735,736,737,-1,737,736,738,-1,737,738,739,-1,739,738,740,-1,739,740,741,-1,741,740,742,-1,741,742,743,-1,743,742,744,-1,743,744,745,-1,745,744,746,-1,745,746,747,-1,747,746,748,-1,747,748,749,-1,749,748,750,-1,749,750,751,-1,751,750,752,-1,751,752,730,-1,730,752,753,-1,730,753,721,-1,721,753,719,-1,731,240,732,-1,732,240,720,-1,732,720,718,-1,703,699,754,-1,702,245,755,-1,703,754,244,-1,698,702,756,-1,756,702,755,-1,756,755,757,-1,757,755,758,-1,757,758,759,-1,759,758,760,-1,759,760,761,-1,761,760,762,-1,761,762,763,-1,763,762,764,-1,763,764,765,-1,765,764,766,-1,765,766,767,-1,767,766,768,-1,767,768,769,-1,769,768,770,-1,769,770,771,-1,771,770,772,-1,771,772,773,-1,773,772,774,-1,773,774,775,-1,775,774,776,-1,775,776,754,-1,754,776,777,-1,754,777,244,-1,8,714,778,-1,778,714,779,-1,778,779,780,-1,780,779,781,-1,780,781,782,-1,782,781,783,-1,782,783,784,-1,784,783,785,-1,784,785,786,-1,786,785,787,-1,786,787,788,-1,788,787,789,-1,788,789,790,-1,790,789,791,-1,790,791,792,-1,792,791,793,-1,792,793,794,-1,794,793,795,-1,794,795,796,-1,796,795,797,-1,796,797,798,-1,798,797,799,-1,798,799,800,-1,800,799,801,-1,800,801,13,-1,13,801,715,-1,5,697,802,-1,802,697,803,-1,802,803,804,-1,804,803,805,-1,804,805,806,-1,806,805,807,-1,806,807,808,-1,808,807,809,-1,808,809,810,-1,810,809,811,-1,810,811,812,-1,812,811,813,-1,812,813,814,-1,814,813,815,-1,814,815,816,-1,816,815,817,-1,816,817,818,-1,818,817,819,-1,818,819,820,-1,820,819,821,-1,820,821,822,-1,822,821,823,-1,822,823,824,-1,824,823,825,-1,824,825,4,-1,4,825,696,-1,401,711,826,-1,826,711,827,-1,826,827,828,-1,828,827,829,-1,828,829,830,-1,830,829,831,-1,830,831,832,-1,832,831,833,-1,832,833,834,-1,834,833,835,-1,834,835,836,-1,836,835,837,-1,836,837,838,-1,838,837,839,-1,838,839,840,-1,840,839,841,-1,840,841,842,-1,842,841,843,-1,842,843,844,-1,844,843,845,-1,844,845,846,-1,846,845,847,-1,846,847,848,-1,848,847,849,-1,848,849,484,-1,484,849,710,-1,395,724,850,-1,850,724,851,-1,850,851,852,-1,852,851,853,-1,852,853,854,-1,854,853,855,-1,854,855,856,-1,856,855,857,-1,856,857,858,-1,858,857,859,-1,858,859,860,-1,860,859,861,-1,860,861,862,-1,862,861,863,-1,862,863,864,-1,864,863,865,-1,864,865,866,-1,866,865,867,-1,866,867,868,-1,868,867,869,-1,868,869,870,-1,870,869,871,-1,870,871,872,-1,872,871,873,-1,872,873,450,-1,450,873,725,-1,452,707,874,-1,874,707,875,-1,874,875,876,-1,876,875,877,-1,876,877,878,-1,878,877,879,-1,878,879,880,-1,880,879,881,-1,880,881,882,-1,882,881,883,-1,882,883,884,-1,884,883,885,-1,884,885,886,-1,886,885,887,-1,886,887,888,-1,888,887,889,-1,888,889,890,-1,890,889,891,-1,890,891,892,-1,892,891,893,-1,892,893,894,-1,894,893,895,-1,894,895,896,-1,896,895,897,-1,896,897,400,-1,400,897,706,-1,760,735,762,-1,762,735,737,-1,747,772,770,-1,747,770,745,-1,745,770,768,-1,745,768,743,-1,743,768,766,-1,743,766,741,-1,741,766,764,-1,741,764,739,-1,739,764,762,-1,739,762,737,-1,772,747,774,-1,774,747,749,-1,735,760,733,-1,733,760,758,-1,733,758,731,-1,731,758,755,-1,731,755,240,-1,240,755,245,-1,242,244,730,-1,730,244,777,-1,730,777,751,-1,751,777,776,-1,751,776,749,-1,749,776,774,-1,898,899,900,-1,901,205,207,-1,902,903,904,-1,900,899,903,-1,903,899,905,-1,903,905,904,-1,898,900,906,-1,906,900,907,-1,906,907,908,-1,908,907,909,-1,908,909,910,-1,910,909,911,-1,910,911,912,-1,911,913,912,-1,912,913,914,-1,912,914,915,-1,915,914,916,-1,915,916,917,-1,917,916,918,-1,917,918,919,-1,919,918,920,-1,920,918,921,-1,920,921,922,-1,315,923,317,-1,317,923,924,-1,317,924,238,-1,238,924,925,-1,238,925,281,-1,281,925,926,-1,281,926,223,-1,223,926,927,-1,223,927,224,-1,224,927,928,-1,224,928,226,-1,226,928,929,-1,226,929,208,-1,208,929,930,-1,208,930,207,-1,207,930,902,-1,207,902,901,-1,901,902,904,-1,820,782,818,-1,818,782,784,-1,794,808,810,-1,794,810,792,-1,792,810,812,-1,792,812,790,-1,790,812,814,-1,790,814,788,-1,788,814,816,-1,788,816,786,-1,786,816,818,-1,786,818,784,-1,808,794,806,-1,806,794,796,-1,782,820,780,-1,780,820,822,-1,780,822,778,-1,778,822,824,-1,778,824,8,-1,8,824,4,-1,13,5,800,-1,800,5,802,-1,800,802,798,-1,798,802,804,-1,798,804,796,-1,796,804,806,-1,39,38,931,-1,931,38,932,-1,39,931,40,-1,40,931,933,-1,785,783,819,-1,819,783,821,-1,797,795,807,-1,807,795,809,-1,797,807,805,-1,797,805,799,-1,799,805,803,-1,799,803,801,-1,801,803,697,-1,801,697,715,-1,714,696,825,-1,714,825,779,-1,779,825,823,-1,779,823,781,-1,781,823,821,-1,781,821,783,-1,714,712,934,-1,935,936,937,-1,938,939,940,-1,941,942,694,-1,943,694,934,-1,934,694,696,-1,934,696,714,-1,944,945,946,-1,946,945,947,-1,940,941,938,-1,938,941,694,-1,938,694,937,-1,937,694,943,-1,937,943,935,-1,948,692,949,-1,949,692,950,-1,949,950,951,-1,693,692,952,-1,952,692,953,-1,954,955,942,-1,942,955,956,-1,942,956,694,-1,694,956,695,-1,957,958,948,-1,948,958,959,-1,948,959,692,-1,692,959,960,-1,692,960,953,-1,956,946,695,-1,695,946,947,-1,695,947,697,-1,697,947,961,-1,697,961,715,-1,715,961,713,-1,962,950,963,-1,963,950,964,-1,962,965,950,-1,950,965,966,-1,950,966,951,-1,967,968,948,-1,948,968,969,-1,948,969,957,-1,970,971,972,-1,973,974,961,-1,961,974,975,-1,961,975,713,-1,713,975,976,-1,967,977,968,-1,968,977,978,-1,968,978,979,-1,979,978,970,-1,979,970,980,-1,980,970,972,-1,976,981,713,-1,713,981,982,-1,713,982,712,-1,712,982,983,-1,970,984,985,-1,986,987,970,-1,970,987,988,-1,985,989,970,-1,970,989,990,-1,970,990,971,-1,991,992,993,-1,993,992,994,-1,993,994,995,-1,983,996,712,-1,712,996,997,-1,712,997,934,-1,934,997,993,-1,934,993,998,-1,998,993,995,-1,999,1000,988,-1,988,1000,1001,-1,988,1001,970,-1,970,1001,1002,-1,970,1002,984,-1,970,1003,986,-1,986,1003,1004,-1,986,1004,993,-1,993,1004,1005,-1,993,1005,991,-1,785,819,787,-1,787,819,817,-1,787,817,789,-1,789,817,815,-1,789,815,791,-1,791,815,813,-1,791,813,793,-1,793,813,811,-1,793,811,795,-1,795,811,809,-1,12,975,103,-1,103,975,974,-1,1006,155,1007,-1,1007,155,157,-1,1007,157,973,-1,973,157,1008,-1,973,1008,1009,-1,1010,1011,974,-1,1012,105,103,-1,1011,1013,974,-1,974,1013,1014,-1,974,1014,103,-1,103,1014,1015,-1,103,1015,1012,-1,1009,1016,973,-1,973,1016,1017,-1,973,1017,974,-1,974,1017,1018,-1,974,1018,1010,-1,155,1006,114,-1,114,1006,1019,-1,114,1019,115,-1,115,1019,1020,-1,115,1020,116,-1,116,1020,1021,-1,116,1021,117,-1,117,1021,1022,-1,117,1022,0,-1,0,1022,1023,-1,0,1023,1,-1,1,1023,1024,-1,1,1024,122,-1,122,1024,1025,-1,122,1025,120,-1,120,1025,1026,-1,120,1026,51,-1,51,1026,1027,-1,142,51,1028,-1,1028,51,1027,-1,1029,27,26,-1,1029,26,1030,-1,1030,26,25,-1,1030,25,1031,-1,1031,25,83,-1,1031,83,1032,-1,1032,83,82,-1,1032,82,1033,-1,1033,82,144,-1,1033,144,1034,-1,1034,144,143,-1,1034,143,1035,-1,1035,143,142,-1,1035,142,1028,-1,1036,1037,49,-1,27,1029,1038,-1,945,944,1038,-1,1038,944,1036,-1,1038,1036,27,-1,27,1036,49,-1,125,49,1037,-1,1037,1039,125,-1,125,1039,1040,-1,125,1040,126,-1,126,1040,1041,-1,126,1041,145,-1,145,1041,1042,-1,145,1042,146,-1,146,1042,1043,-1,146,1043,52,-1,52,1043,1044,-1,52,1044,53,-1,53,1044,1045,-1,53,1045,84,-1,84,1045,1046,-1,84,1046,85,-1,85,1046,1047,-1,85,1047,50,-1,118,50,1048,-1,1048,50,1047,-1,118,1048,119,-1,119,1048,1049,-1,119,1049,121,-1,121,1049,1050,-1,121,1050,123,-1,123,1050,1051,-1,123,1051,124,-1,124,1051,1052,-1,124,1052,3,-1,3,1052,1053,-1,3,1053,2,-1,2,1053,1054,-1,2,1054,16,-1,16,1054,1055,-1,16,1055,17,-1,17,1055,1056,-1,17,1056,18,-1,18,1056,1057,-1,74,18,1058,-1,1058,18,1057,-1,1059,74,1060,-1,1060,74,1058,-1,1060,1058,954,-1,954,1058,955,-1,74,1059,75,-1,75,1059,1061,-1,75,1061,76,-1,76,1061,1062,-1,76,1062,77,-1,77,1062,1063,-1,77,1063,149,-1,149,1063,1064,-1,149,1064,148,-1,148,1064,1065,-1,148,1065,78,-1,78,1065,1066,-1,78,1066,131,-1,131,1066,1067,-1,131,1067,129,-1,129,1067,1068,-1,129,1068,41,-1,41,1068,1069,-1,92,41,1070,-1,1070,41,1069,-1,1071,1072,24,-1,24,23,1071,-1,1071,23,22,-1,1071,22,1073,-1,1073,22,135,-1,1073,135,1074,-1,1074,135,134,-1,1074,134,1075,-1,1075,134,94,-1,1075,94,1076,-1,1076,94,93,-1,1076,93,1077,-1,1077,93,92,-1,1077,92,1070,-1,1078,1079,43,-1,24,1072,1080,-1,940,939,1080,-1,1080,939,1078,-1,1080,1078,24,-1,24,1078,43,-1,95,43,1079,-1,1079,1081,95,-1,95,1081,1082,-1,95,1082,96,-1,96,1082,1083,-1,96,1083,97,-1,97,1083,1084,-1,97,1084,98,-1,98,1084,1085,-1,98,1085,99,-1,99,1085,1086,-1,99,1086,100,-1,100,1086,1087,-1,100,1087,101,-1,101,1087,1088,-1,101,1088,44,-1,44,1088,1089,-1,44,1089,42,-1,127,42,1090,-1,1090,42,1089,-1,127,1090,128,-1,128,1090,1091,-1,128,1091,130,-1,130,1091,1092,-1,130,1092,132,-1,132,1092,1093,-1,132,1093,133,-1,133,1093,1094,-1,133,1094,79,-1,79,1094,1095,-1,79,1095,80,-1,80,1095,1096,-1,80,1096,147,-1,147,1096,1097,-1,147,1097,91,-1,91,1097,1098,-1,91,1098,19,-1,19,1098,1099,-1,19,1099,20,-1,20,1099,1100,-1,1100,936,20,-1,20,936,935,-1,20,935,1101,-1,20,1101,21,-1,21,1101,1102,-1,1103,1104,1105,-1,1105,1106,1103,-1,1103,1106,1107,-1,1103,1107,21,-1,21,1107,1108,-1,21,1108,73,-1,1109,1110,1111,-1,1111,1112,1109,-1,1109,1112,1113,-1,1109,1113,1114,-1,1114,1113,1115,-1,1114,1115,1104,-1,1104,1115,1116,-1,1104,1116,1105,-1,1117,1118,1119,-1,1119,1120,1117,-1,1117,1120,1121,-1,1117,1121,1110,-1,1110,1121,1122,-1,1110,1122,1111,-1,1123,1124,72,-1,72,1124,1125,-1,72,1125,1126,-1,1123,72,1127,-1,1127,72,73,-1,1127,73,1128,-1,1126,1129,72,-1,72,1129,1130,-1,72,1130,1131,-1,1004,1003,1131,-1,1131,1003,31,-1,1131,31,72,-1,949,33,948,-1,948,33,56,-1,948,56,967,-1,967,56,88,-1,967,88,977,-1,977,88,87,-1,977,87,978,-1,978,87,28,-1,978,28,970,-1,970,28,30,-1,970,30,1003,-1,1003,30,31,-1,949,951,33,-1,33,951,34,-1,34,951,966,-1,34,966,67,-1,67,966,965,-1,67,965,68,-1,68,965,962,-1,68,962,66,-1,66,962,963,-1,66,963,65,-1,65,963,964,-1,65,964,63,-1,63,964,950,-1,63,950,59,-1,576,575,692,-1,692,575,57,-1,692,57,950,-1,950,57,59,-1,1132,60,58,-1,952,1132,693,-1,693,1132,58,-1,693,58,620,-1,620,58,621,-1,60,1132,1133,-1,60,1133,61,-1,61,1133,1134,-1,61,1134,62,-1,1134,1135,62,-1,62,1135,1136,-1,62,1136,64,-1,1136,1137,64,-1,64,1137,1138,-1,64,1138,32,-1,1138,1139,32,-1,32,1139,1140,-1,32,1140,86,-1,86,1140,1141,-1,86,1141,54,-1,54,1141,1142,-1,54,1142,55,-1,55,1142,1143,-1,55,1143,90,-1,90,1143,165,-1,90,165,89,-1,932,38,36,-1,167,968,168,-1,168,968,979,-1,168,979,158,-1,158,979,159,-1,159,979,980,-1,159,980,160,-1,160,980,161,-1,161,980,972,-1,161,972,162,-1,162,972,971,-1,162,971,163,-1,163,971,35,-1,35,971,990,-1,35,990,36,-1,36,990,989,-1,36,989,932,-1,1144,1145,1146,-1,1147,1148,1149,-1,1149,1148,1150,-1,1149,1150,1146,-1,1146,1150,1151,-1,1146,1151,1144,-1,999,1152,1000,-1,1000,1152,1153,-1,1000,1153,1154,-1,1149,1155,1147,-1,1147,1155,1156,-1,1147,1156,1157,-1,1157,1156,1158,-1,1157,1158,1159,-1,1159,1158,1153,-1,1153,1158,1160,-1,1153,1160,1154,-1,932,989,1161,-1,1161,989,985,-1,1161,985,1162,-1,1162,985,984,-1,1162,984,1163,-1,1163,984,1164,-1,1164,984,1002,-1,1164,1002,1165,-1,1166,1167,1154,-1,1154,1167,1000,-1,1000,1167,1168,-1,1000,1168,1001,-1,1001,1168,1169,-1,1001,1169,1002,-1,1002,1169,1170,-1,1002,1170,1165,-1,1154,1160,1166,-1,1166,1160,1158,-1,1166,1158,1171,-1,1171,1158,1156,-1,1171,1156,1172,-1,1149,1173,1155,-1,1155,1173,1174,-1,1155,1174,1156,-1,1156,1174,1175,-1,1156,1175,1172,-1,968,167,969,-1,969,167,165,-1,953,960,1136,-1,1136,1135,953,-1,953,1135,1134,-1,953,1134,952,-1,952,1134,1133,-1,952,1133,1132,-1,959,958,1140,-1,1140,1139,959,-1,959,1139,1138,-1,959,1138,960,-1,960,1138,1137,-1,960,1137,1136,-1,957,969,165,-1,165,1143,957,-1,957,1143,1142,-1,957,1142,958,-1,958,1142,1141,-1,958,1141,1140,-1,334,333,1176,-1,1176,333,1177,-1,1176,1177,1128,-1,1128,1177,934,-1,1128,934,1127,-1,1127,934,998,-1,1127,998,1123,-1,1123,998,995,-1,1123,995,1124,-1,1124,995,994,-1,1124,994,1125,-1,1125,994,992,-1,1125,992,1126,-1,1126,992,991,-1,1126,991,1129,-1,1129,991,1005,-1,1129,1005,1130,-1,1130,1005,1004,-1,1130,1004,1131,-1,1178,1179,1180,-1,1181,1182,1183,-1,1183,1182,1178,-1,1183,1178,1184,-1,1184,1178,1180,-1,1185,338,1186,-1,1186,338,340,-1,1186,340,1187,-1,1187,340,343,-1,1187,343,1188,-1,1188,343,345,-1,1188,345,1181,-1,1181,345,1189,-1,1181,1189,1182,-1,943,934,1185,-1,1185,934,1190,-1,1190,333,1185,-1,1185,333,336,-1,1185,336,338,-1,1191,1192,1193,-1,1193,1192,1194,-1,1193,1194,1195,-1,1195,1194,1196,-1,1195,1196,1197,-1,1197,1196,1198,-1,1197,1198,1199,-1,1199,1198,1200,-1,1101,935,1102,-1,1102,935,943,-1,1102,943,1201,-1,1201,943,1185,-1,1201,1185,1202,-1,1202,1185,1186,-1,1202,1186,1203,-1,1203,1186,1187,-1,1203,1187,1204,-1,1187,1188,1204,-1,1204,1188,1181,-1,1204,1181,1205,-1,1205,1181,1183,-1,1205,1183,1206,-1,1206,1183,1184,-1,1206,1184,1207,-1,1207,1184,1180,-1,1207,1180,1208,-1,1208,1180,1209,-1,1208,1209,1210,-1,1210,1209,1211,-1,1210,1211,1212,-1,1212,1211,1213,-1,1212,1213,1214,-1,1214,1213,1215,-1,1214,1215,1216,-1,1217,1218,1219,-1,1219,1218,1220,-1,1219,1220,1221,-1,1221,1220,1222,-1,1221,1222,1223,-1,1223,1222,1224,-1,1223,1224,1225,-1,1225,1224,1226,-1,1225,1226,1227,-1,1227,1226,1228,-1,1227,1228,1229,-1,1229,1228,1230,-1,1229,1230,1231,-1,1231,1230,1232,-1,1231,1232,1191,-1,1191,1232,1233,-1,1191,1233,1192,-1,1234,1235,1236,-1,1236,1235,1237,-1,1236,1237,1238,-1,1238,1237,1239,-1,1238,1239,1240,-1,1240,1239,1241,-1,1240,1241,1217,-1,1217,1241,1242,-1,1217,1242,1218,-1,1215,1243,1216,-1,1216,1243,1244,-1,1216,1244,1245,-1,1245,1244,1246,-1,1245,1246,1247,-1,1247,1246,1248,-1,1247,1248,1249,-1,1249,1248,1250,-1,1249,1250,1251,-1,1251,1252,1249,-1,1249,1252,1253,-1,1249,1253,1234,-1,1254,1255,1234,-1,1253,1256,1234,-1,1234,1256,1257,-1,1234,1257,1258,-1,1255,1259,1234,-1,1234,1259,1260,-1,1234,1260,1235,-1,1258,1261,1234,-1,1234,1261,1262,-1,1234,1262,1254,-1,738,736,761,-1,761,736,759,-1,750,748,773,-1,773,748,771,-1,750,773,775,-1,750,775,752,-1,752,775,754,-1,752,754,753,-1,753,754,699,-1,753,699,719,-1,718,698,756,-1,718,756,732,-1,732,756,757,-1,732,757,734,-1,734,757,759,-1,734,759,736,-1,1263,719,699,-1,1264,1265,923,-1,923,1265,1266,-1,923,1266,924,-1,1267,1268,1269,-1,925,924,718,-1,718,924,1266,-1,718,1266,698,-1,698,1266,1270,-1,698,1270,699,-1,699,1270,1198,-1,699,1198,1263,-1,1271,1272,1198,-1,687,686,1273,-1,1273,686,1274,-1,1269,1271,1267,-1,1267,1271,1198,-1,1267,1198,1275,-1,1275,1198,1270,-1,1275,1270,1276,-1,1276,1270,1277,-1,1278,1279,1280,-1,1280,1279,1281,-1,1278,1280,1282,-1,1282,1280,1283,-1,1282,1283,1284,-1,1284,1285,1282,-1,1282,1285,1286,-1,1282,1286,1287,-1,1279,1288,1281,-1,1281,1288,1289,-1,1281,1289,1290,-1,1291,1200,1292,-1,1292,1200,1198,-1,1292,1198,1293,-1,1293,1198,1272,-1,1293,1272,1294,-1,1294,1272,1295,-1,1296,1297,1298,-1,1298,1297,1299,-1,1298,1299,1300,-1,1274,1301,1273,-1,1273,1301,1281,-1,1273,1281,1302,-1,1302,1281,1303,-1,1304,1305,1306,-1,1306,1305,1307,-1,1306,1307,1308,-1,1308,1309,1306,-1,1306,1309,1310,-1,1306,1310,1311,-1,719,927,718,-1,718,927,926,-1,718,926,925,-1,1287,1286,1298,-1,1298,1286,1312,-1,1298,1312,1296,-1,900,903,719,-1,719,903,902,-1,719,902,930,-1,930,929,719,-1,719,929,928,-1,719,928,927,-1,1313,907,1314,-1,1314,907,900,-1,1314,900,1304,-1,1304,900,719,-1,1304,719,1305,-1,1305,719,1263,-1,1290,1315,1281,-1,1281,1315,1316,-1,1281,1316,1303,-1,1300,1317,1298,-1,1298,1317,1318,-1,1298,1318,1319,-1,1319,1318,1306,-1,1319,1306,1320,-1,1320,1306,1311,-1,738,761,740,-1,740,761,763,-1,740,763,742,-1,742,763,765,-1,742,765,744,-1,744,765,767,-1,744,767,746,-1,746,767,769,-1,746,769,748,-1,748,769,771,-1,890,856,858,-1,890,858,888,-1,888,858,860,-1,888,860,886,-1,886,860,862,-1,886,862,884,-1,884,862,864,-1,884,864,882,-1,882,864,866,-1,882,866,880,-1,878,880,868,-1,868,880,866,-1,854,856,892,-1,892,856,890,-1,450,452,872,-1,872,452,874,-1,872,874,870,-1,870,874,876,-1,870,876,868,-1,868,876,878,-1,854,892,852,-1,852,892,894,-1,852,894,850,-1,850,894,896,-1,850,896,395,-1,395,896,400,-1,842,1321,1322,-1,842,1322,840,-1,840,1322,1323,-1,840,1323,838,-1,838,1323,1324,-1,838,1324,836,-1,836,1324,1325,-1,836,1325,834,-1,834,1325,1326,-1,834,1326,832,-1,830,832,1327,-1,1327,832,1326,-1,1328,1321,844,-1,844,1321,842,-1,405,401,1329,-1,1329,401,826,-1,1329,826,1330,-1,1330,826,828,-1,1330,828,1327,-1,1327,828,830,-1,1328,844,1331,-1,1331,844,846,-1,1331,846,1332,-1,1332,846,848,-1,1332,848,533,-1,533,848,484,-1,879,869,881,-1,881,869,867,-1,855,893,857,-1,857,893,891,-1,707,725,873,-1,707,873,875,-1,875,873,871,-1,875,871,877,-1,877,871,869,-1,877,869,879,-1,893,855,853,-1,893,853,895,-1,895,853,851,-1,895,851,897,-1,897,851,724,-1,897,724,706,-1,831,1333,833,-1,833,1333,1334,-1,1335,845,1336,-1,1336,845,843,-1,711,729,1337,-1,711,1337,827,-1,827,1337,1338,-1,827,1338,829,-1,829,1338,1333,-1,829,1333,831,-1,845,1335,1339,-1,845,1339,847,-1,847,1339,1340,-1,847,1340,849,-1,849,1340,728,-1,849,728,710,-1,510,1341,478,-1,478,1341,1342,-1,493,478,1343,-1,1343,478,1342,-1,1343,1344,1345,-1,1345,1346,540,-1,540,1346,1347,-1,540,1347,541,-1,1348,543,1347,-1,1347,543,542,-1,1347,542,541,-1,1349,1350,547,-1,547,546,1349,-1,1349,546,545,-1,1349,545,1348,-1,1348,545,544,-1,1348,544,543,-1,493,1343,494,-1,494,1343,1345,-1,494,1345,495,-1,495,1345,540,-1,433,539,412,-1,412,539,1351,-1,412,1351,413,-1,413,1351,434,-1,434,1351,1352,-1,434,1352,435,-1,1352,1353,435,-1,435,1353,1354,-1,435,1354,385,-1,1354,1355,385,-1,385,1355,1356,-1,385,1356,384,-1,1356,1357,384,-1,384,1357,1358,-1,384,1358,382,-1,382,1358,1359,-1,382,1359,411,-1,411,1359,1360,-1,1360,1361,411,-1,411,1361,1362,-1,411,1362,410,-1,408,410,1362,-1,605,604,691,-1,691,604,408,-1,691,408,1363,-1,1363,408,1362,-1,1364,383,690,-1,690,383,409,-1,690,409,557,-1,557,409,558,-1,1365,376,381,-1,1365,381,1366,-1,1366,381,380,-1,1366,380,1367,-1,1367,380,379,-1,1367,379,1368,-1,1368,379,432,-1,1368,432,1369,-1,1369,432,378,-1,1369,378,1370,-1,1370,378,383,-1,1370,383,1364,-1,377,376,1371,-1,1371,376,1365,-1,377,1371,386,-1,386,1371,1372,-1,386,1372,387,-1,387,1372,1373,-1,387,1373,388,-1,388,1373,1374,-1,388,1374,390,-1,390,1374,1375,-1,390,1375,392,-1,392,1375,1376,-1,392,1376,509,-1,509,1376,1377,-1,1377,1378,509,-1,509,1378,1379,-1,509,1379,407,-1,1380,1381,407,-1,407,1381,1382,-1,1379,1383,407,-1,407,1383,1384,-1,407,1384,1380,-1,1385,402,1386,-1,1386,402,407,-1,1386,407,1387,-1,1387,407,1382,-1,1388,1389,1390,-1,1390,1389,1391,-1,1390,1391,1392,-1,1392,1391,1393,-1,1392,1393,1394,-1,1394,1393,1395,-1,1394,1395,1396,-1,1396,1395,1397,-1,1396,1397,1398,-1,1398,1397,1399,-1,1398,1399,1400,-1,1400,1399,1401,-1,1400,1401,1402,-1,1402,1401,1403,-1,1402,1403,1404,-1,1404,1403,1405,-1,1404,1405,1406,-1,1406,1405,1407,-1,1406,1407,1408,-1,1408,1407,1409,-1,1408,1409,1410,-1,1410,1409,1411,-1,1410,1411,1412,-1,1412,1411,1413,-1,1412,1413,402,-1,402,1413,398,-1,1249,1234,398,-1,398,1234,393,-1,394,393,1414,-1,1414,393,1415,-1,1414,1415,1416,-1,1416,1415,1417,-1,1417,1415,1418,-1,1417,1418,1419,-1,1419,1418,1420,-1,1420,1418,1421,-1,1420,1421,1422,-1,1422,1421,1423,-1,1423,1421,1424,-1,1423,1424,1425,-1,1425,1424,1426,-1,1426,1424,1427,-1,1426,1427,1428,-1,1428,1427,1429,-1,1429,1427,1430,-1,1429,1430,1431,-1,1431,1430,1432,-1,1432,1430,1433,-1,1432,1433,1434,-1,1435,414,394,-1,394,1436,1435,-1,1435,1436,1437,-1,1435,1437,1438,-1,1439,1440,1435,-1,1435,1440,504,-1,1435,504,414,-1,1441,459,1442,-1,1442,459,422,-1,1442,422,1443,-1,1443,422,454,-1,1443,454,1444,-1,1444,454,453,-1,1444,453,1445,-1,1445,453,419,-1,1445,419,1446,-1,1446,419,418,-1,1446,418,1440,-1,1440,418,504,-1,1447,460,1448,-1,1448,460,459,-1,1448,459,1441,-1,460,1447,1449,-1,460,1449,461,-1,461,1449,1450,-1,461,1450,457,-1,457,1450,1451,-1,457,1451,458,-1,458,1451,1452,-1,458,1452,431,-1,431,1452,1453,-1,431,1453,429,-1,429,1453,1454,-1,429,1454,425,-1,653,652,688,-1,688,652,423,-1,688,423,1454,-1,1454,423,425,-1,1455,426,424,-1,1456,1455,689,-1,689,1455,424,-1,689,424,636,-1,636,424,637,-1,1457,420,1458,-1,1458,420,475,-1,1458,475,1459,-1,1459,475,456,-1,1459,456,1460,-1,1460,456,430,-1,1460,430,1461,-1,1461,430,428,-1,1461,428,1462,-1,1462,428,427,-1,1462,427,1463,-1,1463,427,426,-1,1463,426,1455,-1,372,370,1464,-1,1464,370,455,-1,1464,455,1457,-1,1457,455,421,-1,1457,421,420,-1,1465,529,530,-1,374,1466,375,-1,375,1466,1467,-1,375,1467,361,-1,361,1467,1468,-1,361,1468,362,-1,362,1468,1469,-1,362,1469,364,-1,364,1469,365,-1,365,1469,1470,-1,365,1470,366,-1,366,1470,1471,-1,366,1471,367,-1,367,1471,368,-1,368,1471,1472,-1,368,1472,530,-1,530,1472,1473,-1,530,1473,1465,-1,462,529,1474,-1,1474,529,1465,-1,462,1474,463,-1,463,1474,1475,-1,1476,1477,516,-1,516,1477,1478,-1,516,1478,1479,-1,1479,1480,516,-1,516,1480,1481,-1,516,1481,1482,-1,1483,1484,511,-1,1482,1485,516,-1,516,1485,1486,-1,516,1486,511,-1,511,1486,1487,-1,511,1487,1483,-1,1100,1488,936,-1,936,1488,937,-1,1488,1489,937,-1,937,1489,938,-1,1489,1078,938,-1,938,1078,939,-1,1080,1490,940,-1,940,1490,941,-1,1490,1491,941,-1,941,1491,942,-1,1491,1060,942,-1,942,1060,954,-1,1058,1492,955,-1,955,1492,956,-1,1492,1493,956,-1,956,1493,946,-1,1493,1036,946,-1,946,1036,944,-1,1038,1494,945,-1,945,1494,947,-1,1494,1495,947,-1,947,1495,961,-1,1495,1007,961,-1,961,1007,973,-1,205,901,206,-1,206,901,1496,-1,282,206,1497,-1,1497,206,1496,-1,1497,1317,1300,-1,1300,1299,173,-1,173,1299,1297,-1,173,1297,175,-1,1296,177,1297,-1,1297,177,176,-1,1297,176,175,-1,1312,1286,181,-1,181,180,1312,-1,1312,180,179,-1,1312,179,1296,-1,1296,179,178,-1,1296,178,177,-1,282,1497,189,-1,189,1497,1300,-1,189,1300,172,-1,172,1300,173,-1,170,169,287,-1,287,169,1498,-1,287,1498,288,-1,288,1498,303,-1,303,1498,1499,-1,303,1499,304,-1,1499,1500,304,-1,304,1500,1501,-1,304,1501,263,-1,1501,1502,263,-1,263,1502,1503,-1,263,1503,262,-1,1503,1504,262,-1,262,1504,1505,-1,262,1505,260,-1,260,1505,1506,-1,260,1506,286,-1,286,1506,1507,-1,1507,1508,286,-1,286,1508,1509,-1,286,1509,285,-1,283,285,1509,-1,669,668,686,-1,686,668,283,-1,686,283,1274,-1,1274,283,1509,-1,1273,261,687,-1,687,261,284,-1,687,284,684,-1,684,284,685,-1,1289,230,259,-1,1289,259,1290,-1,1290,259,258,-1,1290,258,1315,-1,1315,258,257,-1,1315,257,1316,-1,1316,257,302,-1,1316,302,1303,-1,1303,302,232,-1,1303,232,1302,-1,1302,232,261,-1,1302,261,1273,-1,231,230,1288,-1,1288,230,1289,-1,231,1288,264,-1,264,1288,1279,-1,264,1279,265,-1,265,1279,1278,-1,265,1278,266,-1,266,1278,1282,-1,266,1282,267,-1,267,1282,1287,-1,267,1287,269,-1,269,1287,1298,-1,269,1298,270,-1,270,1298,1319,-1,1319,1320,270,-1,270,1320,1510,-1,270,1510,241,-1,1511,1512,241,-1,241,1512,1513,-1,1510,1514,241,-1,241,1514,1515,-1,241,1515,1511,-1,1516,243,1517,-1,1517,243,241,-1,1517,241,1518,-1,1518,241,1513,-1,1519,1520,1521,-1,1521,1520,1522,-1,1521,1522,1523,-1,1523,1522,1524,-1,1523,1524,1525,-1,1525,1524,1526,-1,1525,1526,1527,-1,1527,1526,1528,-1,1527,1528,1529,-1,1529,1528,1530,-1,1529,1530,1531,-1,1531,1530,1532,-1,1531,1532,1533,-1,1533,1532,1534,-1,1533,1534,1535,-1,1535,1534,1536,-1,1535,1536,1537,-1,1537,1536,1538,-1,1537,1538,1539,-1,1539,1538,1540,-1,1539,1540,1541,-1,1541,1540,1542,-1,1541,1542,1543,-1,1543,1542,1544,-1,1543,1544,243,-1,243,1544,185,-1,1199,186,1197,-1,1197,186,185,-1,186,1199,1200,-1,1545,204,1546,-1,1546,204,186,-1,1546,186,1291,-1,1291,186,1200,-1,1547,188,187,-1,1547,187,1548,-1,1548,187,202,-1,1548,202,1549,-1,1549,202,222,-1,1549,222,1550,-1,1550,222,221,-1,1550,221,1551,-1,1551,221,220,-1,1551,220,1552,-1,1552,220,203,-1,1552,203,1553,-1,1553,203,204,-1,1553,204,1545,-1,184,188,1554,-1,1554,188,1547,-1,290,1555,289,-1,289,1555,1556,-1,289,1556,271,-1,271,1556,1557,-1,271,1557,272,-1,272,1557,1558,-1,272,1558,273,-1,273,1558,1559,-1,273,1559,274,-1,274,1559,1560,-1,274,1560,275,-1,275,1560,1561,-1,275,1561,276,-1,276,1561,1562,-1,276,1562,332,-1,332,1562,1563,-1,331,1564,307,-1,307,1564,1565,-1,1566,307,1567,-1,1567,307,1565,-1,1567,1565,1295,-1,1295,1565,1294,-1,307,1566,234,-1,234,1566,1568,-1,234,1568,235,-1,235,1568,1569,-1,235,1569,194,-1,194,1569,1570,-1,194,1570,195,-1,195,1570,1571,-1,195,1571,201,-1,201,1571,1572,-1,201,1572,200,-1,200,1572,1573,-1,200,1573,198,-1,198,1573,1574,-1,198,1574,191,-1,191,1574,1575,-1,192,191,1576,-1,1576,191,1575,-1,1577,209,190,-1,1577,190,1578,-1,1578,190,219,-1,1578,219,1579,-1,1579,219,215,-1,1579,215,1580,-1,1580,215,214,-1,1580,214,1581,-1,1581,214,213,-1,1581,213,1582,-1,1582,213,218,-1,1582,218,1583,-1,1583,218,192,-1,1583,192,1576,-1,210,209,1584,-1,1584,209,1577,-1,1585,210,1586,-1,1586,210,1584,-1,1586,1584,1268,-1,1268,1584,1269,-1,1587,199,197,-1,1587,197,1588,-1,1588,197,196,-1,1588,196,1589,-1,1589,196,217,-1,1589,217,1590,-1,1590,217,216,-1,1590,216,1591,-1,1591,216,212,-1,1591,212,1592,-1,1592,212,211,-1,1592,211,1593,-1,1593,211,210,-1,1593,210,1585,-1,193,199,1594,-1,1594,199,1587,-1,233,1595,305,-1,305,1595,1596,-1,305,1596,306,-1,306,1596,1597,-1,306,1597,308,-1,308,1597,1598,-1,308,1598,309,-1,309,1598,1599,-1,309,1599,310,-1,310,1599,1600,-1,310,1600,311,-1,311,1600,1601,-1,311,1601,292,-1,292,1601,1602,-1,292,1602,293,-1,293,1602,1603,-1,291,1604,246,-1,246,1604,1605,-1,1606,246,1607,-1,1607,246,1605,-1,1607,1605,1277,-1,1277,1605,1276,-1,246,1606,326,-1,326,1606,1608,-1,326,1608,327,-1,327,1608,1609,-1,327,1609,328,-1,328,1609,1610,-1,328,1610,253,-1,253,1610,1611,-1,253,1611,254,-1,254,1611,1612,-1,254,1612,255,-1,255,1612,1613,-1,255,1613,256,-1,256,1613,1614,-1,256,1614,229,-1,229,1614,1615,-1,279,229,1616,-1,1616,229,1615,-1,1617,280,278,-1,1617,278,1618,-1,1618,278,330,-1,1618,330,1619,-1,1619,330,329,-1,1619,329,1620,-1,1620,329,313,-1,1620,313,1621,-1,1621,313,312,-1,1621,312,1622,-1,1622,312,277,-1,1622,277,1623,-1,1623,277,279,-1,1623,279,1616,-1,280,1617,296,-1,296,1617,1624,-1,296,1624,1625,-1,1625,1624,1265,-1,1625,1265,1626,-1,1626,1265,1627,-1,1628,1629,1264,-1,1264,1629,1630,-1,1264,1630,1631,-1,1631,1632,1264,-1,1264,1632,1633,-1,1264,1633,1265,-1,1265,1633,1634,-1,1265,1634,1627,-1,299,301,1264,-1,1264,301,1635,-1,1264,1635,1628,-1,923,315,1264,-1,1264,315,299,-1,1636,1637,1638,-1,1638,1637,1639,-1,1639,1640,1638,-1,1638,1640,1641,-1,1638,1641,1642,-1,1643,1644,1304,-1,1304,1644,1645,-1,1304,1645,1314,-1,1314,1645,1646,-1,1314,1646,1313,-1,1313,1646,1647,-1,1313,1647,1648,-1,1648,1647,1649,-1,1648,1649,1650,-1,1650,1649,1651,-1,1650,1651,1641,-1,1641,1651,1652,-1,1641,1652,1642,-1,1643,1304,1653,-1,1653,1304,1306,-1,1653,1306,1654,-1,1654,1306,1655,-1,1655,1306,1318,-1,1655,1318,1656,-1,1656,1318,1317,-1,1656,1317,1497,-1,911,1650,913,-1,913,1650,914,-1,1313,1648,907,-1,907,1648,1650,-1,907,1650,909,-1,909,1650,911,-1,921,1639,1637,-1,921,1637,1657,-1,1650,1641,914,-1,914,1641,1640,-1,914,1640,916,-1,916,1640,1639,-1,916,1639,918,-1,918,1639,921,-1,1637,1658,1657,-1,1657,1658,1659,-1,1657,1659,1660,-1,1624,1661,1265,-1,1265,1661,1266,-1,1661,1662,1266,-1,1266,1662,1270,-1,1662,1607,1270,-1,1270,1607,1277,-1,1605,1663,1276,-1,1276,1663,1275,-1,1663,1664,1275,-1,1275,1664,1267,-1,1664,1586,1267,-1,1267,1586,1268,-1,1584,1665,1269,-1,1269,1665,1271,-1,1665,1666,1271,-1,1271,1666,1272,-1,1666,1567,1272,-1,1272,1567,1295,-1,1565,1667,1294,-1,1294,1667,1293,-1,1667,1668,1293,-1,1293,1668,1292,-1,1668,1546,1292,-1,1292,1546,1291,-1,353,351,1198,-1,1198,351,1669,-1,1198,1669,1263,-1,1198,1196,353,-1,353,1196,1194,-1,353,1194,355,-1,355,1194,1192,-1,355,1192,357,-1,357,1192,1233,-1,357,1233,359,-1,359,1233,360,-1,360,1233,1232,-1,360,1232,1670,-1,1670,1232,1230,-1,1670,1230,1671,-1,1671,1230,1228,-1,1671,1228,1672,-1,1672,1228,347,-1,347,1228,1226,-1,347,1226,349,-1,351,350,1673,-1,1673,350,1674,-1,1673,1674,1263,-1,1263,1674,1516,-1,1263,1516,1305,-1,1307,1512,1308,-1,1308,1512,1511,-1,1308,1511,1309,-1,1309,1511,1515,-1,1309,1515,1310,-1,1310,1515,1514,-1,1310,1514,1311,-1,1311,1514,1510,-1,1311,1510,1320,-1,1516,1517,1305,-1,1305,1517,1518,-1,1305,1518,1307,-1,1307,1518,1513,-1,1307,1513,1512,-1,169,1285,1498,-1,1498,1285,1284,-1,1498,1284,1499,-1,1499,1284,1500,-1,1500,1284,1283,-1,1500,1283,1501,-1,1501,1283,1502,-1,1502,1283,1280,-1,1502,1280,1503,-1,1503,1280,1504,-1,1504,1280,1281,-1,1504,1281,1505,-1,1505,1281,1506,-1,1506,1281,1301,-1,1506,1301,1507,-1,1507,1301,1508,-1,1508,1301,1274,-1,1508,1274,1509,-1,181,1286,169,-1,169,1286,1285,-1,1675,1676,1677,-1,1677,1676,1678,-1,1677,1678,1679,-1,1680,1681,1682,-1,1682,1681,1683,-1,1682,1683,1684,-1,1684,1683,1685,-1,1684,1685,1686,-1,1686,1685,1678,-1,1678,1685,1687,-1,1678,1687,1679,-1,1682,1688,1680,-1,1680,1688,1689,-1,1680,1689,1690,-1,1689,1691,1690,-1,1690,1691,1692,-1,1690,1692,1693,-1,1465,1473,1694,-1,1694,1473,1695,-1,1694,1695,1696,-1,1696,1695,1697,-1,1698,1699,1700,-1,1700,1699,1701,-1,1700,1701,1697,-1,1697,1701,1702,-1,1697,1702,1696,-1,1698,1700,1703,-1,1703,1700,1704,-1,1703,1704,1705,-1,1706,1707,1679,-1,1705,1704,1707,-1,1707,1704,1677,-1,1707,1677,1679,-1,1679,1687,1706,-1,1706,1687,1685,-1,1706,1685,1708,-1,1708,1685,1683,-1,1708,1683,1709,-1,1680,1710,1681,-1,1681,1710,1711,-1,1681,1711,1683,-1,1683,1711,1712,-1,1683,1712,1709,-1,1466,374,1713,-1,1713,374,372,-1,1713,372,1714,-1,1455,1456,1715,-1,1455,1715,1463,-1,1463,1715,1716,-1,1463,1716,1462,-1,1462,1716,1717,-1,1462,1717,1461,-1,1718,1459,1717,-1,1717,1459,1460,-1,1717,1460,1461,-1,1719,1714,372,-1,372,1464,1719,-1,1719,1464,1457,-1,1719,1457,1718,-1,1718,1457,1458,-1,1718,1458,1459,-1,1439,1435,1720,-1,1720,1435,1438,-1,1720,1438,1721,-1,1721,1438,1722,-1,1721,1722,1723,-1,1723,1722,1724,-1,1723,1724,1725,-1,1725,1724,1726,-1,1725,1726,1727,-1,1727,1726,1728,-1,1727,1728,1729,-1,1237,1235,1730,-1,1731,1721,1732,-1,1732,1721,1730,-1,1731,1733,1721,-1,1721,1733,1734,-1,1721,1734,1720,-1,1720,1734,1735,-1,1218,1736,1220,-1,1220,1736,1737,-1,1220,1737,1222,-1,1222,1737,346,-1,1222,346,1224,-1,1224,346,348,-1,1730,1721,1237,-1,1237,1721,1723,-1,1237,1723,1239,-1,1239,1723,1725,-1,1239,1725,1241,-1,1241,1725,1727,-1,1241,1727,1242,-1,1242,1727,1729,-1,1242,1729,1218,-1,1218,1729,1738,-1,1218,1738,1736,-1,1739,1740,1741,-1,1742,1250,1248,-1,1743,1744,1741,-1,1741,1744,1745,-1,1741,1745,1739,-1,1743,1746,1744,-1,1744,1746,1747,-1,1744,1747,1742,-1,1742,1248,1744,-1,1744,1248,1246,-1,1744,1246,1748,-1,1748,1246,1244,-1,1748,1244,1749,-1,1749,1244,1243,-1,1749,1243,1750,-1,1750,1243,1751,-1,1751,1243,1215,-1,1751,1215,1752,-1,1752,1215,1213,-1,1752,1213,1753,-1,1753,1213,1211,-1,1753,1211,1754,-1,1754,1211,1209,-1,1754,1209,1755,-1,1745,1756,1757,-1,1757,1756,1758,-1,1757,1758,1740,-1,1740,1758,1385,-1,1740,1385,1759,-1,1760,1381,1761,-1,1761,1381,1380,-1,1761,1380,1762,-1,1762,1380,1384,-1,1762,1384,1763,-1,1763,1384,1383,-1,1763,1383,1764,-1,1764,1383,1379,-1,1764,1379,1378,-1,1385,1386,1759,-1,1759,1386,1387,-1,1759,1387,1760,-1,1760,1387,1382,-1,1760,1382,1381,-1,539,1765,1351,-1,1351,1765,1766,-1,1351,1766,1352,-1,1352,1766,1353,-1,1353,1766,1767,-1,1353,1767,1354,-1,1354,1767,1355,-1,1355,1767,1768,-1,1355,1768,1356,-1,1356,1768,1357,-1,1357,1768,1769,-1,1357,1769,1358,-1,1358,1769,1359,-1,1359,1769,1770,-1,1359,1770,1360,-1,1360,1770,1361,-1,1361,1770,1363,-1,1361,1363,1362,-1,1765,539,1771,-1,1771,539,547,-1,1771,547,1350,-1,1772,1773,1774,-1,1774,1773,1775,-1,1775,1776,1774,-1,1774,1776,1777,-1,1774,1777,1778,-1,1779,1780,1781,-1,1781,1780,1782,-1,1781,1782,1783,-1,1783,1782,1784,-1,1783,1784,1785,-1,1785,1784,1786,-1,1785,1786,1787,-1,1787,1786,1788,-1,1787,1788,1789,-1,1789,1788,1790,-1,1789,1790,1777,-1,1777,1790,1791,-1,1777,1791,1778,-1,1779,1781,1792,-1,1792,1781,1793,-1,1792,1793,1794,-1,1794,1793,1795,-1,1795,1793,1796,-1,1795,1796,1797,-1,1797,1796,1798,-1,1798,1796,1344,-1,1798,1344,1343,-1,1799,1800,1801,-1,1801,1800,1802,-1,1802,1800,1773,-1,1773,1800,1803,-1,1773,1803,1775,-1,1803,1804,1775,-1,1775,1804,1805,-1,1775,1805,1776,-1,1776,1805,1806,-1,1776,1806,1777,-1,1777,1806,1789,-1,1789,1806,1807,-1,1789,1807,1808,-1,1785,1787,1809,-1,1809,1787,1789,-1,1809,1789,1810,-1,1810,1789,1808,-1,1811,1812,1813,-1,1813,1812,1814,-1,1803,1800,1814,-1,1814,1800,1799,-1,1814,1799,1813,-1,1815,1816,1388,-1,1388,1390,1815,-1,1815,1390,1392,-1,1815,1392,1817,-1,1392,1394,1817,-1,1817,1394,1396,-1,1817,1396,1818,-1,1396,1398,1818,-1,1818,1398,1400,-1,1818,1400,1819,-1,1819,1400,1402,-1,1819,1402,1820,-1,1820,1402,1404,-1,1820,1404,1821,-1,1404,1406,1821,-1,1821,1406,1408,-1,1821,1408,1822,-1,1408,1410,1822,-1,1822,1410,1412,-1,1822,1412,1756,-1,1756,1412,402,-1,1756,402,1823,-1,1823,402,1385,-1,1388,1119,1389,-1,1389,1119,1118,-1,398,1413,1249,-1,1249,1413,1247,-1,1413,1411,1247,-1,1247,1411,1409,-1,1247,1409,1245,-1,1409,1407,1245,-1,1245,1407,1405,-1,1245,1405,1216,-1,1405,1403,1216,-1,1216,1403,1401,-1,1216,1401,1214,-1,1401,1399,1214,-1,1214,1399,1397,-1,1214,1397,1212,-1,1389,1208,1391,-1,1391,1208,1210,-1,1391,1210,1393,-1,1393,1210,1212,-1,1393,1212,1395,-1,1395,1212,1397,-1,393,1234,1415,-1,1415,1234,1236,-1,1415,1236,1418,-1,1418,1236,1238,-1,1418,1238,1421,-1,1421,1238,1240,-1,1421,1240,1424,-1,1424,1240,1217,-1,1424,1217,1427,-1,1427,1217,1219,-1,1427,1219,1430,-1,1430,1219,1221,-1,1430,1221,1433,-1,1433,1221,1223,-1,1437,1436,394,-1,1437,394,1438,-1,1438,394,1414,-1,1438,1414,1722,-1,1722,1414,1416,-1,1722,1416,1724,-1,1416,1417,1724,-1,1724,1417,1419,-1,1724,1419,1726,-1,1726,1419,1420,-1,1726,1420,1728,-1,1728,1420,1422,-1,1728,1422,1824,-1,1824,1422,1423,-1,1824,1423,1825,-1,1423,1425,1825,-1,1825,1425,1426,-1,1825,1426,1826,-1,1426,1428,1826,-1,1826,1428,1429,-1,1826,1429,1827,-1,1827,1429,1431,-1,1431,1432,1827,-1,1827,1432,1434,-1,1827,1434,1828,-1,1519,1434,1520,-1,1520,1434,1433,-1,1829,1830,1831,-1,1831,1830,1832,-1,1832,1692,1831,-1,1831,1692,1691,-1,1831,1691,1689,-1,1833,1834,1175,-1,1175,1834,1172,-1,1833,1175,1835,-1,1835,1175,1174,-1,1835,1174,1173,-1,1169,1168,1836,-1,1836,1168,1167,-1,1836,1167,1837,-1,1834,1838,1172,-1,1172,1838,1839,-1,1172,1839,1171,-1,1171,1839,1840,-1,1171,1840,1166,-1,1166,1840,1167,-1,1167,1840,1841,-1,1167,1841,1837,-1,1162,931,1161,-1,1161,931,932,-1,1842,1162,1163,-1,1163,1164,1842,-1,1842,1164,1165,-1,1842,1165,1170,-1,1169,1836,1170,-1,1170,1836,1843,-1,1170,1843,1842,-1,933,931,1844,-1,1844,931,1162,-1,1844,1162,1845,-1,1845,1162,1842,-1,1846,1847,1835,-1,1835,1847,1848,-1,1848,1144,1835,-1,1835,1144,1151,-1,1835,1151,1150,-1,1027,1038,1029,-1,1023,1022,1494,-1,1494,1019,1495,-1,1495,1019,1006,-1,1495,1006,1007,-1,1028,1027,1035,-1,1035,1027,1029,-1,1035,1029,1034,-1,1027,1026,1038,-1,1038,1026,1025,-1,1038,1025,1494,-1,1494,1025,1024,-1,1494,1024,1023,-1,1022,1021,1494,-1,1494,1021,1020,-1,1494,1020,1019,-1,1029,1030,1031,-1,1031,1032,1029,-1,1029,1032,1033,-1,1029,1033,1034,-1,1037,1036,1048,-1,1492,1058,1057,-1,1492,1057,1493,-1,1493,1057,1056,-1,1493,1056,1055,-1,1055,1054,1493,-1,1493,1054,1053,-1,1493,1053,1052,-1,1052,1051,1493,-1,1493,1051,1050,-1,1493,1050,1036,-1,1036,1050,1049,-1,1036,1049,1048,-1,1048,1047,1037,-1,1037,1047,1046,-1,1037,1046,1045,-1,1045,1044,1037,-1,1037,1044,1043,-1,1037,1043,1042,-1,1042,1041,1037,-1,1037,1041,1040,-1,1037,1040,1039,-1,1067,1490,1080,-1,1490,1061,1491,-1,1491,1061,1059,-1,1491,1059,1060,-1,1070,1069,1077,-1,1077,1069,1072,-1,1072,1069,1080,-1,1080,1069,1068,-1,1080,1068,1067,-1,1067,1066,1490,-1,1490,1066,1065,-1,1490,1065,1064,-1,1074,1072,1073,-1,1073,1072,1071,-1,1064,1063,1490,-1,1490,1063,1062,-1,1490,1062,1061,-1,1074,1075,1072,-1,1072,1075,1076,-1,1072,1076,1077,-1,1488,1100,1099,-1,1488,1099,1489,-1,1489,1099,1098,-1,1489,1098,1097,-1,1097,1096,1489,-1,1489,1096,1095,-1,1489,1095,1094,-1,1079,1088,1087,-1,1094,1093,1489,-1,1489,1093,1092,-1,1489,1092,1078,-1,1092,1091,1078,-1,1078,1091,1090,-1,1078,1090,1079,-1,1079,1090,1089,-1,1079,1089,1088,-1,1086,1085,1087,-1,1087,1085,1084,-1,1081,1079,1082,-1,1082,1079,1087,-1,1082,1087,1083,-1,1083,1087,1084,-1,21,1102,1103,-1,1103,1102,1201,-1,1103,1201,1104,-1,1104,1201,1202,-1,1104,1202,1114,-1,1114,1202,1203,-1,1114,1203,1109,-1,1109,1203,1204,-1,1109,1204,1110,-1,1110,1204,1205,-1,1110,1205,1117,-1,1117,1205,1206,-1,1117,1206,1118,-1,1118,1206,1207,-1,1849,1128,73,-1,1849,73,334,-1,334,73,1108,-1,334,1108,335,-1,335,1108,1107,-1,335,1107,337,-1,337,1107,1106,-1,337,1106,339,-1,339,1106,1105,-1,339,1105,341,-1,341,1105,1116,-1,341,1116,342,-1,342,1116,1115,-1,342,1115,344,-1,344,1115,1113,-1,344,1113,1850,-1,1850,1113,1112,-1,1850,1112,1851,-1,1851,1112,1111,-1,1851,1111,1852,-1,1852,1111,1122,-1,1852,1122,1853,-1,1853,1122,1121,-1,1853,1121,1854,-1,1854,1121,1120,-1,1854,1120,1855,-1,1855,1120,1119,-1,1855,1119,1856,-1,1857,1858,1859,-1,1859,1858,1173,-1,1149,1146,1173,-1,1173,1146,1145,-1,1173,1145,1859,-1,1860,1848,1861,-1,1862,1145,1860,-1,1860,1145,1144,-1,1860,1144,1848,-1,1863,1860,1864,-1,1864,1860,1865,-1,1866,1867,1862,-1,1862,1867,1868,-1,1862,1868,1869,-1,1861,1870,1860,-1,1860,1870,1871,-1,1860,1871,1865,-1,1869,1872,1862,-1,1862,1872,1859,-1,1862,1859,1145,-1,1756,1745,1822,-1,1822,1745,1744,-1,1822,1744,1821,-1,1821,1744,1748,-1,1821,1748,1820,-1,1820,1748,1749,-1,1820,1749,1819,-1,1819,1749,1750,-1,1819,1750,1751,-1,1755,1209,1179,-1,1179,1209,1180,-1,1227,1522,1225,-1,1225,1522,1520,-1,1195,1197,185,-1,185,1544,1195,-1,1195,1544,1542,-1,1195,1542,1193,-1,1542,1540,1193,-1,1193,1540,1538,-1,1193,1538,1191,-1,1538,1536,1191,-1,1191,1536,1534,-1,1191,1534,1231,-1,1534,1532,1231,-1,1231,1532,1530,-1,1231,1530,1229,-1,1530,1528,1229,-1,1229,1528,1526,-1,1229,1526,1227,-1,1227,1526,1524,-1,1227,1524,1522,-1,1223,1225,1433,-1,1433,1225,1520,-1,1207,1208,1118,-1,1118,1208,1389,-1,349,1226,348,-1,348,1226,1224,-1,1873,1874,1875,-1,1875,1874,922,-1,921,1657,922,-1,922,1657,1660,-1,922,1660,1875,-1,904,905,1653,-1,906,1645,898,-1,898,1645,1644,-1,898,1644,899,-1,899,1644,905,-1,905,1644,1643,-1,905,1643,1653,-1,1654,1496,1653,-1,1653,1496,901,-1,1653,901,904,-1,1654,1655,1496,-1,1496,1655,1656,-1,1496,1656,1497,-1,1652,1651,912,-1,912,1651,910,-1,910,1651,1649,-1,910,1649,1647,-1,906,908,1645,-1,1645,908,910,-1,1645,910,1646,-1,1646,910,1647,-1,912,915,1652,-1,1652,915,917,-1,1652,917,1642,-1,1642,917,919,-1,1642,919,1638,-1,1638,919,1636,-1,1636,919,920,-1,1636,920,922,-1,1876,1877,1519,-1,1519,1521,1876,-1,1876,1521,1523,-1,1876,1523,1878,-1,1523,1525,1878,-1,1878,1525,1527,-1,1878,1527,1879,-1,1527,1529,1879,-1,1879,1529,1531,-1,1879,1531,358,-1,358,1531,1533,-1,358,1533,356,-1,356,1533,1535,-1,356,1535,354,-1,1535,1537,354,-1,354,1537,1539,-1,354,1539,352,-1,1539,1541,352,-1,352,1541,1543,-1,352,1543,350,-1,350,1543,243,-1,350,243,1880,-1,1880,243,1516,-1,1667,1565,1668,-1,1668,1565,1564,-1,1558,1557,1668,-1,1668,1557,1556,-1,1668,1556,1554,-1,1554,1556,1555,-1,1553,1545,1554,-1,1554,1545,1546,-1,1554,1546,1668,-1,1561,1560,1668,-1,1668,1560,1559,-1,1668,1559,1558,-1,1554,1547,1553,-1,1553,1547,1548,-1,1553,1548,1549,-1,1564,1563,1668,-1,1668,1563,1562,-1,1668,1562,1561,-1,1549,1550,1553,-1,1553,1550,1551,-1,1553,1551,1552,-1,1578,1575,1577,-1,1577,1575,1584,-1,1571,1570,1665,-1,1580,1581,1582,-1,1575,1574,1584,-1,1584,1574,1573,-1,1584,1573,1665,-1,1665,1573,1572,-1,1665,1572,1571,-1,1570,1569,1665,-1,1665,1569,1568,-1,1665,1568,1666,-1,1666,1568,1566,-1,1666,1566,1567,-1,1576,1575,1583,-1,1583,1575,1578,-1,1583,1578,1582,-1,1582,1578,1579,-1,1582,1579,1580,-1,1663,1605,1664,-1,1664,1605,1604,-1,1596,1595,1594,-1,1601,1600,1664,-1,1594,1593,1585,-1,1604,1603,1664,-1,1664,1603,1602,-1,1664,1602,1601,-1,1600,1599,1664,-1,1664,1599,1598,-1,1664,1598,1597,-1,1585,1586,1594,-1,1594,1586,1664,-1,1594,1664,1596,-1,1596,1664,1597,-1,1590,1591,1592,-1,1594,1587,1593,-1,1593,1587,1588,-1,1593,1588,1592,-1,1592,1588,1589,-1,1592,1589,1590,-1,1623,1616,1615,-1,1613,1661,1614,-1,1614,1661,1624,-1,1614,1624,1615,-1,1613,1612,1661,-1,1661,1612,1611,-1,1661,1611,1610,-1,1619,1620,1621,-1,1610,1609,1661,-1,1661,1609,1608,-1,1661,1608,1662,-1,1662,1608,1606,-1,1662,1606,1607,-1,1624,1617,1615,-1,1615,1617,1618,-1,1615,1618,1623,-1,1623,1618,1619,-1,1623,1619,1622,-1,1622,1619,1621,-1,1881,1882,1636,-1,1636,1882,1883,-1,1883,1659,1636,-1,1636,1659,1658,-1,1636,1658,1637,-1,1875,1660,1884,-1,1884,1660,1885,-1,1885,1660,1659,-1,1885,1659,1883,-1,1886,1887,1884,-1,1884,1887,1888,-1,1884,1888,1889,-1,1883,1890,1885,-1,1885,1890,1891,-1,1885,1891,1892,-1,1892,1893,1885,-1,1885,1893,1894,-1,1885,1894,1895,-1,1889,1896,1884,-1,1884,1896,1897,-1,1884,1897,1875,-1,1898,1860,1863,-1,1898,1863,1899,-1,1899,1863,1864,-1,1899,1864,1900,-1,1900,1864,1865,-1,1900,1865,1901,-1,1901,1865,1871,-1,1901,1871,1902,-1,1902,1871,1870,-1,1902,1870,1903,-1,1903,1870,1861,-1,1903,1861,1904,-1,1904,1861,1848,-1,1904,1848,1847,-1,1860,1898,1862,-1,1862,1898,1905,-1,1173,1858,1835,-1,1835,1858,1846,-1,1904,1847,1898,-1,1898,1847,1846,-1,1898,1846,1905,-1,1905,1846,1858,-1,1905,1858,1857,-1,1906,1905,1907,-1,1907,1905,1908,-1,1901,1898,1900,-1,1900,1898,1899,-1,1857,1909,1905,-1,1905,1909,1910,-1,1905,1910,1908,-1,1901,1902,1898,-1,1898,1902,1903,-1,1898,1903,1904,-1,1862,1905,1906,-1,1862,1906,1866,-1,1866,1906,1907,-1,1866,1907,1867,-1,1867,1907,1908,-1,1867,1908,1868,-1,1868,1908,1910,-1,1868,1910,1869,-1,1869,1910,1909,-1,1869,1909,1872,-1,1872,1909,1857,-1,1872,1857,1859,-1,1911,1884,1912,-1,1912,1884,1885,-1,1884,1911,1913,-1,1884,1913,1886,-1,1886,1913,1914,-1,1886,1914,1887,-1,1887,1914,1915,-1,1887,1915,1888,-1,1888,1915,1916,-1,1888,1916,1889,-1,1889,1916,1917,-1,1889,1917,1896,-1,1896,1917,1918,-1,1896,1918,1897,-1,1897,1918,1873,-1,1897,1873,1875,-1,1881,1636,1874,-1,1874,1636,922,-1,1912,1885,1895,-1,1912,1895,1919,-1,1919,1895,1894,-1,1919,1894,1920,-1,1920,1894,1893,-1,1920,1893,1921,-1,1921,1893,1892,-1,1921,1892,1922,-1,1922,1892,1891,-1,1922,1891,1923,-1,1923,1891,1890,-1,1923,1890,1924,-1,1924,1890,1883,-1,1924,1883,1882,-1,1874,1873,1911,-1,1911,1873,1918,-1,1920,1921,1882,-1,1913,1911,1914,-1,1914,1911,1915,-1,1918,1917,1911,-1,1911,1917,1916,-1,1911,1916,1915,-1,1874,1911,1881,-1,1881,1911,1912,-1,1881,1912,1882,-1,1882,1912,1919,-1,1882,1919,1920,-1,1921,1922,1882,-1,1882,1922,1923,-1,1882,1923,1924,-1,1828,1434,1877,-1,1877,1434,1519,-1,1856,1119,1816,-1,1816,1119,1388,-1,1925,1926,1927,-1,1925,1927,1928,-1,1928,1927,1929,-1,1928,1929,1930,-1,1930,1929,1931,-1,1930,1931,1932,-1,1932,1931,1933,-1,1932,1933,1934,-1,1934,1933,1935,-1,1934,1935,1936,-1,1936,1935,1937,-1,1936,1937,1938,-1,1938,1937,1939,-1,1938,1939,1940,-1,1941,1926,1942,-1,1942,1926,1925,-1,1943,1772,1812,-1,1812,1772,1814,-1,1942,1925,1943,-1,1925,1928,1930,-1,1944,1945,1811,-1,1811,1945,1946,-1,1811,1946,1947,-1,1930,1932,1925,-1,1925,1932,1934,-1,1925,1934,1936,-1,1936,1938,1925,-1,1925,1938,1940,-1,1925,1940,1943,-1,1943,1812,1942,-1,1942,1812,1811,-1,1942,1811,1948,-1,1948,1811,1947,-1,1941,1942,1948,-1,1941,1948,1949,-1,1949,1948,1947,-1,1949,1947,1950,-1,1950,1947,1946,-1,1950,1946,1951,-1,1951,1946,1945,-1,1951,1945,1952,-1,1952,1945,1944,-1,1952,1944,1953,-1,1953,1944,1811,-1,1953,1811,1813,-1,1954,1955,1956,-1,1956,1955,1957,-1,1957,1955,1958,-1,1957,1958,1959,-1,1959,1958,1960,-1,1959,1960,1961,-1,1961,1960,1962,-1,1961,1962,1963,-1,1963,1962,1964,-1,1963,1964,1965,-1,1965,1964,1966,-1,1965,1966,1967,-1,1967,1966,1968,-1,1967,1968,1969,-1,1969,1968,1970,-1,1969,1970,1971,-1,1710,1972,1831,-1,1831,1972,1829,-1,1954,1956,1973,-1,1954,1973,1974,-1,1974,1973,1975,-1,1974,1975,1976,-1,1976,1975,1977,-1,1976,1977,1978,-1,1978,1977,1979,-1,1978,1979,1980,-1,1980,1979,1981,-1,1980,1981,1982,-1,1982,1981,1983,-1,1982,1983,1984,-1,1984,1983,1832,-1,1984,1832,1830,-1,1955,1954,1830,-1,1958,1955,1970,-1,1970,1955,1830,-1,1970,1830,1972,-1,1972,1830,1829,-1,1954,1974,1830,-1,1830,1974,1976,-1,1830,1976,1978,-1,1978,1980,1830,-1,1830,1980,1982,-1,1830,1982,1984,-1,1964,1970,1966,-1,1966,1970,1968,-1,1964,1962,1970,-1,1970,1962,1960,-1,1970,1960,1958,-1,1943,1940,1772,-1,1772,1940,1939,-1,1939,1801,1772,-1,1772,1801,1802,-1,1772,1802,1773,-1,1926,1939,1937,-1,1953,1813,1941,-1,1941,1813,1799,-1,1941,1799,1926,-1,1926,1799,1801,-1,1926,1801,1939,-1,1927,1926,1929,-1,1929,1926,1931,-1,1941,1949,1950,-1,1937,1935,1926,-1,1926,1935,1933,-1,1926,1933,1931,-1,1950,1951,1941,-1,1941,1951,1952,-1,1941,1952,1953,-1,1969,1971,1959,-1,1973,1956,1832,-1,1693,1692,1971,-1,1971,1692,1832,-1,1832,1956,1971,-1,1971,1956,1957,-1,1971,1957,1959,-1,1832,1983,1973,-1,1973,1983,1981,-1,1973,1981,1975,-1,1975,1981,1979,-1,1975,1979,1977,-1,1959,1961,1969,-1,1969,1961,1963,-1,1969,1963,1967,-1,1967,1963,1965,-1,1970,1972,1971,-1,1971,1972,1710,-1,1680,1690,1710,-1,1710,1690,1693,-1,1710,1693,1971,-1,533,728,1332,-1,1332,728,1340,-1,1332,1340,1331,-1,1331,1340,1339,-1,1331,1339,1328,-1,1328,1339,1335,-1,1328,1335,1321,-1,1321,1335,1336,-1,1321,1336,1322,-1,1322,1336,1985,-1,1322,1985,1323,-1,1323,1985,1986,-1,1323,1986,1324,-1,1324,1986,1987,-1,1324,1987,1325,-1,1325,1987,1988,-1,1325,1988,1326,-1,1326,1988,1334,-1,1326,1334,1327,-1,1327,1334,1333,-1,1327,1333,1330,-1,1330,1333,1338,-1,1330,1338,1329,-1,1329,1338,1337,-1,1329,1337,405,-1,405,1337,729,-1,1834,1148,1838,-1,1838,1148,1147,-1,1838,1147,1839,-1,1147,1157,1839,-1,1839,1157,1159,-1,1839,1159,1840,-1,1840,1159,1153,-1,1840,1153,1841,-1,1841,1153,1152,-1,1841,1152,1837,-1,1837,1152,999,-1,1837,999,1836,-1,1836,999,988,-1,1836,988,1843,-1,1834,1833,1148,-1,1148,1833,1835,-1,1148,1835,1150,-1,1843,988,1842,-1,1842,988,987,-1,1842,987,1845,-1,1845,987,1844,-1,1844,987,986,-1,1844,986,933,-1,975,12,976,-1,976,12,14,-1,976,14,981,-1,981,14,15,-1,981,15,982,-1,982,15,71,-1,982,71,983,-1,983,71,70,-1,983,70,996,-1,996,70,69,-1,996,69,997,-1,997,69,11,-1,997,11,993,-1,993,11,10,-1,993,10,986,-1,986,10,9,-1,986,9,933,-1,933,9,40,-1,1989,1990,1991,-1,1341,510,508,-1,1992,1993,1994,-1,1991,1990,1993,-1,1993,1990,1995,-1,1993,1995,1994,-1,1989,1991,1996,-1,1996,1991,1809,-1,1996,1809,1997,-1,1997,1809,1810,-1,1997,1810,1998,-1,1998,1810,1808,-1,1998,1808,1999,-1,1808,1807,1999,-1,1999,1807,1806,-1,1999,1806,2000,-1,2000,1806,1805,-1,2000,1805,2001,-1,2001,1805,1804,-1,2001,1804,2002,-1,2002,1804,2003,-1,2003,1804,1803,-1,2003,1803,1814,-1,511,1484,512,-1,512,1484,2004,-1,512,2004,526,-1,526,2004,2005,-1,526,2005,527,-1,527,2005,2006,-1,527,2006,528,-1,528,2006,2007,-1,528,2007,505,-1,505,2007,2008,-1,505,2008,506,-1,506,2008,2009,-1,506,2009,507,-1,507,2009,2010,-1,507,2010,508,-1,508,2010,1992,-1,508,1992,1341,-1,1341,1992,1994,-1,857,891,859,-1,859,891,889,-1,859,889,861,-1,861,889,887,-1,861,887,863,-1,863,887,885,-1,863,885,865,-1,865,885,883,-1,865,883,867,-1,867,883,881,-1,1336,843,1985,-1,1985,843,841,-1,1985,841,1986,-1,1986,841,839,-1,1986,839,1987,-1,1987,839,837,-1,1987,837,1988,-1,1988,837,835,-1,1988,835,1334,-1,1334,835,833,-1,1682,2011,1688,-1,1688,2011,2012,-1,1688,2012,2013,-1,1682,1684,2011,-1,2011,1684,1686,-1,2011,1686,2014,-1,2014,1686,1678,-1,2014,1678,2015,-1,2015,1678,1676,-1,2015,1676,2016,-1,2016,1676,1675,-1,2016,1675,2017,-1,2017,1675,2018,-1,2017,2018,2019,-1,2013,2020,1688,-1,1688,2020,1831,-1,1688,1831,1689,-1,2019,2018,2021,-1,2021,2018,2022,-1,2021,2022,2023,-1,2023,2022,2024,-1,2024,2022,2025,-1,2024,2025,1475,-1,1476,516,2026,-1,2026,516,517,-1,2026,517,2027,-1,2027,517,518,-1,2027,518,2028,-1,2028,518,519,-1,2028,519,2029,-1,2029,519,500,-1,2029,500,2030,-1,2030,500,499,-1,2030,499,2031,-1,2031,499,497,-1,2031,497,2032,-1,2032,497,496,-1,2032,496,2025,-1,2025,496,464,-1,2025,464,1475,-1,1475,464,463,-1,1778,1791,2001,-1,1342,1341,1343,-1,1343,1341,1994,-1,1343,1994,1995,-1,1996,1782,1989,-1,1989,1782,1780,-1,1780,1779,1989,-1,1989,1779,1792,-1,1989,1792,1990,-1,1990,1792,1995,-1,1995,1792,1794,-1,1995,1794,1795,-1,1795,1797,1995,-1,1995,1797,1798,-1,1995,1798,1343,-1,1788,1786,1998,-1,1996,1997,1782,-1,1782,1997,1998,-1,1782,1998,1784,-1,1784,1998,1786,-1,1788,1998,1790,-1,1790,1998,1999,-1,1790,1999,1791,-1,1791,1999,2000,-1,1791,2000,2001,-1,2001,2002,1778,-1,1778,2002,2003,-1,1778,2003,1774,-1,1774,2003,1814,-1,1774,1814,1772,-1,1710,1831,1711,-1,1711,1831,2020,-1,1711,2020,1712,-1,1712,2020,2013,-1,1712,2013,1709,-1,1705,1707,2016,-1,2013,2012,1709,-1,1709,2012,2011,-1,1709,2011,1708,-1,1708,2011,2014,-1,1708,2014,1706,-1,1706,2014,1707,-1,1707,2014,2015,-1,1707,2015,2016,-1,1696,1474,1694,-1,1694,1474,1465,-1,2021,1696,1702,-1,1702,1701,2021,-1,2021,1701,1699,-1,2021,1699,1698,-1,1705,2016,1703,-1,1703,2016,2017,-1,1703,2017,1698,-1,1698,2017,2019,-1,1698,2019,2021,-1,1475,1474,2024,-1,2024,1474,1696,-1,2024,1696,2023,-1,2023,1696,2021,-1,1604,291,1603,-1,1603,291,293,-1,193,1594,233,-1,233,1594,1595,-1,1564,331,1563,-1,1563,331,332,-1,184,1554,290,-1,290,1554,1555,-1,
        ]
    }
}
Shape{
    appearance Appearance {
        material  Material 	{
            diffuseColor 0.0 0.0 0.0
            specularColor 0.0 0.0 0.0
            ambientIntensity 0.0
            transparency 0.0
            shininess 0.5
        }
    }
    geometry IndexedFaceSet {
        ccw TRUE
        solid FALSE
        coord DEF co Coordinate {
            point [
                0.009 -0.6259 1.3323, 0.009 -0.6259 1.3232, 0.009 -0.622 1.3323, 0.009 -0.622 1.3232, -0.0229 -0.6259 1.3323, -0.0229 -0.622 1.3323, -0.0229 -0.6259 1.4032, -0.0229 -0.622 1.4032, -0.0333 -0.6259 1.4032, -0.0333 -0.622 1.4032, -0.0333 -0.6259 1.3232, -0.0333 -0.622 1.3232, 0.0722 -0.622 1.3265, 0.0722 -0.6259 1.3265, 0.0708 -0.6259 1.3258, 0.05 -0.6259 1.3218, 0.05 -0.622 1.3218, 0.0622 -0.622 1.323, 0.0622 -0.6259 1.323, 0.0688 -0.622 1.3251, 0.0708 -0.622 1.3258, 0.0722 -0.6259 1.3364, 0.0722 -0.622 1.3364, 0.0688 -0.622 1.3349, 0.0643 -0.6259 1.3328, 0.0643 -0.622 1.3328, 0.0552 -0.622 1.3312, 0.0552 -0.6259 1.3312, 0.0515 -0.622 1.331, 0.0515 -0.6259 1.331, 0.0444 -0.622 1.3318, 0.0444 -0.6259 1.3318, 0.0386 -0.622 1.3338, 0.0386 -0.6259 1.3338, 0.0331 -0.622 1.3373, 0.0331 -0.6259 1.3373, 0.0309 -0.622 1.3395, 0.0309 -0.6259 1.3395, 0.0272 -0.622 1.3445, 0.0272 -0.6259 1.3445, 0.0246 -0.622 1.3509, 0.0246 -0.6259 1.3509, 0.0232 -0.622 1.3588, 0.0232 -0.6259 1.3588, 0.0231 -0.622 1.3623, 0.0231 -0.6259 1.3623, 0.0244 -0.622 1.3733, 0.0244 -0.6259 1.3733, 0.0271 -0.622 1.3802, 0.0271 -0.6259 1.3802, 0.0309 -0.622 1.3858, 0.0309 -0.6259 1.3858, 0.0315 -0.622 1.3864, 0.0315 -0.6259 1.3864, 0.0365 -0.622 1.3906, 0.0365 -0.6259 1.3906, 0.0427 -0.622 1.3936, 0.0427 -0.6259 1.3936, 0.0496 -0.622 1.3951, 0.0496 -0.6259 1.3951, 0.0533 -0.622 1.3953, 0.0533 -0.6259 1.3953, 0.0632 -0.622 1.3941, 0.0688 -0.622 1.392, 0.0713 -0.6259 1.391, 0.0632 -0.6259 1.3941, 0.0713 -0.622 1.391, 0.0722 -0.622 1.3905, 0.0722 -0.6259 1.3905, 0.0722 -0.6259 1.4013, 0.0722 -0.622 1.4013, 0.0688 -0.622 1.4023, 0.0637 -0.6259 1.4038, 0.0532 -0.622 1.4046, 0.0532 -0.6259 1.4046, 0.0618 -0.622 1.4039, 0.0637 -0.622 1.4038, 0.0476 -0.622 1.4039, 0.0417 -0.6259 1.4032, 0.0417 -0.622 1.4032, 0.0333 -0.622 1.3999, 0.0333 -0.6259 1.3999, 0.0258 -0.622 1.3947, 0.0258 -0.6259 1.3947, 0.0238 -0.622 1.3928, 0.0238 -0.6259 1.3928, 0.018 -0.622 1.3852, 0.018 -0.6259 1.3852, 0.0142 -0.622 1.3763, 0.0142 -0.6259 1.3763, 0.0124 -0.622 1.3659, 0.0124 -0.6259 1.3659, 0.0122 -0.622 1.3617, 0.0122 -0.6259 1.3617, 0.0138 -0.622 1.3487, 0.0138 -0.6259 1.3487, 0.0171 -0.622 1.3403, 0.0171 -0.6259 1.3403, 0.0218 -0.622 1.3335, 0.0218 -0.6259 1.3335, 0.0225 -0.622 1.3327, 0.0225 -0.6259 1.3327, 0.0279 -0.622 1.3281, 0.0279 -0.6259 1.3281, 0.0353 -0.622 1.3243, 0.0353 -0.6259 1.3243, 0.0437 -0.622 1.3222, 0.0437 -0.6259 1.3222, 0.1313 -0.6259 1.3323, 0.1313 -0.6259 1.3232, 0.1313 -0.622 1.3323, 0.1313 -0.622 1.3232, 0.0986 -0.622 1.3323, 0.0986 -0.6259 1.3323, 0.1202 -0.622 1.3323, 0.0986 -0.6259 1.3592, 0.0986 -0.622 1.3592, 0.1272 -0.6259 1.3592, 0.1202 -0.622 1.3592, 0.1272 -0.622 1.3592, 0.1272 -0.6259 1.3684, 0.1272 -0.622 1.3684, 0.0986 -0.622 1.3684, 0.0986 -0.6259 1.3684, 0.1202 -0.622 1.3684, 0.0986 -0.6259 1.394, 0.0986 -0.622 1.394, 0.1295 -0.6259 1.394, 0.1202 -0.622 1.394, 0.1295 -0.622 1.394, 0.1295 -0.6259 1.4032, 0.1295 -0.622 1.4032, 0.0882 -0.622 1.4032, 0.0882 -0.6259 1.4032, 0.1202 -0.622 1.4032, 0.0882 -0.6259 1.3232, 0.0882 -0.622 1.3232, 0.1202 -0.622 1.3232, 0.1995 -0.6259 1.3344, 0.1912 -0.6259 1.3398, 0.1911 -0.6259 1.3284, 0.186 -0.6259 1.3362, 0.182 -0.6259 1.3248, 0.1794 -0.6259 1.3336, 0.1684 -0.6259 1.3232, 0.1684 -0.6259 1.3323, 0.1464 -0.6259 1.3232, 0.1567 -0.6259 1.3323, 0.1464 -0.6259 1.4032, 0.1567 -0.6259 1.394, 0.1692 -0.6259 1.4032, 0.1688 -0.6259 1.394, 0.1695 -0.6259 1.394, 0.1815 -0.6259 1.4019, 0.1798 -0.6259 1.3927, 0.1911 -0.6259 1.3984, 0.1866 -0.6259 1.3901, 0.1995 -0.6259 1.3926, 0.1919 -0.6259 1.3865, 0.2024 -0.6259 1.3899, 0.1942 -0.6259 1.3843, 0.2073 -0.6259 1.3829, 0.1973 -0.6259 1.3798, 0.2103 -0.6259 1.3752, 0.1995 -0.6259 1.3739, 0.2116 -0.6259 1.3642, 0.2007 -0.6259 1.3639, 0.2114 -0.6259 1.3591, 0.2004 -0.6259 1.3586, 0.2094 -0.6259 1.3497, 0.1988 -0.6259 1.3513, 0.2055 -0.6259 1.3415, 0.196 -0.6259 1.3454, 0.1922 -0.6259 1.3406, 0.1684 -0.622 1.3232, 0.1464 -0.622 1.3232, 0.182 -0.622 1.3248, 0.1911 -0.622 1.3284, 0.1995 -0.622 1.3344, 0.2055 -0.622 1.3415, 0.2094 -0.622 1.3497, 0.2114 -0.622 1.3591, 0.2116 -0.622 1.3642, 0.2103 -0.622 1.3752, 0.2073 -0.622 1.3829, 0.2024 -0.622 1.3899, 0.1995 -0.622 1.3926, 0.1911 -0.622 1.3984, 0.1815 -0.622 1.4019, 0.1692 -0.622 1.4032, 0.1464 -0.622 1.4032, 0.1688 -0.622 1.394, 0.1567 -0.622 1.394, 0.1567 -0.622 1.3323, 0.1684 -0.622 1.3323, 0.1922 -0.622 1.3406, 0.1912 -0.622 1.3398, 0.186 -0.622 1.3362, 0.1794 -0.622 1.3336, 0.2007 -0.622 1.3639, 0.2004 -0.622 1.3586, 0.1988 -0.622 1.3513, 0.196 -0.622 1.3454, 0.1919 -0.622 1.3865, 0.1942 -0.622 1.3843, 0.1973 -0.622 1.3798, 0.1995 -0.622 1.3739, 0.1695 -0.622 1.394, 0.1798 -0.622 1.3927, 0.1866 -0.622 1.3901
            ]
        }
        coordIndex [
            0,1,2,-1,2,1,3,-1,4,0,5,-1,5,0,2,-1,6,4,7,-1,7,4,5,-1,8,6,9,-1,9,6,7,-1,10,8,11,-1,11,8,9,-1,1,10,3,-1,3,10,11,-1,6,8,4,-1,4,8,10,-1,4,10,0,-1,0,10,1,-1,12,13,14,-1,15,16,17,-1,15,17,18,-1,18,17,19,-1,18,19,14,-1,14,19,20,-1,14,20,12,-1,21,13,22,-1,22,13,12,-1,21,22,23,-1,21,23,24,-1,23,25,24,-1,24,25,26,-1,24,26,27,-1,27,26,28,-1,27,28,29,-1,29,28,30,-1,29,30,31,-1,31,30,32,-1,31,32,33,-1,33,32,34,-1,33,34,35,-1,35,34,36,-1,35,36,37,-1,37,36,38,-1,37,38,39,-1,39,38,40,-1,39,40,41,-1,41,40,42,-1,41,42,43,-1,43,42,44,-1,43,44,45,-1,45,44,46,-1,45,46,47,-1,47,46,48,-1,47,48,49,-1,49,48,50,-1,49,50,51,-1,51,50,52,-1,51,52,53,-1,53,52,54,-1,53,54,55,-1,55,54,56,-1,55,56,57,-1,57,56,58,-1,57,58,59,-1,59,58,60,-1,59,60,61,-1,61,60,62,-1,63,64,62,-1,62,64,65,-1,62,65,61,-1,63,66,64,-1,64,66,67,-1,64,67,68,-1,69,68,70,-1,70,68,67,-1,69,70,71,-1,69,71,72,-1,73,74,75,-1,75,74,72,-1,75,72,76,-1,76,72,71,-1,74,73,77,-1,74,77,78,-1,77,79,78,-1,78,79,80,-1,78,80,81,-1,81,80,82,-1,81,82,83,-1,83,82,84,-1,83,84,85,-1,85,84,86,-1,85,86,87,-1,87,86,88,-1,87,88,89,-1,89,88,90,-1,89,90,91,-1,91,90,92,-1,91,92,93,-1,93,92,94,-1,93,94,95,-1,95,94,96,-1,95,96,97,-1,97,96,98,-1,97,98,99,-1,99,98,100,-1,99,100,101,-1,101,100,102,-1,101,102,103,-1,103,102,104,-1,103,104,105,-1,105,104,106,-1,105,106,107,-1,107,106,16,-1,107,16,15,-1,47,49,87,-1,87,49,85,-1,93,45,91,-1,91,45,47,-1,91,47,89,-1,89,47,87,-1,49,51,85,-1,85,51,53,-1,85,53,83,-1,83,53,55,-1,83,55,81,-1,81,55,78,-1,78,55,57,-1,78,57,74,-1,13,21,14,-1,14,21,24,-1,14,24,18,-1,18,24,27,-1,18,27,15,-1,15,27,29,-1,15,29,107,-1,107,29,31,-1,107,31,105,-1,105,31,33,-1,105,33,103,-1,103,33,35,-1,103,35,101,-1,101,35,37,-1,101,37,99,-1,99,37,39,-1,99,39,97,-1,97,39,95,-1,95,39,41,-1,95,41,93,-1,93,41,43,-1,93,43,45,-1,57,59,74,-1,74,59,61,-1,74,61,72,-1,72,61,65,-1,72,65,69,-1,69,65,64,-1,69,64,68,-1,108,109,110,-1,110,109,111,-1,112,113,114,-1,114,113,108,-1,114,108,110,-1,115,113,116,-1,116,113,112,-1,115,116,117,-1,117,116,118,-1,117,118,119,-1,120,117,121,-1,121,117,119,-1,122,123,124,-1,124,123,120,-1,124,120,121,-1,125,123,126,-1,126,123,122,-1,125,126,127,-1,127,126,128,-1,127,128,129,-1,130,127,131,-1,131,127,129,-1,132,133,134,-1,134,133,130,-1,134,130,131,-1,135,133,136,-1,136,133,132,-1,135,136,109,-1,109,136,137,-1,109,137,111,-1,135,109,108,-1,108,113,135,-1,135,113,115,-1,135,115,133,-1,127,130,125,-1,125,130,133,-1,125,133,123,-1,123,133,115,-1,123,115,120,-1,120,115,117,-1,138,139,140,-1,140,139,141,-1,140,141,142,-1,142,141,143,-1,142,143,144,-1,144,143,145,-1,144,145,146,-1,146,145,147,-1,146,147,148,-1,148,147,149,-1,148,149,150,-1,149,151,150,-1,150,151,152,-1,150,152,153,-1,153,152,154,-1,153,154,155,-1,155,154,156,-1,155,156,157,-1,157,156,158,-1,157,158,159,-1,159,158,160,-1,159,160,161,-1,161,160,162,-1,161,162,163,-1,163,162,164,-1,163,164,165,-1,165,164,166,-1,165,166,167,-1,167,166,168,-1,167,168,169,-1,169,168,170,-1,169,170,171,-1,171,170,172,-1,171,172,138,-1,138,172,173,-1,138,173,139,-1,144,146,174,-1,174,146,175,-1,144,174,176,-1,144,176,142,-1,142,176,177,-1,142,177,140,-1,140,177,178,-1,140,178,138,-1,138,178,179,-1,138,179,171,-1,171,179,180,-1,171,180,169,-1,169,180,181,-1,169,181,167,-1,167,181,182,-1,167,182,165,-1,165,182,183,-1,165,183,163,-1,163,183,184,-1,163,184,161,-1,161,184,185,-1,161,185,159,-1,159,185,186,-1,159,186,157,-1,157,186,187,-1,157,187,155,-1,155,187,188,-1,155,188,153,-1,153,188,189,-1,153,189,150,-1,148,150,190,-1,190,150,189,-1,146,148,175,-1,175,148,190,-1,151,149,191,-1,191,149,192,-1,149,147,192,-1,192,147,193,-1,147,145,193,-1,193,145,194,-1,173,195,196,-1,173,196,139,-1,139,196,197,-1,139,197,141,-1,141,197,198,-1,141,198,143,-1,143,198,194,-1,143,194,145,-1,166,199,200,-1,166,200,168,-1,168,200,201,-1,168,201,170,-1,170,201,202,-1,170,202,172,-1,172,202,195,-1,172,195,173,-1,158,203,204,-1,158,204,160,-1,160,204,205,-1,160,205,162,-1,162,205,206,-1,162,206,164,-1,164,206,199,-1,164,199,166,-1,151,191,207,-1,151,207,152,-1,152,207,208,-1,152,208,154,-1,154,208,209,-1,154,209,156,-1,156,209,203,-1,156,203,158,-1,
        ]
    }
}
Shape{
    appearance Appearance {
        material  Material 	{
            diffuseColor 0.7529411764705882 0.7529411764705882 0.7529411764705882
            specularColor 0.6627450980392157 0.6627450980392157 0.6627450980392157
            ambientIntensity 0.7529
            transparency 0.0
            shininess 0.5
        }
    }
    geometry IndexedFaceSet {
        ccw TRUE
        solid FALSE
        coord DEF co Coordinate {
            point [
                0.186 -0.622 1.3362, 0.1912 -0.622 1.3398, 0.1695 -0.622 1.394, 0.1567 -0.622 1.394, 0.1567 -0.622 1.3323, 0.1688 -0.622 1.394, 0.1684 -0.622 1.3323, 0.1794 -0.622 1.3336, 0.1922 -0.622 1.3406, 0.196 -0.622 1.3454, 0.1988 -0.622 1.3513, 0.2007 -0.622 1.3639, 0.1919 -0.622 1.3865, 0.1866 -0.622 1.3901, 0.1995 -0.622 1.3739, 0.1973 -0.622 1.3798, 0.1942 -0.622 1.3843, 0.2004 -0.622 1.3586, 0.1798 -0.622 1.3927
            ]
        }
        coordIndex [
            0,1,2,-1,3,4,5,-1,5,4,6,-1,5,6,2,-1,2,6,7,-1,2,7,0,-1,1,8,2,-1,2,8,9,-1,2,9,10,-1,11,12,13,-1,14,15,11,-1,11,15,16,-1,11,16,12,-1,10,17,2,-1,2,17,11,-1,2,11,18,-1,18,11,13,-1,
        ]
    }
}
Shape{
    appearance Appearance {
        material  Material 	{
            diffuseColor 0.0 0.0 0.0
            specularColor 0.0 0.0 0.0
            ambientIntensity 0.0
            transparency 0.0
            shininess 0.5
        }
    }
    geometry IndexedFaceSet {
        ccw TRUE
        solid FALSE
        coord DEF co Coordinate {
            point [
                0.2384 -0.6259 1.3541, 0.2352 -0.6259 1.3451, 0.2653 -0.6259 1.3541, 0.2685 -0.6259 1.3451, 0.2504 -0.6259 1.3874, 0.2465 -0.6259 1.4032, 0.216 -0.6259 1.3232, 0.2275 -0.6259 1.3232, 0.2511 -0.6259 1.3898, 0.2517 -0.6259 1.393, 0.2576 -0.6259 1.4032, 0.252 -0.6259 1.393, 0.2526 -0.6259 1.3896, 0.2532 -0.6259 1.3874, 0.2881 -0.6259 1.3232, 0.2767 -0.6259 1.3232, 0.2576 -0.622 1.4032, 0.2881 -0.622 1.3232, 0.2465 -0.622 1.4032, 0.216 -0.622 1.3232, 0.2391 -0.622 1.3838, 0.2275 -0.622 1.3232, 0.2352 -0.622 1.3451, 0.2685 -0.622 1.3451, 0.2391 -0.622 1.3451, 0.2767 -0.622 1.3232, 0.2384 -0.622 1.3541, 0.2653 -0.622 1.3541, 0.2532 -0.622 1.3874, 0.252 -0.622 1.393, 0.2526 -0.622 1.3896, 0.2517 -0.622 1.393, 0.2504 -0.622 1.3874, 0.2511 -0.622 1.3898
            ]
        }
        coordIndex [
            0,1,2,-1,2,1,3,-1,4,5,0,-1,0,5,6,-1,0,6,1,-1,1,6,7,-1,4,8,5,-1,5,8,9,-1,5,9,10,-1,10,9,11,-1,10,11,12,-1,12,13,10,-1,10,13,2,-1,10,2,14,-1,14,2,3,-1,14,3,15,-1,10,14,16,-1,16,14,17,-1,5,10,18,-1,18,10,16,-1,19,6,20,-1,20,6,5,-1,20,5,18,-1,7,6,21,-1,21,6,19,-1,1,7,22,-1,22,7,21,-1,23,3,24,-1,24,3,1,-1,24,1,22,-1,15,3,25,-1,25,3,23,-1,14,15,17,-1,17,15,25,-1,0,2,26,-1,26,2,27,-1,2,13,27,-1,27,13,28,-1,11,29,30,-1,11,30,12,-1,12,30,28,-1,12,28,13,-1,11,9,29,-1,29,9,31,-1,4,32,33,-1,4,33,8,-1,8,33,31,-1,8,31,9,-1,4,0,32,-1,32,0,26,-1,
        ]
    }
}
Shape{
    appearance Appearance {
        material  Material 	{
            diffuseColor 0.7529411764705882 0.7529411764705882 0.7529411764705882
            specularColor 0.6627450980392157 0.6627450980392157 0.6627450980392157
            ambientIntensity 0.7529
            transparency 0.0
            shininess 0.5
        }
    }
    geometry IndexedFaceSet {
        ccw TRUE
        solid FALSE
        coord DEF co Coordinate {
            point [
                0.252 -0.622 1.393, 0.2517 -0.622 1.393, 0.2526 -0.622 1.3896, 0.2511 -0.622 1.3898, 0.2532 -0.622 1.3874, 0.2504 -0.622 1.3874, 0.2653 -0.622 1.3541, 0.2384 -0.622 1.3541
            ]
        }
        coordIndex [
            0,1,2,-1,2,1,3,-1,2,3,4,-1,4,3,5,-1,4,5,6,-1,6,5,7,-1,
        ]
    }
}
Shape{
    appearance Appearance {
        material  Material 	{
            diffuseColor 0.0 0.0 0.0
            specularColor 0.0 0.0 0.0
            ambientIntensity 0.0
            transparency 0.0
            shininess 0.5
        }
    }
    geometry IndexedFaceSet {
        ccw TRUE
        solid FALSE
        coord DEF co Coordinate {
            point [
                0.0098 -0.6259 1.2053, 0.0098 -0.6259 1.1961, 0.0098 -0.622 1.2053, 0.0098 -0.622 1.1961, -0.0229 -0.622 1.2053, -0.0229 -0.6259 1.2053, 0.0094 -0.622 1.2053, -0.0229 -0.6259 1.2322, -0.0229 -0.622 1.2322, 0.0057 -0.6259 1.2322, 0.0057 -0.622 1.2322, 0.0057 -0.6259 1.2414, 0.0057 -0.622 1.2414, -0.0229 -0.6259 1.2414, -0.0229 -0.622 1.2414, -0.0229 -0.622 1.267, -0.0229 -0.6259 1.267, -0.0229 -0.622 1.2654, 0.008 -0.6259 1.267, 0.008 -0.622 1.267, 0.008 -0.6259 1.2762, 0.008 -0.622 1.2762, -0.0333 -0.6259 1.2762, -0.0333 -0.622 1.2762, -0.0333 -0.622 1.1961, -0.0333 -0.6259 1.1961, -0.0333 -0.622 1.2654, 0.0094 -0.622 1.1961, 0.0551 -0.6259 1.205, 0.0553 -0.6259 1.205, 0.0547 -0.6259 1.2142, 0.0553 -0.6259 1.2187, 0.0654 -0.6259 1.2329, 0.0553 -0.6259 1.2194, 0.0553 -0.6259 1.2248, 0.0553 -0.6259 1.1961, 0.0654 -0.6259 1.1961, 0.0297 -0.6259 1.2139, 0.0302 -0.6259 1.2162, 0.0215 -0.6259 1.2207, 0.0532 -0.6259 1.2106, 0.051 -0.6259 1.2077, 0.0534 -0.6259 1.2025, 0.0498 -0.6259 1.2065, 0.0503 -0.6259 1.1991, 0.0469 -0.6259 1.2045, 0.0468 -0.6259 1.1969, 0.0439 -0.6259 1.2034, 0.0427 -0.6259 1.1954, 0.0401 -0.6259 1.203, 0.0375 -0.6259 1.1948, 0.0367 -0.6259 1.2034, 0.0315 -0.6259 1.1955, 0.0345 -0.6259 1.2042, 0.0277 -0.6259 1.1969, 0.0325 -0.6259 1.2056, 0.0243 -0.6259 1.1993, 0.0316 -0.6259 1.2065, 0.0236 -0.6259 1.2235, 0.031 -0.6259 1.218, 0.0267 -0.6259 1.2262, 0.0322 -0.6259 1.2195, 0.031 -0.6259 1.2284, 0.0335 -0.6259 1.2205, 0.0358 -0.6259 1.2216, 0.0384 -0.6259 1.2301, 0.0419 -0.6259 1.223, 0.0553 -0.6259 1.2325, 0.0201 -0.6259 1.2172, 0.0194 -0.6259 1.2129, 0.0296 -0.6259 1.2123, 0.0194 -0.6259 1.2115, 0.0298 -0.6259 1.21, 0.0199 -0.6259 1.2069, 0.0305 -0.6259 1.2082, 0.0211 -0.6259 1.2035, 0.0232 -0.6259 1.2004, 0.025 -0.6259 1.2493, 0.025 -0.6259 1.2396, 0.0271 -0.6259 1.2505, 0.031 -0.6259 1.2435, 0.0345 -0.6259 1.2534, 0.0372 -0.6259 1.2458, 0.0447 -0.6259 1.2546, 0.0437 -0.6259 1.2465, 0.0508 -0.6259 1.2541, 0.0471 -0.6259 1.2461, 0.055 -0.6259 1.2528, 0.0495 -0.6259 1.2453, 0.0583 -0.6259 1.2509, 0.0512 -0.6259 1.2442, 0.061 -0.6259 1.2483, 0.0528 -0.6259 1.2426, 0.0631 -0.6259 1.245, 0.0539 -0.6259 1.2405, 0.0646 -0.6259 1.2404, 0.055 -0.6259 1.2369, 0.0447 -0.622 1.2546, 0.0345 -0.622 1.2534, 0.0271 -0.622 1.2505, 0.025 -0.622 1.2493, 0.025 -0.622 1.2396, 0.031 -0.622 1.2435, 0.0372 -0.622 1.2458, 0.0437 -0.622 1.2465, 0.0471 -0.622 1.2461, 0.0495 -0.622 1.2453, 0.0512 -0.622 1.2442, 0.0528 -0.622 1.2426, 0.0539 -0.622 1.2405, 0.055 -0.622 1.2369, 0.0553 -0.622 1.2325, 0.0384 -0.622 1.2301, 0.031 -0.622 1.2284, 0.0267 -0.622 1.2262, 0.0236 -0.622 1.2235, 0.0215 -0.622 1.2207, 0.0201 -0.622 1.2172, 0.0194 -0.622 1.2129, 0.0194 -0.622 1.2115, 0.0199 -0.622 1.2069, 0.0211 -0.622 1.2035, 0.0232 -0.622 1.2004, 0.0243 -0.622 1.1993, 0.0375 -0.622 1.1948, 0.0317 -0.622 1.1955, 0.0315 -0.622 1.1955, 0.0277 -0.622 1.1969, 0.0427 -0.622 1.1954, 0.043 -0.622 1.1955, 0.0468 -0.622 1.1969, 0.0503 -0.622 1.1991, 0.0534 -0.622 1.2025, 0.0551 -0.622 1.205, 0.0553 -0.622 1.205, 0.0553 -0.622 1.1961, 0.0654 -0.622 1.1961, 0.0654 -0.622 1.2329, 0.0646 -0.622 1.2404, 0.0631 -0.622 1.245, 0.061 -0.622 1.2483, 0.0583 -0.622 1.2509, 0.055 -0.622 1.2528, 0.0508 -0.622 1.2541, 0.0322 -0.622 1.2195, 0.0335 -0.622 1.2205, 0.0358 -0.622 1.2216, 0.0419 -0.622 1.223, 0.0296 -0.622 1.2123, 0.0297 -0.622 1.2139, 0.0302 -0.622 1.2162, 0.031 -0.622 1.218, 0.0325 -0.622 1.2056, 0.0316 -0.622 1.2065, 0.0305 -0.622 1.2082, 0.0298 -0.622 1.21, 0.0401 -0.622 1.203, 0.0367 -0.622 1.2034, 0.0345 -0.622 1.2042, 0.051 -0.622 1.2077, 0.0498 -0.622 1.2065, 0.0469 -0.622 1.2045, 0.0439 -0.622 1.2034, 0.0553 -0.622 1.2194, 0.0553 -0.622 1.2187, 0.0547 -0.622 1.2142, 0.0532 -0.622 1.2106, 0.0553 -0.622 1.2248
            ]
        }
        coordIndex [
            0,1,2,-1,2,1,3,-1,4,5,6,-1,6,5,0,-1,6,0,2,-1,7,5,8,-1,8,5,4,-1,9,7,10,-1,10,7,8,-1,11,9,12,-1,12,9,10,-1,13,11,14,-1,14,11,12,-1,15,16,17,-1,17,16,13,-1,17,13,14,-1,18,16,19,-1,19,16,15,-1,20,18,21,-1,21,18,19,-1,22,20,23,-1,23,20,21,-1,24,25,26,-1,26,25,22,-1,26,22,23,-1,3,1,27,-1,27,1,25,-1,27,25,24,-1,25,1,0,-1,0,5,25,-1,25,5,7,-1,25,7,22,-1,18,20,16,-1,16,20,22,-1,16,22,13,-1,13,22,7,-1,13,7,11,-1,11,7,9,-1,28,29,30,-1,31,32,33,-1,33,32,34,-1,35,36,29,-1,29,36,32,-1,29,32,30,-1,30,32,31,-1,37,38,39,-1,30,40,28,-1,28,40,41,-1,28,41,42,-1,42,41,43,-1,42,43,44,-1,44,43,45,-1,44,45,46,-1,46,45,47,-1,46,47,48,-1,48,47,49,-1,48,49,50,-1,50,49,51,-1,50,51,52,-1,52,51,53,-1,52,53,54,-1,54,53,55,-1,54,55,56,-1,56,55,57,-1,39,38,58,-1,58,38,59,-1,58,59,60,-1,60,59,61,-1,60,61,62,-1,61,63,62,-1,62,63,64,-1,62,64,65,-1,65,64,66,-1,65,66,67,-1,39,68,37,-1,37,68,69,-1,37,69,70,-1,70,69,71,-1,70,71,72,-1,72,71,73,-1,72,73,74,-1,74,73,75,-1,74,75,57,-1,57,75,76,-1,57,76,56,-1,77,78,79,-1,79,78,80,-1,79,80,81,-1,81,80,82,-1,81,82,83,-1,83,82,84,-1,83,84,85,-1,85,84,86,-1,85,86,87,-1,87,86,88,-1,87,88,89,-1,89,88,90,-1,89,90,91,-1,91,90,92,-1,91,92,93,-1,93,92,94,-1,93,94,95,-1,95,94,96,-1,95,96,32,-1,32,96,67,-1,32,67,34,-1,34,67,66,-1,83,97,98,-1,83,98,81,-1,81,98,99,-1,81,99,79,-1,79,99,100,-1,79,100,77,-1,78,77,101,-1,101,77,100,-1,78,101,102,-1,78,102,80,-1,80,102,103,-1,80,103,82,-1,82,103,104,-1,82,104,84,-1,84,104,105,-1,84,105,86,-1,86,105,106,-1,86,106,88,-1,88,106,107,-1,88,107,90,-1,90,107,108,-1,90,108,92,-1,92,108,109,-1,92,109,94,-1,94,109,110,-1,94,110,96,-1,96,110,111,-1,96,111,67,-1,65,67,112,-1,112,67,111,-1,65,112,113,-1,65,113,62,-1,62,113,114,-1,62,114,60,-1,60,114,115,-1,60,115,58,-1,58,115,116,-1,58,116,39,-1,39,116,117,-1,39,117,68,-1,68,117,118,-1,68,118,69,-1,69,118,119,-1,69,119,71,-1,71,119,120,-1,71,120,73,-1,73,120,121,-1,73,121,75,-1,75,121,122,-1,75,122,76,-1,76,122,123,-1,76,123,56,-1,124,50,125,-1,125,50,52,-1,125,52,126,-1,126,52,54,-1,126,54,127,-1,127,54,56,-1,127,56,123,-1,50,124,128,-1,50,128,48,-1,48,128,129,-1,48,129,46,-1,129,130,46,-1,46,130,131,-1,46,131,44,-1,44,131,132,-1,44,132,42,-1,42,132,133,-1,42,133,28,-1,29,28,134,-1,134,28,133,-1,35,29,135,-1,135,29,134,-1,36,35,136,-1,136,35,135,-1,32,36,137,-1,137,36,136,-1,32,137,138,-1,32,138,95,-1,95,138,139,-1,95,139,93,-1,93,139,140,-1,93,140,91,-1,91,140,141,-1,91,141,89,-1,89,141,142,-1,89,142,87,-1,87,142,143,-1,87,143,85,-1,85,143,97,-1,85,97,83,-1,61,144,145,-1,61,145,63,-1,63,145,146,-1,63,146,64,-1,64,146,147,-1,64,147,66,-1,70,148,149,-1,70,149,37,-1,37,149,150,-1,37,150,38,-1,38,150,151,-1,38,151,59,-1,59,151,144,-1,59,144,61,-1,55,152,153,-1,55,153,57,-1,57,153,154,-1,57,154,74,-1,74,154,155,-1,74,155,72,-1,72,155,148,-1,72,148,70,-1,49,156,157,-1,49,157,51,-1,51,157,158,-1,51,158,53,-1,53,158,152,-1,53,152,55,-1,41,159,160,-1,41,160,43,-1,43,160,161,-1,43,161,45,-1,45,161,162,-1,45,162,47,-1,47,162,156,-1,47,156,49,-1,33,163,164,-1,33,164,31,-1,31,164,165,-1,31,165,30,-1,30,165,166,-1,30,166,40,-1,40,166,159,-1,40,159,41,-1,33,34,163,-1,163,34,167,-1,34,66,167,-1,167,66,147,-1,
        ]
    }
}
Shape{
    appearance Appearance {
        material  Material 	{
            diffuseColor 0.7529411764705882 0.7529411764705882 0.7529411764705882
            specularColor 0.6627450980392157 0.6627450980392157 0.6627450980392157
            ambientIntensity 0.7529
            transparency 0.0
            shininess 0.5
        }
    }
    geometry IndexedFaceSet {
        ccw TRUE
        solid FALSE
        coord DEF co Coordinate {
            point [
                0.0553 -0.622 1.2187, 0.0553 -0.622 1.2194, 0.0322 -0.622 1.2195, 0.0553 -0.622 1.2248, 0.0419 -0.622 1.223, 0.0358 -0.622 1.2216, 0.0335 -0.622 1.2205, 0.0547 -0.622 1.2142, 0.031 -0.622 1.218, 0.0532 -0.622 1.2106, 0.0316 -0.622 1.2065, 0.0325 -0.622 1.2056, 0.0498 -0.622 1.2065, 0.0305 -0.622 1.2082, 0.0469 -0.622 1.2045, 0.0439 -0.622 1.2034, 0.0401 -0.622 1.203, 0.0302 -0.622 1.2162, 0.0297 -0.622 1.2139, 0.051 -0.622 1.2077, 0.0296 -0.622 1.2123, 0.0298 -0.622 1.21, 0.0345 -0.622 1.2042, 0.0367 -0.622 1.2034
            ]
        }
        coordIndex [
            0,1,2,-1,1,3,4,-1,4,5,1,-1,1,5,6,-1,1,6,2,-1,0,2,7,-1,7,2,8,-1,7,8,9,-1,10,11,12,-1,10,12,13,-1,14,12,15,-1,15,12,16,-1,8,17,9,-1,9,17,18,-1,9,18,19,-1,19,18,20,-1,19,20,12,-1,12,20,21,-1,12,21,13,-1,11,22,12,-1,12,22,23,-1,12,23,16,-1,
        ]
    }
}
Shape{
    appearance Appearance {
        material  Material 	{
            diffuseColor 0.0 0.0 0.0
            specularColor 0.0 0.0 0.0
            ambientIntensity 0.0
            transparency 0.0
            shininess 0.5
        }
    }
    geometry IndexedFaceSet {
        ccw TRUE
        solid FALSE
        coord DEF co Coordinate {
            point [
                0.0954 -0.6259 1.203, 0.0954 -0.622 1.203, 0.0892 -0.622 1.2037, 0.0892 -0.6259 1.2037, 0.0829 -0.622 1.2061, 0.0829 -0.6259 1.2061, 0.0789 -0.622 1.2085, 0.0789 -0.6259 1.2085, 0.0789 -0.6259 1.1982, 0.0789 -0.622 1.1982, 0.0945 -0.622 1.1948, 0.0945 -0.6259 1.1948, 0.0886 -0.622 1.1955, 0.0851 -0.6259 1.1959, 0.0851 -0.622 1.1959, 0.1034 -0.6259 1.1958, 0.1002 -0.622 1.1955, 0.1034 -0.622 1.1958, 0.1087 -0.622 1.1979, 0.1087 -0.6259 1.1979, 0.1111 -0.622 1.1993, 0.1111 -0.6259 1.1993, 0.114 -0.622 1.2019, 0.114 -0.6259 1.2019, 0.1159 -0.622 1.2045, 0.1159 -0.6259 1.2045, 0.1171 -0.622 1.2077, 0.1171 -0.6259 1.2077, 0.1176 -0.622 1.2117, 0.1176 -0.6259 1.2117, 0.1172 -0.622 1.2154, 0.1172 -0.6259 1.2154, 0.1161 -0.622 1.2184, 0.1161 -0.6259 1.2184, 0.1142 -0.622 1.2212, 0.1142 -0.6259 1.2212, 0.1118 -0.622 1.2233, 0.1118 -0.6259 1.2233, 0.1052 -0.622 1.227, 0.1052 -0.6259 1.227, 0.1013 -0.622 1.2286, 0.1013 -0.6259 1.2286, 0.0951 -0.622 1.2313, 0.0951 -0.6259 1.2313, 0.0915 -0.622 1.2335, 0.0915 -0.6259 1.2335, 0.0906 -0.622 1.2346, 0.0906 -0.6259 1.2346, 0.0898 -0.622 1.2359, 0.0898 -0.6259 1.2359, 0.0894 -0.622 1.2375, 0.0894 -0.6259 1.2375, 0.0893 -0.622 1.2388, 0.0893 -0.6259 1.2388, 0.0895 -0.622 1.2404, 0.0895 -0.6259 1.2404, 0.09 -0.622 1.2418, 0.09 -0.6259 1.2418, 0.0909 -0.622 1.243, 0.0909 -0.6259 1.243, 0.0924 -0.622 1.2444, 0.0924 -0.6259 1.2444, 0.0946 -0.622 1.2456, 0.0946 -0.6259 1.2456, 0.0973 -0.622 1.2463, 0.0973 -0.6259 1.2463, 0.1003 -0.622 1.2465, 0.1003 -0.6259 1.2465, 0.1068 -0.622 1.2458, 0.1068 -0.6259 1.2458, 0.1125 -0.622 1.2437, 0.1125 -0.6259 1.2437, 0.1148 -0.622 1.2424, 0.1148 -0.6259 1.2424, 0.1148 -0.6259 1.2521, 0.1148 -0.622 1.2521, 0.1082 -0.622 1.254, 0.1082 -0.6259 1.254, 0.1013 -0.622 1.2546, 0.1013 -0.6259 1.2546, 0.0942 -0.622 1.2539, 0.0942 -0.6259 1.2539, 0.0886 -0.622 1.252, 0.0886 -0.6259 1.252, 0.0854 -0.622 1.2501, 0.0854 -0.6259 1.2501, 0.0825 -0.622 1.2474, 0.0825 -0.6259 1.2474, 0.0806 -0.622 1.2447, 0.0806 -0.6259 1.2447, 0.0794 -0.622 1.2415, 0.0794 -0.6259 1.2415, 0.079 -0.622 1.2379, 0.079 -0.6259 1.2379, 0.0794 -0.622 1.234, 0.0794 -0.6259 1.234, 0.0805 -0.622 1.2309, 0.0805 -0.6259 1.2309, 0.0818 -0.622 1.2289, 0.0818 -0.6259 1.2289, 0.0835 -0.622 1.2271, 0.0835 -0.6259 1.2271, 0.0882 -0.622 1.224, 0.0882 -0.6259 1.224, 0.0942 -0.622 1.2213, 0.0942 -0.6259 1.2213, 0.1008 -0.622 1.2185, 0.1008 -0.6259 1.2185, 0.1047 -0.622 1.2162, 0.1047 -0.6259 1.2162, 0.1059 -0.622 1.2149, 0.1059 -0.6259 1.2149, 0.1067 -0.622 1.2135, 0.1067 -0.6259 1.2135, 0.1072 -0.622 1.212, 0.1072 -0.6259 1.212, 0.1073 -0.622 1.2107, 0.1073 -0.6259 1.2107, 0.1071 -0.622 1.2088, 0.1071 -0.6259 1.2088, 0.1066 -0.622 1.2074, 0.1066 -0.6259 1.2074, 0.1057 -0.622 1.2061, 0.1057 -0.6259 1.2061, 0.1045 -0.622 1.2051, 0.1045 -0.6259 1.2051, 0.1036 -0.622 1.2045, 0.1036 -0.6259 1.2045, 0.101 -0.622 1.2036, 0.101 -0.6259 1.2036, 0.0959 -0.622 1.203, 0.0959 -0.6259 1.203, 0.1673 -0.6259 1.2533, 0.1777 -0.6259 1.2533, 0.1673 -0.622 1.2533, 0.1777 -0.622 1.2533, 0.1517 -0.6259 1.2103, 0.1517 -0.622 1.2103, 0.1509 -0.622 1.2076, 0.1509 -0.6259 1.2076, 0.1504 -0.622 1.2056, 0.1504 -0.6259 1.2056, 0.1502 -0.6259 1.2056, 0.1502 -0.622 1.2056, 0.1489 -0.6259 1.2104, 0.1489 -0.622 1.2104, 0.134 -0.622 1.2533, 0.134 -0.6259 1.2533, 0.1388 -0.622 1.2394, 0.1228 -0.6259 1.2533, 0.1228 -0.622 1.2533, 0.1452 -0.622 1.1963, 0.1452 -0.6259 1.1963, 0.1388 -0.622 1.2125, 0.1408 -0.622 1.1859, 0.1408 -0.6259 1.1859, 0.1449 -0.622 1.1955, 0.1388 -0.622 1.1823, 0.1388 -0.6259 1.1822, 0.1388 -0.622 1.1822, 0.137 -0.622 1.1802, 0.137 -0.6259 1.1802, 0.1352 -0.622 1.1789, 0.1352 -0.6259 1.1789, 0.133 -0.622 1.1781, 0.133 -0.6259 1.1781, 0.1305 -0.622 1.1778, 0.1305 -0.6259 1.1778, 0.1269 -0.622 1.1783, 0.1269 -0.6259 1.1783, 0.1249 -0.622 1.179, 0.1249 -0.6259 1.179, 0.1249 -0.6259 1.17, 0.1249 -0.622 1.17, 0.1291 -0.622 1.1693, 0.1291 -0.6259 1.1693, 0.1313 -0.622 1.1692, 0.1313 -0.6259 1.1692, 0.1354 -0.622 1.1697, 0.1354 -0.6259 1.1697, 0.1388 -0.622 1.171, 0.1393 -0.6259 1.1712, 0.1393 -0.622 1.1712, 0.1428 -0.622 1.1736, 0.1428 -0.6259 1.1736, 0.1435 -0.622 1.1743, 0.1435 -0.6259 1.1743, 0.1472 -0.622 1.1787, 0.1472 -0.6259 1.1787, 0.1517 -0.622 1.1875, 0.1517 -0.6259 1.1875, 0.1549 -0.622 1.1955, 0.2316 -0.6259 1.2053, 0.2316 -0.6259 1.1961, 0.2316 -0.622 1.2053, 0.2316 -0.622 1.1961, 0.1988 -0.622 1.2053, 0.1988 -0.6259 1.2053, 0.2138 -0.622 1.2053, 0.1988 -0.6259 1.2322, 0.1988 -0.622 1.2322, 0.2275 -0.622 1.2322, 0.2275 -0.6259 1.2322, 0.2138 -0.622 1.2322, 0.2275 -0.6259 1.2414, 0.2275 -0.622 1.2414, 0.1988 -0.622 1.2414, 0.1988 -0.6259 1.2414, 0.2138 -0.622 1.2414, 0.1988 -0.622 1.267, 0.1988 -0.6259 1.267, 0.1988 -0.622 1.2654, 0.2297 -0.622 1.267, 0.2297 -0.6259 1.267, 0.2138 -0.622 1.267, 0.2297 -0.6259 1.2762, 0.2297 -0.622 1.2762, 0.1885 -0.622 1.2762, 0.1885 -0.6259 1.2762, 0.2138 -0.622 1.2762, 0.1885 -0.622 1.1961, 0.1885 -0.6259 1.1961, 0.1885 -0.622 1.2654, 0.2138 -0.622 1.1961, 0.2998 -0.6259 1.2074, 0.2915 -0.6259 1.2127, 0.2914 -0.6259 1.2014, 0.2863 -0.6259 1.2092, 0.2823 -0.6259 1.1978, 0.2797 -0.6259 1.2066, 0.2687 -0.6259 1.1961, 0.2686 -0.6259 1.2053, 0.2467 -0.6259 1.1961, 0.257 -0.6259 1.2053, 0.2467 -0.6259 1.2762, 0.257 -0.6259 1.267, 0.2695 -0.6259 1.2762, 0.2691 -0.6259 1.267, 0.2698 -0.6259 1.267, 0.2817 -0.6259 1.2749, 0.2801 -0.6259 1.2657, 0.2914 -0.6259 1.2713, 0.2869 -0.6259 1.2631, 0.2998 -0.6259 1.2656, 0.2922 -0.6259 1.2595, 0.3026 -0.6259 1.2628, 0.2945 -0.6259 1.2573, 0.3076 -0.6259 1.2559, 0.2976 -0.6259 1.2528, 0.3105 -0.6259 1.2482, 0.2998 -0.6259 1.2469, 0.3119 -0.6259 1.2372, 0.301 -0.6259 1.2369, 0.3116 -0.6259 1.2321, 0.3007 -0.6259 1.2315, 0.3097 -0.6259 1.2227, 0.2991 -0.6259 1.2243, 0.3057 -0.6259 1.2144, 0.2963 -0.6259 1.2184, 0.2924 -0.6259 1.2136, 0.2687 -0.622 1.1961, 0.2467 -0.622 1.1961, 0.2823 -0.622 1.1978, 0.2914 -0.622 1.2014, 0.2998 -0.622 1.2074, 0.3 -0.622 1.2076, 0.3057 -0.622 1.2144, 0.3097 -0.622 1.2227, 0.3116 -0.622 1.2321, 0.3119 -0.622 1.2372, 0.2998 -0.622 1.2656, 0.3 -0.622 1.2654, 0.3026 -0.622 1.2628, 0.3076 -0.622 1.2559, 0.3105 -0.622 1.2482, 0.2914 -0.622 1.2713, 0.2817 -0.622 1.2749, 0.2695 -0.622 1.2762, 0.2467 -0.622 1.2762, 0.2467 -0.622 1.2654, 0.2691 -0.622 1.267, 0.257 -0.622 1.267, 0.257 -0.622 1.2053, 0.2686 -0.622 1.2053, 0.2924 -0.622 1.2136, 0.2915 -0.622 1.2127, 0.2863 -0.622 1.2092, 0.2797 -0.622 1.2066, 0.301 -0.622 1.2369, 0.3007 -0.622 1.2315, 0.2991 -0.622 1.2243, 0.2963 -0.622 1.2184, 0.2922 -0.622 1.2595, 0.2945 -0.622 1.2573, 0.2976 -0.622 1.2528, 0.2998 -0.622 1.2469, 0.2698 -0.622 1.267, 0.2801 -0.622 1.2657, 0.2869 -0.622 1.2631
            ]
        }
        coordIndex [
            0,1,2,-1,0,2,3,-1,3,2,4,-1,3,4,5,-1,5,4,6,-1,5,6,7,-1,8,7,9,-1,9,7,6,-1,10,11,12,-1,12,11,13,-1,12,13,14,-1,14,13,8,-1,14,8,9,-1,11,10,15,-1,15,10,16,-1,16,17,15,-1,15,17,18,-1,15,18,19,-1,19,18,20,-1,19,20,21,-1,21,20,22,-1,21,22,23,-1,23,22,24,-1,23,24,25,-1,25,24,26,-1,25,26,27,-1,27,26,28,-1,27,28,29,-1,29,28,30,-1,29,30,31,-1,31,30,32,-1,31,32,33,-1,33,32,34,-1,33,34,35,-1,35,34,36,-1,35,36,37,-1,37,36,38,-1,37,38,39,-1,39,38,40,-1,39,40,41,-1,41,40,42,-1,41,42,43,-1,43,42,44,-1,43,44,45,-1,45,44,46,-1,45,46,47,-1,47,46,48,-1,47,48,49,-1,49,48,50,-1,49,50,51,-1,51,50,52,-1,51,52,53,-1,53,52,54,-1,53,54,55,-1,55,54,56,-1,55,56,57,-1,57,56,58,-1,57,58,59,-1,59,58,60,-1,59,60,61,-1,61,60,62,-1,61,62,63,-1,63,62,64,-1,63,64,65,-1,65,64,66,-1,65,66,67,-1,67,66,68,-1,67,68,69,-1,69,68,70,-1,69,70,71,-1,71,70,72,-1,71,72,73,-1,74,73,75,-1,75,73,72,-1,74,75,76,-1,74,76,77,-1,77,76,78,-1,77,78,79,-1,79,78,80,-1,79,80,81,-1,81,80,82,-1,81,82,83,-1,83,82,84,-1,83,84,85,-1,85,84,86,-1,85,86,87,-1,87,86,88,-1,87,88,89,-1,89,88,90,-1,89,90,91,-1,91,90,92,-1,91,92,93,-1,93,92,94,-1,93,94,95,-1,95,94,96,-1,95,96,97,-1,97,96,98,-1,97,98,99,-1,99,98,100,-1,99,100,101,-1,101,100,102,-1,101,102,103,-1,103,102,104,-1,103,104,105,-1,105,104,106,-1,105,106,107,-1,107,106,108,-1,107,108,109,-1,109,108,110,-1,109,110,111,-1,111,110,112,-1,111,112,113,-1,113,112,114,-1,113,114,115,-1,115,114,116,-1,115,116,117,-1,117,116,118,-1,117,118,119,-1,119,118,120,-1,119,120,121,-1,121,120,122,-1,121,122,123,-1,123,122,124,-1,123,124,125,-1,125,124,126,-1,125,126,127,-1,127,126,128,-1,127,128,129,-1,129,128,130,-1,129,130,131,-1,131,130,1,-1,131,1,0,-1,59,61,83,-1,83,61,81,-1,107,41,105,-1,105,41,43,-1,19,21,123,-1,123,21,23,-1,123,23,121,-1,121,23,25,-1,121,25,119,-1,119,25,27,-1,119,27,117,-1,117,27,29,-1,117,29,115,-1,115,29,31,-1,115,31,113,-1,113,31,33,-1,113,33,111,-1,111,33,35,-1,111,35,109,-1,109,35,37,-1,109,37,107,-1,107,37,39,-1,107,39,41,-1,11,0,13,-1,13,0,3,-1,13,3,8,-1,8,3,5,-1,8,5,7,-1,61,63,81,-1,81,63,65,-1,81,65,79,-1,79,65,67,-1,79,67,77,-1,77,67,69,-1,77,69,74,-1,74,69,71,-1,74,71,73,-1,123,125,19,-1,19,125,127,-1,19,127,15,-1,15,127,129,-1,15,129,11,-1,11,129,131,-1,11,131,0,-1,83,85,59,-1,59,85,87,-1,59,87,57,-1,57,87,89,-1,57,89,55,-1,55,89,91,-1,55,91,53,-1,53,91,93,-1,53,93,51,-1,51,93,95,-1,51,95,49,-1,49,95,97,-1,49,97,47,-1,47,97,99,-1,47,99,45,-1,45,99,101,-1,45,101,43,-1,43,101,103,-1,43,103,105,-1,132,133,134,-1,134,133,135,-1,136,132,137,-1,137,132,134,-1,136,137,138,-1,136,138,139,-1,139,138,140,-1,139,140,141,-1,142,141,143,-1,143,141,140,-1,144,142,145,-1,145,142,143,-1,146,147,148,-1,148,147,144,-1,148,144,145,-1,149,147,150,-1,150,147,146,-1,151,152,153,-1,153,152,149,-1,153,149,150,-1,154,155,156,-1,156,155,152,-1,156,152,151,-1,154,157,155,-1,155,157,158,-1,157,159,158,-1,158,159,160,-1,158,160,161,-1,161,160,162,-1,161,162,163,-1,163,162,164,-1,163,164,165,-1,165,164,166,-1,165,166,167,-1,167,166,168,-1,167,168,169,-1,169,168,170,-1,169,170,171,-1,172,171,173,-1,173,171,170,-1,172,173,174,-1,172,174,175,-1,175,174,176,-1,175,176,177,-1,177,176,178,-1,177,178,179,-1,179,178,180,-1,179,180,181,-1,180,182,181,-1,181,182,183,-1,181,183,184,-1,184,183,185,-1,184,185,186,-1,186,185,187,-1,186,187,188,-1,188,187,189,-1,188,189,190,-1,135,133,191,-1,191,133,190,-1,191,190,189,-1,139,141,190,-1,133,132,190,-1,190,132,136,-1,190,136,139,-1,147,149,144,-1,144,149,152,-1,144,152,142,-1,171,172,169,-1,169,172,175,-1,169,175,167,-1,167,175,177,-1,167,177,165,-1,165,177,179,-1,165,179,163,-1,163,179,181,-1,163,181,161,-1,141,142,190,-1,190,142,152,-1,190,152,188,-1,152,155,188,-1,188,155,158,-1,188,158,186,-1,186,158,161,-1,186,161,184,-1,184,161,181,-1,192,193,194,-1,194,193,195,-1,196,197,198,-1,198,197,192,-1,198,192,194,-1,199,197,200,-1,200,197,196,-1,201,202,203,-1,203,202,199,-1,203,199,200,-1,204,202,205,-1,205,202,201,-1,206,207,208,-1,208,207,204,-1,208,204,205,-1,209,210,211,-1,211,210,207,-1,211,207,206,-1,212,213,214,-1,214,213,210,-1,214,210,209,-1,215,213,216,-1,216,213,212,-1,217,218,219,-1,219,218,215,-1,219,215,216,-1,220,221,222,-1,222,221,218,-1,222,218,217,-1,195,193,223,-1,223,193,221,-1,223,221,220,-1,221,193,192,-1,192,197,221,-1,221,197,199,-1,221,199,218,-1,213,215,210,-1,210,215,218,-1,210,218,207,-1,207,218,199,-1,207,199,204,-1,204,199,202,-1,224,225,226,-1,226,225,227,-1,226,227,228,-1,228,227,229,-1,228,229,230,-1,230,229,231,-1,230,231,232,-1,232,231,233,-1,232,233,234,-1,234,233,235,-1,234,235,236,-1,235,237,236,-1,236,237,238,-1,236,238,239,-1,239,238,240,-1,239,240,241,-1,241,240,242,-1,241,242,243,-1,243,242,244,-1,243,244,245,-1,245,244,246,-1,245,246,247,-1,247,246,248,-1,247,248,249,-1,249,248,250,-1,249,250,251,-1,251,250,252,-1,251,252,253,-1,253,252,254,-1,253,254,255,-1,255,254,256,-1,255,256,257,-1,257,256,258,-1,257,258,224,-1,224,258,259,-1,224,259,225,-1,230,232,260,-1,260,232,261,-1,230,260,262,-1,230,262,228,-1,228,262,263,-1,228,263,226,-1,226,263,264,-1,226,264,224,-1,224,264,265,-1,224,265,257,-1,265,266,257,-1,257,266,267,-1,257,267,255,-1,255,267,268,-1,255,268,253,-1,253,268,269,-1,253,269,251,-1,270,243,271,-1,271,243,245,-1,271,245,272,-1,272,245,247,-1,272,247,273,-1,273,247,249,-1,273,249,274,-1,274,249,251,-1,274,251,269,-1,243,270,275,-1,243,275,241,-1,241,275,276,-1,241,276,239,-1,239,276,277,-1,239,277,236,-1,234,236,278,-1,278,236,277,-1,261,232,279,-1,279,232,234,-1,279,234,278,-1,237,235,280,-1,280,235,281,-1,235,233,281,-1,281,233,282,-1,233,231,282,-1,282,231,283,-1,259,284,285,-1,259,285,225,-1,225,285,286,-1,225,286,227,-1,227,286,287,-1,227,287,229,-1,229,287,283,-1,229,283,231,-1,252,288,289,-1,252,289,254,-1,254,289,290,-1,254,290,256,-1,256,290,291,-1,256,291,258,-1,258,291,284,-1,258,284,259,-1,244,292,293,-1,244,293,246,-1,246,293,294,-1,246,294,248,-1,248,294,295,-1,248,295,250,-1,250,295,288,-1,250,288,252,-1,237,280,296,-1,237,296,238,-1,238,296,297,-1,238,297,240,-1,240,297,298,-1,240,298,242,-1,242,298,292,-1,242,292,244,-1,
        ]
    }
}
Shape{
    appearance Appearance {
        material  Material 	{
            diffuseColor 0.7529411764705882 0.7529411764705882 0.7529411764705882
            specularColor 0.6627450980392157 0.6627450980392157 0.6627450980392157
            ambientIntensity 0.7529
            transparency 0.0
            shininess 0.5
        }
    }
    geometry IndexedFaceSet {
        ccw TRUE
        solid FALSE
        coord DEF co Coordinate {
            point [
                0.2863 -0.622 1.2092, 0.2915 -0.622 1.2127, 0.2698 -0.622 1.267, 0.257 -0.622 1.267, 0.257 -0.622 1.2053, 0.2691 -0.622 1.267, 0.2686 -0.622 1.2053, 0.2797 -0.622 1.2066, 0.2924 -0.622 1.2136, 0.2963 -0.622 1.2184, 0.2991 -0.622 1.2243, 0.301 -0.622 1.2369, 0.2922 -0.622 1.2595, 0.2869 -0.622 1.2631, 0.2998 -0.622 1.2469, 0.2976 -0.622 1.2528, 0.2945 -0.622 1.2573, 0.3007 -0.622 1.2315, 0.2801 -0.622 1.2657
            ]
        }
        coordIndex [
            0,1,2,-1,3,4,5,-1,5,4,6,-1,5,6,2,-1,2,6,7,-1,2,7,0,-1,1,8,2,-1,2,8,9,-1,2,9,10,-1,11,12,13,-1,14,15,11,-1,11,15,16,-1,11,16,12,-1,10,17,2,-1,2,17,11,-1,2,11,18,-1,18,11,13,-1,
        ]
    }
}
Shape{
    appearance Appearance {
        material  Material 	{
            diffuseColor 0.0 0.0 0.0
            specularColor 0.0 0.0 0.0
            ambientIntensity 0.0
            transparency 0.0
            shininess 0.5
        }
    }
    geometry IndexedFaceSet {
        ccw TRUE
        solid FALSE
        coord DEF co Coordinate {
            point [
                0.3387 -0.6259 1.2271, 0.3354 -0.6259 1.218, 0.3656 -0.6259 1.2271, 0.3688 -0.6259 1.218, 0.3507 -0.6259 1.2604, 0.3468 -0.6259 1.2762, 0.3163 -0.6259 1.1961, 0.3277 -0.6259 1.1961, 0.3514 -0.6259 1.2628, 0.352 -0.6259 1.266, 0.3579 -0.6259 1.2762, 0.3522 -0.6259 1.266, 0.3529 -0.6259 1.2626, 0.3535 -0.6259 1.2604, 0.3884 -0.6259 1.1961, 0.3769 -0.6259 1.1961, 0.3884 -0.622 1.1961, 0.362 -0.622 1.2654, 0.3579 -0.622 1.2762, 0.3468 -0.622 1.2762, 0.3163 -0.622 1.1961, 0.3427 -0.622 1.2654, 0.3277 -0.622 1.1961, 0.3354 -0.622 1.218, 0.3688 -0.622 1.218, 0.3769 -0.622 1.1961, 0.3387 -0.622 1.2271, 0.3656 -0.622 1.2271, 0.3535 -0.622 1.2604, 0.3522 -0.622 1.266, 0.3529 -0.622 1.2626, 0.352 -0.622 1.266, 0.3507 -0.622 1.2604, 0.3514 -0.622 1.2628
            ]
        }
        coordIndex [
            0,1,2,-1,2,1,3,-1,4,5,0,-1,0,5,6,-1,0,6,1,-1,1,6,7,-1,4,8,5,-1,5,8,9,-1,5,9,10,-1,10,9,11,-1,10,11,12,-1,12,13,10,-1,10,13,2,-1,10,2,14,-1,14,2,3,-1,14,3,15,-1,14,16,10,-1,10,16,17,-1,10,17,18,-1,5,10,19,-1,19,10,18,-1,20,6,21,-1,21,6,5,-1,21,5,19,-1,7,6,22,-1,22,6,20,-1,1,7,23,-1,23,7,22,-1,3,1,24,-1,24,1,23,-1,15,3,25,-1,25,3,24,-1,14,15,16,-1,16,15,25,-1,0,2,26,-1,26,2,27,-1,2,13,27,-1,27,13,28,-1,11,29,30,-1,11,30,12,-1,12,30,28,-1,12,28,13,-1,11,9,29,-1,29,9,31,-1,4,32,33,-1,4,33,8,-1,8,33,31,-1,8,31,9,-1,4,0,32,-1,32,0,26,-1,
        ]
    }
}
Shape{
    appearance Appearance {
        material  Material 	{
            diffuseColor 0.7529411764705882 0.7529411764705882 0.7529411764705882
            specularColor 0.6627450980392157 0.6627450980392157 0.6627450980392157
            ambientIntensity 0.7529
            transparency 0.0
            shininess 0.5
        }
    }
    geometry IndexedFaceSet {
        ccw TRUE
        solid FALSE
        coord DEF co Coordinate {
            point [
                0.3522 -0.622 1.266, 0.352 -0.622 1.266, 0.3529 -0.622 1.2626, 0.3514 -0.622 1.2628, 0.3535 -0.622 1.2604, 0.3507 -0.622 1.2604, 0.3656 -0.622 1.2271, 0.3387 -0.622 1.2271
            ]
        }
        coordIndex [
            0,1,2,-1,2,1,3,-1,2,3,4,-1,4,3,5,-1,4,5,6,-1,6,5,7,-1,
        ]
    }
}
Shape{
    appearance Appearance {
        material  Material 	{
            diffuseColor 0.0 0.0 0.0
            specularColor 0.0 0.0 0.0
            ambientIntensity 0.0
            transparency 0.0
            shininess 0.5
        }
    }
    geometry IndexedFaceSet {
        ccw TRUE
        solid FALSE
        coord DEF co Coordinate {
            point [
                -0.4019 -0.6259 1.3341, -0.3892 -0.6259 1.3408, -0.3922 -0.6259 1.3758, -0.292 -0.6259 1.1826, -0.2852 -0.6259 1.1952, -0.2819 -0.6259 1.2093, -0.3567 -0.6259 1.3775, -0.3391 -0.6259 1.3359, -0.3304 -0.6259 1.3539, -0.3601 -0.6259 1.2074, -0.3612 -0.6259 1.2127, -0.392 -0.6259 1.2352, -0.3926 -0.6259 1.197, -0.3998 -0.6259 1.1992, -0.4044 -0.6259 1.2428, -0.3698 -0.6259 1.3786, -0.2019 -0.6259 1.263, -0.2195 -0.6259 1.2932, -0.2816 -0.6259 1.2209, -0.2958 -0.6259 1.2534, -0.2816 -0.6259 1.2152, -0.312 -0.6259 1.1649, -0.3007 -0.6259 1.1728, -0.3187 -0.6259 1.2234, -0.3172 -0.6259 1.2182, -0.317 -0.6259 1.2127, -0.3182 -0.6259 1.2072, -0.3207 -0.6259 1.2022, -0.3578 -0.6259 1.2027, -0.3784 -0.6259 1.1743, -0.3869 -0.6259 1.1848, -0.1831 -0.6259 1.3194, -0.1785 -0.6259 1.3194, -0.1552 -0.6259 1.3501, -0.1677 -0.6259 1.3181, -0.1524 -0.6259 1.3492, -0.1578 -0.6259 1.3142, -0.1355 -0.6259 1.3408, -0.12 -0.6259 1.3277, -0.3451 -0.6259 1.3911, -0.3176 -0.6259 1.3692, -0.3317 -0.6259 1.4025, -0.3023 -0.6259 1.3803, -0.3158 -0.6259 1.4121, -0.3752 -0.6259 1.3441, -0.3692 -0.6259 1.3445, -0.3633 -0.6259 1.3783, -0.3559 -0.6259 1.3428, -0.3431 -0.6259 1.3381, -0.3243 -0.6259 1.1981, -0.3286 -0.6259 1.1951, -0.3247 -0.6259 1.16, -0.3336 -0.6259 1.1931, -0.3385 -0.6259 1.1583, -0.3391 -0.6259 1.1925, -0.3407 -0.6259 1.1583, -0.34 -0.6259 1.1925, -0.3541 -0.6259 1.1604, -0.3452 -0.6259 1.1933, -0.3673 -0.6259 1.166, -0.3503 -0.6259 1.1955, -0.3547 -0.6259 1.1989, -0.1199 -0.6259 1.2215, -0.1464 -0.6259 1.2441, -0.1354 -0.6259 1.2084, -0.1549 -0.6259 1.2372, -0.1528 -0.6259 1.1999, -0.1649 -0.6259 1.2326, -0.1717 -0.6259 1.1959, -0.1751 -0.6259 1.2306, -0.2053 -0.6259 1.1959, -0.2007 -0.6259 1.2306, -0.2085 -0.6259 1.1964, -0.1489 -0.6259 1.3081, -0.1424 -0.6259 1.3007, -0.1084 -0.6259 1.3115, -0.1371 -0.6259 1.2909, -0.1014 -0.6259 1.2941, -0.1344 -0.6259 1.28, -0.0988 -0.6259 1.2756, -0.1341 -0.6259 1.275, -0.1014 -0.6259 1.2552, -0.1355 -0.6259 1.2639, -0.1086 -0.6259 1.2372, -0.1394 -0.6259 1.2538, -0.1457 -0.6259 1.2449, -0.1859 -0.6259 1.3951, -0.2082 -0.6259 1.3689, -0.1664 -0.6259 1.3723, -0.1954 -0.6259 1.3536, -0.1866 -0.6259 1.3353, -0.4245 -0.6259 1.3013, -0.4619 -0.6259 1.2919, -0.4262 -0.6259 1.2875, -0.462 -0.6259 1.2864, -0.4255 -0.6259 1.2788, -0.4593 -0.6259 1.2641, -0.4214 -0.6259 1.2648, -0.4511 -0.6259 1.2429, -0.4146 -0.6259 1.2533, -0.4381 -0.6259 1.2243, -0.4204 -0.6259 1.2092, -0.361 -0.6259 1.2183, -0.3594 -0.6259 1.2237, -0.3857 -0.6259 1.2474, -0.3565 -0.6259 1.2284, -0.3763 -0.6259 1.2582, -0.354 -0.6259 1.2311, -0.3647 -0.6259 1.2662, -0.3495 -0.6259 1.2342, -0.3521 -0.6259 1.271, -0.3446 -0.6259 1.2362, -0.3385 -0.6259 1.2727, -0.3391 -0.6259 1.2369, -0.3316 -0.6259 1.2723, -0.3352 -0.6259 1.2365, -0.3178 -0.6259 1.2689, -0.3298 -0.6259 1.2348, -0.3058 -0.6259 1.2624, -0.3251 -0.6259 1.2319, -0.3213 -0.6259 1.228, -0.2894 -0.6259 1.4218, -0.2837 -0.6259 1.3879, -0.2634 -0.6259 1.4247, -0.2628 -0.6259 1.3906, -0.2368 -0.6259 1.4216, -0.2435 -0.6259 1.3882, -0.2085 -0.6259 1.4107, -0.2256 -0.6259 1.3814, -0.2096 -0.6259 1.3703, -0.4133 -0.6259 1.3677, -0.4314 -0.6259 1.3549, -0.4117 -0.6259 1.3253, -0.4353 -0.6259 1.3513, -0.4196 -0.6259 1.314, -0.449 -0.6259 1.3337, -0.4581 -0.6259 1.3133, -0.2036 -0.6259 1.2311, -0.2173 -0.6259 1.2018, -0.216 -0.6259 1.2005, -0.2019 -0.6259 1.2307, -0.2123 -0.6259 1.1979, -0.2218 -0.6259 1.2135, -0.2213 -0.6259 1.2093, -0.2198 -0.6259 1.2054, -0.2086 -0.6259 1.2306, -0.2125 -0.6259 1.2291, -0.2217 -0.6259 1.2158, -0.216 -0.6259 1.2266, -0.2183 -0.6259 1.224, -0.2205 -0.6259 1.2201, -0.2042 -0.6259 1.2312, -0.0988 -0.622 1.2756, -0.1014 -0.622 1.2941, -0.1034 -0.622 1.299, -0.1084 -0.622 1.3115, -0.12 -0.622 1.3277, -0.1355 -0.622 1.3408, -0.1524 -0.622 1.3492, -0.1552 -0.622 1.3501, -0.1664 -0.622 1.3723, -0.1859 -0.622 1.3951, -0.1987 -0.622 1.4039, -0.2085 -0.622 1.4107, -0.2368 -0.622 1.4216, -0.2634 -0.622 1.4247, -0.2894 -0.622 1.4218, -0.3158 -0.622 1.4121, -0.3294 -0.622 1.4039, -0.3317 -0.622 1.4025, -0.3451 -0.622 1.3911, -0.3567 -0.622 1.3775, -0.3633 -0.622 1.3783, -0.3698 -0.622 1.3786, -0.3922 -0.622 1.3758, -0.4133 -0.622 1.3677, -0.4314 -0.622 1.3549, -0.4353 -0.622 1.3513, -0.4581 -0.622 1.3133, -0.449 -0.622 1.3337, -0.4606 -0.622 1.299, -0.4619 -0.622 1.2919, -0.462 -0.622 1.2864, -0.4595 -0.622 1.2654, -0.4593 -0.622 1.2641, -0.4511 -0.622 1.2429, -0.4381 -0.622 1.2243, -0.4204 -0.622 1.2092, -0.3998 -0.622 1.1992, -0.3926 -0.622 1.197, -0.3919 -0.622 1.1955, -0.3869 -0.622 1.1848, -0.3784 -0.622 1.1743, -0.3673 -0.622 1.166, -0.3541 -0.622 1.1604, -0.3407 -0.622 1.1583, -0.3385 -0.622 1.1583, -0.2816 -0.622 1.2152, -0.3247 -0.622 1.16, -0.312 -0.622 1.1649, -0.3007 -0.622 1.1728, -0.292 -0.622 1.1826, -0.2852 -0.622 1.1952, -0.2852 -0.622 1.1955, -0.2819 -0.622 1.2093, -0.2816 -0.622 1.2209, -0.2019 -0.622 1.263, -0.2195 -0.622 1.2932, -0.2033 -0.622 1.2654, -0.2958 -0.622 1.2534, -0.2727 -0.622 1.2654, -0.3058 -0.622 1.2624, -0.3114 -0.622 1.2654, -0.3178 -0.622 1.2689, -0.3316 -0.622 1.2723, -0.3385 -0.622 1.2727, -0.3521 -0.622 1.271, -0.3647 -0.622 1.2662, -0.3658 -0.622 1.2654, -0.3763 -0.622 1.2582, -0.3857 -0.622 1.2474, -0.392 -0.622 1.2352, -0.4262 -0.622 1.2875, -0.4044 -0.622 1.2428, -0.4146 -0.622 1.2533, -0.4214 -0.622 1.2648, -0.4216 -0.622 1.2654, -0.4255 -0.622 1.2788, -0.4248 -0.622 1.299, -0.4245 -0.622 1.3013, -0.4196 -0.622 1.314, -0.4117 -0.622 1.3253, -0.4019 -0.622 1.3341, -0.3892 -0.622 1.3408, -0.3752 -0.622 1.3441, -0.3692 -0.622 1.3445, -0.3559 -0.622 1.3428, -0.3431 -0.622 1.3381, -0.3391 -0.622 1.3359, -0.3304 -0.622 1.3539, -0.3176 -0.622 1.3692, -0.3023 -0.622 1.3803, -0.2837 -0.622 1.3879, -0.2628 -0.622 1.3906, -0.2435 -0.622 1.3882, -0.2256 -0.622 1.3814, -0.2096 -0.622 1.3703, -0.2082 -0.622 1.3689, -0.1954 -0.622 1.3536, -0.1866 -0.622 1.3353, -0.1831 -0.622 1.3194, -0.1785 -0.622 1.3194, -0.1677 -0.622 1.3181, -0.1578 -0.622 1.3142, -0.1489 -0.622 1.3081, -0.1424 -0.622 1.3007, -0.1414 -0.622 1.299, -0.1371 -0.622 1.2909, -0.1344 -0.622 1.28, -0.1341 -0.622 1.275, -0.1353 -0.622 1.2654, -0.1355 -0.622 1.2639, -0.1394 -0.622 1.2538, -0.1457 -0.622 1.2449, -0.1464 -0.622 1.2441, -0.1549 -0.622 1.2372, -0.1649 -0.622 1.2326, -0.1751 -0.622 1.2306, -0.2007 -0.622 1.2306, -0.2019 -0.622 1.2307, -0.2036 -0.622 1.2311, -0.2042 -0.622 1.2312, -0.2086 -0.622 1.2306, -0.2125 -0.622 1.2291, -0.216 -0.622 1.2266, -0.2183 -0.622 1.224, -0.2205 -0.622 1.2201, -0.2217 -0.622 1.2158, -0.2218 -0.622 1.2135, -0.2213 -0.622 1.2093, -0.2198 -0.622 1.2054, -0.2173 -0.622 1.2018, -0.216 -0.622 1.2005, -0.2123 -0.622 1.1979, -0.2085 -0.622 1.1964, -0.2053 -0.622 1.1959, -0.1717 -0.622 1.1959, -0.1528 -0.622 1.1999, -0.1354 -0.622 1.2084, -0.1199 -0.622 1.2215, -0.1086 -0.622 1.2372, -0.1014 -0.622 1.2552, -0.1001 -0.622 1.2654, -0.3391 -0.622 1.2369, -0.3352 -0.622 1.2365, -0.3298 -0.622 1.2348, -0.3251 -0.622 1.2319, -0.3213 -0.622 1.228, -0.3187 -0.622 1.2234, -0.3172 -0.622 1.2182, -0.317 -0.622 1.2127, -0.3182 -0.622 1.2072, -0.3207 -0.622 1.2022, -0.3243 -0.622 1.1981, -0.3286 -0.622 1.1951, -0.3336 -0.622 1.1931, -0.3391 -0.622 1.1925, -0.34 -0.622 1.1925, -0.3452 -0.622 1.1933, -0.3503 -0.622 1.1955, -0.3547 -0.622 1.1989, -0.3578 -0.622 1.2027, -0.3601 -0.622 1.2074, -0.3612 -0.622 1.2127, -0.361 -0.622 1.2183, -0.3594 -0.622 1.2237, -0.3565 -0.622 1.2284, -0.354 -0.622 1.2311, -0.3495 -0.622 1.2342, -0.3446 -0.622 1.2362
            ]
        }
        coordIndex [
            0,1,2,-1,3,4,5,-1,6,7,8,-1,9,10,11,-1,12,11,13,-1,13,11,14,-1,2,1,15,-1,16,17,18,-1,18,17,19,-1,18,19,20,-1,20,19,21,-1,20,21,5,-1,5,21,22,-1,5,22,3,-1,23,24,19,-1,19,24,25,-1,19,25,21,-1,21,25,26,-1,21,26,27,-1,28,9,29,-1,29,9,11,-1,29,11,30,-1,30,11,12,-1,31,32,33,-1,33,32,34,-1,33,34,35,-1,35,34,36,-1,35,36,37,-1,37,36,38,-1,6,8,39,-1,39,8,40,-1,39,40,41,-1,41,40,42,-1,41,42,43,-1,1,44,15,-1,15,44,45,-1,15,45,46,-1,46,45,47,-1,46,47,6,-1,6,47,48,-1,6,48,7,-1,27,49,21,-1,21,49,50,-1,21,50,51,-1,51,50,52,-1,51,52,53,-1,53,52,54,-1,53,54,55,-1,55,54,56,-1,55,56,57,-1,57,56,58,-1,57,58,59,-1,59,58,60,-1,59,60,29,-1,29,60,61,-1,29,61,28,-1,62,63,64,-1,64,63,65,-1,64,65,66,-1,66,65,67,-1,66,67,68,-1,68,67,69,-1,68,69,70,-1,70,69,71,-1,70,71,72,-1,36,73,38,-1,38,73,74,-1,38,74,75,-1,75,74,76,-1,75,76,77,-1,77,76,78,-1,77,78,79,-1,79,78,80,-1,79,80,81,-1,81,80,82,-1,81,82,83,-1,83,82,84,-1,83,84,62,-1,62,84,85,-1,62,85,63,-1,86,87,88,-1,88,87,89,-1,88,89,33,-1,33,89,90,-1,33,90,31,-1,91,92,93,-1,93,92,94,-1,93,94,95,-1,95,94,96,-1,95,96,97,-1,97,96,98,-1,97,98,99,-1,99,98,100,-1,99,100,14,-1,14,100,101,-1,14,101,13,-1,10,102,11,-1,11,102,103,-1,11,103,104,-1,104,103,105,-1,104,105,106,-1,106,105,107,-1,106,107,108,-1,108,107,109,-1,108,109,110,-1,110,109,111,-1,110,111,112,-1,112,111,113,-1,112,113,114,-1,114,113,115,-1,114,115,116,-1,116,115,117,-1,116,117,118,-1,118,117,119,-1,118,119,19,-1,19,119,120,-1,19,120,23,-1,43,42,121,-1,121,42,122,-1,121,122,123,-1,123,122,124,-1,123,124,125,-1,125,124,126,-1,125,126,127,-1,127,126,128,-1,127,128,86,-1,86,128,129,-1,86,129,87,-1,2,130,0,-1,0,130,131,-1,0,131,132,-1,132,131,133,-1,132,133,134,-1,134,133,135,-1,134,135,91,-1,91,135,136,-1,91,136,92,-1,137,138,139,-1,71,140,72,-1,72,140,137,-1,72,137,141,-1,141,137,139,-1,142,143,137,-1,137,143,144,-1,137,144,138,-1,145,146,147,-1,146,148,147,-1,147,148,149,-1,147,149,150,-1,142,137,147,-1,147,137,151,-1,147,151,145,-1,79,152,153,-1,79,153,77,-1,77,153,154,-1,77,154,75,-1,154,155,75,-1,75,155,156,-1,75,156,38,-1,38,156,157,-1,38,157,37,-1,37,157,158,-1,37,158,35,-1,35,158,159,-1,35,159,33,-1,33,159,160,-1,33,160,88,-1,88,160,161,-1,88,161,86,-1,86,161,127,-1,127,161,162,-1,162,163,127,-1,127,163,164,-1,127,164,125,-1,125,164,165,-1,125,165,123,-1,123,165,166,-1,123,166,121,-1,121,166,167,-1,121,167,43,-1,43,167,41,-1,41,167,168,-1,41,168,169,-1,41,169,170,-1,41,170,39,-1,39,170,171,-1,39,171,6,-1,6,171,172,-1,6,172,46,-1,46,172,173,-1,46,173,15,-1,15,173,174,-1,15,174,2,-1,2,174,175,-1,2,175,130,-1,130,175,176,-1,130,176,131,-1,131,176,177,-1,131,177,133,-1,178,135,179,-1,179,135,133,-1,179,133,177,-1,180,92,178,-1,178,92,136,-1,178,136,135,-1,180,181,92,-1,92,181,182,-1,92,182,94,-1,182,183,94,-1,94,183,96,-1,183,184,96,-1,96,184,185,-1,96,185,98,-1,98,185,186,-1,98,186,100,-1,100,186,187,-1,100,187,101,-1,101,187,188,-1,101,188,13,-1,13,188,189,-1,13,189,12,-1,12,189,190,-1,12,190,30,-1,190,191,30,-1,30,191,192,-1,30,192,29,-1,29,192,193,-1,29,193,59,-1,59,193,194,-1,59,194,57,-1,57,194,195,-1,57,195,55,-1,55,195,196,-1,55,196,53,-1,197,20,5,-1,53,196,198,-1,53,198,51,-1,51,198,199,-1,51,199,21,-1,21,199,200,-1,21,200,22,-1,22,200,201,-1,22,201,3,-1,3,201,202,-1,3,202,4,-1,4,202,203,-1,4,203,5,-1,5,203,204,-1,5,204,197,-1,18,20,205,-1,205,20,197,-1,16,18,206,-1,206,18,205,-1,207,17,208,-1,208,17,16,-1,208,16,206,-1,209,19,210,-1,210,19,17,-1,210,17,207,-1,19,209,211,-1,19,211,118,-1,118,211,212,-1,118,212,116,-1,212,213,116,-1,116,213,214,-1,116,214,114,-1,114,214,215,-1,114,215,112,-1,112,215,216,-1,112,216,110,-1,110,216,217,-1,110,217,108,-1,108,217,218,-1,108,218,106,-1,218,219,106,-1,106,219,220,-1,106,220,104,-1,104,220,221,-1,104,221,11,-1,222,93,95,-1,11,221,223,-1,11,223,14,-1,14,223,224,-1,14,224,99,-1,99,224,225,-1,99,225,97,-1,97,225,226,-1,97,226,95,-1,95,226,227,-1,95,227,222,-1,93,222,91,-1,91,222,228,-1,228,229,91,-1,91,229,230,-1,91,230,134,-1,134,230,231,-1,134,231,132,-1,132,231,232,-1,132,232,0,-1,0,232,233,-1,0,233,1,-1,1,233,234,-1,1,234,44,-1,44,234,235,-1,44,235,45,-1,45,235,236,-1,45,236,47,-1,47,236,237,-1,47,237,48,-1,48,237,238,-1,48,238,7,-1,7,238,239,-1,7,239,8,-1,8,239,240,-1,8,240,40,-1,40,240,241,-1,40,241,42,-1,42,241,242,-1,42,242,122,-1,122,242,243,-1,122,243,124,-1,124,243,244,-1,124,244,126,-1,126,244,245,-1,126,245,128,-1,128,245,246,-1,128,246,129,-1,129,246,247,-1,129,247,87,-1,87,247,248,-1,87,248,89,-1,89,248,249,-1,89,249,90,-1,90,249,250,-1,90,250,31,-1,32,31,251,-1,251,31,250,-1,32,251,252,-1,32,252,34,-1,34,252,253,-1,34,253,36,-1,36,253,254,-1,36,254,73,-1,73,254,255,-1,73,255,74,-1,74,255,256,-1,74,256,76,-1,256,257,76,-1,76,257,258,-1,76,258,78,-1,78,258,259,-1,78,259,80,-1,259,260,80,-1,80,260,82,-1,260,261,82,-1,82,261,262,-1,82,262,84,-1,84,262,263,-1,84,263,85,-1,85,263,264,-1,85,264,63,-1,63,264,265,-1,63,265,65,-1,65,265,266,-1,65,266,67,-1,67,266,267,-1,67,267,69,-1,71,69,268,-1,268,69,267,-1,71,268,269,-1,71,269,140,-1,140,269,270,-1,140,270,137,-1,137,270,271,-1,137,271,151,-1,151,271,272,-1,151,272,145,-1,145,272,273,-1,145,273,146,-1,146,273,274,-1,146,274,148,-1,148,274,275,-1,148,275,149,-1,149,275,276,-1,149,276,150,-1,150,276,277,-1,150,277,147,-1,147,277,278,-1,147,278,142,-1,142,278,279,-1,142,279,143,-1,143,279,280,-1,143,280,144,-1,144,280,281,-1,144,281,138,-1,138,281,282,-1,138,282,139,-1,139,282,283,-1,139,283,141,-1,141,283,284,-1,141,284,72,-1,72,284,285,-1,72,285,70,-1,68,70,286,-1,286,70,285,-1,68,286,287,-1,68,287,66,-1,66,287,288,-1,66,288,64,-1,64,288,289,-1,64,289,62,-1,62,289,290,-1,62,290,83,-1,83,290,291,-1,83,291,81,-1,81,291,79,-1,79,291,292,-1,79,292,152,-1,113,293,294,-1,113,294,115,-1,115,294,295,-1,115,295,117,-1,117,295,296,-1,117,296,119,-1,119,296,297,-1,119,297,120,-1,120,297,298,-1,120,298,23,-1,23,298,299,-1,23,299,24,-1,24,299,300,-1,24,300,25,-1,25,300,301,-1,25,301,26,-1,26,301,302,-1,26,302,27,-1,27,302,303,-1,27,303,49,-1,49,303,304,-1,49,304,50,-1,50,304,305,-1,50,305,52,-1,52,305,306,-1,52,306,54,-1,54,306,307,-1,54,307,56,-1,56,307,308,-1,56,308,58,-1,58,308,309,-1,58,309,60,-1,60,309,310,-1,60,310,61,-1,61,310,311,-1,61,311,28,-1,28,311,312,-1,28,312,9,-1,9,312,313,-1,9,313,10,-1,10,313,314,-1,10,314,102,-1,102,314,315,-1,102,315,103,-1,103,315,316,-1,103,316,105,-1,105,316,317,-1,105,317,107,-1,107,317,318,-1,107,318,109,-1,109,318,319,-1,109,319,111,-1,111,319,293,-1,111,293,113,-1,
        ]
    }
}
Shape{
    appearance Appearance {
        material  Material 	{
            diffuseColor 0.7529411764705882 0.7529411764705882 0.7529411764705882
            specularColor 0.6627450980392157 0.6627450980392157 0.6627450980392157
            ambientIntensity 0.7529
            transparency 0.0
            shininess 0.5
        }
    }
    geometry IndexedFaceSet {
        ccw TRUE
        solid FALSE
        coord DEF co Coordinate {
            point [
                -0.34 -0.622 1.1925, -0.354 -0.622 1.2311, -0.3565 -0.622 1.2284, -0.3391 -0.622 1.2369, -0.3446 -0.622 1.2362, -0.3495 -0.622 1.2342, -0.3601 -0.622 1.2074, -0.3578 -0.622 1.2027, -0.3547 -0.622 1.1989, -0.3352 -0.622 1.2365, -0.3391 -0.622 1.1925, -0.3336 -0.622 1.1931, -0.3207 -0.622 1.2022, -0.3187 -0.622 1.2234, -0.3243 -0.622 1.1981, -0.3213 -0.622 1.228, -0.3251 -0.622 1.2319, -0.3286 -0.622 1.1951, -0.3298 -0.622 1.2348, -0.3594 -0.622 1.2237, -0.361 -0.622 1.2183, -0.3612 -0.622 1.2127, -0.3503 -0.622 1.1955, -0.3452 -0.622 1.1933, -0.3182 -0.622 1.2072, -0.317 -0.622 1.2127, -0.3172 -0.622 1.2182
            ]
        }
        coordIndex [
            0,1,2,-1,3,4,0,-1,0,4,5,-1,0,5,1,-1,6,7,2,-1,2,7,8,-1,3,0,9,-1,9,0,10,-1,9,10,11,-1,12,13,14,-1,14,13,15,-1,14,15,16,-1,11,17,9,-1,9,17,14,-1,9,14,18,-1,18,14,16,-1,19,20,2,-1,2,20,21,-1,2,21,6,-1,8,22,2,-1,2,22,23,-1,2,23,0,-1,24,25,12,-1,12,25,26,-1,12,26,13,-1,
        ]
    }
}
Shape{
    appearance Appearance {
        material  Material 	{
            diffuseColor 0.25098039215686274 0.25098039215686274 0.25098039215686274
            specularColor 0.2196078431372549 0.2196078431372549 0.2196078431372549
            ambientIntensity 0.251
            transparency 0.0
            shininess 0.5
        }
    }
    geometry IndexedFaceSet {
        ccw TRUE
        solid FALSE
        coord DEF co Coordinate {
            point [
                1.123 0.1378 0.5433, 1.123 0.1378 0.4054, 1.0482 0.1378 0.5433, 1.0482 0.1378 0.4054, 1.0482 0.2008 0.5433, 1.123 0.2008 0.5433, 1.123 0.2008 0.4054, 1.0482 0.2008 0.4054, -1.0463 0.2008 0.4054, -1.0463 0.2008 0.5433, -1.1211 0.2008 0.4054, -1.1211 0.2008 0.5433, -1.0463 0.1378 0.4054, -1.1211 0.1378 0.4054, -1.1211 0.1378 0.5433, -1.0463 0.1378 0.5433, -1.0463 0.0827 0.4054, -1.0187 0.0827 0.4054, -1.0463 0.0827 0.5433, -1.0187 0.0827 0.5433, -1.0463 0.0906 0.5433, -1.0463 0.0906 0.4054, -1.0187 -0.0295 0.5433, -1.0187 -0.0295 0.4054, -1.1211 0.0906 0.5433, -1.1211 0.0906 0.4054, -1.1211 -0.0295 0.4054, -1.1211 -0.0295 0.5433, 1.0207 0.0827 0.4054, 1.0207 0.0827 0.5433, 1.0207 -0.0295 0.4054, 1.0207 -0.0295 0.5433, 1.0482 0.0827 0.5433, 1.0482 0.0827 0.4054, 1.0482 0.0906 0.4054, 1.0482 0.0906 0.5433, 1.123 0.0906 0.5433, 1.123 0.0906 0.4054, 1.123 -0.0295 0.5433, 1.123 -0.0295 0.4054, 1.0246 -0.0295 0.8386, 1.0246 -0.0295 0.7205, 1.1427 -0.0295 0.8386, 1.1427 -0.0295 0.7205, 1.1427 -0.0905 0.8386, 1.0246 -0.0905 0.8386, 1.0246 -0.0905 0.7205, 1.1427 -0.0905 0.7205, -1.1407 -0.0295 0.8386, -1.1407 -0.0295 0.7205, -1.0226 -0.0295 0.8386, -1.0226 -0.0295 0.7205, -1.0226 -0.0905 0.8386, -1.1407 -0.0905 0.8386, -1.1407 -0.0905 0.7205, -1.0226 -0.0905 0.7205, 1.3967 -0.246 0.8019, 1.4156 -0.246 0.794, 1.436 -0.246 0.8701, 1.436 -0.246 0.7913, 1.4564 -0.246 0.794, 1.36 -0.246 0.8497, 1.3678 -0.246 0.8307, 1.3803 -0.246 0.8144, 1.3678 -0.246 0.9094, 1.36 -0.246 0.8905, 1.3573 -0.246 0.8701, 1.4156 -0.246 0.9461, 1.3967 -0.246 0.9383, 1.3803 -0.246 0.9258, 1.4754 -0.246 0.9383, 1.4564 -0.246 0.9461, 1.436 -0.246 0.9488, 1.5121 -0.246 0.8905, 1.5042 -0.246 0.9094, 1.4917 -0.246 0.9258, 1.5042 -0.246 0.8307, 1.5121 -0.246 0.8497, 1.5148 -0.246 0.8701, 1.4754 -0.246 0.8019, 1.4917 -0.246 0.8144, 1.3888 -0.2657 0.9519, 1.4116 -0.2657 0.9613, 1.436 -0.2657 0.8701, 1.436 -0.2657 0.9646, 1.4605 -0.2657 0.9613, 1.3448 -0.2657 0.8945, 1.3542 -0.2657 0.9173, 1.3692 -0.2657 0.9369, 1.3542 -0.2657 0.8228, 1.3448 -0.2657 0.8456, 1.3415 -0.2657 0.8701, 1.4116 -0.2657 0.7788, 1.3888 -0.2657 0.7882, 1.3692 -0.2657 0.8033, 1.4833 -0.2657 0.7882, 1.4605 -0.2657 0.7788, 1.436 -0.2657 0.7756, 1.5273 -0.2657 0.8456, 1.5179 -0.2657 0.8228, 1.5028 -0.2657 0.8033, 1.5179 -0.2657 0.9173, 1.5273 -0.2657 0.8945, 1.5305 -0.2657 0.8701, 1.4833 -0.2657 0.9519, 1.5028 -0.2657 0.9369, 1.3415 -0.1988 0.8701, 1.3448 -0.1988 0.8945, 1.3542 -0.1988 0.9173, 1.3692 -0.1988 0.9369, 1.3888 -0.1988 0.9519, 1.4116 -0.1988 0.9613, 1.436 -0.1988 0.9646, 1.4605 -0.1988 0.9613, 1.4833 -0.1988 0.9519, 1.5028 -0.1988 0.9369, 1.5179 -0.1988 0.9173, 1.5273 -0.1988 0.8945, 1.5305 -0.1988 0.8701, 1.5273 -0.1988 0.8456, 1.5179 -0.1988 0.8228, 1.5028 -0.1988 0.8033, 1.4833 -0.1988 0.7882, 1.4605 -0.1988 0.7788, 1.436 -0.1988 0.7756, 1.4116 -0.1988 0.7788, 1.3888 -0.1988 0.7882, 1.3692 -0.1988 0.8033, 1.3542 -0.1988 0.8228, 1.3448 -0.1988 0.8456, -1.4734 -0.246 0.8019, -1.4544 -0.246 0.794, -1.4341 -0.246 0.8701, -1.4341 -0.246 0.7913, -1.4137 -0.246 0.794, -1.5101 -0.246 0.8497, -1.5022 -0.246 0.8307, -1.4897 -0.246 0.8144, -1.5022 -0.246 0.9094, -1.5101 -0.246 0.8905, -1.5128 -0.246 0.8701, -1.4544 -0.246 0.9461, -1.4734 -0.246 0.9383, -1.4897 -0.246 0.9258, -1.3947 -0.246 0.9383, -1.4137 -0.246 0.9461, -1.4341 -0.246 0.9488, -1.358 -0.246 0.8905, -1.3659 -0.246 0.9094, -1.3784 -0.246 0.9258, -1.3659 -0.246 0.8307, -1.358 -0.246 0.8497, -1.3553 -0.246 0.8701, -1.3947 -0.246 0.8019, -1.3784 -0.246 0.8144, -1.4813 -0.2657 0.9519, -1.4585 -0.2657 0.9613, -1.4341 -0.2657 0.8701, -1.4341 -0.2657 0.9646, -1.4096 -0.2657 0.9613, -1.5253 -0.2657 0.8945, -1.5159 -0.2657 0.9173, -1.5009 -0.2657 0.9369, -1.5159 -0.2657 0.8228, -1.5253 -0.2657 0.8456, -1.5285 -0.2657 0.8701, -1.4585 -0.2657 0.7788, -1.4813 -0.2657 0.7882, -1.5009 -0.2657 0.8033, -1.3868 -0.2657 0.7882, -1.4096 -0.2657 0.7788, -1.4341 -0.2657 0.7756, -1.3428 -0.2657 0.8456, -1.3522 -0.2657 0.8228, -1.3672 -0.2657 0.8033, -1.3522 -0.2657 0.9173, -1.3428 -0.2657 0.8945, -1.3396 -0.2657 0.8701, -1.3868 -0.2657 0.9519, -1.3672 -0.2657 0.9369, -1.5285 -0.1988 0.8701, -1.5253 -0.1988 0.8945, -1.5159 -0.1988 0.9173, -1.5009 -0.1988 0.9369, -1.4813 -0.1988 0.9519, -1.4585 -0.1988 0.9613, -1.4341 -0.1988 0.9646, -1.4096 -0.1988 0.9613, -1.3868 -0.1988 0.9519, -1.3672 -0.1988 0.9369, -1.3522 -0.1988 0.9173, -1.3428 -0.1988 0.8945, -1.3396 -0.1988 0.8701, -1.3428 -0.1988 0.8456, -1.3522 -0.1988 0.8228, -1.3672 -0.1988 0.8033, -1.3868 -0.1988 0.7882, -1.4096 -0.1988 0.7788, -1.4341 -0.1988 0.7756, -1.4585 -0.1988 0.7788, -1.4813 -0.1988 0.7882, -1.5009 -0.1988 0.8033, -1.5159 -0.1988 0.8228, -1.5253 -0.1988 0.8456, -1.4372 0.1674 0.4724, -1.449 0.1674 0.4724, -1.386 -0.0295 0.4724, -1.3899 -0.0295 0.4724, -1.449 0.1674 0.6693, -1.4372 0.1674 0.6693, -1.3899 -0.0295 0.6693, -1.386 -0.0295 0.6693, 1.4391 0.1674 0.4724, 1.388 -0.0295 0.4724, 1.4509 0.1674 0.4724, 1.3919 -0.0295 0.4724, 1.4391 0.1674 0.6693, 1.388 -0.0295 0.6693, 1.4509 0.1674 0.6693, 1.3919 -0.0295 0.6693
            ]
        }
        coordIndex [
            0,1,2,-1,2,1,3,-1,4,5,2,-1,2,5,0,-1,5,6,0,-1,0,6,1,-1,6,7,1,-1,1,7,3,-1,4,2,7,-1,7,2,3,-1,6,5,7,-1,7,5,4,-1,8,9,10,-1,10,9,11,-1,8,10,12,-1,12,10,13,-1,10,11,13,-1,13,11,14,-1,11,9,14,-1,14,9,15,-1,8,12,9,-1,9,12,15,-1,15,12,14,-1,14,12,13,-1,16,17,18,-1,18,17,19,-1,18,20,16,-1,16,20,21,-1,19,17,22,-1,22,17,23,-1,20,24,21,-1,21,24,25,-1,21,25,16,-1,16,25,26,-1,16,26,17,-1,17,26,23,-1,26,27,23,-1,23,27,22,-1,19,22,18,-1,18,22,27,-1,18,27,20,-1,20,27,24,-1,26,25,27,-1,27,25,24,-1,28,29,30,-1,30,29,31,-1,32,29,33,-1,33,29,28,-1,33,34,32,-1,32,34,35,-1,36,35,37,-1,37,35,34,-1,35,36,32,-1,32,36,38,-1,32,38,29,-1,29,38,31,-1,38,39,31,-1,31,39,30,-1,28,30,33,-1,33,30,39,-1,33,39,34,-1,34,39,37,-1,38,36,39,-1,39,36,37,-1,40,41,42,-1,42,41,43,-1,44,45,42,-1,42,45,40,-1,45,46,40,-1,40,46,41,-1,47,43,46,-1,46,43,41,-1,44,42,47,-1,47,42,43,-1,46,45,47,-1,47,45,44,-1,48,49,50,-1,50,49,51,-1,52,53,50,-1,50,53,48,-1,53,54,48,-1,48,54,49,-1,55,51,54,-1,54,51,49,-1,52,50,55,-1,55,50,51,-1,54,53,55,-1,55,53,52,-1,56,57,58,-1,58,57,59,-1,58,59,60,-1,61,62,58,-1,58,62,63,-1,58,63,56,-1,64,65,58,-1,58,65,66,-1,58,66,61,-1,67,68,58,-1,58,68,69,-1,58,69,64,-1,70,71,58,-1,58,71,72,-1,58,72,67,-1,73,74,58,-1,58,74,75,-1,58,75,70,-1,76,77,58,-1,58,77,78,-1,58,78,73,-1,60,79,58,-1,58,79,80,-1,58,80,76,-1,81,82,83,-1,83,82,84,-1,83,84,85,-1,86,87,83,-1,83,87,88,-1,83,88,81,-1,89,90,83,-1,83,90,91,-1,83,91,86,-1,92,93,83,-1,83,93,94,-1,83,94,89,-1,95,96,83,-1,83,96,97,-1,83,97,92,-1,98,99,83,-1,83,99,100,-1,83,100,95,-1,101,102,83,-1,83,102,103,-1,83,103,98,-1,85,104,83,-1,83,104,105,-1,83,105,101,-1,106,65,107,-1,107,65,64,-1,107,64,108,-1,108,64,69,-1,108,69,109,-1,109,69,68,-1,109,68,110,-1,110,68,67,-1,110,67,111,-1,111,67,72,-1,111,72,112,-1,112,72,71,-1,112,71,113,-1,113,71,70,-1,113,70,114,-1,114,70,75,-1,114,75,115,-1,115,75,74,-1,115,74,116,-1,116,74,73,-1,116,73,117,-1,117,73,78,-1,117,78,118,-1,118,78,77,-1,118,77,119,-1,119,77,76,-1,119,76,120,-1,120,76,80,-1,120,80,121,-1,121,80,79,-1,121,79,122,-1,122,79,60,-1,122,60,123,-1,123,60,59,-1,123,59,124,-1,124,59,57,-1,124,57,125,-1,125,57,56,-1,125,56,126,-1,126,56,63,-1,126,63,127,-1,127,63,62,-1,127,62,128,-1,128,62,61,-1,128,61,129,-1,129,61,66,-1,129,66,106,-1,106,66,65,-1,84,112,85,-1,85,112,113,-1,85,113,104,-1,104,113,114,-1,104,114,105,-1,105,114,115,-1,105,115,101,-1,101,115,116,-1,101,116,102,-1,102,116,117,-1,102,117,103,-1,103,117,118,-1,103,118,98,-1,98,118,119,-1,98,119,99,-1,99,119,120,-1,99,120,100,-1,100,120,121,-1,100,121,95,-1,95,121,122,-1,95,122,96,-1,96,122,123,-1,96,123,97,-1,97,123,124,-1,97,124,92,-1,92,124,125,-1,92,125,93,-1,93,125,126,-1,93,126,94,-1,94,126,127,-1,94,127,89,-1,89,127,128,-1,89,128,90,-1,90,128,129,-1,90,129,91,-1,91,129,106,-1,91,106,86,-1,86,106,107,-1,86,107,87,-1,87,107,108,-1,87,108,88,-1,88,108,109,-1,88,109,81,-1,81,109,110,-1,81,110,82,-1,82,110,111,-1,82,111,84,-1,84,111,112,-1,130,131,132,-1,132,131,133,-1,132,133,134,-1,135,136,132,-1,132,136,137,-1,132,137,130,-1,138,139,132,-1,132,139,140,-1,132,140,135,-1,141,142,132,-1,132,142,143,-1,132,143,138,-1,144,145,132,-1,132,145,146,-1,132,146,141,-1,147,148,132,-1,132,148,149,-1,132,149,144,-1,150,151,132,-1,132,151,152,-1,132,152,147,-1,134,153,132,-1,132,153,154,-1,132,154,150,-1,155,156,157,-1,157,156,158,-1,157,158,159,-1,160,161,157,-1,157,161,162,-1,157,162,155,-1,163,164,157,-1,157,164,165,-1,157,165,160,-1,166,167,157,-1,157,167,168,-1,157,168,163,-1,169,170,157,-1,157,170,171,-1,157,171,166,-1,172,173,157,-1,157,173,174,-1,157,174,169,-1,175,176,157,-1,157,176,177,-1,157,177,172,-1,159,178,157,-1,157,178,179,-1,157,179,175,-1,180,139,181,-1,181,139,138,-1,181,138,182,-1,182,138,143,-1,182,143,183,-1,183,143,142,-1,183,142,184,-1,184,142,141,-1,184,141,185,-1,185,141,146,-1,185,146,186,-1,186,146,145,-1,186,145,187,-1,187,145,144,-1,187,144,188,-1,188,144,149,-1,188,149,189,-1,189,149,148,-1,189,148,190,-1,190,148,147,-1,190,147,191,-1,191,147,152,-1,191,152,192,-1,192,152,151,-1,192,151,193,-1,193,151,150,-1,193,150,194,-1,194,150,154,-1,194,154,195,-1,195,154,153,-1,195,153,196,-1,196,153,134,-1,196,134,197,-1,197,134,133,-1,197,133,198,-1,198,133,131,-1,198,131,199,-1,199,131,130,-1,199,130,200,-1,200,130,137,-1,200,137,201,-1,201,137,136,-1,201,136,202,-1,202,136,135,-1,202,135,203,-1,203,135,140,-1,203,140,180,-1,180,140,139,-1,158,186,159,-1,159,186,187,-1,159,187,178,-1,178,187,188,-1,178,188,179,-1,179,188,189,-1,179,189,175,-1,175,189,190,-1,175,190,176,-1,176,190,191,-1,176,191,177,-1,177,191,192,-1,177,192,172,-1,172,192,193,-1,172,193,173,-1,173,193,194,-1,173,194,174,-1,174,194,195,-1,174,195,169,-1,169,195,196,-1,169,196,170,-1,170,196,197,-1,170,197,171,-1,171,197,198,-1,171,198,166,-1,166,198,199,-1,166,199,167,-1,167,199,200,-1,167,200,168,-1,168,200,201,-1,168,201,163,-1,163,201,202,-1,163,202,164,-1,164,202,203,-1,164,203,165,-1,165,203,180,-1,165,180,160,-1,160,180,181,-1,160,181,161,-1,161,181,182,-1,161,182,162,-1,162,182,183,-1,162,183,155,-1,155,183,184,-1,155,184,156,-1,156,184,185,-1,156,185,158,-1,158,185,186,-1,204,205,206,-1,206,205,207,-1,208,209,210,-1,210,209,211,-1,205,208,207,-1,207,208,210,-1,205,204,208,-1,208,204,209,-1,207,210,206,-1,206,210,211,-1,204,206,209,-1,209,206,211,-1,212,213,214,-1,214,213,215,-1,212,216,213,-1,213,216,217,-1,214,218,212,-1,212,218,216,-1,216,218,217,-1,217,218,219,-1,215,213,219,-1,219,213,217,-1,214,215,218,-1,218,215,219,-1,
        ]
    }
}