#VRML V2.0 utf8
# 3D model generated by easyeda2kicad.py (https://github.com/uPesy/easyeda2kicad.py)

Shape{
    appearance Appearance {
        material  Material 	{
            diffuseColor 0.20784313725490197 0.20784313725490197 0.20784313725490197
            specularColor 0.01568627450980392 0.01568627450980392 0.01568627450980392
            ambientIntensity 0.298
            transparency 0.0
            shininess 0.5
        }
    }
    geometry IndexedFaceSet {
        ccw TRUE
        solid FALSE
        coord DEF co Coordinate {
            point [
                1.6373 0.0458 0.0591, 1.6373 -0.3711 0.0591, 1.248 0.0458 0.0591, 1.248 -0.3711 0.0591, -1.248 0.0458 0.0591, -1.248 -0.3711 0.0591, -1.6373 0.0458 0.0591, -1.6373 -0.3711 0.0591, -0.3782 -0.0756 0.1181, -0.3782 -0.2471 0.1181, -0.4766 -0.2471 0.1181, 0.089 0.3408 0.1181, 0.1088 0.338 0.1181, 0.0812 0.338 0.1181, 0.0907 0.5368 0.1181, 0.0812 0.5343 0.1181, 0.0812 0.7491 0.1181, 0.2312 0.3392 0.1181, 0.3156 0.3392 0.1181, 0.3156 0.338 0.1181, -0.1045 0.2939 0.1181, -0.0853 0.2939 0.1181, -0.0945 0.251 0.1181, -0.1045 0.1722 0.1181, -0.0945 0.1722 0.1181, -0.0853 -0.0375 0.1181, -0.1045 -0.0375 0.1181, -0.2801 -0.0375 0.1181, -0.2801 0.1722 0.1181, -0.2992 0.1722 0.1181, -0.1045 0.251 0.1181, -0.2801 0.251 0.1181, -0.2801 0.2939 0.1181, -0.2992 0.251 0.1181, -0.4766 0.2939 0.1181, -0.4766 -0.0375 0.1181, 0.0812 0.2939 0.1181, 0.0945 0.251 0.1181, 0.0945 0.1722 0.1181, 0.3056 0.5361 0.1181, 0.3056 0.3608 0.1181, 0.2312 0.3608 0.1181, 0.2228 0.7491 0.1181, 0.3156 0.7491 0.1181, 0.3156 0.5361 0.1181, 0.2228 0.338 0.1181, 0.3967 0.7491 0.1181, 0.3967 0.6091 0.1181, 0.332 0.5361 0.1181, 0.4101 0.6091 0.1181, 0.1871 0.4509 0.1181, 0.1335 0.5147 0.1181, 0.1482 0.5094 0.1181, 0.0812 0.5099 0.1181, 0.0901 0.5138 0.1181, 0.1141 0.5169 0.1181, 0.188 0.4355 0.1181, 0.186 0.4142 0.1181, 0.1807 0.3973 0.1181, 0.1725 0.3836 0.1181, 0.1633 0.3739 0.1181, 0.1512 0.3658 0.1181, 0.1618 0.5003 0.1181, 0.1737 0.4871 0.1181, 0.1818 0.4719 0.1181, 0.1369 0.3605 0.1181, 0.1185 0.3584 0.1181, 0.0924 0.3613 0.1181, -0.0853 0.7491 0.1181, -0.0761 0.3608 0.1181, -0.0761 0.3392 0.1181, -0.0853 0.338 0.1181, 0.0296 0.3392 0.1181, 0.0296 0.5361 0.1181, -0.0713 0.5361 0.1181, -0.0713 0.5145 0.1181, 0.068 0.371 0.1181, 0.068 0.5043 0.1181, 0.0715 0.3691 0.1181, 0.0812 0.3655 0.1181, 0.0032 0.428 0.1181, 0.0032 0.3608 0.1181, -0.0665 0.428 0.1181, -0.0665 0.4496 0.1181, 0.0032 0.4496 0.1181, 0.0032 0.5145 0.1181, 0.1813 0.356 0.1181, 0.1961 0.3716 0.1181, 0.2066 0.3903 0.1181, 0.204 0.4842 0.1181, 0.1925 0.5026 0.1181, 0.1747 0.5197 0.1181, 0.1337 0.338 0.1181, 0.1464 0.3393 0.1181, 0.1655 0.3459 0.1181, 0.2125 0.4111 0.1181, 0.2144 0.4339 0.1181, 0.2116 0.4619 0.1181, 0.156 0.5305 0.1181, 0.1341 0.5369 0.1181, 0.1143 0.5385 0.1181, 0.1167 0.3369 0.1181, 0.2228 0.2939 0.1181, 0.1221 0.3368 0.1181, 0.068 0.5307 0.1181, 0.068 0.3494 0.1181, 0.0812 0.344 0.1181, -0.3881 0.5361 0.1181, -0.465 0.3392 0.1181, -0.4766 0.338 0.1181, -0.4766 0.6091 0.1181, -0.3967 0.6091 0.1181, -0.3617 0.5361 0.1181, -0.4162 0.3944 0.1181, -0.3349 0.3944 0.1181, -0.4362 0.3392 0.1181, -0.3161 0.3392 0.1181, -0.3967 0.7491 0.1181, -0.2801 0.7491 0.1181, -0.2873 0.3392 0.1181, -0.2801 0.338 0.1181, -0.8366 0.7491 0.1181, -0.8113 0.7491 0.1181, -0.8113 0.6091 0.1181, -0.2801 -0.0756 0.1181, 0.3782 -0.0756 0.1181, 0.3156 -0.0756 0.1181, 0.3156 -0.0375 0.1181, 0.2228 -0.0756 0.1181, 0.2228 -0.0375 0.1181, 0.0812 -0.0756 0.1181, 0.0812 -0.0375 0.1181, -0.0853 -0.0756 0.1181, -0.1045 -0.0756 0.1181, 0.4101 -0.0375 0.1181, 0.4101 -0.2471 0.1181, 0.3782 -0.2471 0.1181, 0.8113 0.7491 0.1181, 0.9783 0.7491 0.1181, 0.8113 0.6091 0.1181, 0.9783 0.338 0.1181, -0.8366 0.338 0.1181, -1.248 0.338 0.1181, -1.248 0.7491 0.1181, -0.2631 0.3932 0.1181, -0.2518 0.3756 0.1181, -0.2356 0.36 0.1181, -0.215 0.3481 0.1181, -0.2215 0.5249 0.1181, -0.2429 0.5106 0.1181, -0.1045 0.7491 0.1181, -0.17 0.5361 0.1181, -0.1985 0.533 0.1181, -0.2431 0.5104 0.1181, -0.2571 0.495 0.1181, -0.2662 0.478 0.1181, -0.1924 0.3413 0.1181, -0.168 0.3392 0.1181, -0.1045 0.338 0.1181, -0.1145 0.3392 0.1181, -0.1145 0.5361 0.1181, -0.2715 0.4586 0.1181, -0.2729 0.4401 0.1181, -0.2702 0.4138 0.1181, -0.8366 0.2939 0.1181, -1.248 0.2939 0.1181, 0.3156 0.2939 0.1181, 0.9783 0.2939 0.1181, 0.4101 0.2939 0.1181, 0.4101 0.338 0.1181, 0.332 0.3392 0.1181, -1.2008 0.251 0.1181, -1.2008 0.1722 0.1181, -0.9646 0.251 0.1181, -0.9646 0.1722 0.1181, -0.8366 -0.0375 0.1181, -1.248 -0.0375 0.1181, -0.4882 0.1722 0.1181, -0.7087 0.1722 0.1181, -0.7087 0.251 0.1181, -0.4882 0.251 0.1181, 0.2228 0.251 0.1181, 0.2992 0.251 0.1181, 0.2992 0.1722 0.1181, 0.2228 0.1722 0.1181, 0.4882 0.1722 0.1181, 0.7087 0.1722 0.1181, 0.9783 -0.0375 0.1181, 0.7087 0.251 0.1181, 0.4882 0.251 0.1181, -0.8366 -0.2471 0.1181, -1.248 -0.2471 0.1181, 0.9783 -0.2471 0.1181, 1.248 0.7491 0.1181, 1.248 0.338 0.1181, 1.248 0.2939 0.1181, 1.248 -0.0375 0.1181, 1.248 -0.2471 0.1181
            ]
        }
        coordIndex [
            0,1,2,-1,2,1,3,-1,4,5,6,-1,6,5,7,-1,8,9,10,-1,11,12,13,-1,14,15,16,-1,17,18,19,-1,20,21,22,-1,23,24,25,-1,25,26,23,-1,23,26,27,-1,23,27,28,-1,28,27,29,-1,22,30,20,-1,20,30,31,-1,20,31,32,-1,32,31,33,-1,32,33,34,-1,34,33,35,-1,36,37,38,-1,39,40,41,-1,42,43,44,-1,44,39,42,-1,42,39,41,-1,42,41,45,-1,43,46,44,-1,44,46,47,-1,44,47,48,-1,48,47,49,-1,50,51,52,-1,53,54,50,-1,50,54,55,-1,50,55,51,-1,50,56,53,-1,53,56,57,-1,53,57,58,-1,58,59,53,-1,53,59,60,-1,53,60,61,-1,52,62,50,-1,50,62,63,-1,50,63,64,-1,61,65,53,-1,53,65,66,-1,53,66,67,-1,16,15,68,-1,69,70,71,-1,71,70,72,-1,71,72,13,-1,73,74,68,-1,68,74,75,-1,68,75,69,-1,76,77,78,-1,78,77,53,-1,78,53,79,-1,79,53,67,-1,80,81,82,-1,82,81,69,-1,82,69,83,-1,83,69,75,-1,83,75,84,-1,84,75,85,-1,86,87,45,-1,45,87,88,-1,89,90,42,-1,42,90,91,-1,92,93,45,-1,45,93,94,-1,45,94,86,-1,88,95,45,-1,45,95,96,-1,45,96,42,-1,42,96,97,-1,42,97,89,-1,91,98,42,-1,42,98,99,-1,42,99,16,-1,16,99,100,-1,16,100,14,-1,12,101,36,-1,45,102,92,-1,92,102,36,-1,92,36,103,-1,103,36,101,-1,15,104,68,-1,68,104,77,-1,68,77,73,-1,73,77,76,-1,73,76,72,-1,72,76,105,-1,72,105,13,-1,13,105,106,-1,13,106,11,-1,107,108,109,-1,110,111,112,-1,113,114,115,-1,115,114,116,-1,111,117,112,-1,112,117,118,-1,112,118,119,-1,119,118,120,-1,119,120,116,-1,116,120,109,-1,116,109,115,-1,115,109,108,-1,121,122,123,-1,124,8,35,-1,125,126,127,-1,127,126,128,-1,127,128,129,-1,129,128,130,-1,129,130,131,-1,131,130,132,-1,131,132,25,-1,25,132,133,-1,25,133,26,-1,26,133,124,-1,26,124,27,-1,27,124,35,-1,27,35,29,-1,29,35,33,-1,134,135,136,-1,137,138,139,-1,139,138,140,-1,139,140,49,-1,112,107,110,-1,110,107,109,-1,110,109,123,-1,123,109,141,-1,123,141,121,-1,121,141,142,-1,121,142,143,-1,144,145,120,-1,120,145,146,-1,120,146,147,-1,118,148,149,-1,150,151,118,-1,118,151,152,-1,118,152,148,-1,149,153,118,-1,118,153,154,-1,118,154,155,-1,147,156,120,-1,120,156,157,-1,120,157,158,-1,158,157,159,-1,158,159,160,-1,155,161,118,-1,118,161,162,-1,118,162,120,-1,120,162,163,-1,120,163,144,-1,69,71,68,-1,68,71,158,-1,68,158,150,-1,150,158,160,-1,150,160,151,-1,12,36,13,-1,13,36,21,-1,13,21,71,-1,71,21,20,-1,71,20,158,-1,158,20,32,-1,158,32,120,-1,120,32,34,-1,120,34,109,-1,109,34,164,-1,109,164,141,-1,141,164,165,-1,141,165,142,-1,41,17,45,-1,45,17,19,-1,45,19,102,-1,102,19,166,-1,167,168,140,-1,140,168,169,-1,140,169,49,-1,49,169,170,-1,49,170,48,-1,165,171,172,-1,171,165,173,-1,173,165,164,-1,173,164,174,-1,174,164,175,-1,174,175,172,-1,172,175,176,-1,172,176,165,-1,177,35,178,-1,178,35,175,-1,178,175,179,-1,179,175,164,-1,179,164,180,-1,180,164,34,-1,180,34,177,-1,177,34,35,-1,37,36,181,-1,181,36,102,-1,181,102,182,-1,182,102,166,-1,182,166,183,-1,183,166,127,-1,183,127,184,-1,184,127,129,-1,184,129,38,-1,38,129,131,-1,38,131,36,-1,36,131,25,-1,36,25,21,-1,21,25,24,-1,21,24,22,-1,18,170,19,-1,19,170,169,-1,19,169,166,-1,166,169,168,-1,166,168,127,-1,127,168,134,-1,127,134,125,-1,125,134,136,-1,185,186,187,-1,187,186,167,-1,167,186,188,-1,167,188,168,-1,168,188,189,-1,168,189,134,-1,8,10,35,-1,35,10,190,-1,35,190,175,-1,175,190,191,-1,175,191,176,-1,189,185,134,-1,134,185,187,-1,134,187,135,-1,135,187,192,-1,138,193,140,-1,140,193,194,-1,140,194,167,-1,167,194,195,-1,167,195,187,-1,187,195,196,-1,187,196,192,-1,192,196,197,-1,
        ]
    }
}
Shape{
    appearance Appearance {
        material  Material 	{
            diffuseColor 0.6666666666666666 0.6980392156862745 0.7686274509803922
            specularColor 0.3333333333333333 0.34901960784313724 0.3843137254901961
            ambientIntensity 0.6967
            transparency 0.0
            shininess 0.5
        }
    }
    geometry IndexedFaceSet {
        ccw TRUE
        solid FALSE
        coord DEF co Coordinate {
            point [
                1.7598 0.2589 0.3543, 1.7598 0.2589 0.3937, 1.6417 0.2589 0.3543, 1.6417 0.2589 0.3937
            ]
        }
        coordIndex [
            0,1,2,-1,2,1,3,-1,
        ]
    }
}
Shape{
    appearance Appearance {
        material  Material 	{
            diffuseColor 0.20784313725490197 0.20784313725490197 0.20784313725490197
            specularColor 0.01568627450980392 0.01568627450980392 0.01568627450980392
            ambientIntensity 0.298
            transparency 0.0
            shininess 0.5
        }
    }
    geometry IndexedFaceSet {
        ccw TRUE
        solid FALSE
        coord DEF co Coordinate {
            point [
                1.248 -0.3711 0.1359, 1.248 -0.2471 0.1359, 1.248 -0.3711 0.0591, 1.248 -0.2471 0.1181, 1.248 0.7491 0.4331, 1.248 0.7549 0.4331, 1.248 0.7491 0.1181, 1.248 0.7549 0.0591, 1.248 0.338 0.1181, 1.248 0.2199 0.0591, 1.248 0.2939 0.1181, 1.248 0.2199 0.0669, 1.248 -0.0375 0.1181, 1.248 0.0458 0.0669, 1.248 0.0458 0.0591, 1.248 -0.2471 0.4331, 1.248 -0.2471 0.3914, 1.248 -0.253 0.4331, 1.248 -0.3711 0.3914, 1.248 -0.3711 0.4331, 0.3782 -0.2471 0.1181, 0.4101 -0.2471 0.1181, 0.3782 -0.2471 0.1359, 0.9783 -0.2471 0.1181, -0.4766 -0.2471 0.1181, -0.3782 -0.2471 0.1181, -0.3782 -0.2471 0.1359, -0.8366 -0.2471 0.1181, -1.248 -0.2471 0.1359, -1.248 -0.2471 0.1181, -1.248 -0.2471 0.3914, -0.3782 -0.2471 0.3914, -1.248 -0.2471 0.4331, -0.3782 -0.2471 0.6299, -1.248 -0.2471 0.7087, 1.248 -0.2471 0.7087, 0.3782 -0.2471 0.6299, 0.3782 -0.2471 0.3914, -1.248 -0.3711 0.1359, -1.248 0.7549 0.4331, -1.248 0.7491 0.4331, -1.248 0.7491 0.1181, -1.248 -0.3711 0.0591, -1.248 0.0458 0.0591, -1.248 -0.0375 0.1181, -1.248 0.0458 0.0669, -1.248 0.2939 0.1181, -1.248 0.2199 0.0669, -1.248 0.338 0.1181, -1.248 0.2199 0.0591, -1.248 0.7549 0.0591, -1.248 -0.3711 0.4331, -1.248 -0.3711 0.3914, -1.248 -0.253 0.4331, -0.3782 -0.0756 0.1181, -0.3782 -0.0756 0.1359, -0.3782 -0.0756 0.6299, -0.3782 -0.0756 0.3914, 0.3782 -0.0756 0.1181, 0.3782 -0.0756 0.1359, 0.3782 -0.0756 0.6299, 0.3782 -0.0756 0.3914, -0.2801 -0.0756 0.1181, -0.1045 -0.0756 0.1181, -0.0853 -0.0756 0.1181, 0.0812 -0.0756 0.1181, 0.2228 -0.0756 0.1181, 0.3156 -0.0756 0.1181
            ]
        }
        coordIndex [
            0,1,2,-1,2,1,3,-1,4,5,6,-1,6,5,7,-1,6,7,8,-1,8,7,9,-1,8,9,10,-1,10,9,11,-1,10,11,12,-1,12,11,13,-1,12,13,3,-1,3,13,14,-1,3,14,2,-1,15,16,17,-1,17,16,18,-1,17,18,19,-1,20,21,22,-1,22,21,23,-1,22,23,1,-1,1,23,3,-1,24,25,26,-1,24,26,27,-1,27,26,28,-1,27,28,29,-1,30,31,32,-1,32,31,33,-1,32,33,34,-1,34,33,35,-1,35,33,36,-1,35,36,15,-1,15,36,37,-1,15,37,16,-1,29,28,38,-1,39,40,41,-1,38,42,29,-1,29,42,43,-1,29,43,44,-1,44,43,45,-1,44,45,46,-1,46,45,47,-1,46,47,48,-1,48,47,49,-1,48,49,41,-1,41,49,50,-1,41,50,39,-1,51,52,53,-1,53,52,30,-1,53,30,32,-1,25,54,26,-1,26,54,55,-1,56,33,57,-1,57,33,31,-1,58,20,59,-1,59,20,22,-1,36,60,37,-1,37,60,61,-1,55,54,62,-1,62,63,55,-1,55,63,64,-1,55,64,59,-1,59,64,65,-1,65,66,59,-1,59,66,67,-1,59,67,58,-1,60,56,61,-1,61,56,57,-1,
        ]
    }
}
Shape{
    appearance Appearance {
        material  Material 	{
            diffuseColor 0.6666666666666666 0.6980392156862745 0.7686274509803922
            specularColor 0.3333333333333333 0.34901960784313724 0.3843137254901961
            ambientIntensity 0.6967
            transparency 0.0
            shininess 0.5
        }
    }
    geometry IndexedFaceSet {
        ccw TRUE
        solid FALSE
        coord DEF co Coordinate {
            point [
                -0.3937 -0.253 0.6204, -0.3937 -0.3711 0.6204, -0.3937 -0.253 0.5709, -0.3937 -0.3711 0.5709, 0.3937 -0.3711 0.6204, 0.3937 -0.253 0.6204, 0.3937 -0.3711 0.5709, 0.3937 -0.253 0.5709
            ]
        }
        coordIndex [
            0,1,2,-1,2,1,3,-1,4,5,6,-1,6,5,7,-1,
        ]
    }
}
Shape{
    appearance Appearance {
        material  Material 	{
            diffuseColor 0.20784313725490197 0.20784313725490197 0.20784313725490197
            specularColor 0.01568627450980392 0.01568627450980392 0.01568627450980392
            ambientIntensity 0.298
            transparency 0.0
            shininess 0.5
        }
    }
    geometry IndexedFaceSet {
        ccw TRUE
        solid FALSE
        coord DEF co Coordinate {
            point [
                0.2362 0.1053 0.7087, 0.2362 0.1132 0.7087, -0.4331 0.1132 0.7087, 1.248 -0.2471 0.7087, 1.248 0.1132 0.7087, 0.3543 0.1132 0.7087, -0.5512 0.1132 0.7087, -1.0236 0.1132 0.7087, -0.5512 0.1053 0.7087, -1.0236 0.1053 0.7087, -0.4331 0.1053 0.7087, 0.3543 0.1053 0.7087, -1.1417 0.1132 0.7087, -1.248 0.1132 0.7087, -1.1417 0.1053 0.7087, -1.248 -0.2471 0.7087, 1.3169 0.1132 0.7087, 1.3169 0.1132 2.4016, -1.1417 0.1132 2.2441, -1.3169 0.1132 2.4016, -1.3169 0.1132 0.7087, -1.0236 0.1132 2.2441, -0.5512 0.1132 2.2441, -0.4331 0.1132 2.2441, 0.3543 0.1132 2.0472, 0.2362 0.1132 2.0472, 1.248 -0.2471 0.4331, 1.6319 0.0531 0.4331, 1.6373 0.0817 0.4331, 1.6027 0.532 0.4331, 1.5558 0.6067 0.4331, 1.4935 0.669 0.4331, 1.248 -0.253 0.4331, 1.3356 -0.2431 0.4331, 1.4189 -0.214 0.4331, 1.4935 -0.1671 0.4331, 1.6373 0.4202 0.4331, 1.6319 0.4488 0.4331, 1.5558 -0.1047 0.4331, 1.6027 -0.0301 0.4331, 1.4189 0.7159 0.4331, 1.3356 0.745 0.4331, 1.248 0.7491 0.4331, 1.248 0.7549 0.4331, -1.4189 0.7159 0.4331, -1.4935 0.669 0.4331, -1.248 -0.2471 0.4331, -1.3356 0.745 0.4331, -1.248 0.7491 0.4331, -1.248 0.7549 0.4331, -1.5558 0.6067 0.4331, -1.6027 0.532 0.4331, -1.6319 0.4488 0.4331, -1.6373 0.4202 0.4331, -1.6373 0.0817 0.4331, -1.6319 0.0531 0.4331, -1.6027 -0.0301 0.4331, -1.5558 -0.1047 0.4331, -1.4935 -0.1671 0.4331, -1.4189 -0.214 0.4331, -1.3356 -0.2431 0.4331, -1.248 -0.253 0.4331, 0.6643 0.6091 0.2057, 0.6679 0.6091 0.2208, 0.8113 0.6091 0.1181, 0.6151 0.6091 0.1435, 0.3967 0.6091 0.6299, 0.6151 0.6091 0.329, 0.8113 0.6091 0.6299, 0.6268 0.6091 0.3191, 0.6691 0.6091 0.2362, 0.6679 0.6091 0.2516, 0.6643 0.6091 0.2668, 0.6583 0.6091 0.2814, 0.6398 0.6091 0.1643, 0.6501 0.6091 0.1772, 0.6583 0.6091 0.191, 0.6501 0.6091 0.2953, 0.6398 0.6091 0.3081, 0.3967 0.6091 0.1181, 0.4101 0.6091 0.1181, 0.6276 0.6091 0.1527, -1.248 0.7491 0.7087, -1.248 0.3888 0.7087, -0.3543 0.3888 0.7087, -0.2362 0.3888 0.7087, 0.4331 0.3888 0.7087, -0.2362 0.3966 0.7087, 0.4331 0.3966 0.7087, -0.3543 0.3966 0.7087, 1.248 0.7491 0.7087, 0.5512 0.3966 0.7087, 1.1417 0.3888 0.7087, 1.248 0.3888 0.7087, 1.1417 0.3966 0.7087, 1.0236 0.3966 0.7087, 1.0236 0.3888 0.7087, 0.5512 0.3888 0.7087, -1.3169 0.3888 0.7087, -1.3169 0.3888 2.4016, 1.1417 0.3888 2.2441, 1.3169 0.3888 2.4016, 1.3169 0.3888 0.7087, 1.0236 0.3888 2.2441, 0.5512 0.3888 2.2441, 0.4331 0.3888 2.2441, -0.3543 0.3888 2.0472, -0.2362 0.3888 2.0472, 1.5324 -0.2848 0.4331, 1.6373 -0.3711 0.4331, 1.6099 -0.2212 0.4331, 1.6373 -0.1916 0.4331, 1.4439 -0.3321 0.4331, 1.3479 -0.3612 0.4331, 1.248 -0.3711 0.4331, 1.248 -0.3711 0.1359, 1.248 -0.3711 0.0591, 1.6373 -0.3711 0.0591, -1.6373 -0.3711 0.0591, -1.248 -0.3711 0.0591, -1.6373 -0.3711 0.4331, -1.248 -0.3711 0.1359, 1.248 -0.3711 0.3914, -1.248 -0.3711 0.4331, -1.248 -0.3711 0.3914, 1.6373 0.0458 0.0591, 1.6373 0.0458 0.0669, 1.6373 0.2199 0.0591, 1.6373 0.4202 0.0591, 1.6373 0.2199 0.0669, 1.248 0.2199 0.0591, 1.248 0.7549 0.0591, 1.3356 0.745 0.0591, 1.5558 0.6067 0.0591, 1.6027 0.532 0.0591, 1.6319 0.4488 0.0591, 1.4189 0.7159 0.0591, 1.4935 0.669 0.0591, 0.9783 0.7491 0.1181, 0.8113 0.7491 0.1181, 0.8113 0.7491 0.6299, -0.8113 0.7491 0.6299, -0.8113 0.7491 0.1181, -0.8366 0.7491 0.1181, -0.3967 0.7491 0.6299, -1.248 0.7491 0.1181, 0.3967 0.7491 0.1181, 0.3156 0.7491 0.1181, 0.3967 0.7491 0.6299, 0.2228 0.7491 0.1181, 0.0812 0.7491 0.1181, 1.248 0.7491 0.1181, -0.0853 0.7491 0.1181, -0.1045 0.7491 0.1181, -0.2801 0.7491 0.1181, -0.3967 0.7491 0.1181, -1.4439 -0.3321 0.4331, -1.3479 -0.3612 0.4331, -1.5324 -0.2848 0.4331, -1.6099 -0.2212 0.4331, -1.6373 -0.1916 0.4331, -1.6373 0.0458 0.0591, -1.6373 0.0458 0.0669, -1.6373 0.4202 0.0591, -1.6373 0.2199 0.0591, -1.6373 0.2199 0.0669, -1.6319 0.4488 0.0591, -1.248 0.2199 0.0591, -1.6027 0.532 0.0591, -1.5558 0.6067 0.0591, -1.4935 0.669 0.0591, -1.4189 0.7159 0.0591, -1.3356 0.745 0.0591, -1.248 0.7549 0.0591, 0.3782 -0.0756 0.6299, 0.3782 -0.2471 0.6299, -0.3782 -0.0756 0.6299, -0.3782 -0.2471 0.6299, -0.8113 0.6091 0.6299, -0.8113 0.6091 0.1181, -0.3967 0.6091 0.6299, -0.3967 0.6091 0.1181, -0.4766 0.6091 0.1181, -0.6691 0.6091 0.2362, -0.6679 0.6091 0.2208, -0.6643 0.6091 0.2057, -0.6501 0.6091 0.2953, -0.6583 0.6091 0.2814, -0.6643 0.6091 0.2668, -0.6679 0.6091 0.2516, -0.6583 0.6091 0.191, -0.6501 0.6091 0.1772, -0.6398 0.6091 0.1643, -0.6151 0.6091 0.329, -0.6276 0.6091 0.3197, -0.6398 0.6091 0.3081, -0.6268 0.6091 0.1533, -0.6151 0.6091 0.1435
            ]
        }
        coordIndex [
            0,1,2,-1,3,4,5,-1,6,7,8,-1,8,7,9,-1,2,10,0,-1,0,10,3,-1,0,3,11,-1,11,3,5,-1,12,13,14,-1,14,13,15,-1,14,15,9,-1,9,15,3,-1,9,3,8,-1,8,3,10,-1,4,16,17,-1,13,12,18,-1,19,20,13,-1,7,6,21,-1,21,6,22,-1,13,18,19,-1,19,18,21,-1,19,21,17,-1,17,21,22,-1,17,22,23,-1,5,4,24,-1,24,4,17,-1,24,17,25,-1,25,17,23,-1,25,23,1,-1,1,23,2,-1,26,27,28,-1,29,30,26,-1,26,30,31,-1,32,33,26,-1,26,33,34,-1,26,34,35,-1,28,36,26,-1,26,36,37,-1,26,37,29,-1,35,38,26,-1,26,38,39,-1,26,39,27,-1,31,40,26,-1,26,40,41,-1,26,41,42,-1,42,41,43,-1,44,45,46,-1,44,46,47,-1,47,46,48,-1,47,48,49,-1,45,50,46,-1,46,50,51,-1,46,51,52,-1,52,53,46,-1,46,53,54,-1,46,54,55,-1,55,56,46,-1,46,56,57,-1,46,57,58,-1,58,59,46,-1,46,59,60,-1,46,60,61,-1,62,63,64,-1,65,66,67,-1,67,66,68,-1,67,68,69,-1,63,70,64,-1,64,70,71,-1,64,71,68,-1,68,71,72,-1,68,72,73,-1,74,75,64,-1,64,75,76,-1,64,76,62,-1,73,77,68,-1,68,77,78,-1,68,78,69,-1,79,66,80,-1,80,66,65,-1,80,65,64,-1,64,65,81,-1,64,81,74,-1,82,83,84,-1,85,86,87,-1,87,86,88,-1,84,89,82,-1,82,89,87,-1,82,87,90,-1,90,87,88,-1,90,88,91,-1,92,93,94,-1,94,93,90,-1,94,90,95,-1,95,90,91,-1,95,91,96,-1,96,91,97,-1,83,98,99,-1,93,92,100,-1,101,102,93,-1,96,97,103,-1,103,97,104,-1,93,100,101,-1,101,100,103,-1,101,103,99,-1,99,103,104,-1,99,104,105,-1,84,83,106,-1,106,83,99,-1,106,99,107,-1,107,99,105,-1,107,105,85,-1,85,105,86,-1,46,15,13,-1,46,13,48,-1,48,13,83,-1,48,83,82,-1,108,109,110,-1,110,109,111,-1,108,112,109,-1,109,112,113,-1,109,113,114,-1,115,116,117,-1,118,119,120,-1,120,119,121,-1,109,114,122,-1,123,120,124,-1,124,120,121,-1,124,121,122,-1,122,121,115,-1,122,115,109,-1,109,115,117,-1,117,125,109,-1,109,125,126,-1,109,126,111,-1,127,128,129,-1,129,128,36,-1,129,36,126,-1,126,36,28,-1,126,28,111,-1,128,127,130,-1,130,131,132,-1,133,134,130,-1,130,134,135,-1,130,135,128,-1,132,136,130,-1,130,136,137,-1,130,137,133,-1,42,90,93,-1,42,93,26,-1,26,93,4,-1,26,4,3,-1,138,139,140,-1,141,142,143,-1,90,144,82,-1,82,144,141,-1,82,141,48,-1,48,141,143,-1,48,143,145,-1,146,147,148,-1,148,147,149,-1,148,149,150,-1,151,138,42,-1,42,138,140,-1,42,140,90,-1,90,140,148,-1,90,148,144,-1,144,148,150,-1,144,150,152,-1,152,153,144,-1,144,153,154,-1,144,154,155,-1,156,120,157,-1,157,120,123,-1,156,158,120,-1,120,158,159,-1,120,159,160,-1,161,118,162,-1,162,118,120,-1,163,164,53,-1,53,164,165,-1,53,165,54,-1,54,165,162,-1,54,162,160,-1,160,162,120,-1,166,167,163,-1,163,167,164,-1,166,168,167,-1,167,168,169,-1,167,169,170,-1,170,171,167,-1,167,171,172,-1,167,172,173,-1,174,175,176,-1,176,175,177,-1,178,179,141,-1,141,179,142,-1,180,181,182,-1,183,184,179,-1,179,184,185,-1,186,187,178,-1,178,187,188,-1,178,188,179,-1,179,188,189,-1,179,189,183,-1,185,190,179,-1,179,190,191,-1,179,191,192,-1,193,194,178,-1,178,194,195,-1,178,195,186,-1,192,196,179,-1,179,196,197,-1,179,197,182,-1,182,197,193,-1,182,193,180,-1,180,193,178,-1,181,180,155,-1,155,180,144,-1,178,141,180,-1,180,141,144,-1,66,79,148,-1,148,79,146,-1,64,68,139,-1,139,68,140,-1,68,66,140,-1,140,66,148,-1,
        ]
    }
}
Shape{
    appearance Appearance {
        material  Material 	{
            diffuseColor 0.6666666666666666 0.6980392156862745 0.7686274509803922
            specularColor 0.3333333333333333 0.34901960784313724 0.3843137254901961
            ambientIntensity 0.6967
            transparency 0.0
            shininess 0.5
        }
    }
    geometry IndexedFaceSet {
        ccw TRUE
        solid FALSE
        coord DEF co Coordinate {
            point [
                -1.2008 0.1722 0.0787, -1.2008 -0.3789 0.0787, -0.9646 0.1722 0.0787, -0.9646 -0.3789 0.0787, -1.2008 -0.3789 0.0, -0.9646 -0.3789 0.0, -0.9646 0.0458 0.0, -1.2008 0.0458 0.0, -1.2008 0.251 0.0787, -0.9646 0.251 0.0787, -0.9646 0.2489 0.0608, -1.2008 0.2489 0.0608, -0.9646 0.2428 0.0438, -1.2008 0.2428 0.0438, -0.9646 0.233 0.0286, -1.2008 0.233 0.0286, -0.9646 0.2199 0.0161, -1.2008 0.2199 0.0161, -0.9646 0.251 0.1181, -1.2008 0.251 0.1181, -1.2008 0.1722 0.1181, -0.9646 0.1722 0.1181, -1.2008 0.0458 0.0669, -1.2008 0.2199 0.0669, -0.9646 0.2199 0.0669, -0.9646 0.0458 0.0669
            ]
        }
        coordIndex [
            0,1,2,-1,2,1,3,-1,1,4,3,-1,3,4,5,-1,5,4,6,-1,6,4,7,-1,8,9,10,-1,8,10,11,-1,11,10,12,-1,11,12,13,-1,13,12,14,-1,13,14,15,-1,15,14,16,-1,15,16,17,-1,18,9,19,-1,19,9,8,-1,0,2,20,-1,20,2,21,-1,22,7,4,-1,19,8,23,-1,23,8,11,-1,4,1,22,-1,22,1,0,-1,22,0,23,-1,23,0,20,-1,23,20,19,-1,11,13,23,-1,23,13,15,-1,23,15,17,-1,9,18,24,-1,18,21,24,-1,24,21,2,-1,24,2,25,-1,25,2,3,-1,25,3,6,-1,6,3,5,-1,24,16,14,-1,14,12,24,-1,24,12,10,-1,24,10,9,-1,
        ]
    }
}
Shape{
    appearance Appearance {
        material  Material 	{
            diffuseColor 0.20784313725490197 0.20784313725490197 0.20784313725490197
            specularColor 0.01568627450980392 0.01568627450980392 0.01568627450980392
            ambientIntensity 0.298
            transparency 0.0
            shininess 0.5
        }
    }
    geometry IndexedFaceSet {
        ccw TRUE
        solid FALSE
        coord DEF co Coordinate {
            point [
                -1.3169 0.1132 0.7087, -1.3169 0.3888 0.7087, -1.248 0.1132 0.7087, -1.248 0.3888 0.7087, 1.3169 0.1132 2.4016, 1.3169 0.1132 0.7087, 1.3169 0.3888 2.4016, 1.3169 0.3888 0.7087, -1.3169 0.3888 2.4016, -1.3169 0.1132 2.4016, 1.2382 0.1919 2.4803, 1.2382 0.31 2.4803, -1.2382 0.1919 2.4803, -1.2382 0.31 2.4803, 1.248 0.3888 0.7087, 1.248 0.1132 0.7087
            ]
        }
        coordIndex [
            0,1,2,-1,2,1,3,-1,4,5,6,-1,6,5,7,-1,8,1,9,-1,9,1,0,-1,10,11,12,-1,12,11,13,-1,7,5,14,-1,14,5,15,-1,
        ]
    }
}
Shape{
    appearance Appearance {
        material  Material 	{
            diffuseColor 0.9686274509803922 0.8784313725490196 0.6
            specularColor 0.6784313725490196 0.615686274509804 0.4196078431372549
            ambientIntensity 0.8737
            transparency 0.0
            shininess 0.5
        }
    }
    geometry IndexedFaceSet {
        ccw TRUE
        solid FALSE
        coord DEF co Coordinate {
            point [
                1.0236 0.3966 2.2441, 1.0236 0.3966 0.7087, 1.0236 0.3888 2.2441, 1.0236 0.3888 0.7087, 1.1417 0.3966 2.2441, 1.1417 0.3888 2.2441, 1.1417 0.3966 0.7087, 1.1417 0.3888 0.7087, 0.4331 0.3966 2.2441, 0.4331 0.3966 0.7087, 0.4331 0.3888 2.2441, 0.4331 0.3888 0.7087, 0.5512 0.3966 2.2441, 0.5512 0.3888 2.2441, 0.5512 0.3966 0.7087, 0.5512 0.3888 0.7087, -0.3543 0.3966 2.0472, -0.3543 0.3966 0.7087, -0.3543 0.3888 2.0472, -0.3543 0.3888 0.7087, -0.2362 0.3966 2.0472, -0.2362 0.3888 2.0472, -0.2362 0.3966 0.7087, -0.2362 0.3888 0.7087
            ]
        }
        coordIndex [
            0,1,2,-1,2,1,3,-1,4,0,5,-1,5,0,2,-1,6,4,7,-1,7,4,5,-1,4,6,0,-1,0,6,1,-1,8,9,10,-1,10,9,11,-1,12,8,13,-1,13,8,10,-1,14,12,15,-1,15,12,13,-1,12,14,8,-1,8,14,9,-1,16,17,18,-1,18,17,19,-1,20,16,21,-1,21,16,18,-1,22,20,23,-1,23,20,21,-1,16,20,17,-1,17,20,22,-1,
        ]
    }
}
Shape{
    appearance Appearance {
        material  Material 	{
            diffuseColor 0.20784313725490197 0.20784313725490197 0.20784313725490197
            specularColor 0.01568627450980392 0.01568627450980392 0.01568627450980392
            ambientIntensity 0.298
            transparency 0.0
            shininess 0.5
        }
    }
    geometry IndexedFaceSet {
        ccw TRUE
        solid FALSE
        coord DEF co Coordinate {
            point [
                -1.3169 0.3888 2.4016, -1.2382 0.31 2.4803, 1.3169 0.3888 2.4016, 1.2382 0.31 2.4803, -1.3169 0.1132 2.4016, -1.2382 0.1919 2.4803, 1.2382 0.1919 2.4803, 1.3169 0.1132 2.4016
            ]
        }
        coordIndex [
            0,1,2,-1,2,1,3,-1,4,5,0,-1,0,5,1,-1,6,7,3,-1,3,7,2,-1,7,6,4,-1,4,6,5,-1,
        ]
    }
}
Shape{
    appearance Appearance {
        material  Material 	{
            diffuseColor 1.0 1.0 1.0
            specularColor 0.5019607843137255 0.5019607843137255 0.5019607843137255
            ambientIntensity 1.0
            transparency 0.0
            shininess 0.5
        }
    }
    geometry IndexedFaceSet {
        ccw TRUE
        solid FALSE
        coord DEF co Coordinate {
            point [
                -0.3881 0.5361 0.1185, -0.465 0.3392 0.1185, -0.3881 0.5361 0.1181, -0.465 0.3392 0.1181, -0.4362 0.3392 0.1185, -0.4362 0.3392 0.1181, -0.4162 0.3944 0.1185, -0.4162 0.3944 0.1181, -0.3349 0.3944 0.1185, -0.3349 0.3944 0.1181, -0.3161 0.3392 0.1185, -0.3161 0.3392 0.1181, -0.2873 0.3392 0.1185, -0.2873 0.3392 0.1181, -0.3617 0.5361 0.1185, -0.3617 0.5361 0.1181, -0.3416 0.416 0.1185, -0.3709 0.4983 0.1185, -0.3728 0.5051 0.1185, -0.3741 0.5121 0.1185, -0.3747 0.5121 0.1185, -0.376 0.5051 0.1185, -0.3778 0.4983 0.1185, -0.4074 0.416 0.1185, -0.3416 0.416 0.1181, -0.4074 0.416 0.1181, -0.3709 0.4983 0.1181, -0.3728 0.5051 0.1181, -0.3741 0.5121 0.1181, -0.3747 0.5121 0.1181, -0.376 0.5051 0.1181, -0.3778 0.4983 0.1181, -0.168 0.3392 0.1185, -0.1145 0.3392 0.1185, -0.168 0.3392 0.1181, -0.1145 0.3392 0.1181, -0.1145 0.5361 0.1185, -0.1145 0.5361 0.1181, -0.17 0.5361 0.1185, -0.17 0.5361 0.1181, -0.2729 0.4401 0.1185, -0.2729 0.4401 0.1181, -0.2715 0.4586 0.1181, -0.2715 0.4586 0.1185, -0.2662 0.478 0.1181, -0.2662 0.478 0.1185, -0.2571 0.495 0.1181, -0.2571 0.495 0.1185, -0.2431 0.5104 0.1181, -0.2431 0.5104 0.1185, -0.2429 0.5106 0.1181, -0.2429 0.5106 0.1185, -0.2215 0.5249 0.1181, -0.2215 0.5249 0.1185, -0.1985 0.533 0.1181, -0.1985 0.533 0.1185, -0.1924 0.3413 0.1181, -0.1924 0.3413 0.1185, -0.215 0.3481 0.1181, -0.215 0.3481 0.1185, -0.2356 0.36 0.1181, -0.2356 0.36 0.1185, -0.2518 0.3756 0.1181, -0.2518 0.3756 0.1185, -0.2631 0.3932 0.1181, -0.2631 0.3932 0.1185, -0.2702 0.4138 0.1181, -0.2702 0.4138 0.1185, -0.2334 0.4869 0.1185, -0.2238 0.497 0.1185, -0.2095 0.5063 0.1185, -0.1932 0.512 0.1185, -0.1699 0.5145 0.1185, -0.1409 0.5145 0.1185, -0.1409 0.3608 0.1185, -0.1688 0.3608 0.1185, -0.1896 0.3628 0.1185, -0.2062 0.3679 0.1185, -0.2196 0.3759 0.1185, -0.2306 0.3868 0.1185, -0.2389 0.4004 0.1185, -0.2447 0.4189 0.1185, -0.2465 0.4396 0.1185, -0.2448 0.4591 0.1185, -0.2402 0.4747 0.1185, -0.1699 0.5145 0.1181, -0.1409 0.5145 0.1181, -0.1932 0.512 0.1181, -0.2095 0.5063 0.1181, -0.2238 0.497 0.1181, -0.2334 0.4869 0.1181, -0.2402 0.4747 0.1181, -0.2448 0.4591 0.1181, -0.2465 0.4396 0.1181, -0.2447 0.4189 0.1181, -0.2389 0.4004 0.1181, -0.2306 0.3868 0.1181, -0.2196 0.3759 0.1181, -0.2062 0.3679 0.1181, -0.1896 0.3628 0.1181, -0.1688 0.3608 0.1181, -0.1409 0.3608 0.1181, -0.0761 0.3608 0.1185, -0.0761 0.3392 0.1185, -0.0761 0.3608 0.1181, -0.0761 0.3392 0.1181, 0.0296 0.3392 0.1185, 0.0296 0.3392 0.1181, 0.0296 0.5361 0.1185, 0.0296 0.5361 0.1181, -0.0713 0.5361 0.1185, -0.0713 0.5361 0.1181, -0.0713 0.5145 0.1185, -0.0713 0.5145 0.1181, 0.0032 0.5145 0.1185, 0.0032 0.5145 0.1181, 0.0032 0.4496 0.1185, 0.0032 0.4496 0.1181, -0.0665 0.4496 0.1185, -0.0665 0.4496 0.1181, -0.0665 0.428 0.1185, -0.0665 0.428 0.1181, 0.0032 0.428 0.1185, 0.0032 0.428 0.1181, 0.0032 0.3608 0.1185, 0.0032 0.3608 0.1181, 0.068 0.371 0.1185, 0.068 0.3494 0.1185, 0.068 0.371 0.1181, 0.068 0.3494 0.1181, 0.1221 0.3368 0.1185, 0.1221 0.3368 0.1181, 0.1167 0.3369 0.1181, 0.1167 0.3369 0.1185, 0.1088 0.338 0.1181, 0.089 0.3408 0.1185, 0.0812 0.344 0.1181, 0.089 0.3408 0.1181, 0.1337 0.338 0.1181, 0.1464 0.3393 0.1185, 0.1464 0.3393 0.1181, 0.1655 0.3459 0.1185, 0.1655 0.3459 0.1181, 0.1813 0.356 0.1185, 0.1813 0.356 0.1181, 0.1961 0.3716 0.1185, 0.1961 0.3716 0.1181, 0.2066 0.3903 0.1185, 0.2066 0.3903 0.1181, 0.2125 0.4111 0.1185, 0.2125 0.4111 0.1181, 0.2144 0.4339 0.1185, 0.2144 0.4339 0.1181, 0.1143 0.5385 0.1185, 0.1143 0.5385 0.1181, 0.1341 0.5369 0.1181, 0.1341 0.5369 0.1185, 0.156 0.5305 0.1181, 0.156 0.5305 0.1185, 0.1747 0.5197 0.1181, 0.1747 0.5197 0.1185, 0.1925 0.5026 0.1181, 0.1925 0.5026 0.1185, 0.204 0.4842 0.1181, 0.204 0.4842 0.1185, 0.2116 0.4619 0.1181, 0.2116 0.4619 0.1185, 0.0907 0.5368 0.1185, 0.068 0.5307 0.1185, 0.068 0.5307 0.1181, 0.0812 0.5343 0.1181, 0.0907 0.5368 0.1181, 0.068 0.5043 0.1185, 0.068 0.5043 0.1181, 0.0812 0.5099 0.1181, 0.0901 0.5138 0.1185, 0.0901 0.5138 0.1181, 0.1141 0.5169 0.1185, 0.1141 0.5169 0.1181, 0.188 0.4355 0.1185, 0.188 0.4355 0.1181, 0.1871 0.4509 0.1181, 0.1871 0.4509 0.1185, 0.1818 0.4719 0.1181, 0.1818 0.4719 0.1185, 0.1737 0.4871 0.1181, 0.1737 0.4871 0.1185, 0.1618 0.5003 0.1181, 0.1618 0.5003 0.1185, 0.1482 0.5094 0.1181, 0.1482 0.5094 0.1185, 0.1335 0.5147 0.1181, 0.1335 0.5147 0.1185, 0.1185 0.3584 0.1185, 0.1185 0.3584 0.1181, 0.1369 0.3605 0.1181, 0.1369 0.3605 0.1185, 0.1512 0.3658 0.1181, 0.1512 0.3658 0.1185, 0.1633 0.3739 0.1181, 0.1633 0.3739 0.1185, 0.1725 0.3836 0.1181, 0.1725 0.3836 0.1185, 0.1807 0.3973 0.1181, 0.1807 0.3973 0.1185, 0.186 0.4142 0.1181, 0.186 0.4142 0.1185, 0.0924 0.3613 0.1185, 0.0715 0.3691 0.1181, 0.0715 0.3691 0.1185, 0.0812 0.3655 0.1181, 0.0924 0.3613 0.1181, 0.2312 0.3608 0.1185, 0.2312 0.3392 0.1185, 0.2312 0.3608 0.1181, 0.2312 0.3392 0.1181, 0.3156 0.3392 0.1181, 0.332 0.3392 0.1185, 0.332 0.3392 0.1181, 0.332 0.5361 0.1185, 0.332 0.5361 0.1181, 0.3156 0.5361 0.1181, 0.3056 0.5361 0.1185, 0.3056 0.5361 0.1181, 0.3056 0.3608 0.1185, 0.3056 0.3608 0.1181
            ]
        }
        coordIndex [
            0,1,2,-1,2,1,3,-1,1,4,3,-1,3,4,5,-1,4,6,5,-1,5,6,7,-1,6,8,7,-1,7,8,9,-1,8,10,9,-1,9,10,11,-1,10,12,11,-1,11,12,13,-1,12,14,13,-1,13,14,15,-1,14,0,15,-1,15,0,2,-1,16,17,14,-1,12,10,8,-1,17,18,14,-1,14,18,19,-1,14,19,0,-1,0,19,20,-1,0,20,21,-1,21,22,0,-1,0,22,23,-1,0,23,1,-1,4,1,6,-1,6,1,23,-1,6,23,8,-1,8,23,16,-1,8,16,12,-1,12,16,14,-1,16,23,24,-1,24,23,25,-1,17,16,26,-1,26,16,24,-1,17,26,27,-1,17,27,18,-1,18,27,28,-1,18,28,19,-1,20,19,29,-1,29,19,28,-1,20,29,30,-1,20,30,21,-1,21,30,31,-1,21,31,22,-1,23,22,25,-1,25,22,31,-1,32,33,34,-1,34,33,35,-1,33,36,35,-1,35,36,37,-1,36,38,37,-1,37,38,39,-1,40,41,42,-1,40,42,43,-1,43,42,44,-1,43,44,45,-1,45,44,46,-1,45,46,47,-1,47,46,48,-1,47,48,49,-1,49,48,50,-1,49,50,51,-1,51,50,52,-1,51,52,53,-1,53,52,54,-1,53,54,55,-1,55,54,39,-1,55,39,38,-1,32,34,56,-1,32,56,57,-1,57,56,58,-1,57,58,59,-1,59,58,60,-1,59,60,61,-1,61,60,62,-1,61,62,63,-1,63,62,64,-1,63,64,65,-1,65,64,66,-1,65,66,67,-1,67,66,41,-1,67,41,40,-1,45,47,68,-1,68,47,49,-1,68,49,69,-1,69,49,51,-1,69,51,70,-1,70,51,53,-1,70,53,71,-1,71,53,55,-1,71,55,72,-1,72,55,38,-1,72,38,73,-1,73,38,36,-1,73,36,74,-1,74,36,33,-1,74,33,75,-1,75,33,32,-1,75,32,76,-1,76,32,57,-1,76,57,77,-1,77,57,59,-1,77,59,78,-1,78,59,61,-1,78,61,79,-1,79,61,63,-1,79,63,80,-1,80,63,65,-1,80,65,81,-1,81,65,67,-1,81,67,82,-1,82,67,40,-1,82,40,83,-1,83,40,43,-1,83,43,84,-1,84,43,45,-1,84,45,68,-1,72,73,85,-1,85,73,86,-1,72,85,87,-1,72,87,71,-1,71,87,88,-1,71,88,70,-1,70,88,89,-1,70,89,69,-1,69,89,90,-1,69,90,68,-1,68,90,91,-1,68,91,84,-1,84,91,92,-1,84,92,83,-1,83,92,93,-1,83,93,82,-1,82,93,94,-1,82,94,81,-1,81,94,95,-1,81,95,80,-1,80,95,96,-1,80,96,79,-1,79,96,97,-1,79,97,78,-1,78,97,98,-1,78,98,77,-1,77,98,99,-1,77,99,76,-1,76,99,100,-1,76,100,75,-1,74,75,101,-1,101,75,100,-1,73,74,86,-1,86,74,101,-1,102,103,104,-1,104,103,105,-1,103,106,105,-1,105,106,107,-1,106,108,107,-1,107,108,109,-1,108,110,109,-1,109,110,111,-1,110,112,111,-1,111,112,113,-1,112,114,113,-1,113,114,115,-1,114,116,115,-1,115,116,117,-1,116,118,117,-1,117,118,119,-1,118,120,119,-1,119,120,121,-1,120,122,121,-1,121,122,123,-1,122,124,123,-1,123,124,125,-1,124,102,125,-1,125,102,104,-1,106,103,102,-1,102,124,106,-1,106,124,122,-1,106,122,108,-1,112,110,114,-1,114,110,108,-1,114,108,116,-1,116,108,122,-1,116,122,118,-1,118,122,120,-1,126,127,128,-1,128,127,129,-1,130,131,132,-1,130,132,133,-1,133,132,134,-1,133,134,135,-1,129,127,136,-1,136,127,135,-1,136,135,137,-1,137,135,134,-1,131,130,138,-1,138,130,139,-1,138,139,140,-1,140,139,141,-1,140,141,142,-1,142,141,143,-1,142,143,144,-1,144,143,145,-1,144,145,146,-1,146,145,147,-1,146,147,148,-1,148,147,149,-1,148,149,150,-1,150,149,151,-1,150,151,152,-1,153,154,155,-1,153,155,156,-1,156,155,157,-1,156,157,158,-1,158,157,159,-1,158,159,160,-1,160,159,161,-1,160,161,162,-1,162,161,163,-1,162,163,164,-1,164,163,165,-1,164,165,166,-1,166,165,152,-1,166,152,151,-1,154,153,167,-1,168,169,170,-1,168,170,167,-1,167,170,171,-1,167,171,154,-1,168,172,169,-1,169,172,173,-1,173,172,174,-1,174,172,175,-1,174,175,176,-1,176,175,177,-1,176,177,178,-1,179,180,181,-1,179,181,182,-1,182,181,183,-1,182,183,184,-1,184,183,185,-1,184,185,186,-1,186,185,187,-1,186,187,188,-1,188,187,189,-1,188,189,190,-1,190,189,191,-1,190,191,192,-1,192,191,178,-1,192,178,177,-1,193,194,195,-1,193,195,196,-1,196,195,197,-1,196,197,198,-1,198,197,199,-1,198,199,200,-1,200,199,201,-1,200,201,202,-1,202,201,203,-1,202,203,204,-1,204,203,205,-1,204,205,206,-1,206,205,180,-1,206,180,179,-1,194,193,207,-1,126,128,208,-1,126,208,209,-1,209,208,210,-1,209,210,207,-1,207,210,211,-1,207,211,194,-1,196,130,193,-1,193,130,133,-1,193,133,207,-1,207,133,135,-1,207,135,209,-1,209,135,127,-1,209,127,126,-1,172,168,175,-1,175,168,167,-1,175,167,177,-1,177,167,153,-1,177,153,192,-1,192,153,156,-1,192,156,190,-1,190,156,158,-1,190,158,188,-1,188,158,160,-1,188,160,186,-1,186,160,162,-1,186,162,184,-1,184,162,164,-1,184,164,182,-1,182,164,166,-1,182,166,179,-1,179,166,151,-1,179,151,206,-1,206,151,149,-1,206,149,204,-1,204,149,147,-1,204,147,202,-1,202,147,145,-1,202,145,200,-1,200,145,143,-1,200,143,198,-1,198,143,141,-1,198,141,196,-1,196,141,139,-1,196,139,130,-1,212,213,214,-1,214,213,215,-1,215,213,216,-1,216,213,217,-1,216,217,218,-1,217,219,218,-1,218,219,220,-1,220,219,221,-1,221,219,222,-1,221,222,223,-1,222,224,223,-1,223,224,225,-1,224,212,225,-1,225,212,214,-1,222,219,224,-1,224,219,217,-1,224,217,212,-1,212,217,213,-1,
        ]
    }
}
Shape{
    appearance Appearance {
        material  Material 	{
            diffuseColor 0.20784313725490197 0.20784313725490197 0.20784313725490197
            specularColor 0.01568627450980392 0.01568627450980392 0.01568627450980392
            ambientIntensity 0.298
            transparency 0.0
            shininess 0.5
        }
    }
    geometry IndexedFaceSet {
        ccw TRUE
        solid FALSE
        coord DEF co Coordinate {
            point [
                -0.3416 0.416 0.1181, -0.4074 0.416 0.1181, -0.3709 0.4983 0.1181, -0.3778 0.4983 0.1181, -0.3728 0.5051 0.1181, -0.376 0.5051 0.1181, -0.3741 0.5121 0.1181, -0.3747 0.5121 0.1181, -0.1409 0.5145 0.1181, -0.1409 0.3608 0.1181, -0.1699 0.5145 0.1181, -0.1688 0.3608 0.1181, -0.1896 0.3628 0.1181, -0.2465 0.4396 0.1181, -0.2448 0.4591 0.1181, -0.2402 0.4747 0.1181, -0.1932 0.512 0.1181, -0.2062 0.3679 0.1181, -0.2196 0.3759 0.1181, -0.2306 0.3868 0.1181, -0.2389 0.4004 0.1181, -0.2447 0.4189 0.1181, -0.2334 0.4869 0.1181, -0.2238 0.497 0.1181, -0.2095 0.5063 0.1181
            ]
        }
        coordIndex [
            0,1,2,-1,2,1,3,-1,2,3,4,-1,4,3,5,-1,4,5,6,-1,6,5,7,-1,8,9,10,-1,10,9,11,-1,10,11,12,-1,13,14,10,-1,10,14,15,-1,10,15,16,-1,12,17,10,-1,10,17,18,-1,10,18,19,-1,19,20,10,-1,10,20,21,-1,10,21,13,-1,22,23,15,-1,15,23,24,-1,15,24,16,-1,
        ]
    }
}
Shape{
    appearance Appearance {
        material  Material 	{
            diffuseColor 0.9686274509803922 0.8784313725490196 0.6
            specularColor 0.6784313725490196 0.615686274509804 0.4196078431372549
            ambientIntensity 0.8737
            transparency 0.0
            shininess 0.5
        }
    }
    geometry IndexedFaceSet {
        ccw TRUE
        solid FALSE
        coord DEF co Coordinate {
            point [
                -1.1417 0.1053 2.2441, -1.0236 0.1053 2.2441, -1.1417 0.1132 2.2441, -1.0236 0.1132 2.2441, -1.1417 0.1053 0.7087, -1.1417 0.1132 0.7087, -1.0236 0.1053 0.7087, -1.0236 0.1132 0.7087
            ]
        }
        coordIndex [
            0,1,2,-1,2,1,3,-1,4,0,5,-1,5,0,2,-1,1,6,3,-1,3,6,7,-1,4,6,0,-1,0,6,1,-1,
        ]
    }
}
Shape{
    appearance Appearance {
        material  Material 	{
            diffuseColor 0.6666666666666666 0.6980392156862745 0.7686274509803922
            specularColor 0.3333333333333333 0.34901960784313724 0.3843137254901961
            ambientIntensity 0.6967
            transparency 0.0
            shininess 0.5
        }
    }
    geometry IndexedFaceSet {
        ccw TRUE
        solid FALSE
        coord DEF co Coordinate {
            point [
                1.248 -0.253 0.4331, 1.248 -0.3711 0.4331, 0.3389 -0.253 0.4331, 0.3389 -0.3711 0.4331, 0.3227 -0.2513 0.4331, 0.2983 -0.3668 0.4331, 0.3071 -0.2462 0.4331, 0.2594 -0.3543 0.4331, 0.2929 -0.2381 0.4331, 0.2239 -0.3339 0.4331, 0.0859 -0.0889 0.4331, 0.0169 -0.1848 0.4331, 1.6736 -0.1436 0.4331, 1.6373 -0.1916 0.4331, 1.6373 0.0817 0.4331, 1.7209 -0.0551 0.4331, 1.6417 0.2195 0.4331, 1.7598 0.2195 0.4331, 1.6417 0.1407 0.4331, 1.7598 0.1407 0.4331, 1.75 0.0409 0.4331, 1.248 0.7549 0.0591, 1.248 0.7549 0.0394, 1.3356 0.745 0.0591, 1.3356 0.745 0.0394, 1.4189 0.7159 0.0591, 1.4189 0.7159 0.0394, 1.4935 0.669 0.0591, 1.4935 0.669 0.0394, 1.5558 0.6067 0.0591, 1.5558 0.6067 0.0394, 1.6027 0.532 0.0591, 1.6027 0.532 0.0394, 1.6319 0.4488 0.0591, 1.6319 0.4488 0.0394, 1.6373 0.4202 0.0591, 1.6417 0.3612 0.0394, 1.6373 0.4202 0.4331, 1.6417 0.3612 2.5591, 1.6319 0.4488 0.4331, 1.6319 0.4488 2.5591, 1.6027 0.532 0.4331, 1.6027 0.532 2.5591, 1.5558 0.6067 0.4331, 1.5558 0.6067 2.5591, 1.4935 0.669 0.4331, 1.4935 0.669 2.5591, 1.4189 0.7159 0.4331, 1.4189 0.7159 2.5591, 1.3356 0.745 0.4331, 1.3356 0.745 2.5591, 1.248 0.7549 0.4331, 1.248 0.7549 2.5591, -0.0859 -0.0889 0.4331, -0.0169 -0.1848 0.4331, -0.2929 -0.2381 0.4331, -0.2239 -0.3339 0.4331, -0.3071 -0.2462 0.4331, -0.2594 -0.3543 0.4331, -0.3227 -0.2513 0.4331, -0.2983 -0.3668 0.4331, -0.3389 -0.253 0.4331, -0.3389 -0.3711 0.4331, -1.248 -0.253 0.4331, -1.248 -0.3711 0.4331, -1.6373 0.0817 0.4331, -1.6373 -0.1916 0.4331, -1.6736 -0.1436 0.4331, -1.7598 0.2195 0.4331, -1.6417 0.2195 0.4331, -1.7598 0.1407 0.4331, -1.6417 0.1407 0.4331, -1.75 0.0409 0.4331, -1.7209 -0.0551 0.4331, -0.3955 0.7549 0.1181, -0.3955 0.7549 0.3543, -0.5542 0.6496 0.1181, -0.5542 0.6496 0.3543, -0.5796 0.6326 0.1221, -0.6034 0.6169 0.1339, -0.6151 0.6091 0.329, -0.6151 0.6091 0.1435, -0.6034 0.6169 0.3385, -0.5796 0.6326 0.3503, -0.6691 0.6091 0.2362, -0.7179 0.6826 0.2362, -0.6679 0.6091 0.2208, -0.7146 0.6848 0.2057, -0.6643 0.6091 0.2057, -0.6583 0.6091 0.191, -0.7047 0.6914 0.1772, -0.6501 0.6091 0.1772, -0.6398 0.6091 0.1643, -0.6891 0.7018 0.1527, -0.6268 0.6091 0.1533, -0.6687 0.7153 0.1339, -0.645 0.731 0.1221, -0.6195 0.748 0.1181, -0.6276 0.6091 0.3197, -0.6891 0.7018 0.3197, -0.6687 0.7153 0.3385, -0.7047 0.6914 0.2953, -0.6501 0.6091 0.2953, -0.6398 0.6091 0.3081, -0.7146 0.6848 0.2668, -0.6679 0.6091 0.2516, -0.6643 0.6091 0.2668, -0.6583 0.6091 0.2814, -0.645 0.731 0.3503, -0.6195 0.748 0.3543, 0.3955 0.7549 0.3543, 0.3955 0.7549 0.1181, 0.5542 0.6496 0.3543, 0.5542 0.6496 0.1181, 0.6151 0.6091 0.1435, 0.6151 0.6091 0.329, 0.6034 0.6169 0.1339, 0.6034 0.6169 0.3385, 0.5796 0.6326 0.1221, 0.5796 0.6326 0.3503, 0.6276 0.6091 0.1527, 0.6891 0.7018 0.1527, 0.6687 0.7153 0.1339, 0.7047 0.6914 0.1772, 0.6501 0.6091 0.1772, 0.6398 0.6091 0.1643, 0.7146 0.6848 0.2057, 0.7179 0.6826 0.2362, 0.6691 0.6091 0.2362, 0.6679 0.6091 0.2208, 0.6643 0.6091 0.2057, 0.6583 0.6091 0.191, 0.645 0.731 0.1221, 0.6195 0.748 0.1181, 0.6679 0.6091 0.2516, 0.7146 0.6848 0.2668, 0.6643 0.6091 0.2668, 0.6583 0.6091 0.2814, 0.7047 0.6914 0.2953, 0.6501 0.6091 0.2953, 0.6398 0.6091 0.3081, 0.6891 0.7018 0.3197, 0.6268 0.6091 0.3191, 0.6687 0.7153 0.3385, 0.645 0.731 0.3503, 0.6195 0.748 0.3543, -1.6417 0.3297 0.0394, -1.7598 0.3297 0.0394, -1.6417 0.3612 0.0394, -1.7598 0.3612 0.0394, -1.6319 0.4488 0.0394, -1.75 0.4611 0.0394, -1.6027 0.532 0.0394, -1.7209 0.5571 0.0394, -1.5558 0.6067 0.0394, -0.8858 0.873 0.0394, -0.8858 0.7549 0.0394, -1.248 0.873 0.0394, -1.248 0.7549 0.0394, -1.3479 0.8632 0.0394, -1.3356 0.745 0.0394, -1.4439 0.8341 0.0394, -1.4189 0.7159 0.0394, -1.5324 0.7868 0.0394, -1.4935 0.669 0.0394, -1.6099 0.7231 0.0394, -1.6736 0.6456 0.0394, 0.8858 0.7549 0.0394, 0.8858 0.873 0.0394, 1.248 0.873 0.0394, 1.3479 0.8632 0.0394, 1.4439 0.8341 0.0394, 1.7598 0.3297 0.0394, 1.6417 0.3297 0.0394, 1.7598 0.3612 0.0394, 1.75 0.4611 0.0394, 1.7209 0.5571 0.0394, 1.6736 0.6456 0.0394, 1.6099 0.7231 0.0394, 1.5324 0.7868 0.0394, -0.8071 0.873 0.1181, -0.8071 0.873 0.4331, -1.248 0.873 2.5591, -0.1693 0.873 0.4331, 0.8367 0.873 0.0565, 0.8071 0.873 0.1181, 0.8517 0.873 0.0472, 0.8683 0.873 0.0413, 0.8243 0.873 0.069, 0.8149 0.873 0.0839, 0.8091 0.873 0.1006, -0.8091 0.873 0.1006, -0.8149 0.873 0.0839, -0.8243 0.873 0.069, -0.8367 0.873 0.0565, -0.8517 0.873 0.0472, -0.8683 0.873 0.0413, -0.1623 0.873 0.4323, -0.107 0.873 0.53, -0.1556 0.873 0.43, -0.1497 0.873 0.4262, 0.107 0.873 0.53, 1.248 0.873 2.5591, 0.8071 0.873 0.4331, 0.107 0.873 0.4105, 0.1386 0.873 0.4086, 0.1378 0.873 0.4016, -0.107 0.873 0.4105, -0.1386 0.873 0.3788, -0.1378 0.873 0.3858, -0.1409 0.873 0.4152, -0.1447 0.873 0.4212, -0.4192 0.873 0.3543, -0.1693 0.873 0.3543, -0.4192 0.873 0.1181, -0.1623 0.873 0.3551, -0.1556 0.873 0.3575, 0.1409 0.873 0.3722, 0.1447 0.873 0.3662, 0.1497 0.873 0.3612, 0.1693 0.873 0.4331, 0.1623 0.873 0.4323, 0.1556 0.873 0.43, -0.1378 0.873 0.4016, -0.1386 0.873 0.4086, -0.1447 0.873 0.3662, -0.1409 0.873 0.3722, 0.1556 0.873 0.3575, 0.1623 0.873 0.3551, 0.4192 0.873 0.1181, 0.1693 0.873 0.3543, 0.4192 0.873 0.3543, 0.1497 0.873 0.4262, 0.1447 0.873 0.4212, 0.1409 0.873 0.4152, -0.1497 0.873 0.3612, 0.1386 0.873 0.3788, 0.1378 0.873 0.3858, 0.8071 0.7549 0.4331, -0.8367 0.7549 0.0565, -0.8683 0.7549 0.0413, -0.8517 0.7549 0.0472, 0.8517 0.7549 0.0472, 0.8683 0.7549 0.0413, 0.8367 0.7549 0.0565, 0.1693 0.7549 0.3543, 0.1556 0.7549 0.3575, 0.1497 0.7549 0.3612, 0.1447 0.7549 0.3662, 0.1409 0.7549 0.3722, 0.1386 0.7549 0.3788, -0.1409 0.7549 0.4152, -0.1386 0.7549 0.4086, 0.1693 0.7549 0.4331, -1.248 0.7549 0.0591, -0.8243 0.7549 0.069, -0.8149 0.7549 0.0839, 0.1623 0.7549 0.3551, -0.1693 0.7549 0.3543, -0.1623 0.7549 0.3551, -0.1556 0.7549 0.3575, 0.8071 0.7549 0.1181, 0.8091 0.7549 0.1006, -0.1623 0.7549 0.4323, -0.1693 0.7549 0.4331, -1.248 0.7549 2.5591, -0.8071 0.7549 0.4331, -1.248 0.7549 0.4331, -0.8071 0.7549 0.1181, -0.8091 0.7549 0.1006, -0.1556 0.7549 0.43, -0.1497 0.7549 0.4262, -0.1447 0.7549 0.4212, 0.8149 0.7549 0.0839, 0.8243 0.7549 0.069, 0.1386 0.7549 0.4086, 0.1409 0.7549 0.4152, 0.1447 0.7549 0.4212, 0.1497 0.7549 0.4262, -0.1409 0.7549 0.3722, -0.1447 0.7549 0.3662, -0.1497 0.7549 0.3612, 0.1556 0.7549 0.43, 0.1623 0.7549 0.4323, 0.1378 0.7549 0.4016, -0.1378 0.7549 0.4016, 0.1378 0.7549 0.3858, -0.1378 0.7549 0.3858, -0.1386 0.7549 0.3788, 1.7598 0.2575 0.3441, 1.7598 0.2536 0.3346, 1.7598 -0.064 -0.315, 1.7598 0.0458 -0.268, 1.7598 -0.064 0.315, 1.7598 0.0458 0.0669, 1.7598 0.2199 0.0669, 1.7598 0.0148 -0.3937, 1.7598 0.251 -0.3937, 1.7598 0.2199 -0.268, 1.7598 0.3297 -0.315, 1.7598 0.2195 0.315, 1.7598 0.1407 2.5591, 1.7598 0.3612 2.5591, 1.7598 0.2297 0.4317, 1.7598 0.2392 0.4278, 1.7598 0.2473 0.4215, 1.7598 0.2589 0.3543, 1.7598 0.2473 0.3265, 1.7598 0.2392 0.3202, 1.7598 0.2297 0.3163, 1.7598 0.2536 0.4134, 1.7598 0.2575 0.4039, 1.7598 0.2589 0.3937, -1.7598 0.2473 0.3265, -1.7598 0.2536 0.3346, -1.7598 0.2575 0.3441, -1.7598 -0.064 0.315, -1.7598 0.2195 0.315, -1.7598 0.2297 0.3163, -1.7598 0.2392 0.3202, -1.7598 0.3297 -0.315, -1.7598 0.251 -0.3937, -1.7598 0.2199 -0.268, -1.7598 0.0148 -0.3937, -1.7598 0.0458 -0.268, -1.7598 -0.064 -0.315, -1.7598 0.0458 0.0669, -1.7598 0.2199 0.0669, -1.7598 0.3612 2.5591, -1.7598 0.2536 0.4134, -1.7598 0.2473 0.4215, -1.7598 0.2392 0.4278, -1.7598 0.2297 0.4317, -1.7598 0.1407 2.5591, -1.7598 0.2589 0.3543, -1.7598 0.2589 0.3937, -1.7598 0.2575 0.4039, -0.3389 -0.3711 0.5709, -0.3937 -0.3711 0.5709, -0.3937 -0.3711 0.6204, -0.6012 -0.3711 0.6543, -0.6012 -0.3711 0.5118, -0.8368 -0.3711 0.5118, -0.8368 -0.3711 0.6543, -1.248 -0.3711 2.5591, 1.248 -0.3711 2.5591, 0.3937 -0.3711 0.6204, 0.3389 -0.3711 0.5709, 0.3937 -0.3711 0.5709, 0.6012 -0.3711 0.5118, 0.6012 -0.3711 0.6543, 0.8368 -0.3711 0.6543, 0.8368 -0.3711 0.5118, 1.4935 -0.1671 2.5591, 1.6099 -0.2212 2.5591, 1.5558 -0.1047 2.5591, 1.6736 -0.1436 2.5591, 1.6027 -0.0301 2.5591, 1.7209 -0.0551 2.5591, 1.6319 0.0531 2.5591, 1.75 0.0409 2.5591, 1.6417 0.1407 2.5591, 1.75 0.4611 2.5591, 1.7209 0.5571 2.5591, -1.4935 0.669 2.5591, -1.6099 0.7231 2.5591, -1.5558 0.6067 2.5591, -1.6736 0.6456 2.5591, -1.6027 0.532 2.5591, -1.7209 0.5571 2.5591, -1.6319 0.4488 2.5591, -1.75 0.4611 2.5591, -1.6417 0.3612 2.5591, -1.6417 0.1407 2.5591, -1.6319 0.0531 2.5591, -1.75 0.0409 2.5591, -1.6027 -0.0301 2.5591, -1.7209 -0.0551 2.5591, -1.5558 -0.1047 2.5591, -1.6736 -0.1436 2.5591, -1.6099 -0.2212 2.5591, -1.4935 -0.1671 2.5591, -1.5324 -0.2848 2.5591, -1.4189 -0.214 2.5591, -1.4439 -0.3321 2.5591, -1.3356 -0.2431 2.5591, -1.3479 -0.3612 2.5591, -1.248 -0.253 2.5591, 1.248 -0.253 2.5591, 1.3356 -0.2431 2.5591, 1.3479 -0.3612 2.5591, 1.4189 -0.214 2.5591, 1.4439 -0.3321 2.5591, 1.5324 -0.2848 2.5591, 1.6736 0.6456 2.5591, 1.6099 0.7231 2.5591, 1.5324 0.7868 2.5591, 1.4439 0.8341 2.5591, 1.3479 0.8632 2.5591, -1.3356 0.745 2.5591, -1.3479 0.8632 2.5591, -1.4189 0.7159 2.5591, -1.4439 0.8341 2.5591, -1.5324 0.7868 2.5591, 1.6417 0.0458 -0.268, 1.6417 0.2199 -0.268, 1.6417 0.251 -0.3937, 1.6417 0.2392 0.4278, 1.6417 0.2473 0.4215, 1.6417 0.2536 0.4134, 1.6417 0.2297 0.4317, 1.6417 0.2297 0.3163, 1.6417 0.2392 0.3202, 1.6417 0.2199 0.0669, 1.6417 0.2473 0.3265, 1.6417 0.2536 0.3346, 1.6417 0.0148 -0.3937, 1.6417 -0.064 -0.315, 1.6417 0.0458 0.0669, 1.6417 -0.064 0.315, 1.6417 0.2195 0.315, 1.6417 0.2575 0.3441, 1.6417 0.3297 -0.315, 1.6417 0.2589 0.3543, 1.6417 0.2589 0.3937, 1.6417 0.2575 0.4039, -1.3356 0.745 0.0591, -1.4189 0.7159 0.0591, -1.4935 0.669 0.0591, -1.5558 0.6067 0.0591, -1.6027 0.532 0.0591, -1.6319 0.4488 0.0591, -1.6373 0.4202 0.0591, -1.6373 0.4202 0.4331, -1.3356 0.745 0.4331, -1.4189 0.7159 0.4331, -1.4935 0.669 0.4331, -1.5558 0.6067 0.4331, -1.6027 0.532 0.4331, -1.6319 0.4488 0.4331, -1.6417 0.2297 0.4317, -1.6417 0.2392 0.4278, -1.6417 0.2473 0.4215, -1.6417 0.2575 0.3441, -1.6417 0.2536 0.3346, -1.6417 -0.064 -0.315, -1.6417 0.0458 -0.268, -1.6417 -0.064 0.315, -1.6417 0.0458 0.0669, -1.6417 0.2199 0.0669, -1.6417 0.0148 -0.3937, -1.6417 0.251 -0.3937, -1.6417 0.2199 -0.268, -1.6417 0.3297 -0.315, -1.6417 0.2195 0.315, -1.6417 0.2589 0.3543, -1.6417 0.2473 0.3265, -1.6417 0.2392 0.3202, -1.6417 0.2297 0.3163, -1.6417 0.2536 0.4134, -1.6417 0.2575 0.4039, -1.6417 0.2589 0.3937, -1.3356 -0.2431 0.4331, -1.4189 -0.214 0.4331, -1.4935 -0.1671 0.4331, -1.5558 -0.1047 0.4331, -1.6027 -0.0301 0.4331, -1.6319 0.0531 0.4331, 0.3389 -0.253 0.5709, 0.3937 -0.253 0.5709, -0.3389 -0.253 0.5709, -0.3937 -0.253 0.5709, -0.3937 -0.253 0.6204, 0.3937 -0.253 0.6204, 1.3356 -0.2431 0.4331, 1.4189 -0.214 0.4331, 1.4935 -0.1671 0.4331, 1.5558 -0.1047 0.4331, 1.6027 -0.0301 0.4331, 1.6319 0.0531 0.4331, -1.3479 -0.3612 0.4331, -1.4439 -0.3321 0.4331, -1.5324 -0.2848 0.4331, -1.6099 -0.2212 0.4331, 1.6099 -0.2212 0.4331, 1.5324 -0.2848 0.4331, 1.4439 -0.3321 0.4331, 1.3479 -0.3612 0.4331, 0.4342 0.8701 0.3543, 0.441 0.8665 0.3543, 0.4269 0.8723 0.3543, 0.441 0.8665 0.1181, 0.4342 0.8701 0.1181, 0.4269 0.8723 0.1181, -0.441 0.8665 0.1181, -0.4342 0.8701 0.1181, -0.4269 0.8723 0.1181, -0.441 0.8665 0.3543, -0.4269 0.8723 0.3543, -0.4342 0.8701 0.3543
            ]
        }
        coordIndex [
            0,1,2,-1,2,1,3,-1,2,3,4,-1,4,3,5,-1,4,5,6,-1,6,5,7,-1,6,7,8,-1,8,7,9,-1,8,9,10,-1,10,9,11,-1,12,13,14,-1,12,14,15,-1,16,17,18,-1,18,17,19,-1,18,19,14,-1,14,19,20,-1,14,20,15,-1,21,22,23,-1,23,22,24,-1,23,24,25,-1,25,24,26,-1,25,26,27,-1,27,26,28,-1,27,28,29,-1,29,28,30,-1,29,30,31,-1,31,30,32,-1,31,32,33,-1,33,32,34,-1,33,34,35,-1,35,34,36,-1,35,36,37,-1,37,36,38,-1,37,38,39,-1,39,38,40,-1,39,40,41,-1,41,40,42,-1,41,42,43,-1,43,42,44,-1,43,44,45,-1,45,44,46,-1,45,46,47,-1,47,46,48,-1,47,48,49,-1,49,48,50,-1,49,50,51,-1,51,50,52,-1,53,54,55,-1,55,54,56,-1,55,56,57,-1,57,56,58,-1,57,58,59,-1,59,58,60,-1,59,60,61,-1,61,60,62,-1,61,62,63,-1,63,62,64,-1,65,66,67,-1,68,69,70,-1,70,69,71,-1,70,71,72,-1,72,71,65,-1,72,65,73,-1,73,65,67,-1,74,75,76,-1,76,75,77,-1,76,77,78,-1,78,77,79,-1,80,81,82,-1,82,81,79,-1,82,79,83,-1,83,79,77,-1,84,85,86,-1,86,85,87,-1,86,87,88,-1,88,87,89,-1,89,87,90,-1,89,90,91,-1,91,90,92,-1,92,90,93,-1,92,93,94,-1,94,93,81,-1,81,93,95,-1,81,95,79,-1,79,95,96,-1,79,96,78,-1,78,96,97,-1,78,97,76,-1,98,80,99,-1,99,80,100,-1,101,102,99,-1,99,102,103,-1,99,103,98,-1,104,85,84,-1,84,105,104,-1,104,105,106,-1,104,106,101,-1,101,106,107,-1,101,107,102,-1,80,82,100,-1,100,82,83,-1,100,83,108,-1,108,83,77,-1,108,77,109,-1,110,111,112,-1,112,111,113,-1,114,115,116,-1,116,115,117,-1,113,118,112,-1,112,118,116,-1,112,116,119,-1,119,116,117,-1,120,114,121,-1,121,114,122,-1,123,124,121,-1,121,124,125,-1,121,125,120,-1,126,127,128,-1,128,129,126,-1,126,129,130,-1,126,130,123,-1,123,130,131,-1,123,131,124,-1,114,116,122,-1,122,116,118,-1,122,118,132,-1,132,118,113,-1,132,113,133,-1,128,127,134,-1,134,127,135,-1,134,135,136,-1,136,135,137,-1,137,135,138,-1,137,138,139,-1,139,138,140,-1,140,138,141,-1,140,141,142,-1,142,141,115,-1,115,141,143,-1,115,143,117,-1,117,143,144,-1,117,144,119,-1,119,144,145,-1,119,145,112,-1,146,147,148,-1,148,147,149,-1,148,149,150,-1,150,149,151,-1,150,151,152,-1,152,151,153,-1,152,153,154,-1,155,156,157,-1,157,156,158,-1,157,158,159,-1,159,158,160,-1,159,160,161,-1,161,160,162,-1,161,162,163,-1,163,162,164,-1,163,164,165,-1,165,164,154,-1,165,154,166,-1,166,154,153,-1,167,168,22,-1,22,168,169,-1,22,169,24,-1,24,169,170,-1,24,170,26,-1,26,170,171,-1,26,171,28,-1,172,173,174,-1,174,173,36,-1,174,36,175,-1,175,36,34,-1,175,34,176,-1,176,34,32,-1,176,32,177,-1,177,32,30,-1,177,30,178,-1,178,30,28,-1,178,28,179,-1,179,28,171,-1,155,157,180,-1,180,157,181,-1,181,157,182,-1,181,182,183,-1,184,185,186,-1,186,185,187,-1,184,188,185,-1,185,188,189,-1,185,189,190,-1,191,192,180,-1,180,192,193,-1,180,193,194,-1,194,195,180,-1,180,195,196,-1,180,196,155,-1,197,198,199,-1,199,198,200,-1,197,183,198,-1,198,183,182,-1,198,182,201,-1,201,182,202,-1,201,202,203,-1,203,202,169,-1,203,169,185,-1,185,169,168,-1,185,168,187,-1,204,205,206,-1,207,208,209,-1,207,210,198,-1,198,210,211,-1,198,211,200,-1,212,213,214,-1,214,213,215,-1,214,215,216,-1,216,217,214,-1,214,217,218,-1,214,218,219,-1,203,220,201,-1,201,220,221,-1,201,221,222,-1,209,223,207,-1,207,223,224,-1,207,224,210,-1,204,225,207,-1,207,225,226,-1,207,226,208,-1,219,227,214,-1,214,227,228,-1,214,228,229,-1,229,228,230,-1,229,230,231,-1,222,232,201,-1,201,232,233,-1,201,233,204,-1,204,233,234,-1,204,234,205,-1,216,235,217,-1,217,235,225,-1,217,225,236,-1,236,225,204,-1,236,204,237,-1,237,204,206,-1,51,52,238,-1,158,156,239,-1,239,156,240,-1,239,240,241,-1,242,243,167,-1,22,21,167,-1,167,21,244,-1,167,244,242,-1,111,110,245,-1,246,247,74,-1,247,248,74,-1,74,248,249,-1,74,249,250,-1,251,252,253,-1,238,52,253,-1,158,239,254,-1,254,239,255,-1,254,255,256,-1,111,245,74,-1,74,245,257,-1,74,257,246,-1,75,74,258,-1,258,74,250,-1,258,250,259,-1,259,250,260,-1,51,238,21,-1,21,238,261,-1,21,261,262,-1,263,52,264,-1,264,52,265,-1,264,265,266,-1,266,265,267,-1,266,267,268,-1,268,267,254,-1,268,254,269,-1,269,254,256,-1,263,270,52,-1,52,270,271,-1,52,271,253,-1,253,271,272,-1,253,272,251,-1,262,273,21,-1,21,273,274,-1,21,274,244,-1,275,276,252,-1,252,276,277,-1,252,277,278,-1,279,280,250,-1,250,280,281,-1,250,281,260,-1,278,282,252,-1,252,282,283,-1,252,283,253,-1,275,252,284,-1,284,252,285,-1,284,285,286,-1,286,285,287,-1,286,287,250,-1,250,287,288,-1,250,288,279,-1,289,290,174,-1,291,292,293,-1,293,292,294,-1,293,294,295,-1,291,296,292,-1,292,296,297,-1,292,297,298,-1,298,297,299,-1,298,299,295,-1,295,299,172,-1,295,172,293,-1,293,172,300,-1,301,19,302,-1,302,19,17,-1,17,303,302,-1,302,303,304,-1,302,304,305,-1,289,174,306,-1,290,307,174,-1,174,307,308,-1,174,308,172,-1,172,308,309,-1,172,309,300,-1,305,310,302,-1,302,310,311,-1,302,311,174,-1,174,311,312,-1,174,312,306,-1,313,314,149,-1,149,314,315,-1,316,317,147,-1,147,317,318,-1,147,318,149,-1,149,318,319,-1,149,319,313,-1,320,321,322,-1,322,321,323,-1,322,323,324,-1,324,323,325,-1,324,325,326,-1,326,325,316,-1,326,316,327,-1,327,316,147,-1,327,147,322,-1,322,147,320,-1,328,329,330,-1,330,331,328,-1,328,331,332,-1,328,332,333,-1,333,332,68,-1,333,68,70,-1,315,334,149,-1,149,334,335,-1,149,335,328,-1,328,335,336,-1,328,336,329,-1,62,337,338,-1,339,340,338,-1,338,340,341,-1,338,341,62,-1,62,341,342,-1,62,342,64,-1,64,342,343,-1,64,343,344,-1,343,340,344,-1,344,340,339,-1,344,339,345,-1,345,339,346,-1,347,3,348,-1,348,3,349,-1,348,349,346,-1,346,349,350,-1,346,350,345,-1,345,350,351,-1,345,351,1,-1,1,351,352,-1,1,352,3,-1,3,352,349,-1,353,354,355,-1,355,354,356,-1,355,356,357,-1,357,356,358,-1,357,358,359,-1,359,358,360,-1,359,360,361,-1,361,360,301,-1,361,301,38,-1,38,301,302,-1,38,302,40,-1,40,302,362,-1,40,362,42,-1,42,362,363,-1,42,363,44,-1,364,365,366,-1,366,365,367,-1,366,367,368,-1,368,367,369,-1,368,369,370,-1,370,369,371,-1,370,371,372,-1,372,371,328,-1,372,328,373,-1,373,328,333,-1,373,333,374,-1,374,333,375,-1,374,375,376,-1,376,375,377,-1,376,377,378,-1,377,379,378,-1,378,379,380,-1,378,380,381,-1,381,380,382,-1,381,382,383,-1,383,382,384,-1,383,384,385,-1,385,384,386,-1,385,386,387,-1,387,386,344,-1,387,344,388,-1,388,344,345,-1,388,345,389,-1,389,345,390,-1,389,390,391,-1,391,390,392,-1,391,392,353,-1,353,392,393,-1,353,393,354,-1,363,394,44,-1,44,394,395,-1,44,395,46,-1,46,395,396,-1,46,396,48,-1,48,396,397,-1,48,397,50,-1,50,397,398,-1,50,398,52,-1,52,398,202,-1,52,202,265,-1,265,202,182,-1,265,182,399,-1,399,182,400,-1,399,400,401,-1,401,400,402,-1,401,402,364,-1,364,402,403,-1,364,403,365,-1,38,36,361,-1,361,36,173,-1,404,405,406,-1,407,361,408,-1,408,361,409,-1,407,410,361,-1,361,410,16,-1,361,16,18,-1,411,412,413,-1,413,412,414,-1,413,414,415,-1,406,416,404,-1,404,416,417,-1,404,417,418,-1,418,417,419,-1,418,419,413,-1,413,419,420,-1,413,420,411,-1,415,421,413,-1,413,421,173,-1,413,173,405,-1,405,173,422,-1,405,422,406,-1,421,423,173,-1,173,423,424,-1,173,424,361,-1,361,424,425,-1,361,425,409,-1,158,254,160,-1,160,254,426,-1,160,426,162,-1,162,426,427,-1,162,427,164,-1,164,427,428,-1,164,428,154,-1,154,428,429,-1,154,429,152,-1,152,429,430,-1,152,430,150,-1,150,430,431,-1,150,431,148,-1,148,431,432,-1,148,432,433,-1,267,265,434,-1,434,265,399,-1,434,399,435,-1,435,399,401,-1,435,401,436,-1,436,401,364,-1,436,364,437,-1,437,364,366,-1,437,366,438,-1,438,366,368,-1,438,368,439,-1,439,368,370,-1,439,370,433,-1,433,370,372,-1,433,372,148,-1,440,441,372,-1,372,441,442,-1,443,444,148,-1,445,446,447,-1,447,446,448,-1,447,448,449,-1,445,450,446,-1,446,450,451,-1,446,451,452,-1,452,451,453,-1,452,453,449,-1,449,453,146,-1,449,146,447,-1,447,146,454,-1,373,71,372,-1,372,71,69,-1,372,69,440,-1,443,148,455,-1,444,456,148,-1,148,456,457,-1,148,457,146,-1,146,457,458,-1,146,458,454,-1,442,459,372,-1,372,459,460,-1,372,460,148,-1,148,460,461,-1,148,461,455,-1,71,373,65,-1,65,373,374,-1,387,63,385,-1,385,63,462,-1,385,462,383,-1,383,462,463,-1,383,463,381,-1,381,463,464,-1,381,464,378,-1,378,464,465,-1,378,465,376,-1,376,465,466,-1,376,466,374,-1,374,466,467,-1,374,467,65,-1,2,468,469,-1,470,61,471,-1,471,61,63,-1,471,63,472,-1,472,63,387,-1,472,387,473,-1,473,387,388,-1,473,388,469,-1,469,388,0,-1,469,0,2,-1,0,388,474,-1,474,388,389,-1,474,389,475,-1,475,389,391,-1,475,391,476,-1,476,391,353,-1,476,353,477,-1,477,353,355,-1,477,355,478,-1,478,355,357,-1,478,357,479,-1,479,357,359,-1,479,359,14,-1,14,359,361,-1,14,361,18,-1,149,328,371,-1,149,371,151,-1,151,371,369,-1,151,369,153,-1,153,369,367,-1,153,367,166,-1,166,367,365,-1,166,365,165,-1,165,365,403,-1,165,403,163,-1,163,403,402,-1,163,402,161,-1,161,402,400,-1,161,400,159,-1,159,400,182,-1,159,182,157,-1,64,344,386,-1,64,386,480,-1,480,386,384,-1,480,384,481,-1,481,384,382,-1,481,382,482,-1,482,382,380,-1,482,380,483,-1,483,380,66,-1,66,380,379,-1,66,379,67,-1,67,379,377,-1,67,377,73,-1,73,377,375,-1,73,375,72,-1,72,375,333,-1,72,333,70,-1,19,301,360,-1,19,360,20,-1,20,360,358,-1,20,358,15,-1,15,358,356,-1,15,356,12,-1,12,356,13,-1,13,356,354,-1,13,354,484,-1,484,354,393,-1,484,393,485,-1,485,393,392,-1,485,392,486,-1,486,392,390,-1,486,390,487,-1,487,390,345,-1,487,345,1,-1,169,202,398,-1,169,398,170,-1,170,398,397,-1,170,397,171,-1,171,397,396,-1,171,396,179,-1,179,396,395,-1,179,395,178,-1,178,395,394,-1,178,394,177,-1,177,394,363,-1,177,363,176,-1,176,363,362,-1,176,362,175,-1,175,362,302,-1,175,302,174,-1,185,261,203,-1,203,261,238,-1,203,238,220,-1,220,238,253,-1,284,206,275,-1,275,206,205,-1,275,205,276,-1,276,205,234,-1,276,234,277,-1,277,234,233,-1,277,233,278,-1,278,233,232,-1,278,232,282,-1,282,232,222,-1,282,222,283,-1,283,222,221,-1,283,221,253,-1,253,221,220,-1,206,284,237,-1,237,284,286,-1,245,230,257,-1,257,230,228,-1,257,228,246,-1,246,228,227,-1,246,227,247,-1,247,227,219,-1,247,219,248,-1,248,219,218,-1,248,218,249,-1,249,218,217,-1,249,217,250,-1,250,217,236,-1,250,236,286,-1,286,236,237,-1,488,110,489,-1,489,110,112,-1,489,112,145,-1,230,245,231,-1,231,245,110,-1,231,110,490,-1,490,110,488,-1,133,113,491,-1,491,113,111,-1,491,111,492,-1,492,111,493,-1,76,97,74,-1,74,97,494,-1,74,494,495,-1,495,496,74,-1,74,496,214,-1,74,214,111,-1,111,214,229,-1,111,229,493,-1,109,77,497,-1,497,77,75,-1,258,213,75,-1,75,213,212,-1,212,498,75,-1,75,498,499,-1,75,499,497,-1,287,209,288,-1,288,209,208,-1,288,208,279,-1,279,208,226,-1,279,226,280,-1,280,226,225,-1,280,225,281,-1,281,225,235,-1,281,235,260,-1,260,235,216,-1,260,216,259,-1,259,216,215,-1,259,215,258,-1,258,215,213,-1,209,287,223,-1,223,287,285,-1,264,183,263,-1,263,183,197,-1,263,197,270,-1,270,197,199,-1,270,199,271,-1,271,199,200,-1,271,200,272,-1,272,200,211,-1,272,211,251,-1,251,211,210,-1,251,210,252,-1,252,210,224,-1,252,224,285,-1,285,224,223,-1,183,264,181,-1,181,264,266,-1,181,266,180,-1,180,266,268,-1,156,155,196,-1,156,196,240,-1,240,196,195,-1,240,195,241,-1,241,195,194,-1,241,194,239,-1,239,194,193,-1,239,193,255,-1,255,193,192,-1,255,192,256,-1,256,192,191,-1,256,191,269,-1,269,191,180,-1,269,180,268,-1,261,185,190,-1,261,190,262,-1,262,190,189,-1,262,189,273,-1,273,189,188,-1,273,188,274,-1,274,188,184,-1,274,184,244,-1,244,184,186,-1,244,186,242,-1,242,186,187,-1,242,187,243,-1,243,187,168,-1,243,168,167,-1,455,461,334,-1,334,461,335,-1,339,472,346,-1,346,472,473,-1,497,494,109,-1,109,494,97,-1,85,104,97,-1,97,104,101,-1,97,101,99,-1,93,97,95,-1,95,97,96,-1,93,90,97,-1,97,90,87,-1,97,87,85,-1,99,100,97,-1,97,100,108,-1,97,108,109,-1,212,214,496,-1,212,496,498,-1,498,496,495,-1,498,495,499,-1,499,495,494,-1,499,494,497,-1,489,491,492,-1,489,492,488,-1,488,492,493,-1,488,493,490,-1,490,493,229,-1,490,229,231,-1,491,489,133,-1,133,489,145,-1,133,145,144,-1,138,135,133,-1,133,135,127,-1,127,126,133,-1,133,126,123,-1,133,123,132,-1,132,123,121,-1,132,121,122,-1,144,143,133,-1,133,143,141,-1,133,141,138,-1,
        ]
    }
}
Shape{
    appearance Appearance {
        material  Material 	{
            diffuseColor 0.9686274509803922 0.8784313725490196 0.6
            specularColor 0.6784313725490196 0.615686274509804 0.4196078431372549
            ambientIntensity 0.8737
            transparency 0.0
            shininess 0.5
        }
    }
    geometry IndexedFaceSet {
        ccw TRUE
        solid FALSE
        coord DEF co Coordinate {
            point [
                -0.4331 0.1053 2.2441, -0.4331 0.1053 0.7087, -0.4331 0.1132 2.2441, -0.4331 0.1132 0.7087, -0.5512 0.1053 2.2441, -0.5512 0.1132 2.2441, -0.5512 0.1053 0.7087, -0.5512 0.1132 0.7087, 0.2362 0.1053 2.0472, 0.3543 0.1053 2.0472, 0.2362 0.1132 2.0472, 0.3543 0.1132 2.0472, 0.2362 0.1053 0.7087, 0.2362 0.1132 0.7087, 0.3543 0.1053 0.7087, 0.3543 0.1132 0.7087
            ]
        }
        coordIndex [
            0,1,2,-1,2,1,3,-1,4,0,5,-1,5,0,2,-1,6,4,7,-1,7,4,5,-1,4,6,0,-1,0,6,1,-1,8,9,10,-1,10,9,11,-1,12,8,13,-1,13,8,10,-1,9,14,11,-1,11,14,15,-1,12,14,8,-1,8,14,9,-1,
        ]
    }
}
Shape{
    appearance Appearance {
        material  Material 	{
            diffuseColor 0.6666666666666666 0.6980392156862745 0.7686274509803922
            specularColor 0.3333333333333333 0.34901960784313724 0.3843137254901961
            ambientIntensity 0.6967
            transparency 0.0
            shininess 0.5
        }
    }
    geometry IndexedFaceSet {
        ccw TRUE
        solid FALSE
        coord DEF co Coordinate {
            point [
                0.2239 -0.3339 0.5709, 0.0169 -0.1848 0.5709, 0.2239 -0.3339 0.4331, 0.0169 -0.1848 0.4331, 0.2594 -0.3543 0.4331, 0.2594 -0.3543 0.5709, 0.2983 -0.3668 0.4331, 0.2983 -0.3668 0.5709, 0.3389 -0.3711 0.4331, 0.3389 -0.3711 0.5709, 0.3389 -0.253 0.5709, 0.3389 -0.253 0.4331, 0.3227 -0.2513 0.5709, 0.3227 -0.2513 0.4331, 0.3071 -0.2462 0.5709, 0.3071 -0.2462 0.4331, 0.2929 -0.2381 0.5709, 0.2929 -0.2381 0.4331, 0.0859 -0.0889 0.5709, 0.0859 -0.0889 0.4331, 0.3937 -0.253 0.5709, 0.3937 -0.3711 0.5709, -0.0169 -0.1848 0.5709, -0.2239 -0.3339 0.5709, -0.0169 -0.1848 0.4331, -0.2239 -0.3339 0.4331, -0.0859 -0.0889 0.5709, -0.0859 -0.0889 0.4331, -0.2929 -0.2381 0.5709, -0.2929 -0.2381 0.4331, -0.3071 -0.2462 0.5709, -0.3071 -0.2462 0.4331, -0.3227 -0.2513 0.5709, -0.3227 -0.2513 0.4331, -0.3389 -0.253 0.5709, -0.3389 -0.253 0.4331, -0.3389 -0.3711 0.5709, -0.3389 -0.3711 0.4331, -0.2983 -0.3668 0.4331, -0.2983 -0.3668 0.5709, -0.2594 -0.3543 0.4331, -0.2594 -0.3543 0.5709, -0.3937 -0.253 0.5709, -0.3937 -0.3711 0.5709
            ]
        }
        coordIndex [
            0,1,2,-1,2,1,3,-1,0,2,4,-1,0,4,5,-1,5,4,6,-1,5,6,7,-1,7,6,8,-1,7,8,9,-1,10,11,12,-1,12,11,13,-1,12,13,14,-1,14,13,15,-1,14,15,16,-1,16,15,17,-1,18,16,19,-1,19,16,17,-1,1,18,3,-1,3,18,19,-1,18,1,16,-1,16,1,0,-1,16,0,14,-1,14,0,5,-1,14,5,12,-1,12,5,7,-1,12,7,10,-1,10,7,9,-1,10,9,20,-1,20,9,21,-1,22,23,24,-1,24,23,25,-1,26,22,27,-1,27,22,24,-1,28,26,29,-1,29,26,27,-1,28,29,30,-1,30,29,31,-1,30,31,32,-1,32,31,33,-1,32,33,34,-1,34,33,35,-1,36,37,38,-1,36,38,39,-1,39,38,40,-1,39,40,41,-1,41,40,25,-1,41,25,23,-1,42,43,34,-1,34,43,36,-1,34,36,32,-1,32,36,39,-1,32,39,30,-1,30,39,41,-1,30,41,28,-1,28,41,23,-1,28,23,26,-1,26,23,22,-1,
        ]
    }
}
Shape{
    appearance Appearance {
        material  Material 	{
            diffuseColor 0.20784313725490197 0.20784313725490197 0.20784313725490197
            specularColor 0.01568627450980392 0.01568627450980392 0.01568627450980392
            ambientIntensity 0.298
            transparency 0.0
            shininess 0.5
        }
    }
    geometry IndexedFaceSet {
        ccw TRUE
        solid FALSE
        coord DEF co Coordinate {
            point [
                1.248 -0.3711 0.1359, -1.248 -0.3711 0.1359, -0.3782 -0.2471 0.1359, -1.248 -0.2471 0.1359, 1.248 -0.2471 0.1359, 0.3782 -0.2471 0.1359, 0.3782 -0.0756 0.1359, -0.3782 -0.0756 0.1359, -1.248 -0.3711 0.3914, 1.248 -0.3711 0.3914, 0.3782 -0.2471 0.3914, 1.248 -0.2471 0.3914, -1.248 -0.2471 0.3914, -0.3782 -0.2471 0.3914, -0.3782 -0.0756 0.3914, 0.3782 -0.0756 0.3914
            ]
        }
        coordIndex [
            0,1,2,-1,2,1,3,-1,4,0,5,-1,5,0,2,-1,5,2,6,-1,6,2,7,-1,8,9,10,-1,10,9,11,-1,12,8,13,-1,13,8,10,-1,13,10,14,-1,14,10,15,-1,
        ]
    }
}
Shape{
    appearance Appearance {
        material  Material 	{
            diffuseColor 0.6666666666666666 0.6980392156862745 0.7686274509803922
            specularColor 0.3333333333333333 0.34901960784313724 0.3843137254901961
            ambientIntensity 0.6967
            transparency 0.0
            shininess 0.5
        }
    }
    geometry IndexedFaceSet {
        ccw TRUE
        solid FALSE
        coord DEF co Coordinate {
            point [
                1.6417 0.3297 -0.315, 1.6417 0.3297 0.0394, 1.7598 0.3297 -0.315, 1.7598 0.3297 0.0394, 1.7598 -0.064 -0.315, 1.7598 -0.064 0.315, 1.6417 -0.064 -0.315, 1.6417 -0.064 0.315, 1.6417 0.2195 0.315, 1.7598 0.2195 0.315, 1.6417 0.0148 -0.3937, 1.6417 0.251 -0.3937, 1.7598 0.0148 -0.3937, 1.7598 0.251 -0.3937, -1.7598 0.3297 -0.315, -1.7598 0.3297 0.0394, -1.6417 0.3297 -0.315, -1.6417 0.3297 0.0394, -1.6417 -0.064 -0.315, -1.6417 -0.064 0.315, -1.7598 -0.064 -0.315, -1.7598 -0.064 0.315, -1.7598 0.2195 0.315, -1.6417 0.2195 0.315, -1.6417 0.251 -0.3937, -1.6417 0.0148 -0.3937, -1.7598 0.251 -0.3937, -1.7598 0.0148 -0.3937, 0.7087 -0.3789 0.0787, 0.7087 0.1722 0.0787, 0.4882 -0.3789 0.0787, 0.4882 0.1722 0.0787, 0.7087 -0.3789 0.0, 0.4882 -0.3789 0.0, 0.7087 0.0458 0.0, 0.4882 0.0458 0.0, 0.7087 0.2199 0.0161, 0.4882 0.2199 0.0161, 0.4882 0.233 0.0286, 0.7087 0.233 0.0286, 0.4882 0.2428 0.0438, 0.7087 0.2428 0.0438, 0.4882 0.2489 0.0608, 0.7087 0.2489 0.0608, 0.4882 0.251 0.0787, 0.7087 0.251 0.0787, 0.7087 0.251 0.1181, 0.4882 0.251 0.1181, 0.4882 0.1722 0.1181, 0.7087 0.1722 0.1181, 0.7087 0.2199 0.0669, 0.7087 0.0458 0.0669, 0.4882 0.0458 0.0669, 0.4882 0.2199 0.0669, 0.2992 -0.3789 0.0787, 0.2992 0.1722 0.0787, 0.0945 -0.3789 0.0787, 0.0945 0.1722 0.0787, 0.2992 -0.3789 0.0, 0.0945 -0.3789 0.0, 0.2992 0.0458 0.0, 0.0945 0.0458 0.0, 0.2992 0.2199 0.0161, 0.0945 0.2199 0.0161, 0.0945 0.233 0.0286, 0.2992 0.233 0.0286, 0.0945 0.2428 0.0438, 0.2992 0.2428 0.0438, 0.0945 0.2489 0.0608, 0.2992 0.2489 0.0608, 0.0945 0.251 0.0787, 0.2992 0.251 0.0787, 0.0945 0.251 0.1181, 0.2228 0.251 0.1181, 0.2992 0.251 0.1181, 0.0945 0.1722 0.1181, 0.2228 0.1722 0.1181, 0.2992 0.1722 0.1181, 0.2992 0.2199 0.0669, 0.2992 0.0458 0.0669, 0.0945 0.0458 0.0669, 0.0945 0.2199 0.0669, -0.7087 0.1722 0.0787, -0.7087 -0.3789 0.0787, -0.4882 0.1722 0.0787, -0.4882 -0.3789 0.0787, -0.7087 0.1722 0.1181, -0.4882 0.1722 0.1181, -0.4882 0.251 0.0787, -0.7087 0.251 0.0787, -0.4882 0.251 0.1181, -0.7087 0.251 0.1181, -0.4882 0.2489 0.0608, -0.7087 0.2489 0.0608, -0.4882 0.2428 0.0438, -0.7087 0.2428 0.0438, -0.4882 0.233 0.0286, -0.7087 0.233 0.0286, -0.4882 0.2199 0.0161, -0.7087 0.2199 0.0161, -0.4882 0.0458 0.0, -0.4882 -0.3789 0.0, -0.7087 0.0458 0.0, -0.7087 -0.3789 0.0, -0.7087 0.0458 0.0669, -0.7087 0.2199 0.0669, -0.4882 0.2199 0.0669, -0.4882 0.0458 0.0669, -0.2992 0.1722 0.0787, -0.2992 -0.3789 0.0787, -0.0945 0.1722 0.0787, -0.0945 -0.3789 0.0787, -0.2992 0.1722 0.1181, -0.2801 0.1722 0.1181, -0.1045 0.1722 0.1181, -0.0945 0.1722 0.1181, -0.0945 0.251 0.1181, -0.0945 0.251 0.0787, -0.1045 0.251 0.1181, -0.2992 0.251 0.0787, -0.2801 0.251 0.1181, -0.2992 0.251 0.1181, -0.0945 0.2489 0.0608, -0.2992 0.2489 0.0608, -0.0945 0.2428 0.0438, -0.2992 0.2428 0.0438, -0.0945 0.233 0.0286, -0.2992 0.233 0.0286, -0.0945 0.2199 0.0161, -0.2992 0.2199 0.0161, -0.0945 0.0458 0.0, -0.0945 -0.3789 0.0, -0.2992 0.0458 0.0, -0.2992 -0.3789 0.0, -0.2992 0.0458 0.0669, -0.2992 0.2199 0.0669, -0.0945 0.2199 0.0669, -0.0945 0.0458 0.0669, -1.7598 0.2199 -0.268, -1.6417 0.2199 -0.268, -1.7598 0.2199 0.0669, -1.6417 0.2199 0.0669, -1.7598 0.0458 0.0669, -1.6417 0.0458 0.0669, -1.7598 0.0458 -0.268, -1.6417 0.0458 -0.268, 1.7598 0.2199 0.0669, 1.6417 0.2199 0.0669, 1.7598 0.2199 -0.268, 1.6417 0.2199 -0.268, 1.7598 0.0458 0.0669, 1.6417 0.0458 0.0669, 1.7598 0.0458 -0.268, 1.6417 0.0458 -0.268, -0.9646 0.2199 0.0669, -1.2008 0.2199 0.0669, -0.9646 0.2199 0.0161, -1.2008 0.2199 0.0161, -0.9646 0.0458 0.0669, -1.2008 0.0458 0.0669, -0.9646 0.0458 0.0, -1.2008 0.0458 0.0, -1.6373 0.2199 0.0591, -1.248 0.2199 0.0591, -1.6373 0.2199 0.0669, -1.248 0.2199 0.0669, -1.6373 0.0458 0.0669, -1.248 0.0458 0.0669, -1.6373 0.0458 0.0591, -1.248 0.0458 0.0591, 1.6373 0.0458 0.0591, 1.248 0.0458 0.0591, 1.6373 0.0458 0.0669, 1.248 0.0458 0.0669, 1.6373 0.2199 0.0669, 1.248 0.2199 0.0669, 1.6373 0.2199 0.0591, 1.248 0.2199 0.0591, 1.6417 0.2297 0.3163, 1.7598 0.2297 0.3163, 1.6417 0.2392 0.3202, 1.7598 0.2392 0.3202, 1.6417 0.2473 0.3265, 1.7598 0.2473 0.3265, 1.6417 0.2536 0.3346, 1.7598 0.2536 0.3346, 1.6417 0.2575 0.3441, 1.7598 0.2575 0.3441, 1.6417 0.2589 0.3543, 1.7598 0.2589 0.3543, 1.7598 0.2195 0.4331, 1.6417 0.2195 0.4331, 1.7598 0.2297 0.4317, 1.6417 0.2297 0.4317, 1.7598 0.2392 0.4278, 1.6417 0.2392 0.4278, 1.7598 0.2473 0.4215, 1.6417 0.2473 0.4215, 1.7598 0.2536 0.4134, 1.6417 0.2536 0.4134, 1.7598 0.2575 0.4039, 1.6417 0.2575 0.4039, 1.7598 0.2589 0.3937, 1.6417 0.2589 0.3937, -1.7598 0.2297 0.3163, -1.6417 0.2297 0.3163, -1.7598 0.2392 0.3202, -1.6417 0.2392 0.3202, -1.7598 0.2473 0.3265, -1.6417 0.2473 0.3265, -1.7598 0.2536 0.3346, -1.6417 0.2536 0.3346, -1.7598 0.2575 0.3441, -1.6417 0.2575 0.3441, -1.7598 0.2589 0.3543, -1.6417 0.2589 0.3543, -1.6417 0.2195 0.4331, -1.7598 0.2195 0.4331, -1.6417 0.2297 0.4317, -1.7598 0.2297 0.4317, -1.6417 0.2392 0.4278, -1.7598 0.2392 0.4278, -1.6417 0.2473 0.4215, -1.7598 0.2473 0.4215, -1.6417 0.2536 0.4134, -1.7598 0.2536 0.4134, -1.6417 0.2575 0.4039, -1.7598 0.2575 0.4039, -1.6417 0.2589 0.3937, -1.7598 0.2589 0.3937, 0.8368 -0.3514 0.5118, 0.8368 -0.3711 0.5118, 0.8368 -0.3514 0.6543, 0.8368 -0.3711 0.6543, 0.6012 -0.3514 0.5118, 0.6012 -0.3711 0.5118, 0.6012 -0.3514 0.6543, 0.6012 -0.3711 0.6543, 0.7777 -0.2923 0.5708, 0.7777 -0.2923 0.5953, 0.6603 -0.2923 0.5708, 0.6603 -0.2923 0.5953, -0.6012 -0.3514 0.5118, -0.6012 -0.3711 0.5118, -0.6012 -0.3514 0.6543, -0.6012 -0.3711 0.6543, -0.8368 -0.3514 0.5118, -0.8368 -0.3711 0.5118, -0.8368 -0.3514 0.6543, -0.8368 -0.3711 0.6543, -0.6603 -0.2923 0.5708, -0.6603 -0.2923 0.5953, -0.7777 -0.2923 0.5708, -0.7777 -0.2923 0.5953, 0.793 -0.2943 0.6105, 0.645 -0.2943 0.6105, 0.8072 -0.3002 0.6248, 0.6308 -0.3002 0.6248, 0.8195 -0.3096 0.637, 0.6185 -0.3096 0.637, 0.6134 -0.3154 0.6421, 0.8246 -0.3154 0.6421, 0.8289 -0.3219 0.6464, 0.8363 -0.3437 0.6538, 0.6017 -0.3437 0.6538, 0.8347 -0.3361 0.6523, 0.6032 -0.3361 0.6523, 0.8323 -0.3288 0.6498, 0.6057 -0.3288 0.6498, 0.6091 -0.3219 0.6464, 0.645 -0.2943 0.5555, 0.6308 -0.3002 0.5413, 0.6185 -0.3096 0.529, 0.6134 -0.3154 0.524, 0.6017 -0.3437 0.5123, 0.6032 -0.3361 0.5138, 0.6057 -0.3288 0.5162, 0.6091 -0.3219 0.5197, 0.8363 -0.3437 0.5123, 0.8347 -0.3361 0.5138, 0.8323 -0.3288 0.5162, 0.8289 -0.3219 0.5197, 0.8246 -0.3154 0.524, 0.8195 -0.3096 0.529, 0.8072 -0.3002 0.5413, 0.793 -0.2943 0.5555, -0.6185 -0.3096 0.637, -0.8072 -0.3002 0.6248, -0.6308 -0.3002 0.6248, -0.793 -0.2943 0.6105, -0.645 -0.2943 0.6105, -0.6017 -0.3437 0.6538, -0.8363 -0.3437 0.6538, -0.6032 -0.3361 0.6523, -0.8347 -0.3361 0.6523, -0.6057 -0.3288 0.6498, -0.8323 -0.3288 0.6498, -0.6091 -0.3219 0.6464, -0.8289 -0.3219 0.6464, -0.6134 -0.3154 0.6421, -0.8246 -0.3154 0.6421, -0.8195 -0.3096 0.637, -0.8246 -0.3154 0.524, -0.8195 -0.3096 0.529, -0.8072 -0.3002 0.5413, -0.793 -0.2943 0.5555, -0.8289 -0.3219 0.5197, -0.8323 -0.3288 0.5162, -0.8347 -0.3361 0.5138, -0.8363 -0.3437 0.5123, -0.6185 -0.3096 0.529, -0.6134 -0.3154 0.524, -0.6091 -0.3219 0.5197, -0.6057 -0.3288 0.5162, -0.6032 -0.3361 0.5138, -0.6017 -0.3437 0.5123, -0.6308 -0.3002 0.5413, -0.645 -0.2943 0.5555, 0.107 0.8533 0.53, 0.107 0.873 0.53, 0.107 0.8533 0.4105, 0.107 0.873 0.4105, -0.107 0.8533 0.53, -0.107 0.873 0.53, -0.107 0.8533 0.4105, -0.107 0.873 0.4105, 0.0479 0.7943 0.471, 0.0479 0.7943 0.4695, -0.0479 0.7943 0.471, -0.0479 0.7943 0.4695, 0.0897 0.8116 0.4278, -0.0775 0.8022 0.44, 0.0775 0.8022 0.44, -0.0632 0.7963 0.4542, 0.0632 0.7963 0.4542, 0.1065 0.8456 0.411, -0.1065 0.8456 0.411, 0.105 0.8381 0.4125, -0.105 0.8381 0.4125, 0.1025 0.8307 0.415, -0.1025 0.8307 0.415, 0.0991 0.8238 0.4184, -0.0991 0.8238 0.4184, 0.0948 0.8174 0.4227, -0.0948 0.8174 0.4227, -0.0897 0.8116 0.4278, -0.0948 0.8174 0.5178, -0.0897 0.8116 0.5127, -0.0775 0.8022 0.5005, -0.0632 0.7963 0.4863, -0.1025 0.8307 0.5255, -0.0991 0.8238 0.5221, -0.1065 0.8456 0.5295, -0.105 0.8381 0.528, 0.0897 0.8116 0.5127, 0.0948 0.8174 0.5178, 0.0991 0.8238 0.5221, 0.1025 0.8307 0.5255, 0.105 0.8381 0.528, 0.1065 0.8456 0.5295, 0.0775 0.8022 0.5005, 0.0632 0.7963 0.4863, 1.2008 -0.3789 0.0787, 1.2008 0.1722 0.0787, 0.9646 -0.3789 0.0787, 0.9646 0.1722 0.0787, 1.2008 -0.3789 0.0, 0.9646 -0.3789 0.0, 1.2008 0.1722 0.0, 0.9646 0.1722 0.0, 0.9646 0.1876 0.0015, 1.2008 0.1876 0.0015, 0.9646 0.2024 0.006, 1.2008 0.2024 0.006, 0.9646 0.216 0.0133, 1.2008 0.216 0.0133, 0.9646 0.2279 0.0231, 1.2008 0.2279 0.0231, 0.9646 0.2377 0.035, 1.2008 0.2377 0.035, 0.9646 0.245 0.0486, 1.2008 0.245 0.0486, 0.9646 0.2495 0.0634, 1.2008 0.2495 0.0634, 0.9646 0.251 0.0787, 1.2008 0.251 0.0787, 1.2008 0.251 0.1839, 0.9646 0.251 0.1839, 1.2008 0.1722 0.1839, 0.9646 0.1722 0.1839
            ]
        }
        coordIndex [
            0,1,2,-1,2,1,3,-1,4,5,6,-1,6,5,7,-1,8,7,9,-1,9,7,5,-1,10,11,12,-1,12,11,13,-1,14,15,16,-1,16,15,17,-1,18,19,20,-1,20,19,21,-1,22,21,23,-1,23,21,19,-1,24,25,26,-1,26,25,27,-1,28,29,30,-1,30,29,31,-1,32,28,33,-1,33,28,30,-1,32,33,34,-1,34,33,35,-1,36,37,38,-1,36,38,39,-1,39,38,40,-1,39,40,41,-1,41,40,42,-1,41,42,43,-1,43,42,44,-1,43,44,45,-1,46,45,47,-1,47,45,44,-1,31,29,48,-1,48,29,49,-1,45,46,50,-1,46,49,50,-1,50,49,29,-1,50,29,51,-1,51,29,28,-1,51,28,34,-1,34,28,32,-1,50,36,39,-1,39,41,50,-1,50,41,43,-1,50,43,45,-1,52,35,33,-1,53,44,42,-1,44,53,47,-1,33,30,52,-1,52,30,31,-1,52,31,53,-1,53,31,48,-1,53,48,47,-1,42,40,53,-1,53,40,38,-1,53,38,37,-1,54,55,56,-1,56,55,57,-1,58,54,59,-1,59,54,56,-1,58,59,60,-1,60,59,61,-1,62,63,64,-1,62,64,65,-1,65,64,66,-1,65,66,67,-1,67,66,68,-1,67,68,69,-1,69,68,70,-1,69,70,71,-1,70,72,71,-1,71,72,73,-1,71,73,74,-1,75,57,76,-1,76,57,55,-1,76,55,77,-1,71,74,78,-1,74,77,78,-1,78,77,55,-1,78,55,79,-1,79,55,54,-1,79,54,60,-1,60,54,58,-1,78,62,65,-1,65,67,78,-1,78,67,69,-1,78,69,71,-1,80,61,59,-1,81,70,68,-1,70,81,72,-1,59,56,80,-1,80,56,57,-1,80,57,81,-1,81,57,75,-1,81,75,72,-1,68,66,81,-1,81,66,64,-1,81,64,63,-1,82,83,84,-1,84,83,85,-1,86,82,87,-1,87,82,84,-1,88,89,90,-1,90,89,91,-1,89,88,92,-1,89,92,93,-1,93,92,94,-1,93,94,95,-1,95,94,96,-1,95,96,97,-1,97,96,98,-1,97,98,99,-1,100,101,102,-1,102,101,103,-1,83,103,85,-1,85,103,101,-1,104,102,103,-1,105,89,93,-1,89,105,91,-1,103,83,104,-1,104,83,82,-1,104,82,105,-1,105,82,86,-1,105,86,91,-1,93,95,105,-1,105,95,97,-1,105,97,99,-1,88,90,106,-1,90,87,106,-1,106,87,84,-1,106,84,107,-1,107,84,85,-1,107,85,100,-1,100,85,101,-1,106,98,96,-1,96,94,106,-1,106,94,92,-1,106,92,88,-1,108,109,110,-1,110,109,111,-1,112,108,113,-1,113,108,110,-1,113,110,114,-1,114,110,115,-1,116,117,118,-1,118,117,119,-1,118,119,120,-1,120,119,121,-1,119,117,122,-1,119,122,123,-1,123,122,124,-1,123,124,125,-1,125,124,126,-1,125,126,127,-1,127,126,128,-1,127,128,129,-1,130,131,132,-1,132,131,133,-1,109,133,111,-1,111,133,131,-1,134,132,133,-1,135,119,123,-1,119,135,121,-1,133,109,134,-1,134,109,108,-1,134,108,135,-1,135,108,112,-1,135,112,121,-1,123,125,135,-1,135,125,127,-1,135,127,129,-1,117,116,136,-1,116,115,136,-1,136,115,110,-1,136,110,137,-1,137,110,111,-1,137,111,130,-1,130,111,131,-1,136,128,126,-1,126,124,136,-1,136,124,122,-1,136,122,117,-1,26,14,24,-1,24,14,16,-1,25,18,27,-1,27,18,20,-1,12,4,10,-1,10,4,6,-1,11,0,13,-1,13,0,2,-1,136,135,128,-1,128,135,129,-1,137,134,136,-1,136,134,135,-1,130,132,137,-1,137,132,134,-1,106,105,98,-1,98,105,99,-1,107,104,106,-1,106,104,105,-1,100,102,107,-1,107,102,104,-1,63,62,81,-1,81,62,78,-1,81,78,80,-1,80,78,79,-1,80,79,61,-1,61,79,60,-1,37,36,53,-1,53,36,50,-1,53,50,52,-1,52,50,51,-1,52,51,35,-1,35,51,34,-1,138,139,140,-1,140,139,141,-1,140,141,142,-1,142,141,143,-1,142,143,144,-1,144,143,145,-1,144,145,138,-1,138,145,139,-1,146,147,148,-1,148,147,149,-1,150,151,146,-1,146,151,147,-1,152,153,150,-1,150,153,151,-1,148,149,152,-1,152,149,153,-1,154,155,156,-1,156,155,157,-1,158,159,154,-1,154,159,155,-1,160,161,158,-1,158,161,159,-1,162,163,164,-1,164,163,165,-1,166,167,168,-1,168,167,169,-1,164,165,166,-1,166,165,167,-1,170,171,172,-1,172,171,173,-1,172,173,174,-1,174,173,175,-1,174,175,176,-1,176,175,177,-1,8,9,178,-1,178,9,179,-1,178,179,180,-1,180,179,181,-1,180,181,182,-1,182,181,183,-1,182,183,184,-1,184,183,185,-1,184,185,186,-1,186,185,187,-1,186,187,188,-1,188,187,189,-1,190,191,192,-1,192,191,193,-1,192,193,194,-1,194,193,195,-1,194,195,196,-1,196,195,197,-1,196,197,198,-1,198,197,199,-1,198,199,200,-1,200,199,201,-1,200,201,202,-1,202,201,203,-1,22,23,204,-1,204,23,205,-1,204,205,206,-1,206,205,207,-1,206,207,208,-1,208,207,209,-1,208,209,210,-1,210,209,211,-1,210,211,212,-1,212,211,213,-1,212,213,214,-1,214,213,215,-1,216,217,218,-1,218,217,219,-1,218,219,220,-1,220,219,221,-1,220,221,222,-1,222,221,223,-1,222,223,224,-1,224,223,225,-1,224,225,226,-1,226,225,227,-1,226,227,228,-1,228,227,229,-1,230,231,232,-1,232,231,233,-1,234,235,230,-1,230,235,231,-1,236,237,234,-1,234,237,235,-1,232,233,236,-1,236,233,237,-1,238,239,240,-1,240,239,241,-1,242,243,244,-1,244,243,245,-1,246,247,242,-1,242,247,243,-1,248,249,246,-1,246,249,247,-1,244,245,248,-1,248,245,249,-1,250,251,252,-1,252,251,253,-1,241,239,254,-1,241,254,255,-1,255,254,256,-1,255,256,257,-1,257,256,258,-1,257,258,259,-1,259,258,260,-1,260,258,261,-1,260,261,262,-1,232,236,263,-1,263,236,264,-1,263,264,265,-1,265,264,266,-1,265,266,267,-1,267,266,268,-1,267,268,262,-1,262,268,269,-1,262,269,260,-1,240,241,255,-1,240,255,270,-1,270,255,257,-1,270,257,271,-1,271,257,259,-1,271,259,272,-1,272,259,273,-1,273,259,260,-1,273,260,269,-1,236,234,264,-1,264,234,274,-1,264,274,266,-1,266,274,275,-1,266,275,268,-1,268,275,276,-1,268,276,269,-1,269,276,277,-1,269,277,273,-1,230,232,263,-1,230,263,278,-1,278,263,265,-1,278,265,279,-1,279,265,267,-1,279,267,280,-1,280,267,262,-1,280,262,281,-1,281,262,282,-1,282,262,261,-1,282,261,283,-1,261,258,283,-1,283,258,256,-1,283,256,284,-1,284,256,254,-1,284,254,285,-1,285,254,239,-1,285,239,238,-1,272,284,271,-1,271,284,285,-1,271,285,270,-1,270,285,238,-1,270,238,240,-1,234,230,274,-1,274,230,278,-1,274,278,275,-1,275,278,279,-1,275,279,276,-1,276,279,280,-1,276,280,277,-1,277,280,281,-1,277,281,273,-1,273,281,282,-1,273,282,272,-1,272,282,283,-1,272,283,284,-1,286,287,288,-1,288,287,289,-1,288,289,290,-1,290,289,253,-1,290,253,251,-1,244,248,291,-1,291,248,292,-1,291,292,293,-1,293,292,294,-1,293,294,295,-1,295,294,296,-1,295,296,297,-1,297,296,298,-1,297,298,299,-1,299,298,300,-1,299,300,286,-1,286,300,301,-1,286,301,287,-1,302,303,301,-1,301,303,304,-1,301,304,287,-1,287,304,305,-1,287,305,289,-1,289,305,252,-1,289,252,253,-1,301,300,302,-1,302,300,298,-1,302,298,306,-1,306,298,296,-1,306,296,307,-1,307,296,294,-1,307,294,308,-1,308,294,292,-1,308,292,309,-1,309,292,248,-1,309,248,246,-1,310,311,299,-1,299,311,312,-1,299,312,297,-1,297,312,313,-1,297,313,295,-1,295,313,314,-1,295,314,293,-1,293,314,315,-1,293,315,291,-1,291,315,242,-1,291,242,244,-1,299,286,310,-1,310,286,288,-1,310,288,316,-1,316,288,290,-1,316,290,317,-1,317,290,251,-1,317,251,250,-1,250,252,305,-1,250,305,317,-1,317,305,304,-1,317,304,316,-1,316,304,303,-1,316,303,310,-1,310,303,311,-1,311,303,302,-1,311,302,312,-1,302,306,312,-1,312,306,307,-1,312,307,313,-1,313,307,308,-1,313,308,314,-1,314,308,309,-1,314,309,315,-1,315,309,246,-1,315,246,242,-1,318,319,320,-1,320,319,321,-1,322,323,318,-1,318,323,319,-1,324,325,322,-1,322,325,323,-1,320,321,324,-1,324,321,325,-1,326,327,328,-1,328,327,329,-1,330,331,332,-1,332,331,333,-1,332,333,334,-1,334,333,329,-1,334,329,327,-1,320,324,335,-1,335,324,336,-1,335,336,337,-1,337,336,338,-1,337,338,339,-1,339,338,340,-1,339,340,341,-1,341,340,342,-1,341,342,343,-1,343,342,344,-1,343,344,330,-1,330,344,345,-1,330,345,331,-1,346,347,345,-1,345,347,348,-1,345,348,331,-1,331,348,349,-1,331,349,333,-1,333,349,328,-1,333,328,329,-1,338,350,340,-1,340,350,351,-1,340,351,342,-1,342,351,346,-1,342,346,344,-1,344,346,345,-1,324,322,336,-1,336,322,352,-1,336,352,338,-1,338,352,353,-1,338,353,350,-1,354,355,343,-1,343,355,356,-1,343,356,341,-1,341,356,357,-1,341,357,339,-1,339,357,358,-1,339,358,337,-1,337,358,359,-1,337,359,335,-1,335,359,318,-1,335,318,320,-1,343,330,354,-1,354,330,332,-1,354,332,360,-1,360,332,334,-1,360,334,361,-1,361,334,327,-1,361,327,326,-1,347,360,348,-1,348,360,361,-1,348,361,349,-1,349,361,326,-1,349,326,328,-1,322,318,352,-1,352,318,359,-1,352,359,353,-1,353,359,358,-1,353,358,350,-1,350,358,357,-1,350,357,351,-1,351,357,356,-1,351,356,346,-1,346,356,355,-1,346,355,347,-1,347,355,354,-1,347,354,360,-1,362,363,364,-1,364,363,365,-1,366,362,367,-1,367,362,364,-1,368,366,369,-1,369,366,367,-1,368,369,370,-1,368,370,371,-1,371,370,372,-1,371,372,373,-1,373,372,374,-1,373,374,375,-1,375,374,376,-1,375,376,377,-1,377,376,378,-1,377,378,379,-1,379,378,380,-1,379,380,381,-1,381,380,382,-1,381,382,383,-1,383,382,384,-1,383,384,385,-1,386,385,387,-1,387,385,384,-1,388,386,389,-1,389,386,387,-1,363,388,365,-1,365,388,389,-1,363,362,366,-1,386,388,385,-1,385,388,363,-1,366,368,363,-1,363,368,371,-1,363,371,373,-1,373,375,363,-1,363,375,377,-1,363,377,379,-1,379,381,363,-1,363,381,383,-1,363,383,385,-1,389,387,365,-1,365,387,384,-1,365,384,382,-1,372,365,374,-1,374,365,376,-1,367,364,369,-1,369,364,365,-1,369,365,370,-1,370,365,372,-1,382,380,365,-1,365,380,378,-1,365,378,376,-1,
        ]
    }
}
Shape{
    appearance Appearance {
        material  Material 	{
            diffuseColor 0.0 0.0 0.0
            specularColor 0.0 0.0 0.0
            ambientIntensity 0.0
            transparency 0.0
            shininess 0.5
        }
    }
    geometry IndexedFaceSet {
        ccw TRUE
        solid FALSE
        coord DEF co Coordinate {
            point [
                -0.1463 0.8734 2.1301, -0.1463 0.8734 2.1164, -0.1463 0.873 2.1301, -0.1463 0.873 2.1164, -0.0985 0.8734 2.1301, -0.0985 0.873 2.1301, -0.0985 0.8734 2.2365, -0.0985 0.873 2.2365, -0.083 0.8734 2.2365, -0.083 0.873 2.2365, -0.083 0.8734 2.1164, -0.083 0.873 2.1164, -0.2079 0.8734 2.1144, -0.2079 0.873 2.1144, -0.2153 0.873 2.1146, -0.2153 0.8734 2.1146, -0.2221 0.873 2.1154, -0.2221 0.8734 2.1154, -0.2282 0.873 2.1166, -0.2282 0.8734 2.1166, -0.2338 0.873 2.1182, -0.2338 0.8734 2.1182, -0.2387 0.873 2.1202, -0.2387 0.8734 2.1202, -0.2412 0.873 2.1214, -0.2412 0.8734 2.1214, -0.2412 0.8734 2.1363, -0.2412 0.873 2.1363, -0.2367 0.873 2.1338, -0.2367 0.8734 2.1338, -0.2319 0.873 2.1318, -0.2319 0.8734 2.1318, -0.2268 0.873 2.1302, -0.2268 0.8734 2.1302, -0.2215 0.873 2.1291, -0.2215 0.8734 2.1291, -0.2158 0.873 2.1284, -0.2158 0.8734 2.1284, -0.2102 0.873 2.1282, -0.2102 0.8734 2.1282, -0.2049 0.873 2.1285, -0.2049 0.8734 2.1285, -0.2 0.873 2.1292, -0.2 0.8734 2.1292, -0.1955 0.873 2.1304, -0.1955 0.8734 2.1304, -0.1913 0.873 2.1321, -0.1913 0.8734 2.1321, -0.1874 0.873 2.1342, -0.1874 0.8734 2.1342, -0.1838 0.873 2.1367, -0.1838 0.8734 2.1367, -0.1805 0.873 2.1397, -0.1805 0.8734 2.1397, -0.1793 0.873 2.1409, -0.1793 0.8734 2.1409, -0.1764 0.873 2.1444, -0.1764 0.8734 2.1444, -0.1739 0.873 2.1482, -0.1739 0.8734 2.1482, -0.1718 0.873 2.1523, -0.1718 0.8734 2.1523, -0.1701 0.873 2.1568, -0.1701 0.8734 2.1568, -0.1689 0.873 2.1616, -0.1689 0.8734 2.1616, -0.168 0.873 2.1669, -0.168 0.8734 2.1669, -0.1676 0.873 2.1726, -0.1676 0.8734 2.1726, -0.1675 0.873 2.1751, -0.1675 0.8734 2.1751, -0.1678 0.873 2.1813, -0.1678 0.8734 2.1813, -0.1685 0.873 2.1872, -0.1685 0.8734 2.1872, -0.1697 0.873 2.1925, -0.1697 0.8734 2.1925, -0.1714 0.873 2.1973, -0.1714 0.8734 2.1973, -0.1734 0.873 2.2018, -0.1734 0.8734 2.2018, -0.1759 0.873 2.2059, -0.1759 0.8734 2.2059, -0.1787 0.873 2.2096, -0.1787 0.8734 2.2096, -0.1801 0.873 2.2112, -0.1801 0.8734 2.2112, -0.1836 0.873 2.2145, -0.1836 0.8734 2.2145, -0.1873 0.873 2.2173, -0.1873 0.8734 2.2173, -0.1913 0.873 2.2197, -0.1913 0.8734 2.2197, -0.1954 0.873 2.2215, -0.1954 0.8734 2.2215, -0.1998 0.873 2.2229, -0.1998 0.8734 2.2229, -0.2045 0.873 2.2239, -0.2045 0.8734 2.2239, -0.2096 0.873 2.2245, -0.2096 0.8734 2.2245, -0.2129 0.873 2.2245, -0.2129 0.8734 2.2245, -0.2186 0.873 2.2243, -0.2186 0.8734 2.2243, -0.2242 0.873 2.2235, -0.2242 0.8734 2.2235, -0.2295 0.873 2.2223, -0.2295 0.8734 2.2223, -0.2346 0.873 2.2206, -0.2346 0.8734 2.2206, -0.2394 0.873 2.2184, -0.2394 0.8734 2.2184, -0.2412 0.873 2.2174, -0.2412 0.8734 2.2174, -0.2412 0.8734 2.2336, -0.2412 0.873 2.2336, -0.2366 0.873 2.2354, -0.2366 0.8734 2.2354, -0.2314 0.873 2.2367, -0.2314 0.8734 2.2367, -0.2257 0.873 2.2377, -0.2257 0.8734 2.2377, -0.2192 0.873 2.2384, -0.2192 0.8734 2.2384, -0.2127 0.873 2.2385, -0.2127 0.8734 2.2385, -0.2065 0.873 2.2383, -0.2065 0.8734 2.2383, -0.2005 0.873 2.2375, -0.2005 0.8734 2.2375, -0.1949 0.873 2.2363, -0.1949 0.8734 2.2363, -0.1896 0.873 2.2346, -0.1896 0.8734 2.2346, -0.1846 0.873 2.2325, -0.1846 0.8734 2.2325, -0.1799 0.873 2.2299, -0.1799 0.8734 2.2299, -0.1755 0.873 2.2269, -0.1755 0.8734 2.2269, -0.1713 0.873 2.2234, -0.1713 0.8734 2.2234, -0.1686 0.873 2.2209, -0.1686 0.8734 2.2209, -0.1649 0.873 2.2168, -0.1649 0.8734 2.2168, -0.1617 0.873 2.2124, -0.1617 0.8734 2.2124, -0.1589 0.873 2.2077, -0.1589 0.8734 2.2077, -0.1566 0.873 2.2028, -0.1566 0.8734 2.2028, -0.1546 0.873 2.1976, -0.1546 0.8734 2.1976, -0.1531 0.873 2.1921, -0.1531 0.8734 2.1921, -0.1521 0.873 2.1862, -0.1521 0.8734 2.1862, -0.1514 0.873 2.1799, -0.1514 0.8734 2.1799, -0.1513 0.873 2.1742, -0.1513 0.8734 2.1742, -0.1515 0.873 2.1675, -0.1515 0.8734 2.1675, -0.1523 0.873 2.1611, -0.1523 0.8734 2.1611, -0.1535 0.873 2.1552, -0.1535 0.8734 2.1552, -0.1551 0.873 2.1498, -0.1551 0.8734 2.1498, -0.1572 0.873 2.1447, -0.1572 0.8734 2.1447, -0.1597 0.873 2.14, -0.1597 0.8734 2.14, -0.1626 0.873 2.1357, -0.1626 0.8734 2.1357, -0.1657 0.873 2.1318, -0.1657 0.8734 2.1318, -0.1667 0.873 2.1308, -0.1667 0.8734 2.1308, -0.1704 0.873 2.1272, -0.1704 0.8734 2.1272, -0.1744 0.873 2.1241, -0.1744 0.8734 2.1241, -0.1786 0.873 2.1214, -0.1786 0.8734 2.1214, -0.1832 0.873 2.1191, -0.1832 0.8734 2.1191, -0.188 0.873 2.1173, -0.188 0.8734 2.1173, -0.1931 0.873 2.1159, -0.1931 0.8734 2.1159, -0.1985 0.873 2.115, -0.1985 0.8734 2.115, -0.2044 0.873 2.1145, -0.2044 0.8734 2.1145, -0.3298 0.8734 2.1301, -0.3298 0.8734 2.1164, -0.3298 0.873 2.1301, -0.3298 0.873 2.1164, -0.2807 0.8734 2.1301, -0.2807 0.873 2.1301, -0.2807 0.8734 2.1705, -0.2807 0.873 2.1705, -0.3237 0.8734 2.1705, -0.3237 0.873 2.1705, -0.3237 0.8734 2.1843, -0.3237 0.873 2.1843, -0.2807 0.8734 2.1843, -0.2807 0.873 2.1843, -0.2807 0.8734 2.2227, -0.2807 0.873 2.2227, -0.3271 0.8734 2.2227, -0.3271 0.873 2.2227, -0.3271 0.8734 2.2365, -0.3271 0.873 2.2365, -0.2652 0.8734 2.2365, -0.2652 0.873 2.2365, -0.2652 0.8734 2.1164, -0.2652 0.873 2.1164, -0.4078 0.8734 2.134, -0.4161 0.8734 2.1225, -0.4121 0.8734 2.136, -0.4211 0.8734 2.125, -0.4161 0.8734 2.1384, -0.4257 0.8734 2.128, -0.4196 0.8734 2.1412, -0.4301 0.8734 2.1314, -0.4212 0.8734 2.1426, -0.4322 0.8734 2.1332, -0.4242 0.8734 2.1459, -0.436 0.8734 2.1372, -0.4268 0.8734 2.1495, -0.4394 0.8734 2.1414, -0.429 0.8734 2.1535, -0.4423 0.8734 2.1458, -0.4308 0.8734 2.1577, -0.433 0.8734 2.1892, -0.448 0.8734 2.1955, -0.4318 0.8734 2.1941, -0.4464 0.8734 2.2005, -0.4302 0.8734 2.1986, -0.4442 0.8734 2.2053, -0.4281 0.8734 2.2026, -0.4417 0.8734 2.2097, -0.4258 0.8734 2.2062, -0.4387 0.8734 2.2138, -0.4352 0.8734 2.2177, -0.423 0.8734 2.2094, -0.4322 0.8734 2.2206, -0.4208 0.8734 2.2114, -0.4277 0.8734 2.2242, -0.4171 0.8734 2.2143, -0.423 0.8734 2.2273, -0.4131 0.8734 2.2167, -0.4181 0.8734 2.23, -0.4087 0.8734 2.2187, -0.4129 0.8734 2.2322, -0.4041 0.8734 2.2204, -0.4074 0.8734 2.2339, -0.399 0.8734 2.2216, -0.4016 0.8734 2.2352, -0.3935 0.8734 2.2224, -0.3955 0.8734 2.2361, -0.3877 0.8734 2.2227, -0.389 0.8734 2.2365, -0.3862 0.8734 2.2227, -0.3868 0.8734 2.2365, -0.368 0.8734 2.2227, -0.3525 0.8734 2.2365, -0.368 0.8734 2.1301, -0.3525 0.8734 2.1164, -0.3855 0.8734 2.1301, -0.3855 0.8734 2.1164, -0.3918 0.8734 2.1304, -0.3924 0.8734 2.1167, -0.3976 0.8734 2.1311, -0.399 0.8734 2.1174, -0.403 0.8734 2.1323, -0.4051 0.8734 2.1187, -0.4107 0.8734 2.1204, -0.4447 0.8734 2.1505, -0.4467 0.8734 2.1554, -0.4323 0.8734 2.1624, -0.4483 0.8734 2.1607, -0.4333 0.8734 2.1675, -0.4494 0.8734 2.1663, -0.4339 0.8734 2.173, -0.4501 0.8734 2.1722, -0.434 0.8734 2.1776, -0.4503 0.8734 2.178, -0.4337 0.8734 2.1836, -0.45 0.8734 2.1842, -0.4493 0.8734 2.19, -0.4171 0.873 2.2143, -0.4277 0.873 2.2242, -0.4208 0.873 2.2114, -0.4322 0.873 2.2206, -0.423 0.873 2.2094, -0.4352 0.873 2.2177, -0.4258 0.873 2.2062, -0.4387 0.873 2.2138, -0.4281 0.873 2.2026, -0.4417 0.873 2.2097, -0.4302 0.873 2.1986, -0.4442 0.873 2.2053, -0.4318 0.873 2.1941, -0.4121 0.873 2.136, -0.4161 0.873 2.1225, -0.4078 0.873 2.134, -0.4107 0.873 2.1204, -0.403 0.873 2.1323, -0.4051 0.873 2.1187, -0.3976 0.873 2.1311, -0.399 0.873 2.1174, -0.3918 0.873 2.1304, -0.3924 0.873 2.1167, -0.3855 0.873 2.1301, -0.3855 0.873 2.1164, -0.368 0.873 2.1301, -0.3525 0.873 2.1164, -0.368 0.873 2.2227, -0.3525 0.873 2.2365, -0.3862 0.873 2.2227, -0.3868 0.873 2.2365, -0.3877 0.873 2.2227, -0.389 0.873 2.2365, -0.3935 0.873 2.2224, -0.3955 0.873 2.2361, -0.399 0.873 2.2216, -0.4016 0.873 2.2352, -0.4041 0.873 2.2204, -0.4074 0.873 2.2339, -0.4087 0.873 2.2187, -0.4129 0.873 2.2322, -0.4131 0.873 2.2167, -0.4181 0.873 2.23, -0.423 0.873 2.2273, -0.4323 0.873 2.1624, -0.4467 0.873 2.1554, -0.4308 0.873 2.1577, -0.4447 0.873 2.1505, -0.429 0.873 2.1535, -0.4423 0.873 2.1458, -0.4268 0.873 2.1495, -0.4394 0.873 2.1414, -0.4242 0.873 2.1459, -0.436 0.873 2.1372, -0.4212 0.873 2.1426, -0.4322 0.873 2.1332, -0.4196 0.873 2.1412, -0.4301 0.873 2.1314, -0.4161 0.873 2.1384, -0.4257 0.873 2.128, -0.4211 0.873 2.125, -0.4464 0.873 2.2005, -0.448 0.873 2.1955, -0.433 0.873 2.1892, -0.4493 0.873 2.19, -0.4337 0.873 2.1836, -0.45 0.873 2.1842, -0.434 0.873 2.1776, -0.4503 0.873 2.178, -0.4339 0.873 2.173, -0.4501 0.873 2.1722, -0.4333 0.873 2.1675, -0.4494 0.873 2.1663, -0.4483 0.873 2.1607, -0.4905 0.8734 2.1628, -0.5085 0.8734 2.2128, -0.5027 0.8734 2.2365, -0.457 0.8734 2.1164, -0.4741 0.8734 2.1164, -0.4856 0.8734 2.1493, -0.5095 0.8734 2.2163, -0.5105 0.8734 2.2212, -0.5193 0.8734 2.2365, -0.5108 0.8734 2.2212, -0.5118 0.8734 2.2161, -0.5127 0.8734 2.2128, -0.5309 0.8734 2.1628, -0.565 0.8734 2.1164, -0.5479 0.8734 2.1164, -0.5356 0.8734 2.1493, -0.4856 0.873 2.1493, -0.4905 0.873 2.1628, -0.5356 0.873 2.1493, -0.5309 0.873 2.1628, -0.5127 0.873 2.2128, -0.5193 0.873 2.2365, -0.565 0.873 2.1164, -0.5479 0.873 2.1164, -0.5118 0.873 2.2161, -0.5108 0.873 2.2212, -0.5027 0.873 2.2365, -0.5105 0.873 2.2212, -0.5095 0.873 2.2163, -0.5085 0.873 2.2128, -0.457 0.873 2.1164, -0.4741 0.873 2.1164, -0.1476 0.8734 1.9396, -0.1476 0.8734 1.9259, -0.1476 0.873 1.9396, -0.1476 0.873 1.9259, -0.0985 0.8734 1.9396, -0.0985 0.873 1.9396, -0.0985 0.8734 1.98, -0.0985 0.873 1.98, -0.1415 0.8734 1.98, -0.1415 0.873 1.98, -0.1415 0.8734 1.9937, -0.1415 0.873 1.9937, -0.0985 0.8734 1.9937, -0.0985 0.873 1.9937, -0.0985 0.8734 2.0322, -0.0985 0.873 2.0322, -0.1449 0.8734 2.0322, -0.1449 0.873 2.0322, -0.1449 0.8734 2.046, -0.1449 0.873 2.046, -0.083 0.8734 2.046, -0.083 0.873 2.046, -0.083 0.8734 1.9259, -0.083 0.873 1.9259, -0.1877 0.8734 1.9645, -0.1911 0.8734 1.9654, -0.2159 0.8734 1.9804, -0.1958 0.8734 1.9662, -0.2105 0.8734 1.9973, -0.2186 0.8734 2.0092, -0.2088 0.8734 1.9987, -0.2159 0.8734 2.0106, -0.2068 0.8734 1.9998, -0.213 0.8734 2.0118, -0.2044 0.8734 2.0007, -0.2159 0.8734 1.9599, -0.2156 0.8734 1.9567, -0.2309 0.8734 1.9811, -0.1801 0.8734 1.9417, -0.1789 0.8734 1.9434, -0.1663 0.8734 1.934, -0.1692 0.8734 1.968, -0.1799 0.8734 1.9593, -0.1813 0.8734 1.9609, -0.185 0.8734 1.9634, -0.1905 0.8734 1.9768, -0.1857 0.8734 1.976, -0.2159 0.8734 1.9259, -0.2309 0.8734 1.9259, -0.2159 0.8734 1.9391, -0.2151 0.8734 1.9536, -0.2133 0.8734 1.9935, -0.2251 0.8734 2.0032, -0.212 0.8734 1.9955, -0.2232 0.8734 2.0055, -0.221 0.8734 2.0075, -0.1687 0.8734 1.9675, -0.1668 0.8734 1.9653, -0.1788 0.8734 1.9575, -0.1653 0.8734 1.9628, -0.178 0.8734 1.9554, -0.1814 0.8734 1.9748, -0.1776 0.8734 1.9734, -0.183 0.8734 1.9623, -0.1744 0.8734 1.9718, -0.1716 0.8734 1.97, -0.2151 0.8734 1.9884, -0.2293 0.8734 1.9942, -0.2143 0.8734 1.9912, -0.2282 0.8734 1.9976, -0.2267 0.8734 2.0006, -0.1816 0.8734 1.9401, -0.1743 0.8734 1.9272, -0.1835 0.8734 1.9387, -0.1771 0.8734 1.9259, -0.1855 0.8734 1.9376, -0.1801 0.8734 1.9249, -0.1878 0.8734 1.9368, -0.1682 0.8734 1.9318, -0.1694 0.8734 1.9306, -0.1717 0.8734 1.9287, -0.1774 0.8734 1.9476, -0.1627 0.8734 1.942, -0.178 0.8734 1.9454, -0.1636 0.8734 1.9391, -0.1648 0.8734 1.9364, -0.2307 0.8734 1.9859, -0.2159 0.8734 1.9689, -0.2159 0.8734 1.9607, -0.2156 0.8734 1.9852, -0.2302 0.8734 1.9903, -0.2159 0.8734 1.9815, -0.164 0.8734 1.9602, -0.163 0.8734 1.9573, -0.1775 0.8734 1.953, -0.1624 0.8734 1.9541, -0.1773 0.8734 1.9501, -0.2096 0.8734 2.0127, -0.2059 0.8734 2.0133, -0.2016 0.8734 2.0012, -0.2018 0.8734 2.0136, -0.1985 0.8734 2.0014, -0.1999 0.8734 2.0136, -0.197 0.8734 2.0014, -0.1949 0.8734 2.0134, -0.193 0.8734 2.0011, -0.19 0.8734 2.0129, -0.189 0.8734 2.0004, -0.1854 0.8734 2.012, -0.1852 0.8734 1.9993, -0.1811 0.8734 2.0107, -0.1814 0.8734 1.9979, -0.177 0.8734 2.0091, -0.1777 0.8734 1.996, -0.1731 0.8734 2.0072, -0.174 0.8734 1.9937, -0.1704 0.8734 2.0056, -0.1704 0.8734 1.991, -0.2142 0.8734 1.9507, -0.2129 0.8734 1.948, -0.2155 0.8734 1.9391, -0.2113 0.8734 1.9455, -0.2147 0.8734 1.9379, -0.1962 0.8734 1.9364, -0.1997 0.8734 1.9255, -0.1992 0.8734 1.9369, -0.2027 0.8734 1.9267, -0.2019 0.8734 1.9378, -0.2054 0.8734 1.9283, -0.2044 0.8734 1.9391, -0.162 0.8734 1.9507, -0.162 0.8734 1.9488, -0.1622 0.8734 1.9453, -0.208 0.8734 1.9301, -0.2104 0.8734 1.9324, -0.2067 0.8734 1.9406, -0.2126 0.8734 1.9349, -0.2088 0.8734 1.9425, -0.2094 0.8734 1.9432, -0.1835 0.8734 1.9243, -0.1871 0.8734 1.9239, -0.1904 0.8734 1.9364, -0.1892 0.8734 1.9239, -0.1931 0.8734 1.9362, -0.1929 0.8734 1.924, -0.1964 0.8734 1.9246, -0.174 0.873 1.9937, -0.1704 0.873 1.991, -0.1704 0.873 2.0056, -0.2088 0.873 1.9987, -0.2186 0.873 2.0092, -0.2105 0.873 1.9973, -0.221 0.873 2.0075, -0.212 0.873 1.9955, -0.1801 0.873 1.9417, -0.1663 0.873 1.934, -0.1789 0.873 1.9434, -0.1648 0.873 1.9364, -0.178 0.873 1.9454, -0.2151 0.873 1.9536, -0.2156 0.873 1.9567, -0.2309 0.873 1.9811, -0.2147 0.873 1.9379, -0.2126 0.873 1.9349, -0.2067 0.873 1.9406, -0.2104 0.873 1.9324, -0.2044 0.873 1.9391, -0.208 0.873 1.9301, -0.2019 0.873 1.9378, -0.2054 0.873 1.9283, -0.1992 0.873 1.9369, -0.2232 0.873 2.0055, -0.2251 0.873 2.0032, -0.2133 0.873 1.9935, -0.2267 0.873 2.0006, -0.2143 0.873 1.9912, -0.2016 0.873 2.0012, -0.2059 0.873 2.0133, -0.2044 0.873 2.0007, -0.2096 0.873 2.0127, -0.2068 0.873 1.9998, -0.213 0.873 2.0118, -0.2159 0.873 2.0106, -0.2142 0.873 1.9507, -0.2159 0.873 1.9391, -0.2159 0.873 1.9259, -0.2309 0.873 1.9259, -0.1813 0.873 1.9609, -0.1744 0.873 1.9718, -0.183 0.873 1.9623, -0.1776 0.873 1.9734, -0.185 0.873 1.9634, -0.1814 0.873 1.9748, -0.1877 0.873 1.9645, -0.1857 0.873 1.976, -0.1911 0.873 1.9654, -0.1905 0.873 1.9768, -0.1799 0.873 1.9593, -0.1692 0.873 1.968, -0.1716 0.873 1.97, -0.1816 0.873 1.9401, -0.1694 0.873 1.9306, -0.1682 0.873 1.9318, -0.1835 0.873 1.9387, -0.1743 0.873 1.9272, -0.1717 0.873 1.9287, -0.2088 0.873 1.9425, -0.2094 0.873 1.9432, -0.2155 0.873 1.9391, -0.2113 0.873 1.9455, -0.2129 0.873 1.948, -0.1788 0.873 1.9575, -0.1668 0.873 1.9653, -0.1687 0.873 1.9675, -0.2159 0.873 1.9689, -0.2307 0.873 1.9859, -0.2159 0.873 1.9607, -0.2159 0.873 1.9599, -0.1636 0.873 1.9391, -0.1627 0.873 1.942, -0.1774 0.873 1.9476, -0.1904 0.873 1.9364, -0.1871 0.873 1.9239, -0.1878 0.873 1.9368, -0.1835 0.873 1.9243, -0.1855 0.873 1.9376, -0.1801 0.873 1.9249, -0.1771 0.873 1.9259, -0.2027 0.873 1.9267, -0.1997 0.873 1.9255, -0.1962 0.873 1.9364, -0.1964 0.873 1.9246, -0.1931 0.873 1.9362, -0.1929 0.873 1.924, -0.1892 0.873 1.9239, -0.2282 0.873 1.9976, -0.2293 0.873 1.9942, -0.2151 0.873 1.9884, -0.2302 0.873 1.9903, -0.2156 0.873 1.9852, -0.2159 0.873 1.9815, -0.2159 0.873 1.9804, -0.1958 0.873 1.9662, -0.1775 0.873 1.953, -0.163 0.873 1.9573, -0.178 0.873 1.9554, -0.164 0.873 1.9602, -0.1653 0.873 1.9628, -0.1622 0.873 1.9453, -0.162 0.873 1.9488, -0.1773 0.873 1.9501, -0.162 0.873 1.9507, -0.1624 0.873 1.9541, -0.1777 0.873 1.996, -0.1731 0.873 2.0072, -0.1814 0.873 1.9979, -0.177 0.873 2.0091, -0.1852 0.873 1.9993, -0.1811 0.873 2.0107, -0.189 0.873 2.0004, -0.1854 0.873 2.012, -0.193 0.873 2.0011, -0.19 0.873 2.0129, -0.197 0.873 2.0014, -0.1949 0.873 2.0134, -0.1985 0.873 2.0014, -0.1999 0.873 2.0136, -0.2018 0.873 2.0136, -0.2761 0.8734 1.9361, -0.2761 0.873 1.9361, -0.2722 0.873 1.9363, -0.2722 0.8734 1.9363, -0.2685 0.873 1.9368, -0.2685 0.8734 1.9368, -0.2648 0.873 1.9377, -0.2648 0.8734 1.9377, -0.2612 0.873 1.939, -0.2612 0.8734 1.939, -0.2577 0.873 1.9405, -0.2577 0.8734 1.9405, -0.2542 0.873 1.9425, -0.2542 0.8734 1.9425, -0.2513 0.873 1.9444, -0.2513 0.8734 1.9444, -0.2513 0.8734 1.9289, -0.2513 0.873 1.9289, -0.2549 0.873 1.9273, -0.2549 0.8734 1.9273, -0.2587 0.873 1.926, -0.2587 0.8734 1.926, -0.2628 0.873 1.925, -0.2628 0.8734 1.925, -0.267 0.873 1.9243, -0.267 0.8734 1.9243, -0.2716 0.873 1.9239, -0.2716 0.8734 1.9239, -0.2746 0.873 1.9239, -0.2746 0.8734 1.9239, -0.2794 0.873 1.924, -0.2794 0.8734 1.924, -0.2838 0.873 1.9246, -0.2838 0.8734 1.9246, -0.2879 0.873 1.9254, -0.2879 0.8734 1.9254, -0.2916 0.873 1.9265, -0.2916 0.8734 1.9265, -0.2949 0.873 1.9279, -0.2949 0.8734 1.9279, -0.298 0.873 1.9296, -0.298 0.8734 1.9296, -0.2996 0.873 1.9307, -0.2996 0.8734 1.9307, -0.302 0.873 1.9326, -0.302 0.8734 1.9326, -0.3041 0.873 1.9346, -0.3041 0.8734 1.9346, -0.3057 0.873 1.9368, -0.3057 0.8734 1.9368, -0.3071 0.873 1.9392, -0.3071 0.8734 1.9392, -0.3081 0.873 1.9417, -0.3081 0.8734 1.9417, -0.3088 0.873 1.9443, -0.3088 0.8734 1.9443, -0.3092 0.873 1.9472, -0.3092 0.8734 1.9472, -0.3092 0.873 1.9492, -0.3092 0.8734 1.9492, -0.3091 0.873 1.9523, -0.3091 0.8734 1.9523, -0.3086 0.873 1.9551, -0.3086 0.8734 1.9551, -0.3077 0.873 1.9577, -0.3077 0.8734 1.9577, -0.3066 0.873 1.9601, -0.3066 0.8734 1.9601, -0.3051 0.873 1.9623, -0.3051 0.8734 1.9623, -0.3042 0.873 1.9634, -0.3042 0.8734 1.9634, -0.3023 0.873 1.9653, -0.3023 0.8734 1.9653, -0.2999 0.873 1.9671, -0.2999 0.8734 1.9671, -0.2968 0.873 1.9691, -0.2968 0.8734 1.9691, -0.2929 0.873 1.9711, -0.2929 0.8734 1.9711, -0.2881 0.873 1.9732, -0.2881 0.8734 1.9732, -0.2848 0.873 1.9745, -0.2848 0.8734 1.9745, -0.2783 0.873 1.9772, -0.2783 0.8734 1.9772, -0.2742 0.873 1.9792, -0.2742 0.8734 1.9792, -0.2716 0.873 1.9808, -0.2716 0.8734 1.9808, -0.2702 0.873 1.9819, -0.2702 0.8734 1.9819, -0.2689 0.873 1.9832, -0.2689 0.8734 1.9832, -0.268 0.873 1.9847, -0.268 0.8734 1.9847, -0.2673 0.873 1.9865, -0.2673 0.8734 1.9865, -0.267 0.873 1.9884, -0.267 0.8734 1.9884, -0.2669 0.873 1.9899, -0.2669 0.8734 1.9899, -0.2671 0.873 1.9918, -0.2671 0.8734 1.9918, -0.2676 0.873 1.9936, -0.2676 0.8734 1.9936, -0.2685 0.873 1.9952, -0.2685 0.8734 1.9952, -0.2696 0.873 1.9966, -0.2696 0.8734 1.9966, -0.2711 0.873 1.9979, -0.2711 0.8734 1.9979, -0.2715 0.873 1.9982, -0.2715 0.8734 1.9982, -0.2735 0.873 1.9994, -0.2735 0.8734 1.9994, -0.2757 0.873 2.0003, -0.2757 0.8734 2.0003, -0.2782 0.873 2.001, -0.2782 0.8734 2.001, -0.281 0.873 2.0013, -0.281 0.8734 2.0013, -0.2833 0.873 2.0014, -0.2833 0.8734 2.0014, -0.2874 0.873 2.0012, -0.2874 0.8734 2.0012, -0.2912 0.873 2.0007, -0.2912 0.8734 2.0007, -0.2949 0.873 1.9998, -0.2949 0.8734 1.9998, -0.2984 0.873 1.9987, -0.2984 0.8734 1.9987, -0.3018 0.873 1.9971, -0.3018 0.8734 1.9971, -0.3051 0.873 1.9952, -0.3051 0.8734 1.9952, -0.3051 0.8734 2.0098, -0.3051 0.873 2.0098, -0.3012 0.873 2.0112, -0.3012 0.8734 2.0112, -0.2972 0.873 2.0123, -0.2972 0.8734 2.0123, -0.293 0.873 2.0131, -0.293 0.8734 2.0131, -0.2887 0.873 2.0135, -0.2887 0.8734 2.0135, -0.2848 0.873 2.0136, -0.2848 0.8734 2.0136, -0.2804 0.873 2.0135, -0.2804 0.8734 2.0135, -0.2762 0.873 2.0129, -0.2762 0.8734 2.0129, -0.2724 0.873 2.0121, -0.2724 0.8734 2.0121, -0.2688 0.873 2.0109, -0.2688 0.8734 2.0109, -0.2655 0.873 2.0095, -0.2655 0.8734 2.0095, -0.2624 0.873 2.0077, -0.2624 0.8734 2.0077, -0.261 0.873 2.0068, -0.261 0.8734 2.0068, -0.2586 0.873 2.0048, -0.2586 0.8734 2.0048, -0.2565 0.873 2.0027, -0.2565 0.8734 2.0027, -0.2548 0.873 2.0004, -0.2548 0.8734 2.0004, -0.2534 0.873 1.998, -0.2534 0.8734 1.998, -0.2525 0.873 1.9956, -0.2525 0.8734 1.9956, -0.2518 0.873 1.9929, -0.2518 0.8734 1.9929, -0.2515 0.873 1.9901, -0.2515 0.8734 1.9901, -0.2514 0.873 1.9885, -0.2514 0.8734 1.9885, -0.2516 0.873 1.9854, -0.2516 0.8734 1.9854, -0.2521 0.873 1.9825, -0.2521 0.8734 1.9825, -0.253 0.873 1.9798, -0.253 0.8734 1.9798, -0.2541 0.873 1.9773, -0.2541 0.8734 1.9773, -0.2555 0.873 1.9752, -0.2555 0.8734 1.9752, -0.2557 0.873 1.9749, -0.2557 0.8734 1.9749, -0.2572 0.873 1.9732, -0.2572 0.8734 1.9732, -0.2592 0.873 1.9715, -0.2592 0.8734 1.9715, -0.262 0.873 1.9696, -0.262 0.8734 1.9696, -0.2655 0.873 1.9676, -0.2655 0.8734 1.9676, -0.27 0.873 1.9654, -0.27 0.8734 1.9654, -0.2742 0.873 1.9636, -0.2742 0.8734 1.9636, -0.2808 0.873 1.961, -0.2808 0.8734 1.961, -0.2851 0.873 1.9589, -0.2851 0.8734 1.9589, -0.2881 0.873 1.9572, -0.2881 0.8734 1.9572, -0.2899 0.873 1.9559, -0.2899 0.8734 1.9559, -0.2914 0.873 1.9544, -0.2914 0.8734 1.9544, -0.2925 0.873 1.9528, -0.2925 0.8734 1.9528, -0.2933 0.873 1.9511, -0.2933 0.8734 1.9511, -0.2937 0.873 1.9493, -0.2937 0.8734 1.9493, -0.2938 0.873 1.9477, -0.2938 0.8734 1.9477, -0.2936 0.873 1.9456, -0.2936 0.8734 1.9456, -0.2931 0.873 1.9436, -0.2931 0.8734 1.9436, -0.2923 0.873 1.942, -0.2923 0.8734 1.942, -0.2912 0.873 1.9406, -0.2912 0.8734 1.9406, -0.2898 0.873 1.9393, -0.2898 0.8734 1.9393, -0.288 0.873 1.9383, -0.288 0.8734 1.9383, -0.2859 0.873 1.9374, -0.2859 0.8734 1.9374, -0.2833 0.873 1.9368, -0.2833 0.8734 1.9368, -0.2802 0.873 1.9363, -0.2802 0.8734 1.9363, -0.3838 0.8734 2.0117, -0.3994 0.8734 2.0117, -0.3838 0.873 2.0117, -0.3994 0.873 2.0117, -0.3604 0.8734 1.9471, -0.3604 0.873 1.9471, -0.3592 0.873 1.9431, -0.3592 0.8734 1.9431, -0.3586 0.873 1.9401, -0.3586 0.8734 1.9401, -0.3582 0.8734 1.9401, -0.3582 0.873 1.9401, -0.3563 0.8734 1.9472, -0.3563 0.873 1.9472, -0.3339 0.8734 2.0117, -0.3339 0.873 2.0117, -0.3171 0.8734 2.0117, -0.3171 0.873 2.0117, -0.3507 0.8734 1.9261, -0.3507 0.873 1.9261, -0.3441 0.8734 1.9105, -0.3441 0.873 1.9105, -0.3424 0.873 1.9069, -0.3424 0.8734 1.9069, -0.3406 0.873 1.9043, -0.3406 0.8734 1.9043, -0.3385 0.873 1.902, -0.3385 0.8734 1.902, -0.3363 0.873 1.9004, -0.3363 0.8734 1.9004, -0.3339 0.873 1.8992, -0.3339 0.8734 1.8992, -0.3313 0.873 1.8986, -0.3313 0.8734 1.8986, -0.3287 0.873 1.8984, -0.3287 0.8734 1.8984, -0.3255 0.873 1.8986, -0.3255 0.8734 1.8986, -0.3222 0.873 1.8994, -0.3222 0.8734 1.8994, -0.3202 0.873 1.9001, -0.3202 0.8734 1.9001, -0.3202 0.8734 1.8867, -0.3202 0.873 1.8867, -0.3237 0.873 1.8859, -0.3237 0.8734 1.8859, -0.3279 0.873 1.8855, -0.3279 0.8734 1.8855, -0.3299 0.873 1.8855, -0.3299 0.8734 1.8855, -0.3336 0.873 1.8857, -0.3336 0.8734 1.8857, -0.3371 0.873 1.8865, -0.3371 0.8734 1.8865, -0.3404 0.873 1.8877, -0.3404 0.8734 1.8877, -0.3435 0.873 1.8894, -0.3435 0.8734 1.8894, -0.3465 0.873 1.8916, -0.3465 0.8734 1.8916, -0.3495 0.873 1.8944, -0.3495 0.8734 1.8944, -0.3523 0.873 1.8977, -0.3523 0.8734 1.8977, -0.355 0.873 1.9017, -0.355 0.8734 1.9017, -0.3576 0.873 1.9065, -0.3576 0.8734 1.9065, -0.3601 0.873 1.912, -0.3601 0.8734 1.912, -0.3605 0.873 1.9129, -0.3605 0.8734 1.9129, -0.4802 0.8734 1.9396, -0.4802 0.8734 1.9259, -0.4802 0.873 1.9396, -0.4802 0.873 1.9259, -0.4311 0.8734 1.9396, -0.4311 0.873 1.9396, -0.4311 0.8734 1.98, -0.4311 0.873 1.98, -0.4741 0.8734 1.98, -0.4741 0.873 1.98, -0.4741 0.8734 1.9937, -0.4741 0.873 1.9937, -0.4311 0.8734 1.9937, -0.4311 0.873 1.9937, -0.4311 0.8734 2.0322, -0.4311 0.873 2.0322, -0.4775 0.8734 2.0322, -0.4775 0.873 2.0322, -0.4775 0.8734 2.046, -0.4775 0.873 2.046, -0.4156 0.8734 2.046, -0.4156 0.873 2.046, -0.4156 0.8734 1.9259, -0.4156 0.873 1.9259, -0.5582 0.8734 1.9434, -0.5665 0.8734 1.932, -0.5625 0.8734 1.9455, -0.5715 0.8734 1.9345, -0.5665 0.8734 1.9479, -0.5762 0.8734 1.9375, -0.57 0.8734 1.9507, -0.5806 0.8734 1.9409, -0.5716 0.8734 1.9521, -0.5826 0.8734 1.9427, -0.5746 0.8734 1.9554, -0.5864 0.8734 1.9466, -0.5772 0.8734 1.959, -0.5898 0.8734 1.9508, -0.5794 0.8734 1.9629, -0.5927 0.8734 1.9553, -0.5812 0.8734 1.9672, -0.5834 0.8734 1.9986, -0.5984 0.8734 2.0049, -0.5822 0.8734 2.0036, -0.5968 0.8734 2.01, -0.5806 0.8734 2.0081, -0.5946 0.8734 2.0147, -0.5786 0.8734 2.0121, -0.5921 0.8734 2.0191, -0.5762 0.8734 2.0156, -0.5891 0.8734 2.0233, -0.5857 0.8734 2.0272, -0.5734 0.8734 2.0188, -0.5826 0.8734 2.0301, -0.5712 0.8734 2.0209, -0.5781 0.8734 2.0337, -0.5675 0.8734 2.0237, -0.5734 0.8734 2.0368, -0.5635 0.8734 2.0262, -0.5685 0.8734 2.0394, -0.5591 0.8734 2.0282, -0.5633 0.8734 2.0416, -0.5545 0.8734 2.0298, -0.5578 0.8734 2.0434, -0.5494 0.8734 2.031, -0.552 0.8734 2.0447, -0.5439 0.8734 2.0318, -0.5459 0.8734 2.0456, -0.5381 0.8734 2.0322, -0.5394 0.8734 2.046, -0.5366 0.8734 2.0322, -0.5372 0.8734 2.046, -0.5184 0.8734 2.0322, -0.5029 0.8734 2.046, -0.5184 0.8734 1.9396, -0.5029 0.8734 1.9259, -0.5359 0.8734 1.9396, -0.5359 0.8734 1.9259, -0.5422 0.8734 1.9398, -0.5428 0.8734 1.9261, -0.548 0.8734 1.9406, -0.5494 0.8734 1.9269, -0.5534 0.8734 1.9418, -0.5555 0.8734 1.9281, -0.5612 0.8734 1.9298, -0.5951 0.8734 1.9599, -0.5971 0.8734 1.9649, -0.5827 0.8734 1.9719, -0.5987 0.8734 1.9701, -0.5837 0.8734 1.9769, -0.5998 0.8734 1.9757, -0.5843 0.8734 1.9825, -0.6005 0.8734 1.9817, -0.5844 0.8734 1.987, -0.6007 0.8734 1.9875, -0.5841 0.8734 1.9931, -0.6004 0.8734 1.9937, -0.5997 0.8734 1.9995, -0.5675 0.873 2.0237, -0.5781 0.873 2.0337, -0.5712 0.873 2.0209, -0.5826 0.873 2.0301, -0.5734 0.873 2.0188, -0.5857 0.873 2.0272, -0.5762 0.873 2.0156, -0.5891 0.873 2.0233, -0.5786 0.873 2.0121, -0.5921 0.873 2.0191, -0.5806 0.873 2.0081, -0.5946 0.873 2.0147, -0.5822 0.873 2.0036, -0.5625 0.873 1.9455, -0.5665 0.873 1.932, -0.5582 0.873 1.9434, -0.5612 0.873 1.9298, -0.5534 0.873 1.9418, -0.5555 0.873 1.9281, -0.548 0.873 1.9406, -0.5494 0.873 1.9269, -0.5422 0.873 1.9398, -0.5428 0.873 1.9261, -0.5359 0.873 1.9396, -0.5359 0.873 1.9259, -0.5184 0.873 1.9396, -0.5029 0.873 1.9259, -0.5184 0.873 2.0322, -0.5029 0.873 2.046, -0.5366 0.873 2.0322, -0.5372 0.873 2.046, -0.5381 0.873 2.0322, -0.5394 0.873 2.046, -0.5439 0.873 2.0318, -0.5459 0.873 2.0456, -0.5494 0.873 2.031, -0.552 0.873 2.0447, -0.5545 0.873 2.0298, -0.5578 0.873 2.0434, -0.5591 0.873 2.0282, -0.5633 0.873 2.0416, -0.5635 0.873 2.0262, -0.5685 0.873 2.0394, -0.5734 0.873 2.0368, -0.5827 0.873 1.9719, -0.5971 0.873 1.9649, -0.5812 0.873 1.9672, -0.5951 0.873 1.9599, -0.5794 0.873 1.9629, -0.5927 0.873 1.9553, -0.5772 0.873 1.959, -0.5898 0.873 1.9508, -0.5746 0.873 1.9554, -0.5864 0.873 1.9466, -0.5716 0.873 1.9521, -0.5826 0.873 1.9427, -0.57 0.873 1.9507, -0.5806 0.873 1.9409, -0.5665 0.873 1.9479, -0.5762 0.873 1.9375, -0.5715 0.873 1.9345, -0.5968 0.873 2.01, -0.5984 0.873 2.0049, -0.5834 0.873 1.9986, -0.5997 0.873 1.9995, -0.5841 0.873 1.9931, -0.6004 0.873 1.9937, -0.5844 0.873 1.987, -0.6007 0.873 1.9875, -0.5843 0.873 1.9825, -0.6005 0.873 1.9817, -0.5837 0.873 1.9769, -0.5998 0.873 1.9757, -0.5987 0.873 1.9701, -0.6409 0.8734 1.9723, -0.6589 0.8734 2.0222, -0.6531 0.8734 2.046, -0.6074 0.8734 1.9259, -0.6245 0.8734 1.9259, -0.636 0.8734 1.9587, -0.6599 0.8734 2.0258, -0.6609 0.8734 2.0306, -0.6697 0.8734 2.046, -0.6612 0.8734 2.0306, -0.6622 0.8734 2.0256, -0.6631 0.8734 2.0222, -0.6813 0.8734 1.9723, -0.7154 0.8734 1.9259, -0.6983 0.8734 1.9259, -0.686 0.8734 1.9587, -0.636 0.873 1.9587, -0.6409 0.873 1.9723, -0.686 0.873 1.9587, -0.6813 0.873 1.9723, -0.6631 0.873 2.0222, -0.6697 0.873 2.046, -0.7154 0.873 1.9259, -0.6983 0.873 1.9259, -0.6622 0.873 2.0256, -0.6612 0.873 2.0306, -0.6531 0.873 2.046, -0.6609 0.873 2.0306, -0.6599 0.873 2.0258, -0.6589 0.873 2.0222, -0.6074 0.873 1.9259, -0.6245 0.873 1.9259, 0.4347 0.8734 1.8931, 0.4253 0.8734 1.8853, 0.4551 0.8734 1.9844, 0.3819 0.8734 2.1389, 0.3757 0.8734 2.1355, 0.4022 0.8734 2.1979, 0.3258 0.8734 2.199, 0.3113 0.8734 2.2069, 0.3379 0.8734 2.2513, 0.156 0.8734 2.1552, 0.149 0.8734 2.1401, 0.0999 0.8734 2.1569, 0.1441 0.8734 2.1242, 0.1417 0.8734 2.1108, 0.1093 0.8734 1.9824, 0.1212 0.8734 1.9787, 0.1085 0.8734 1.928, 0.456 0.8734 1.9272, 0.4508 0.8734 1.9147, 0.4436 0.8734 1.9033, 0.1699 0.8734 2.0262, 0.1964 0.8734 2.0715, 0.2895 0.8734 1.963, 0.3108 0.8734 2.0117, 0.2895 0.8734 1.9545, 0.3357 0.8734 1.8787, 0.2902 0.8734 1.9436, 0.3241 0.8734 1.8859, 0.3145 0.8734 1.8942, 0.3451 0.8734 1.9668, 0.3428 0.8734 1.959, 0.3425 0.8734 1.9507, 0.3444 0.8734 1.9425, 0.3481 0.8734 1.935, 0.4022 0.8734 1.9738, 0.4513 0.8734 1.9932, 0.4064 0.8734 1.9666, 0.4087 0.8734 1.9585, 0.4456 0.8734 2.1447, 0.4566 0.8734 2.1951, 0.4732 0.8734 2.1896, 0.398 0.8734 1.9289, 0.3912 0.8734 1.9242, 0.4134 0.8734 1.8781, 0.3834 0.8734 1.9212, 0.1247 0.8734 1.9255, 0.1298 0.8734 1.9776, 0.175 0.8734 1.9255, 0.1682 0.8734 1.9776, 0.1793 0.8734 1.9261, 0.3198 0.8734 2.2589, 0.2958 0.8734 2.2126, 0.3011 0.8734 2.2643, 0.4674 0.8734 1.9913, 0.482 0.8734 1.9366, 0.4656 0.8734 1.93, 0.4586 0.8734 2.1395, 0.4891 0.8734 2.182, 0.4706 0.8734 2.1323, 0.5041 0.8734 2.1724, 0.4813 0.8734 2.1233, 0.3055 0.8734 1.9048, 0.2983 0.8734 1.9168, 0.2931 0.8734 1.9298, 0.3704 0.8734 2.0406, 0.3749 0.8734 2.0407, 0.3757 0.8734 1.987, 0.3884 0.8734 2.0396, 0.3838 0.8734 1.986, 0.4014 0.8734 2.0364, 0.3912 0.8734 1.9831, 0.3574 0.8734 2.039, 0.3699 0.8734 1.9864, 0.344 0.8734 2.0351, 0.3619 0.8734 1.9839, 0.3316 0.8734 2.0291, 0.3548 0.8734 1.9795, 0.3205 0.8734 2.0212, 0.4138 0.8734 2.0312, 0.4243 0.8734 2.0247, 0.3979 0.8734 1.9784, 0.4349 0.8734 2.0158, 0.444 0.8734 2.0052, 0.0711 0.8734 2.0633, 0.0259 0.8734 2.0913, 0.0758 0.8734 2.0748, 0.0336 0.8734 2.1056, 0.0825 0.8734 2.0852, 0.0433 0.8734 2.119, 0.0909 0.8734 2.0941, 0.0548 0.8734 2.1309, 0.1007 0.8734 2.1013, 0.4881 0.8734 2.0103, 0.5243 0.8734 1.9682, 0.4785 0.8734 1.9999, 0.5113 0.8734 1.9557, 0.4972 0.8734 1.9451, 0.4394 0.8734 2.1985, 0.4319 0.8734 2.1476, 0.4218 0.8734 2.1996, 0.421 0.8734 2.1483, 0.412 0.8734 2.199, 0.4077 0.8734 2.1472, 0.3947 0.8734 2.1441, 0.4034 0.8734 1.9352, 0.407 0.8734 1.9422, 0.4088 0.8734 1.9502, 0.0931 0.8734 1.9326, 0.0784 0.8734 1.9393, 0.0985 0.8734 1.9881, 0.0645 0.8734 1.9481, 0.0889 0.8734 1.9957, 0.0519 0.8734 1.9589, 0.085 0.8734 1.9997, 0.0469 0.8734 1.9639, 0.0778 0.8734 2.0095, 0.3554 0.8734 2.2416, 0.3646 0.8734 2.2354, 0.3391 0.8734 2.1893, 0.3782 0.8734 2.2245, 0.3509 0.8734 2.1779, 0.3905 0.8734 2.212, 0.3611 0.8734 2.165, 0.3693 0.8734 2.1508, 0.1074 0.8734 2.174, 0.1168 0.8734 2.1903, 0.1651 0.8734 2.1691, 0.1284 0.8734 2.2059, 0.1759 0.8734 2.1817, 0.505 0.8734 2.0476, 0.5557 0.8734 2.0266, 0.5013 0.8734 2.0341, 0.5502 0.8734 2.0098, 0.4954 0.8734 2.0213, 0.5426 0.8734 1.9938, 0.5329 0.8734 1.9788, 0.3491 0.8734 1.9736, 0.4004 0.8734 1.8729, 0.3866 0.8734 1.8699, 0.3757 0.8734 1.9203, 0.3749 0.8734 1.8691, 0.3675 0.8734 1.9213, 0.0694 0.8734 2.0319, 0.0156 0.8734 2.0376, 0.0683 0.8734 2.0442, 0.0154 0.8734 2.045, 0.0687 0.8734 2.0511, 0.0167 0.8734 2.061, 0.0202 0.8734 2.0764, 0.0368 0.8734 1.9766, 0.0285 0.8734 1.9904, 0.0726 0.8734 2.0203, 0.0221 0.8734 2.0054, 0.0177 0.8734 2.0212, 0.3536 0.8734 1.9288, 0.3601 0.8734 1.9242, 0.3481 0.8734 1.8734, 0.3612 0.8734 1.8702, 0.1724 0.8734 1.9783, 0.1931 0.8734 1.9346, 0.1906 0.8734 1.932, 0.2621 0.8734 2.2687, 0.2613 0.8734 2.2175, 0.2562 0.8734 2.2686, 0.245 0.8734 2.2164, 0.4968 0.8734 2.1021, 0.5491 0.8734 2.1154, 0.502 0.8734 2.0897, 0.555 0.8734 2.0988, 0.5053 0.8734 2.0766, 0.5587 0.8734 2.0815, 0.5064 0.8734 2.063, 0.5601 0.8734 2.0648, 0.5063 0.8734 2.0605, 0.5602 0.8734 2.0612, 0.559 0.8734 2.0437, 0.1349 0.8734 2.1108, 0.1228 0.8734 2.1097, 0.0967 0.8734 2.1558, 0.1114 0.8734 2.1065, 0.0824 0.8734 2.1498, 0.068 0.8734 2.1413, 0.1998 0.8734 1.9519, 0.199 0.8734 1.9458, 0.1968 0.8734 1.94, 0.1698 0.8734 1.9778, 0.185 0.8734 1.9282, 0.2819 0.8734 2.2676, 0.2795 0.8734 2.2162, 0.2638 0.8734 2.2175, 0.1797 0.8734 1.9776, 0.1856 0.8734 1.9754, 0.1997 0.8734 1.9545, 0.1909 0.8734 1.9717, 0.195 0.8734 1.967, 0.1982 0.8734 1.961, 0.517 0.8734 2.1615, 0.52 0.8734 2.1586, 0.4895 0.8734 2.1137, 0.5316 0.8734 2.1455, 0.5413 0.8734 2.1311, 0.1733 0.8734 1.9784, 0.1421 0.8734 2.2206, 0.146 0.8734 2.2243, 0.1864 0.8734 2.1911, 0.1622 0.8734 2.237, 0.1998 0.8734 2.2005, 0.1796 0.8734 2.2476, 0.2142 0.8734 2.2078, 0.198 0.8734 2.2562, 0.2293 0.8734 2.2132, 0.217 0.8734 2.2626, 0.2365 0.8734 2.2668, 0.1964 0.873 2.0715, 0.1699 0.873 2.0262, 0.3108 0.873 2.0117, 0.2895 0.873 1.963, 0.3357 0.873 1.8787, 0.4881 0.873 2.0103, 0.4785 0.873 1.9999, 0.456 0.873 1.9272, 0.4954 0.873 2.0213, 0.2895 0.873 1.9545, 0.2902 0.873 1.9436, 0.3241 0.873 1.8859, 0.3145 0.873 1.8942, 0.4551 0.873 1.9844, 0.4347 0.873 1.8931, 0.4436 0.873 1.9033, 0.3693 0.873 2.1508, 0.3757 0.873 2.1355, 0.4022 0.873 2.1979, 0.3819 0.873 2.1389, 0.4586 0.873 2.1395, 0.4732 0.873 2.1896, 0.4456 0.873 2.1447, 0.4566 0.873 2.1951, 0.4319 0.873 2.1476, 0.4394 0.873 2.1985, 0.421 0.873 2.1483, 0.3113 0.873 2.2069, 0.3258 0.873 2.199, 0.3554 0.873 2.2416, 0.3757 0.873 1.9203, 0.3675 0.873 1.9213, 0.3612 0.873 1.8702, 0.3481 0.873 1.935, 0.3444 0.873 1.9425, 0.3425 0.873 1.9507, 0.3428 0.873 1.959, 0.4508 0.873 1.9147, 0.4674 0.873 1.9913, 0.3947 0.873 2.1441, 0.4077 0.873 2.1472, 0.412 0.873 2.199, 0.4218 0.873 2.1996, 0.1651 0.873 2.1691, 0.1168 0.873 2.1903, 0.156 0.873 2.1552, 0.1074 0.873 2.174, 0.149 0.873 2.1401, 0.0999 0.873 2.1569, 0.1441 0.873 2.1242, 0.3646 0.873 2.2354, 0.3391 0.873 2.1893, 0.3782 0.873 2.2245, 0.1114 0.873 2.1065, 0.1228 0.873 2.1097, 0.3481 0.873 1.8734, 0.3601 0.873 1.9242, 0.3536 0.873 1.9288, 0.4253 0.873 1.8853, 0.4088 0.873 1.9502, 0.407 0.873 1.9422, 0.3749 0.873 1.8691, 0.3866 0.873 1.8699, 0.3834 0.873 1.9212, 0.4004 0.873 1.8729, 0.3912 0.873 1.9242, 0.4134 0.873 1.8781, 0.398 0.873 1.9289, 0.4034 0.873 1.9352, 0.2931 0.873 1.9298, 0.2983 0.873 1.9168, 0.3055 0.873 1.9048, 0.3905 0.873 2.212, 0.3509 0.873 2.1779, 0.3611 0.873 2.165, 0.0726 0.873 2.0203, 0.0285 0.873 1.9904, 0.0778 0.873 2.0095, 0.0368 0.873 1.9766, 0.085 0.873 1.9997, 0.0469 0.873 1.9639, 0.0889 0.873 1.9957, 0.0519 0.873 1.9589, 0.0985 0.873 1.9881, 0.0758 0.873 2.0748, 0.0259 0.873 2.0913, 0.0711 0.873 2.0633, 0.0202 0.873 2.0764, 0.0687 0.873 2.0511, 0.0167 0.873 2.061, 0.0683 0.873 2.0442, 0.1349 0.873 2.1108, 0.1417 0.873 2.1108, 0.502 0.873 2.0897, 0.5491 0.873 2.1154, 0.4968 0.873 2.1021, 0.5413 0.873 2.1311, 0.4895 0.873 2.1137, 0.5013 0.873 2.0341, 0.5557 0.873 2.0266, 0.505 0.873 2.0476, 0.559 0.873 2.0437, 0.5063 0.873 2.0605, 0.5602 0.873 2.0612, 0.5064 0.873 2.063, 0.5601 0.873 2.0648, 0.5053 0.873 2.0766, 0.5587 0.873 2.0815, 0.555 0.873 2.0988, 0.5243 0.873 1.9682, 0.5329 0.873 1.9788, 0.3451 0.873 1.9668, 0.3491 0.873 1.9736, 0.3205 0.873 2.0212, 0.3548 0.873 1.9795, 0.3316 0.873 2.0291, 0.3619 0.873 1.9839, 0.344 0.873 2.0351, 0.3574 0.873 2.039, 0.3699 0.873 1.9864, 0.3704 0.873 2.0406, 0.3757 0.873 1.987, 0.3749 0.873 2.0407, 0.3884 0.873 2.0396, 0.3838 0.873 1.986, 0.4014 0.873 2.0364, 0.4138 0.873 2.0312, 0.3912 0.873 1.9831, 0.4243 0.873 2.0247, 0.3979 0.873 1.9784, 0.4349 0.873 2.0158, 0.444 0.873 2.0052, 0.4022 0.873 1.9738, 0.4513 0.873 1.9932, 0.4064 0.873 1.9666, 0.4087 0.873 1.9585, 0.5316 0.873 2.1455, 0.52 0.873 2.1586, 0.4813 0.873 2.1233, 0.517 0.873 2.1615, 0.4706 0.873 2.1323, 0.5041 0.873 2.1724, 0.4891 0.873 2.182, 0.5426 0.873 1.9938, 0.5502 0.873 2.0098, 0.1906 0.873 1.932, 0.1931 0.873 1.9346, 0.1724 0.873 1.9783, 0.1968 0.873 1.94, 0.0154 0.873 2.045, 0.0156 0.873 2.0376, 0.0694 0.873 2.0319, 0.0177 0.873 2.0212, 0.0221 0.873 2.0054, 0.0967 0.873 2.1558, 0.0824 0.873 2.1498, 0.1007 0.873 2.1013, 0.068 0.873 2.1413, 0.0909 0.873 2.0941, 0.0548 0.873 2.1309, 0.0825 0.873 2.0852, 0.0433 0.873 2.119, 0.0336 0.873 2.1056, 0.0645 0.873 1.9481, 0.0784 0.873 1.9393, 0.1093 0.873 1.9824, 0.0931 0.873 1.9326, 0.1212 0.873 1.9787, 0.1085 0.873 1.928, 0.1298 0.873 1.9776, 0.1247 0.873 1.9255, 0.1682 0.873 1.9776, 0.175 0.873 1.9255, 0.1698 0.873 1.9778, 0.1793 0.873 1.9261, 0.185 0.873 1.9282, 0.199 0.873 1.9458, 0.1998 0.873 1.9519, 0.1997 0.873 1.9545, 0.4656 0.873 1.93, 0.482 0.873 1.9366, 0.1982 0.873 1.961, 0.195 0.873 1.967, 0.1909 0.873 1.9717, 0.1856 0.873 1.9754, 0.4972 0.873 1.9451, 0.5113 0.873 1.9557, 0.1864 0.873 2.1911, 0.146 0.873 2.2243, 0.1759 0.873 2.1817, 0.1421 0.873 2.2206, 0.1284 0.873 2.2059, 0.3379 0.873 2.2513, 0.3198 0.873 2.2589, 0.2958 0.873 2.2126, 0.3011 0.873 2.2643, 0.2795 0.873 2.2162, 0.2819 0.873 2.2676, 0.2638 0.873 2.2175, 0.2621 0.873 2.2687, 0.2613 0.873 2.2175, 0.2562 0.873 2.2686, 0.245 0.873 2.2164, 0.2365 0.873 2.2668, 0.2293 0.873 2.2132, 0.217 0.873 2.2626, 0.2142 0.873 2.2078, 0.198 0.873 2.2562, 0.1998 0.873 2.2005, 0.1796 0.873 2.2476, 0.1622 0.873 2.237, 0.1797 0.873 1.9776, 0.1733 0.873 1.9784
            ]
        }
        coordIndex [
            0,1,2,-1,2,1,3,-1,4,0,5,-1,5,0,2,-1,6,4,7,-1,7,4,5,-1,8,6,9,-1,9,6,7,-1,10,8,11,-1,11,8,9,-1,1,10,3,-1,3,10,11,-1,6,8,4,-1,4,8,10,-1,4,10,0,-1,0,10,1,-1,2,3,5,-1,5,3,11,-1,5,11,7,-1,7,11,9,-1,12,13,14,-1,12,14,15,-1,15,14,16,-1,15,16,17,-1,17,16,18,-1,17,18,19,-1,19,18,20,-1,19,20,21,-1,21,20,22,-1,21,22,23,-1,23,22,24,-1,23,24,25,-1,26,25,27,-1,27,25,24,-1,26,27,28,-1,26,28,29,-1,29,28,30,-1,29,30,31,-1,31,30,32,-1,31,32,33,-1,33,32,34,-1,33,34,35,-1,35,34,36,-1,35,36,37,-1,37,36,38,-1,37,38,39,-1,39,38,40,-1,39,40,41,-1,41,40,42,-1,41,42,43,-1,43,42,44,-1,43,44,45,-1,45,44,46,-1,45,46,47,-1,47,46,48,-1,47,48,49,-1,49,48,50,-1,49,50,51,-1,51,50,52,-1,51,52,53,-1,53,52,54,-1,53,54,55,-1,55,54,56,-1,55,56,57,-1,57,56,58,-1,57,58,59,-1,59,58,60,-1,59,60,61,-1,61,60,62,-1,61,62,63,-1,63,62,64,-1,63,64,65,-1,65,64,66,-1,65,66,67,-1,67,66,68,-1,67,68,69,-1,69,68,70,-1,69,70,71,-1,71,70,72,-1,71,72,73,-1,73,72,74,-1,73,74,75,-1,75,74,76,-1,75,76,77,-1,77,76,78,-1,77,78,79,-1,79,78,80,-1,79,80,81,-1,81,80,82,-1,81,82,83,-1,83,82,84,-1,83,84,85,-1,85,84,86,-1,85,86,87,-1,87,86,88,-1,87,88,89,-1,89,88,90,-1,89,90,91,-1,91,90,92,-1,91,92,93,-1,93,92,94,-1,93,94,95,-1,95,94,96,-1,95,96,97,-1,97,96,98,-1,97,98,99,-1,99,98,100,-1,99,100,101,-1,101,100,102,-1,101,102,103,-1,103,102,104,-1,103,104,105,-1,105,104,106,-1,105,106,107,-1,107,106,108,-1,107,108,109,-1,109,108,110,-1,109,110,111,-1,111,110,112,-1,111,112,113,-1,113,112,114,-1,113,114,115,-1,116,115,117,-1,117,115,114,-1,116,117,118,-1,116,118,119,-1,119,118,120,-1,119,120,121,-1,121,120,122,-1,121,122,123,-1,123,122,124,-1,123,124,125,-1,125,124,126,-1,125,126,127,-1,127,126,128,-1,127,128,129,-1,129,128,130,-1,129,130,131,-1,131,130,132,-1,131,132,133,-1,133,132,134,-1,133,134,135,-1,135,134,136,-1,135,136,137,-1,137,136,138,-1,137,138,139,-1,139,138,140,-1,139,140,141,-1,141,140,142,-1,141,142,143,-1,143,142,144,-1,143,144,145,-1,145,144,146,-1,145,146,147,-1,147,146,148,-1,147,148,149,-1,149,148,150,-1,149,150,151,-1,151,150,152,-1,151,152,153,-1,153,152,154,-1,153,154,155,-1,155,154,156,-1,155,156,157,-1,157,156,158,-1,157,158,159,-1,159,158,160,-1,159,160,161,-1,161,160,162,-1,161,162,163,-1,163,162,164,-1,163,164,165,-1,165,164,166,-1,165,166,167,-1,167,166,168,-1,167,168,169,-1,169,168,170,-1,169,170,171,-1,171,170,172,-1,171,172,173,-1,173,172,174,-1,173,174,175,-1,175,174,176,-1,175,176,177,-1,177,176,178,-1,177,178,179,-1,179,178,180,-1,179,180,181,-1,181,180,182,-1,181,182,183,-1,183,182,184,-1,183,184,185,-1,185,184,186,-1,185,186,187,-1,187,186,188,-1,187,188,189,-1,189,188,190,-1,189,190,191,-1,191,190,192,-1,191,192,193,-1,193,192,194,-1,193,194,195,-1,195,194,196,-1,195,196,197,-1,197,196,13,-1,197,13,12,-1,113,115,116,-1,57,177,179,-1,57,179,55,-1,55,179,181,-1,55,181,53,-1,53,181,183,-1,53,183,51,-1,51,183,185,-1,51,185,49,-1,49,185,187,-1,49,187,47,-1,33,21,31,-1,31,21,23,-1,31,23,29,-1,29,23,25,-1,29,25,26,-1,187,189,47,-1,47,189,191,-1,47,191,45,-1,45,191,193,-1,45,193,43,-1,43,193,195,-1,43,195,41,-1,41,195,197,-1,41,197,39,-1,39,197,12,-1,39,12,37,-1,37,12,15,-1,37,15,35,-1,35,15,17,-1,35,17,33,-1,33,17,19,-1,33,19,21,-1,89,143,87,-1,87,143,145,-1,87,145,85,-1,85,145,147,-1,85,147,83,-1,83,147,149,-1,83,149,81,-1,81,149,151,-1,81,151,79,-1,79,151,153,-1,79,153,77,-1,77,153,155,-1,77,155,75,-1,113,116,111,-1,111,116,119,-1,111,119,109,-1,109,119,121,-1,109,121,107,-1,107,121,123,-1,107,123,105,-1,105,123,125,-1,105,125,103,-1,103,125,127,-1,103,127,101,-1,101,127,129,-1,101,129,99,-1,99,129,131,-1,99,131,97,-1,97,131,133,-1,97,133,95,-1,95,133,135,-1,95,135,93,-1,93,135,137,-1,93,137,91,-1,91,137,139,-1,91,139,89,-1,89,139,141,-1,89,141,143,-1,177,57,175,-1,175,57,59,-1,175,59,173,-1,173,59,61,-1,173,61,171,-1,171,61,63,-1,171,63,169,-1,169,63,65,-1,169,65,167,-1,167,65,165,-1,165,65,67,-1,165,67,163,-1,155,157,75,-1,75,157,159,-1,75,159,73,-1,73,159,161,-1,73,161,71,-1,71,161,163,-1,71,163,69,-1,69,163,67,-1,28,27,24,-1,28,24,30,-1,44,190,46,-1,46,190,188,-1,46,188,48,-1,48,188,186,-1,48,186,50,-1,50,186,184,-1,50,184,52,-1,52,184,182,-1,52,182,54,-1,114,112,117,-1,117,112,110,-1,117,110,118,-1,118,110,108,-1,182,180,54,-1,54,180,178,-1,54,178,56,-1,56,178,176,-1,56,176,58,-1,58,176,174,-1,58,174,60,-1,60,174,172,-1,60,172,62,-1,24,22,30,-1,30,22,20,-1,30,20,32,-1,32,20,18,-1,32,18,34,-1,34,18,16,-1,34,16,36,-1,36,16,14,-1,36,14,38,-1,38,14,13,-1,38,13,40,-1,40,13,196,-1,40,196,42,-1,42,196,194,-1,42,194,44,-1,44,194,192,-1,44,192,190,-1,82,146,84,-1,84,146,144,-1,84,144,86,-1,86,144,142,-1,86,142,88,-1,88,142,140,-1,88,140,90,-1,90,140,138,-1,90,138,92,-1,92,138,136,-1,92,136,94,-1,94,136,134,-1,94,134,96,-1,96,134,132,-1,96,132,98,-1,98,132,130,-1,98,130,100,-1,100,130,128,-1,100,128,102,-1,102,128,126,-1,102,126,104,-1,104,126,124,-1,104,124,106,-1,106,124,122,-1,106,122,108,-1,108,122,120,-1,108,120,118,-1,162,160,72,-1,72,160,158,-1,72,158,74,-1,74,158,156,-1,74,156,76,-1,76,156,154,-1,76,154,78,-1,78,154,152,-1,78,152,80,-1,80,152,150,-1,80,150,82,-1,82,150,148,-1,82,148,146,-1,172,170,62,-1,62,170,168,-1,62,168,64,-1,64,168,166,-1,64,166,66,-1,66,166,164,-1,66,164,68,-1,68,164,162,-1,68,162,70,-1,70,162,72,-1,198,199,200,-1,200,199,201,-1,202,198,203,-1,203,198,200,-1,204,202,205,-1,205,202,203,-1,206,204,207,-1,207,204,205,-1,208,206,209,-1,209,206,207,-1,210,208,211,-1,211,208,209,-1,212,210,213,-1,213,210,211,-1,214,212,215,-1,215,212,213,-1,216,214,217,-1,217,214,215,-1,218,216,219,-1,219,216,217,-1,220,218,221,-1,221,218,219,-1,199,220,201,-1,201,220,221,-1,220,199,198,-1,198,202,220,-1,220,202,204,-1,220,204,218,-1,214,216,212,-1,212,216,218,-1,212,218,210,-1,210,218,204,-1,210,204,208,-1,208,204,206,-1,200,201,203,-1,203,201,221,-1,203,221,205,-1,217,215,219,-1,219,215,213,-1,219,213,211,-1,209,207,211,-1,211,207,205,-1,211,205,219,-1,219,205,221,-1,222,223,224,-1,224,223,225,-1,224,225,226,-1,226,225,227,-1,226,227,228,-1,228,227,229,-1,228,229,230,-1,230,229,231,-1,230,231,232,-1,232,231,233,-1,232,233,234,-1,234,233,235,-1,234,235,236,-1,236,235,237,-1,236,237,238,-1,239,240,241,-1,241,240,242,-1,241,242,243,-1,243,242,244,-1,243,244,245,-1,245,244,246,-1,245,246,247,-1,246,248,247,-1,247,248,249,-1,247,249,250,-1,250,249,251,-1,250,251,252,-1,252,251,253,-1,252,253,254,-1,254,253,255,-1,254,255,256,-1,256,255,257,-1,256,257,258,-1,258,257,259,-1,258,259,260,-1,260,259,261,-1,260,261,262,-1,262,261,263,-1,262,263,264,-1,264,263,265,-1,264,265,266,-1,266,265,267,-1,266,267,268,-1,268,267,269,-1,268,269,270,-1,270,269,271,-1,270,271,272,-1,272,271,273,-1,272,273,274,-1,274,273,275,-1,274,275,276,-1,276,275,277,-1,276,277,278,-1,278,277,279,-1,278,279,280,-1,280,279,281,-1,280,281,222,-1,222,281,282,-1,222,282,223,-1,237,283,238,-1,238,283,284,-1,238,284,285,-1,285,284,286,-1,285,286,287,-1,287,286,288,-1,287,288,289,-1,289,288,290,-1,289,290,291,-1,291,290,292,-1,291,292,293,-1,293,292,294,-1,293,294,239,-1,239,294,295,-1,239,295,240,-1,296,297,298,-1,298,297,299,-1,298,299,300,-1,300,299,301,-1,300,301,302,-1,302,301,303,-1,302,303,304,-1,304,303,305,-1,304,305,306,-1,306,305,307,-1,306,307,308,-1,309,310,311,-1,311,310,312,-1,311,312,313,-1,313,312,314,-1,313,314,315,-1,315,314,316,-1,315,316,317,-1,317,316,318,-1,317,318,319,-1,319,318,320,-1,319,320,321,-1,321,320,322,-1,321,322,323,-1,323,322,324,-1,323,324,325,-1,325,324,326,-1,325,326,327,-1,327,326,328,-1,327,328,329,-1,329,328,330,-1,329,330,331,-1,331,330,332,-1,331,332,333,-1,333,332,334,-1,333,334,335,-1,335,334,336,-1,335,336,337,-1,337,336,338,-1,337,338,296,-1,296,338,339,-1,296,339,297,-1,340,341,342,-1,342,341,343,-1,342,343,344,-1,344,343,345,-1,344,345,346,-1,346,345,347,-1,346,347,348,-1,348,347,349,-1,348,349,350,-1,350,349,351,-1,350,351,352,-1,352,351,353,-1,352,353,354,-1,354,353,355,-1,354,355,309,-1,309,355,356,-1,309,356,310,-1,307,357,308,-1,308,357,358,-1,308,358,359,-1,359,358,360,-1,359,360,361,-1,361,360,362,-1,361,362,363,-1,363,362,364,-1,363,364,365,-1,365,364,366,-1,365,366,367,-1,367,366,368,-1,367,368,340,-1,340,368,369,-1,340,369,341,-1,275,273,320,-1,320,273,322,-1,275,320,318,-1,275,318,277,-1,277,318,316,-1,277,316,279,-1,279,316,314,-1,279,314,281,-1,281,314,312,-1,281,312,282,-1,282,312,310,-1,282,310,223,-1,223,310,356,-1,223,356,225,-1,225,356,355,-1,225,355,227,-1,227,355,353,-1,227,353,229,-1,229,353,351,-1,229,351,231,-1,231,351,349,-1,231,349,233,-1,233,349,347,-1,233,347,235,-1,235,347,345,-1,235,345,237,-1,237,345,343,-1,237,343,283,-1,283,343,341,-1,283,341,284,-1,284,341,369,-1,284,369,286,-1,286,369,368,-1,286,368,288,-1,288,368,366,-1,288,366,290,-1,290,366,364,-1,290,364,292,-1,292,364,362,-1,292,362,294,-1,294,362,360,-1,294,360,295,-1,295,360,358,-1,295,358,240,-1,240,358,357,-1,240,357,242,-1,242,357,307,-1,242,307,244,-1,244,307,305,-1,244,305,246,-1,246,305,303,-1,246,303,248,-1,248,303,301,-1,248,301,249,-1,249,301,299,-1,249,299,251,-1,251,299,297,-1,251,297,253,-1,253,297,339,-1,253,339,255,-1,255,339,338,-1,255,338,257,-1,257,338,336,-1,257,336,259,-1,259,336,334,-1,259,334,261,-1,261,334,332,-1,261,332,263,-1,263,332,330,-1,263,330,265,-1,265,330,328,-1,265,328,267,-1,267,328,326,-1,267,326,269,-1,271,269,324,-1,324,269,326,-1,273,271,322,-1,322,271,324,-1,268,270,325,-1,325,270,323,-1,270,272,323,-1,323,272,321,-1,272,274,321,-1,321,274,319,-1,230,350,352,-1,230,352,228,-1,228,352,354,-1,228,354,226,-1,226,354,309,-1,226,309,224,-1,224,309,311,-1,224,311,222,-1,222,311,313,-1,222,313,280,-1,280,313,315,-1,280,315,278,-1,278,315,317,-1,278,317,276,-1,276,317,319,-1,276,319,274,-1,291,363,365,-1,291,365,289,-1,289,365,367,-1,289,367,287,-1,287,367,340,-1,287,340,285,-1,285,340,342,-1,285,342,238,-1,238,342,344,-1,238,344,236,-1,236,344,346,-1,236,346,234,-1,234,346,348,-1,234,348,232,-1,232,348,350,-1,232,350,230,-1,252,298,300,-1,252,300,250,-1,250,300,302,-1,250,302,247,-1,247,302,304,-1,247,304,245,-1,245,304,306,-1,245,306,243,-1,243,306,308,-1,243,308,241,-1,241,308,359,-1,241,359,239,-1,239,359,361,-1,239,361,293,-1,293,361,363,-1,293,363,291,-1,268,325,327,-1,268,327,266,-1,266,327,329,-1,266,329,264,-1,264,329,331,-1,264,331,262,-1,262,331,333,-1,262,333,260,-1,260,333,335,-1,260,335,258,-1,258,335,337,-1,258,337,256,-1,256,337,296,-1,256,296,254,-1,254,296,298,-1,254,298,252,-1,370,371,372,-1,373,374,375,-1,371,376,372,-1,372,376,377,-1,372,377,378,-1,378,377,379,-1,378,379,380,-1,380,381,378,-1,378,381,382,-1,378,382,383,-1,384,383,385,-1,385,383,382,-1,385,382,375,-1,375,382,370,-1,375,370,373,-1,373,370,372,-1,386,387,388,-1,388,387,389,-1,390,391,389,-1,389,391,392,-1,389,392,388,-1,388,392,393,-1,390,394,391,-1,391,394,395,-1,391,395,396,-1,396,395,397,-1,396,397,398,-1,398,399,396,-1,396,399,387,-1,396,387,400,-1,400,387,386,-1,400,386,401,-1,378,383,391,-1,391,383,392,-1,372,378,396,-1,396,378,391,-1,373,372,400,-1,400,372,396,-1,374,373,401,-1,401,373,400,-1,375,374,386,-1,386,374,401,-1,385,375,388,-1,388,375,386,-1,384,385,393,-1,393,385,388,-1,383,384,392,-1,392,384,393,-1,370,382,387,-1,387,382,389,-1,382,381,389,-1,389,381,390,-1,379,395,394,-1,379,394,380,-1,380,394,390,-1,380,390,381,-1,379,377,395,-1,395,377,397,-1,371,399,398,-1,371,398,376,-1,376,398,397,-1,376,397,377,-1,371,370,399,-1,399,370,387,-1,402,403,404,-1,404,403,405,-1,406,402,407,-1,407,402,404,-1,408,406,409,-1,409,406,407,-1,410,408,411,-1,411,408,409,-1,412,410,413,-1,413,410,411,-1,414,412,415,-1,415,412,413,-1,416,414,417,-1,417,414,415,-1,418,416,419,-1,419,416,417,-1,420,418,421,-1,421,418,419,-1,422,420,423,-1,423,420,421,-1,424,422,425,-1,425,422,423,-1,403,424,405,-1,405,424,425,-1,418,420,416,-1,416,420,422,-1,416,422,414,-1,403,402,424,-1,424,402,406,-1,424,406,408,-1,410,412,408,-1,408,412,414,-1,408,414,424,-1,424,414,422,-1,423,421,419,-1,419,417,423,-1,423,417,415,-1,423,415,425,-1,404,405,407,-1,407,405,425,-1,407,425,409,-1,409,425,415,-1,409,415,411,-1,411,415,413,-1,426,427,428,-1,428,427,429,-1,430,431,432,-1,432,431,433,-1,432,433,434,-1,434,433,435,-1,434,435,436,-1,437,438,439,-1,440,441,442,-1,443,444,445,-1,426,428,446,-1,446,428,447,-1,446,447,448,-1,449,450,451,-1,451,450,439,-1,451,439,452,-1,452,439,438,-1,453,454,455,-1,455,454,456,-1,455,456,430,-1,430,456,457,-1,430,457,431,-1,443,458,444,-1,444,458,459,-1,444,459,460,-1,460,459,461,-1,460,461,462,-1,448,463,446,-1,446,463,464,-1,446,464,465,-1,465,464,466,-1,465,466,445,-1,445,466,467,-1,445,467,443,-1,468,469,470,-1,470,469,471,-1,470,471,453,-1,453,471,472,-1,453,472,454,-1,473,474,475,-1,475,474,476,-1,475,476,477,-1,477,476,478,-1,477,478,479,-1,442,480,440,-1,440,480,481,-1,440,481,473,-1,473,481,482,-1,473,482,474,-1,483,484,485,-1,485,484,486,-1,485,486,441,-1,441,486,487,-1,441,487,442,-1,488,489,439,-1,439,489,490,-1,439,490,437,-1,491,488,468,-1,468,488,492,-1,468,492,469,-1,429,489,428,-1,428,489,488,-1,428,488,493,-1,493,488,491,-1,461,494,462,-1,462,494,495,-1,462,495,496,-1,496,495,497,-1,496,497,498,-1,435,499,436,-1,436,499,500,-1,436,500,501,-1,501,500,502,-1,501,502,503,-1,503,502,504,-1,503,504,505,-1,505,504,506,-1,505,506,507,-1,507,506,508,-1,507,508,509,-1,509,508,510,-1,509,510,511,-1,511,510,512,-1,511,512,513,-1,513,512,514,-1,513,514,515,-1,515,514,516,-1,515,516,517,-1,517,516,518,-1,517,518,519,-1,452,520,451,-1,451,520,521,-1,451,521,522,-1,522,521,523,-1,522,523,524,-1,525,526,527,-1,527,526,528,-1,527,528,529,-1,529,528,530,-1,529,530,531,-1,497,532,498,-1,498,532,533,-1,498,533,483,-1,483,533,534,-1,483,534,484,-1,530,535,531,-1,531,535,536,-1,531,536,537,-1,537,536,538,-1,537,538,539,-1,539,538,524,-1,539,524,540,-1,540,524,523,-1,478,541,479,-1,479,541,542,-1,479,542,543,-1,543,542,544,-1,543,544,545,-1,545,544,546,-1,545,546,525,-1,525,546,547,-1,525,547,526,-1,548,549,550,-1,551,552,553,-1,553,552,554,-1,553,554,555,-1,556,557,558,-1,558,557,559,-1,558,559,560,-1,561,562,563,-1,564,565,566,-1,566,565,567,-1,566,567,568,-1,568,567,569,-1,568,569,570,-1,570,569,571,-1,570,571,572,-1,554,573,555,-1,555,573,574,-1,555,574,575,-1,575,574,576,-1,575,576,577,-1,578,579,580,-1,580,579,581,-1,580,581,582,-1,582,581,583,-1,582,583,551,-1,551,583,584,-1,551,584,552,-1,585,561,586,-1,586,561,563,-1,586,563,587,-1,587,563,588,-1,589,590,591,-1,591,590,592,-1,591,592,593,-1,593,592,594,-1,593,594,595,-1,595,594,596,-1,595,596,597,-1,597,596,598,-1,599,600,589,-1,589,600,601,-1,589,601,590,-1,602,603,556,-1,556,603,604,-1,556,604,557,-1,605,606,602,-1,602,606,607,-1,602,607,603,-1,566,608,564,-1,564,608,609,-1,564,609,610,-1,610,609,611,-1,610,611,586,-1,586,611,612,-1,586,612,585,-1,613,614,599,-1,599,614,615,-1,599,615,600,-1,616,617,618,-1,618,617,563,-1,618,563,619,-1,619,563,562,-1,559,620,560,-1,560,620,621,-1,560,621,622,-1,623,624,625,-1,625,624,626,-1,625,626,627,-1,627,626,628,-1,627,628,605,-1,605,628,629,-1,605,629,606,-1,571,630,572,-1,572,630,631,-1,572,631,632,-1,632,631,633,-1,632,633,634,-1,634,633,635,-1,634,635,623,-1,623,635,636,-1,623,636,624,-1,576,637,577,-1,577,637,638,-1,577,638,639,-1,639,638,640,-1,639,640,641,-1,641,640,617,-1,641,617,642,-1,642,617,643,-1,643,617,616,-1,643,616,598,-1,598,616,644,-1,598,644,597,-1,645,646,647,-1,647,646,648,-1,647,648,613,-1,613,648,649,-1,613,649,614,-1,621,650,622,-1,622,650,651,-1,622,651,652,-1,652,651,653,-1,652,653,645,-1,645,653,654,-1,645,654,646,-1,548,550,655,-1,655,550,656,-1,655,656,657,-1,657,656,658,-1,657,658,659,-1,659,658,660,-1,659,660,661,-1,661,660,662,-1,661,662,663,-1,663,662,664,-1,663,664,665,-1,665,664,666,-1,665,666,667,-1,667,666,668,-1,667,668,578,-1,578,668,669,-1,578,669,579,-1,504,668,666,-1,504,666,506,-1,506,666,664,-1,506,664,508,-1,508,664,662,-1,508,662,510,-1,510,662,660,-1,510,660,512,-1,512,660,658,-1,512,658,514,-1,514,658,656,-1,514,656,516,-1,516,656,550,-1,516,550,518,-1,519,518,549,-1,549,518,550,-1,519,549,548,-1,519,548,517,-1,517,548,655,-1,517,655,515,-1,515,655,657,-1,515,657,513,-1,513,657,659,-1,513,659,511,-1,511,659,661,-1,511,661,509,-1,509,661,663,-1,509,663,507,-1,507,663,665,-1,507,665,505,-1,505,665,667,-1,505,667,503,-1,503,667,578,-1,503,578,501,-1,501,578,580,-1,501,580,436,-1,436,580,582,-1,436,582,434,-1,434,582,551,-1,434,551,432,-1,432,551,553,-1,432,553,430,-1,430,553,555,-1,430,555,455,-1,455,555,575,-1,455,575,453,-1,453,575,577,-1,453,577,470,-1,470,577,639,-1,470,639,468,-1,468,639,641,-1,468,641,491,-1,491,641,642,-1,491,642,493,-1,493,642,643,-1,493,643,428,-1,447,428,598,-1,598,428,643,-1,447,598,596,-1,447,596,448,-1,448,596,594,-1,448,594,463,-1,463,594,592,-1,463,592,464,-1,464,592,590,-1,464,590,466,-1,466,590,601,-1,466,601,467,-1,467,601,600,-1,467,600,443,-1,443,600,615,-1,443,615,458,-1,458,615,614,-1,458,614,459,-1,459,614,649,-1,459,649,461,-1,461,649,648,-1,461,648,494,-1,494,648,646,-1,494,646,495,-1,495,646,654,-1,495,654,497,-1,497,654,653,-1,497,653,532,-1,532,653,651,-1,532,651,533,-1,533,651,650,-1,533,650,534,-1,534,650,621,-1,534,621,484,-1,484,621,620,-1,484,620,486,-1,486,620,559,-1,486,559,487,-1,487,559,557,-1,487,557,442,-1,442,557,604,-1,442,604,480,-1,480,604,603,-1,480,603,481,-1,481,603,607,-1,481,607,482,-1,482,607,606,-1,482,606,474,-1,474,606,629,-1,474,629,476,-1,476,629,628,-1,476,628,478,-1,478,628,626,-1,478,626,541,-1,541,626,624,-1,541,624,542,-1,542,624,636,-1,542,636,544,-1,544,636,635,-1,544,635,546,-1,546,635,633,-1,546,633,547,-1,547,633,631,-1,547,631,526,-1,526,631,630,-1,526,630,528,-1,528,630,571,-1,528,571,530,-1,530,571,569,-1,530,569,535,-1,535,569,567,-1,535,567,536,-1,536,567,565,-1,536,565,538,-1,538,565,564,-1,538,564,524,-1,524,564,610,-1,524,610,522,-1,451,522,586,-1,586,522,610,-1,449,451,587,-1,587,451,586,-1,450,449,588,-1,588,449,587,-1,439,450,563,-1,563,450,588,-1,439,563,617,-1,439,617,488,-1,488,617,640,-1,488,640,492,-1,492,640,638,-1,492,638,469,-1,469,638,637,-1,469,637,471,-1,471,637,576,-1,471,576,472,-1,472,576,574,-1,472,574,454,-1,454,574,573,-1,454,573,456,-1,456,573,554,-1,456,554,457,-1,457,554,552,-1,457,552,431,-1,431,552,584,-1,431,584,433,-1,433,584,583,-1,433,583,435,-1,435,583,581,-1,435,581,499,-1,499,581,579,-1,499,579,500,-1,500,579,669,-1,500,669,502,-1,502,669,668,-1,502,668,504,-1,445,589,591,-1,445,591,465,-1,465,591,593,-1,465,593,446,-1,446,593,595,-1,446,595,426,-1,426,595,597,-1,426,597,427,-1,427,597,644,-1,427,644,429,-1,498,652,645,-1,498,645,496,-1,496,645,647,-1,496,647,462,-1,462,647,613,-1,462,613,460,-1,460,613,599,-1,460,599,444,-1,444,599,589,-1,444,589,445,-1,473,602,556,-1,473,556,440,-1,440,556,558,-1,440,558,441,-1,441,558,560,-1,441,560,485,-1,485,560,622,-1,485,622,483,-1,483,622,652,-1,483,652,498,-1,545,634,623,-1,545,623,543,-1,543,623,625,-1,543,625,479,-1,479,625,627,-1,479,627,477,-1,477,627,605,-1,477,605,475,-1,475,605,602,-1,475,602,473,-1,540,609,608,-1,540,608,539,-1,539,608,566,-1,539,566,537,-1,537,566,568,-1,537,568,531,-1,531,568,570,-1,531,570,529,-1,529,570,572,-1,529,572,527,-1,527,572,632,-1,527,632,525,-1,525,632,634,-1,525,634,545,-1,490,618,619,-1,490,619,437,-1,437,619,562,-1,437,562,438,-1,438,562,561,-1,438,561,452,-1,452,561,585,-1,452,585,520,-1,520,585,612,-1,520,612,521,-1,521,612,611,-1,521,611,523,-1,523,611,609,-1,523,609,540,-1,490,489,618,-1,618,489,616,-1,489,429,616,-1,616,429,644,-1,670,671,672,-1,670,672,673,-1,673,672,674,-1,673,674,675,-1,675,674,676,-1,675,676,677,-1,677,676,678,-1,677,678,679,-1,679,678,680,-1,679,680,681,-1,681,680,682,-1,681,682,683,-1,683,682,684,-1,683,684,685,-1,686,685,687,-1,687,685,684,-1,686,687,688,-1,686,688,689,-1,689,688,690,-1,689,690,691,-1,691,690,692,-1,691,692,693,-1,693,692,694,-1,693,694,695,-1,695,694,696,-1,695,696,697,-1,697,696,698,-1,697,698,699,-1,699,698,700,-1,699,700,701,-1,701,700,702,-1,701,702,703,-1,703,702,704,-1,703,704,705,-1,705,704,706,-1,705,706,707,-1,707,706,708,-1,707,708,709,-1,709,708,710,-1,709,710,711,-1,711,710,712,-1,711,712,713,-1,713,712,714,-1,713,714,715,-1,715,714,716,-1,715,716,717,-1,717,716,718,-1,717,718,719,-1,719,718,720,-1,719,720,721,-1,721,720,722,-1,721,722,723,-1,723,722,724,-1,723,724,725,-1,725,724,726,-1,725,726,727,-1,727,726,728,-1,727,728,729,-1,729,728,730,-1,729,730,731,-1,731,730,732,-1,731,732,733,-1,733,732,734,-1,733,734,735,-1,735,734,736,-1,735,736,737,-1,737,736,738,-1,737,738,739,-1,739,738,740,-1,739,740,741,-1,741,740,742,-1,741,742,743,-1,743,742,744,-1,743,744,745,-1,745,744,746,-1,745,746,747,-1,747,746,748,-1,747,748,749,-1,749,748,750,-1,749,750,751,-1,751,750,752,-1,751,752,753,-1,753,752,754,-1,753,754,755,-1,755,754,756,-1,755,756,757,-1,757,756,758,-1,757,758,759,-1,759,758,760,-1,759,760,761,-1,761,760,762,-1,761,762,763,-1,763,762,764,-1,763,764,765,-1,765,764,766,-1,765,766,767,-1,767,766,768,-1,767,768,769,-1,769,768,770,-1,769,770,771,-1,771,770,772,-1,771,772,773,-1,773,772,774,-1,773,774,775,-1,775,774,776,-1,775,776,777,-1,777,776,778,-1,777,778,779,-1,779,778,780,-1,779,780,781,-1,781,780,782,-1,781,782,783,-1,783,782,784,-1,783,784,785,-1,785,784,786,-1,785,786,787,-1,787,786,788,-1,787,788,789,-1,789,788,790,-1,789,790,791,-1,791,790,792,-1,791,792,793,-1,793,792,794,-1,793,794,795,-1,795,794,796,-1,795,796,797,-1,797,796,798,-1,797,798,799,-1,799,798,800,-1,799,800,801,-1,801,800,802,-1,801,802,803,-1,803,802,804,-1,803,804,805,-1,806,805,807,-1,807,805,804,-1,806,807,808,-1,806,808,809,-1,809,808,810,-1,809,810,811,-1,811,810,812,-1,811,812,813,-1,813,812,814,-1,813,814,815,-1,815,814,816,-1,815,816,817,-1,817,816,818,-1,817,818,819,-1,819,818,820,-1,819,820,821,-1,821,820,822,-1,821,822,823,-1,823,822,824,-1,823,824,825,-1,825,824,826,-1,825,826,827,-1,827,826,828,-1,827,828,829,-1,829,828,830,-1,829,830,831,-1,831,830,832,-1,831,832,833,-1,833,832,834,-1,833,834,835,-1,835,834,836,-1,835,836,837,-1,837,836,838,-1,837,838,839,-1,839,838,840,-1,839,840,841,-1,841,840,842,-1,841,842,843,-1,843,842,844,-1,843,844,845,-1,845,844,846,-1,845,846,847,-1,847,846,848,-1,847,848,849,-1,849,848,850,-1,849,850,851,-1,851,850,852,-1,851,852,853,-1,853,852,854,-1,853,854,855,-1,855,854,856,-1,855,856,857,-1,857,856,858,-1,857,858,859,-1,859,858,860,-1,859,860,861,-1,861,860,862,-1,861,862,863,-1,863,862,864,-1,863,864,865,-1,865,864,866,-1,865,866,867,-1,867,866,868,-1,867,868,869,-1,869,868,870,-1,869,870,871,-1,871,870,872,-1,871,872,873,-1,873,872,874,-1,873,874,875,-1,875,874,876,-1,875,876,877,-1,877,876,878,-1,877,878,879,-1,879,878,880,-1,879,880,881,-1,881,880,882,-1,881,882,883,-1,883,882,884,-1,883,884,885,-1,885,884,886,-1,885,886,887,-1,887,886,888,-1,887,888,889,-1,889,888,890,-1,889,890,891,-1,891,890,892,-1,891,892,893,-1,893,892,894,-1,893,894,895,-1,895,894,896,-1,895,896,897,-1,897,896,898,-1,897,898,899,-1,899,898,900,-1,899,900,901,-1,901,900,902,-1,901,902,903,-1,903,902,904,-1,903,904,905,-1,905,904,906,-1,905,906,907,-1,907,906,671,-1,907,671,670,-1,683,685,686,-1,803,805,806,-1,713,715,897,-1,897,715,895,-1,777,837,775,-1,775,837,839,-1,775,839,773,-1,715,717,895,-1,895,717,719,-1,895,719,893,-1,779,833,777,-1,777,833,835,-1,777,835,837,-1,713,897,711,-1,711,897,899,-1,711,899,709,-1,709,899,901,-1,709,901,707,-1,707,901,903,-1,707,903,705,-1,855,765,853,-1,853,765,767,-1,737,883,735,-1,735,883,885,-1,839,841,773,-1,773,841,843,-1,773,843,771,-1,843,845,771,-1,771,845,847,-1,771,847,769,-1,769,847,849,-1,769,849,767,-1,767,849,851,-1,767,851,853,-1,855,857,765,-1,765,857,859,-1,765,859,763,-1,763,859,861,-1,763,861,761,-1,761,861,863,-1,761,863,759,-1,759,863,865,-1,759,865,757,-1,889,729,887,-1,887,729,731,-1,887,731,885,-1,885,731,733,-1,885,733,735,-1,719,721,893,-1,893,721,723,-1,893,723,891,-1,891,723,725,-1,891,725,889,-1,889,725,727,-1,889,727,729,-1,737,739,883,-1,883,739,741,-1,883,741,881,-1,881,741,743,-1,881,743,879,-1,879,743,745,-1,879,745,877,-1,877,745,747,-1,877,747,875,-1,705,903,703,-1,703,903,905,-1,703,905,701,-1,701,905,907,-1,701,907,699,-1,699,907,670,-1,699,670,697,-1,697,670,673,-1,697,673,695,-1,695,673,675,-1,695,675,693,-1,693,675,677,-1,693,677,691,-1,691,677,679,-1,691,679,689,-1,689,679,686,-1,686,679,681,-1,686,681,683,-1,747,749,875,-1,875,749,751,-1,875,751,873,-1,873,751,753,-1,873,753,871,-1,871,753,755,-1,871,755,869,-1,869,755,757,-1,869,757,867,-1,867,757,865,-1,803,806,801,-1,801,806,809,-1,801,809,799,-1,799,809,811,-1,799,811,797,-1,797,811,813,-1,797,813,795,-1,795,813,815,-1,795,815,793,-1,793,815,817,-1,793,817,791,-1,791,817,819,-1,791,819,789,-1,789,819,821,-1,789,821,787,-1,787,821,823,-1,787,823,785,-1,785,823,825,-1,785,825,783,-1,783,825,827,-1,783,827,781,-1,781,827,829,-1,781,829,779,-1,779,829,831,-1,779,831,833,-1,894,714,896,-1,896,714,712,-1,896,712,898,-1,898,712,710,-1,898,710,900,-1,776,774,836,-1,856,764,858,-1,858,764,762,-1,892,718,894,-1,894,718,716,-1,894,716,714,-1,886,884,732,-1,732,884,734,-1,734,884,882,-1,734,882,736,-1,856,854,764,-1,764,854,852,-1,764,852,766,-1,766,852,850,-1,766,850,768,-1,880,740,882,-1,882,740,738,-1,882,738,736,-1,770,842,772,-1,772,842,840,-1,772,840,774,-1,774,840,838,-1,774,838,836,-1,890,722,892,-1,892,722,720,-1,892,720,718,-1,850,848,768,-1,768,848,846,-1,768,846,770,-1,770,846,844,-1,770,844,842,-1,710,708,900,-1,900,708,706,-1,900,706,902,-1,902,706,704,-1,902,704,904,-1,904,704,702,-1,904,702,906,-1,906,702,700,-1,906,700,671,-1,671,700,698,-1,671,698,672,-1,672,698,696,-1,672,696,674,-1,674,696,694,-1,674,694,676,-1,732,730,886,-1,886,730,728,-1,886,728,888,-1,888,728,726,-1,888,726,890,-1,890,726,724,-1,890,724,722,-1,694,692,676,-1,676,692,690,-1,676,690,678,-1,678,690,688,-1,678,688,680,-1,680,688,687,-1,680,687,682,-1,682,687,684,-1,872,870,754,-1,754,870,868,-1,754,868,756,-1,756,868,866,-1,756,866,758,-1,758,866,864,-1,758,864,760,-1,760,864,862,-1,760,862,762,-1,762,862,860,-1,762,860,858,-1,836,834,776,-1,776,834,832,-1,776,832,778,-1,778,832,830,-1,778,830,780,-1,780,830,828,-1,780,828,782,-1,782,828,826,-1,782,826,784,-1,784,826,824,-1,784,824,786,-1,786,824,822,-1,786,822,788,-1,788,822,820,-1,788,820,790,-1,790,820,818,-1,790,818,792,-1,792,818,816,-1,792,816,794,-1,794,816,814,-1,794,814,796,-1,796,814,812,-1,796,812,798,-1,798,812,810,-1,798,810,800,-1,800,810,808,-1,800,808,802,-1,802,808,807,-1,802,807,804,-1,754,752,872,-1,872,752,750,-1,872,750,874,-1,874,750,748,-1,874,748,876,-1,876,748,746,-1,876,746,878,-1,878,746,744,-1,878,744,880,-1,880,744,742,-1,880,742,740,-1,908,909,910,-1,910,909,911,-1,912,908,913,-1,913,908,910,-1,912,913,914,-1,912,914,915,-1,915,914,916,-1,915,916,917,-1,918,917,919,-1,919,917,916,-1,920,918,921,-1,921,918,919,-1,922,920,923,-1,923,920,921,-1,924,922,925,-1,925,922,923,-1,926,924,927,-1,927,924,925,-1,928,926,929,-1,929,926,927,-1,928,929,930,-1,928,930,931,-1,931,930,932,-1,931,932,933,-1,933,932,934,-1,933,934,935,-1,935,934,936,-1,935,936,937,-1,937,936,938,-1,937,938,939,-1,939,938,940,-1,939,940,941,-1,941,940,942,-1,941,942,943,-1,943,942,944,-1,943,944,945,-1,945,944,946,-1,945,946,947,-1,947,946,948,-1,947,948,949,-1,950,949,951,-1,951,949,948,-1,950,951,952,-1,950,952,953,-1,953,952,954,-1,953,954,955,-1,955,954,956,-1,955,956,957,-1,957,956,958,-1,957,958,959,-1,959,958,960,-1,959,960,961,-1,961,960,962,-1,961,962,963,-1,963,962,964,-1,963,964,965,-1,965,964,966,-1,965,966,967,-1,967,966,968,-1,967,968,969,-1,969,968,970,-1,969,970,971,-1,971,970,972,-1,971,972,973,-1,973,972,974,-1,973,974,975,-1,975,974,976,-1,975,976,977,-1,977,976,978,-1,977,978,979,-1,909,979,911,-1,911,979,978,-1,915,917,979,-1,909,908,979,-1,979,908,912,-1,979,912,915,-1,922,924,920,-1,920,924,926,-1,920,926,918,-1,933,935,967,-1,967,935,965,-1,965,935,937,-1,965,937,963,-1,963,937,939,-1,963,939,961,-1,961,939,959,-1,959,939,941,-1,959,941,957,-1,957,941,943,-1,957,943,955,-1,967,969,933,-1,933,969,971,-1,933,971,931,-1,931,971,973,-1,931,973,928,-1,955,943,953,-1,953,943,945,-1,953,945,950,-1,950,945,947,-1,950,947,949,-1,973,975,928,-1,928,975,977,-1,928,977,926,-1,926,977,979,-1,926,979,918,-1,918,979,917,-1,940,938,960,-1,927,925,923,-1,910,911,913,-1,913,911,978,-1,960,938,962,-1,962,938,936,-1,962,936,964,-1,960,958,940,-1,940,958,956,-1,940,956,942,-1,942,956,954,-1,942,954,944,-1,944,954,952,-1,944,952,946,-1,946,952,951,-1,946,951,948,-1,964,936,966,-1,966,936,934,-1,966,934,968,-1,968,934,932,-1,968,932,970,-1,970,932,930,-1,970,930,972,-1,972,930,974,-1,974,930,929,-1,974,929,976,-1,919,916,978,-1,978,916,914,-1,978,914,913,-1,923,921,927,-1,927,921,919,-1,927,919,929,-1,929,919,978,-1,929,978,976,-1,980,981,982,-1,982,981,983,-1,984,980,985,-1,985,980,982,-1,986,984,987,-1,987,984,985,-1,988,986,989,-1,989,986,987,-1,990,988,991,-1,991,988,989,-1,992,990,993,-1,993,990,991,-1,994,992,995,-1,995,992,993,-1,996,994,997,-1,997,994,995,-1,998,996,999,-1,999,996,997,-1,1000,998,1001,-1,1001,998,999,-1,1002,1000,1003,-1,1003,1000,1001,-1,981,1002,983,-1,983,1002,1003,-1,1002,981,980,-1,980,984,1002,-1,1002,984,986,-1,1002,986,1000,-1,996,998,994,-1,994,998,1000,-1,994,1000,992,-1,992,1000,986,-1,992,986,990,-1,990,986,988,-1,999,997,1001,-1,1001,997,995,-1,991,989,993,-1,993,989,987,-1,982,983,985,-1,985,983,1003,-1,985,1003,987,-1,987,1003,1001,-1,987,1001,993,-1,993,1001,995,-1,1004,1005,1006,-1,1006,1005,1007,-1,1006,1007,1008,-1,1008,1007,1009,-1,1008,1009,1010,-1,1010,1009,1011,-1,1010,1011,1012,-1,1012,1011,1013,-1,1012,1013,1014,-1,1014,1013,1015,-1,1014,1015,1016,-1,1016,1015,1017,-1,1016,1017,1018,-1,1018,1017,1019,-1,1018,1019,1020,-1,1021,1022,1023,-1,1023,1022,1024,-1,1023,1024,1025,-1,1025,1024,1026,-1,1025,1026,1027,-1,1027,1026,1028,-1,1027,1028,1029,-1,1028,1030,1029,-1,1029,1030,1031,-1,1029,1031,1032,-1,1032,1031,1033,-1,1032,1033,1034,-1,1034,1033,1035,-1,1034,1035,1036,-1,1036,1035,1037,-1,1036,1037,1038,-1,1038,1037,1039,-1,1038,1039,1040,-1,1040,1039,1041,-1,1040,1041,1042,-1,1042,1041,1043,-1,1042,1043,1044,-1,1044,1043,1045,-1,1044,1045,1046,-1,1046,1045,1047,-1,1046,1047,1048,-1,1048,1047,1049,-1,1048,1049,1050,-1,1050,1049,1051,-1,1050,1051,1052,-1,1052,1051,1053,-1,1052,1053,1054,-1,1054,1053,1055,-1,1054,1055,1056,-1,1056,1055,1057,-1,1056,1057,1058,-1,1058,1057,1059,-1,1058,1059,1060,-1,1060,1059,1061,-1,1060,1061,1062,-1,1062,1061,1063,-1,1062,1063,1004,-1,1004,1063,1064,-1,1004,1064,1005,-1,1019,1065,1020,-1,1020,1065,1066,-1,1020,1066,1067,-1,1067,1066,1068,-1,1067,1068,1069,-1,1069,1068,1070,-1,1069,1070,1071,-1,1071,1070,1072,-1,1071,1072,1073,-1,1073,1072,1074,-1,1073,1074,1075,-1,1075,1074,1076,-1,1075,1076,1021,-1,1021,1076,1077,-1,1021,1077,1022,-1,1078,1079,1080,-1,1080,1079,1081,-1,1080,1081,1082,-1,1082,1081,1083,-1,1082,1083,1084,-1,1084,1083,1085,-1,1084,1085,1086,-1,1086,1085,1087,-1,1086,1087,1088,-1,1088,1087,1089,-1,1088,1089,1090,-1,1091,1092,1093,-1,1093,1092,1094,-1,1093,1094,1095,-1,1095,1094,1096,-1,1095,1096,1097,-1,1097,1096,1098,-1,1097,1098,1099,-1,1099,1098,1100,-1,1099,1100,1101,-1,1101,1100,1102,-1,1101,1102,1103,-1,1103,1102,1104,-1,1103,1104,1105,-1,1105,1104,1106,-1,1105,1106,1107,-1,1107,1106,1108,-1,1107,1108,1109,-1,1109,1108,1110,-1,1109,1110,1111,-1,1111,1110,1112,-1,1111,1112,1113,-1,1113,1112,1114,-1,1113,1114,1115,-1,1115,1114,1116,-1,1115,1116,1117,-1,1117,1116,1118,-1,1117,1118,1119,-1,1119,1118,1120,-1,1119,1120,1078,-1,1078,1120,1121,-1,1078,1121,1079,-1,1122,1123,1124,-1,1124,1123,1125,-1,1124,1125,1126,-1,1126,1125,1127,-1,1126,1127,1128,-1,1128,1127,1129,-1,1128,1129,1130,-1,1130,1129,1131,-1,1130,1131,1132,-1,1132,1131,1133,-1,1132,1133,1134,-1,1134,1133,1135,-1,1134,1135,1136,-1,1136,1135,1137,-1,1136,1137,1091,-1,1091,1137,1138,-1,1091,1138,1092,-1,1089,1139,1090,-1,1090,1139,1140,-1,1090,1140,1141,-1,1141,1140,1142,-1,1141,1142,1143,-1,1143,1142,1144,-1,1143,1144,1145,-1,1145,1144,1146,-1,1145,1146,1147,-1,1147,1146,1148,-1,1147,1148,1149,-1,1149,1148,1150,-1,1149,1150,1122,-1,1122,1150,1151,-1,1122,1151,1123,-1,1057,1055,1102,-1,1102,1055,1104,-1,1057,1102,1100,-1,1057,1100,1059,-1,1059,1100,1098,-1,1059,1098,1061,-1,1061,1098,1096,-1,1061,1096,1063,-1,1063,1096,1094,-1,1063,1094,1064,-1,1064,1094,1092,-1,1064,1092,1005,-1,1005,1092,1138,-1,1005,1138,1007,-1,1007,1138,1137,-1,1007,1137,1009,-1,1009,1137,1135,-1,1009,1135,1011,-1,1011,1135,1133,-1,1011,1133,1013,-1,1013,1133,1131,-1,1013,1131,1015,-1,1015,1131,1129,-1,1015,1129,1017,-1,1017,1129,1127,-1,1017,1127,1019,-1,1019,1127,1125,-1,1019,1125,1065,-1,1065,1125,1123,-1,1065,1123,1066,-1,1066,1123,1151,-1,1066,1151,1068,-1,1068,1151,1150,-1,1068,1150,1070,-1,1070,1150,1148,-1,1070,1148,1072,-1,1072,1148,1146,-1,1072,1146,1074,-1,1074,1146,1144,-1,1074,1144,1076,-1,1076,1144,1142,-1,1076,1142,1077,-1,1077,1142,1140,-1,1077,1140,1022,-1,1022,1140,1139,-1,1022,1139,1024,-1,1024,1139,1089,-1,1024,1089,1026,-1,1026,1089,1087,-1,1026,1087,1028,-1,1028,1087,1085,-1,1028,1085,1030,-1,1030,1085,1083,-1,1030,1083,1031,-1,1031,1083,1081,-1,1031,1081,1033,-1,1033,1081,1079,-1,1033,1079,1035,-1,1035,1079,1121,-1,1035,1121,1037,-1,1037,1121,1120,-1,1037,1120,1039,-1,1039,1120,1118,-1,1039,1118,1041,-1,1041,1118,1116,-1,1041,1116,1043,-1,1043,1116,1114,-1,1043,1114,1045,-1,1045,1114,1112,-1,1045,1112,1047,-1,1047,1112,1110,-1,1047,1110,1049,-1,1049,1110,1108,-1,1049,1108,1051,-1,1053,1051,1106,-1,1106,1051,1108,-1,1055,1053,1104,-1,1104,1053,1106,-1,1050,1052,1107,-1,1107,1052,1105,-1,1052,1054,1105,-1,1105,1054,1103,-1,1054,1056,1103,-1,1103,1056,1101,-1,1012,1132,1134,-1,1012,1134,1010,-1,1010,1134,1136,-1,1010,1136,1008,-1,1008,1136,1091,-1,1008,1091,1006,-1,1006,1091,1093,-1,1006,1093,1004,-1,1004,1093,1095,-1,1004,1095,1062,-1,1062,1095,1097,-1,1062,1097,1060,-1,1060,1097,1099,-1,1060,1099,1058,-1,1058,1099,1101,-1,1058,1101,1056,-1,1073,1145,1147,-1,1073,1147,1071,-1,1071,1147,1149,-1,1071,1149,1069,-1,1069,1149,1122,-1,1069,1122,1067,-1,1067,1122,1124,-1,1067,1124,1020,-1,1020,1124,1126,-1,1020,1126,1018,-1,1018,1126,1128,-1,1018,1128,1016,-1,1016,1128,1130,-1,1016,1130,1014,-1,1014,1130,1132,-1,1014,1132,1012,-1,1034,1080,1082,-1,1034,1082,1032,-1,1032,1082,1084,-1,1032,1084,1029,-1,1029,1084,1086,-1,1029,1086,1027,-1,1027,1086,1088,-1,1027,1088,1025,-1,1025,1088,1090,-1,1025,1090,1023,-1,1023,1090,1141,-1,1023,1141,1021,-1,1021,1141,1143,-1,1021,1143,1075,-1,1075,1143,1145,-1,1075,1145,1073,-1,1050,1107,1109,-1,1050,1109,1048,-1,1048,1109,1111,-1,1048,1111,1046,-1,1046,1111,1113,-1,1046,1113,1044,-1,1044,1113,1115,-1,1044,1115,1042,-1,1042,1115,1117,-1,1042,1117,1040,-1,1040,1117,1119,-1,1040,1119,1038,-1,1038,1119,1078,-1,1038,1078,1036,-1,1036,1078,1080,-1,1036,1080,1034,-1,1152,1153,1154,-1,1155,1156,1157,-1,1153,1158,1154,-1,1154,1158,1159,-1,1154,1159,1160,-1,1160,1159,1161,-1,1160,1161,1162,-1,1162,1163,1160,-1,1160,1163,1164,-1,1160,1164,1165,-1,1166,1165,1167,-1,1167,1165,1164,-1,1167,1164,1157,-1,1157,1164,1152,-1,1157,1152,1155,-1,1155,1152,1154,-1,1168,1169,1170,-1,1170,1169,1171,-1,1172,1173,1171,-1,1171,1173,1174,-1,1171,1174,1170,-1,1170,1174,1175,-1,1172,1176,1173,-1,1173,1176,1177,-1,1173,1177,1178,-1,1178,1177,1179,-1,1178,1179,1180,-1,1180,1181,1178,-1,1178,1181,1169,-1,1178,1169,1182,-1,1182,1169,1168,-1,1182,1168,1183,-1,1160,1165,1173,-1,1173,1165,1174,-1,1154,1160,1178,-1,1178,1160,1173,-1,1155,1154,1182,-1,1182,1154,1178,-1,1156,1155,1183,-1,1183,1155,1182,-1,1157,1156,1168,-1,1168,1156,1183,-1,1167,1157,1170,-1,1170,1157,1168,-1,1166,1167,1175,-1,1175,1167,1170,-1,1165,1166,1174,-1,1174,1166,1175,-1,1152,1164,1169,-1,1169,1164,1171,-1,1164,1163,1171,-1,1171,1163,1172,-1,1161,1177,1176,-1,1161,1176,1162,-1,1162,1176,1172,-1,1162,1172,1163,-1,1161,1159,1177,-1,1177,1159,1179,-1,1153,1181,1180,-1,1153,1180,1158,-1,1158,1180,1179,-1,1158,1179,1159,-1,1153,1152,1181,-1,1181,1152,1169,-1,1184,1185,1186,-1,1187,1188,1189,-1,1190,1191,1192,-1,1193,1194,1195,-1,1195,1194,1196,-1,1195,1196,1197,-1,1198,1199,1200,-1,1201,1202,1186,-1,1186,1202,1203,-1,1186,1203,1184,-1,1204,1205,1206,-1,1206,1205,1207,-1,1206,1207,1208,-1,1208,1207,1209,-1,1208,1209,1210,-1,1210,1209,1211,-1,1210,1211,1212,-1,1213,1214,1207,-1,1207,1214,1215,-1,1207,1215,1209,-1,1209,1215,1216,-1,1209,1216,1217,-1,1218,1219,1220,-1,1220,1219,1186,-1,1220,1186,1221,-1,1222,1223,1224,-1,1225,1185,1226,-1,1226,1185,1227,-1,1226,1227,1228,-1,1200,1199,1229,-1,1229,1199,1230,-1,1229,1230,1231,-1,1231,1230,1232,-1,1231,1232,1233,-1,1192,1191,1234,-1,1234,1191,1235,-1,1234,1235,1236,-1,1237,1238,1186,-1,1186,1238,1239,-1,1186,1239,1201,-1,1222,1224,1240,-1,1240,1224,1241,-1,1240,1241,1242,-1,1242,1241,1243,-1,1242,1243,1244,-1,1212,1245,1210,-1,1210,1245,1246,-1,1210,1246,1247,-1,1248,1249,1250,-1,1250,1249,1251,-1,1250,1251,1252,-1,1252,1251,1253,-1,1252,1253,1254,-1,1248,1250,1255,-1,1255,1250,1256,-1,1255,1256,1257,-1,1257,1256,1258,-1,1257,1258,1259,-1,1259,1258,1260,-1,1259,1260,1261,-1,1253,1262,1254,-1,1254,1262,1263,-1,1254,1263,1264,-1,1264,1263,1265,-1,1264,1265,1218,-1,1218,1265,1266,-1,1218,1266,1219,-1,1267,1268,1269,-1,1269,1268,1270,-1,1269,1270,1271,-1,1271,1270,1272,-1,1271,1272,1273,-1,1273,1272,1274,-1,1273,1274,1275,-1,1276,1277,1278,-1,1278,1277,1279,-1,1278,1279,1237,-1,1237,1279,1280,-1,1237,1280,1238,-1,1223,1222,1281,-1,1281,1222,1282,-1,1281,1282,1283,-1,1283,1282,1284,-1,1283,1284,1285,-1,1285,1284,1286,-1,1285,1286,1189,-1,1189,1286,1287,-1,1189,1287,1187,-1,1225,1288,1185,-1,1185,1288,1289,-1,1185,1289,1186,-1,1186,1289,1290,-1,1186,1290,1221,-1,1200,1291,1198,-1,1198,1291,1292,-1,1198,1292,1293,-1,1293,1292,1294,-1,1293,1294,1295,-1,1295,1294,1296,-1,1295,1296,1297,-1,1297,1296,1298,-1,1297,1298,1299,-1,1192,1300,1190,-1,1190,1300,1301,-1,1190,1301,1302,-1,1302,1301,1303,-1,1302,1303,1304,-1,1304,1303,1305,-1,1304,1305,1306,-1,1306,1305,1189,-1,1306,1189,1307,-1,1307,1189,1188,-1,1195,1308,1193,-1,1193,1308,1309,-1,1193,1309,1310,-1,1310,1309,1311,-1,1310,1311,1312,-1,1313,1314,1315,-1,1315,1314,1316,-1,1315,1316,1317,-1,1317,1316,1318,-1,1317,1318,1276,-1,1276,1318,1319,-1,1276,1319,1277,-1,1261,1260,1207,-1,1207,1260,1320,-1,1207,1320,1213,-1,1227,1321,1228,-1,1228,1321,1322,-1,1228,1322,1323,-1,1323,1322,1324,-1,1323,1324,1325,-1,1326,1327,1328,-1,1328,1327,1329,-1,1328,1329,1330,-1,1330,1329,1331,-1,1330,1331,1267,-1,1267,1331,1332,-1,1267,1332,1268,-1,1298,1333,1299,-1,1299,1333,1334,-1,1299,1334,1335,-1,1335,1334,1336,-1,1335,1336,1326,-1,1326,1336,1337,-1,1326,1337,1327,-1,1217,1338,1209,-1,1209,1338,1339,-1,1209,1339,1340,-1,1340,1339,1325,-1,1340,1325,1341,-1,1341,1325,1324,-1,1342,1343,1344,-1,1345,1346,1347,-1,1347,1346,1348,-1,1349,1350,1351,-1,1351,1350,1352,-1,1351,1352,1353,-1,1353,1352,1354,-1,1353,1354,1355,-1,1355,1354,1356,-1,1355,1356,1357,-1,1357,1356,1358,-1,1357,1358,1313,-1,1313,1358,1359,-1,1313,1359,1314,-1,1197,1360,1195,-1,1195,1360,1361,-1,1195,1361,1362,-1,1362,1361,1363,-1,1362,1363,1364,-1,1364,1363,1275,-1,1364,1275,1365,-1,1365,1275,1274,-1,1366,1367,1342,-1,1342,1367,1368,-1,1342,1368,1343,-1,1232,1369,1233,-1,1233,1369,1342,-1,1233,1342,1370,-1,1370,1342,1344,-1,1236,1235,1371,-1,1371,1235,1372,-1,1371,1372,1345,-1,1345,1372,1373,-1,1345,1373,1346,-1,1374,1375,1376,-1,1375,1377,1376,-1,1376,1377,1378,-1,1376,1378,1379,-1,1243,1380,1244,-1,1244,1380,1381,-1,1244,1381,1382,-1,1382,1381,1383,-1,1382,1383,1349,-1,1349,1383,1384,-1,1349,1384,1350,-1,1366,1342,1376,-1,1376,1342,1385,-1,1376,1385,1374,-1,1311,1386,1312,-1,1312,1386,1387,-1,1312,1387,1388,-1,1388,1387,1389,-1,1388,1389,1390,-1,1390,1389,1391,-1,1390,1391,1392,-1,1392,1391,1393,-1,1392,1393,1394,-1,1394,1393,1395,-1,1394,1395,1348,-1,1348,1395,1396,-1,1348,1396,1347,-1,1397,1398,1399,-1,1399,1398,1400,-1,1399,1400,1401,-1,1402,1403,1404,-1,1402,1404,1405,-1,1400,1406,1401,-1,1401,1406,1407,-1,1401,1407,1408,-1,1408,1407,1409,-1,1410,1411,1412,-1,1413,1414,1415,-1,1415,1414,1416,-1,1417,1418,1419,-1,1419,1418,1420,-1,1419,1420,1421,-1,1421,1420,1422,-1,1421,1422,1423,-1,1424,1425,1426,-1,1427,1428,1429,-1,1430,1431,1401,-1,1401,1431,1432,-1,1401,1432,1399,-1,1399,1432,1433,-1,1412,1434,1410,-1,1410,1434,1404,-1,1410,1404,1435,-1,1435,1404,1403,-1,1416,1436,1415,-1,1415,1436,1437,-1,1415,1437,1438,-1,1438,1437,1423,-1,1438,1423,1439,-1,1439,1423,1422,-1,1440,1441,1442,-1,1442,1441,1443,-1,1442,1443,1444,-1,1444,1443,1445,-1,1444,1445,1446,-1,1426,1425,1447,-1,1447,1425,1448,-1,1447,1448,1449,-1,1450,1451,1445,-1,1429,1428,1452,-1,1452,1428,1453,-1,1452,1453,1401,-1,1401,1453,1454,-1,1401,1454,1430,-1,1411,1410,1455,-1,1455,1410,1456,-1,1455,1456,1457,-1,1429,1458,1427,-1,1427,1458,1459,-1,1427,1459,1460,-1,1460,1459,1461,-1,1460,1461,1462,-1,1462,1461,1463,-1,1462,1463,1464,-1,1464,1463,1455,-1,1464,1455,1465,-1,1465,1455,1457,-1,1466,1467,1407,-1,1407,1467,1468,-1,1407,1468,1409,-1,1449,1448,1469,-1,1469,1448,1470,-1,1469,1470,1415,-1,1415,1470,1471,-1,1415,1471,1413,-1,1472,1473,1474,-1,1474,1473,1475,-1,1474,1475,1476,-1,1476,1475,1477,-1,1476,1477,1478,-1,1478,1477,1479,-1,1478,1479,1480,-1,1481,1482,1483,-1,1483,1482,1484,-1,1483,1484,1485,-1,1485,1484,1486,-1,1485,1486,1487,-1,1451,1488,1445,-1,1445,1488,1489,-1,1445,1489,1446,-1,1490,1491,1492,-1,1492,1491,1493,-1,1492,1493,1494,-1,1495,1496,1497,-1,1497,1496,1498,-1,1497,1498,1499,-1,1499,1498,1500,-1,1499,1500,1501,-1,1501,1500,1502,-1,1501,1502,1503,-1,1503,1502,1504,-1,1503,1504,1490,-1,1490,1504,1505,-1,1490,1505,1491,-1,1506,1507,1495,-1,1433,1508,1399,-1,1399,1508,1509,-1,1399,1509,1510,-1,1510,1509,1511,-1,1510,1511,1512,-1,1512,1511,1513,-1,1512,1513,1514,-1,1514,1513,1515,-1,1515,1513,1516,-1,1515,1516,1517,-1,1517,1516,1518,-1,1517,1518,1519,-1,1519,1518,1520,-1,1520,1518,1521,-1,1520,1521,1522,-1,1522,1521,1523,-1,1523,1521,1524,-1,1523,1524,1525,-1,1525,1524,1526,-1,1525,1526,1527,-1,1527,1526,1528,-1,1528,1526,1529,-1,1528,1529,1530,-1,1530,1529,1531,-1,1530,1531,1410,-1,1410,1531,1532,-1,1410,1532,1456,-1,1493,1533,1494,-1,1494,1533,1534,-1,1494,1534,1535,-1,1535,1534,1536,-1,1535,1536,1537,-1,1537,1536,1538,-1,1537,1538,1417,-1,1417,1538,1539,-1,1417,1539,1418,-1,1507,1540,1495,-1,1495,1540,1541,-1,1495,1541,1496,-1,1542,1543,1544,-1,1544,1543,1545,-1,1486,1546,1487,-1,1487,1546,1547,-1,1487,1547,1548,-1,1548,1547,1549,-1,1548,1549,1472,-1,1472,1549,1550,-1,1472,1550,1473,-1,1445,1551,1450,-1,1450,1551,1552,-1,1450,1552,1553,-1,1553,1552,1554,-1,1553,1554,1555,-1,1555,1554,1556,-1,1555,1556,1557,-1,1557,1556,1558,-1,1557,1558,1481,-1,1481,1558,1559,-1,1481,1559,1482,-1,1479,1560,1480,-1,1480,1560,1561,-1,1480,1561,1562,-1,1562,1561,1563,-1,1562,1563,1564,-1,1564,1563,1565,-1,1564,1565,1566,-1,1566,1565,1567,-1,1566,1567,1568,-1,1568,1567,1569,-1,1568,1569,1570,-1,1570,1569,1571,-1,1570,1571,1544,-1,1544,1571,1572,-1,1544,1572,1542,-1,1545,1573,1544,-1,1544,1573,1574,-1,1544,1574,1575,-1,1405,1404,1495,-1,1495,1404,1576,-1,1495,1576,1577,-1,1578,1579,1575,-1,1575,1579,1580,-1,1575,1580,1581,-1,1577,1582,1495,-1,1495,1582,1583,-1,1495,1583,1506,-1,1584,1585,1586,-1,1586,1585,1587,-1,1586,1587,1440,-1,1440,1587,1588,-1,1440,1588,1441,-1,1426,1589,1424,-1,1424,1589,1590,-1,1424,1590,1591,-1,1591,1590,1592,-1,1591,1592,1593,-1,1593,1592,1594,-1,1593,1594,1595,-1,1595,1594,1596,-1,1595,1596,1597,-1,1597,1596,1598,-1,1597,1598,1599,-1,1599,1598,1600,-1,1599,1600,1601,-1,1601,1600,1602,-1,1601,1602,1603,-1,1603,1602,1604,-1,1603,1604,1605,-1,1605,1604,1606,-1,1605,1606,1584,-1,1584,1606,1607,-1,1584,1607,1585,-1,1581,1608,1575,-1,1575,1608,1609,-1,1575,1609,1544,-1,1329,1546,1486,-1,1329,1486,1331,-1,1331,1486,1484,-1,1331,1484,1332,-1,1332,1484,1482,-1,1332,1482,1268,-1,1268,1482,1559,-1,1268,1559,1270,-1,1270,1559,1558,-1,1270,1558,1272,-1,1272,1558,1556,-1,1272,1556,1274,-1,1274,1556,1554,-1,1274,1554,1365,-1,1365,1554,1552,-1,1365,1552,1364,-1,1364,1552,1551,-1,1364,1551,1362,-1,1362,1551,1445,-1,1362,1445,1195,-1,1195,1445,1443,-1,1195,1443,1308,-1,1308,1443,1441,-1,1308,1441,1309,-1,1309,1441,1588,-1,1309,1588,1311,-1,1311,1588,1587,-1,1311,1587,1386,-1,1386,1587,1585,-1,1386,1585,1387,-1,1387,1585,1607,-1,1387,1607,1389,-1,1389,1607,1606,-1,1389,1606,1391,-1,1391,1606,1604,-1,1391,1604,1393,-1,1393,1604,1602,-1,1393,1602,1395,-1,1395,1602,1600,-1,1395,1600,1396,-1,1396,1600,1598,-1,1396,1598,1347,-1,1347,1598,1596,-1,1347,1596,1345,-1,1345,1596,1594,-1,1345,1594,1371,-1,1371,1594,1592,-1,1371,1592,1236,-1,1236,1592,1590,-1,1236,1590,1234,-1,1234,1590,1589,-1,1234,1589,1192,-1,1192,1589,1426,-1,1192,1426,1300,-1,1300,1426,1447,-1,1300,1447,1301,-1,1301,1447,1449,-1,1301,1449,1303,-1,1303,1449,1469,-1,1303,1469,1305,-1,1305,1469,1415,-1,1305,1415,1189,-1,1189,1415,1438,-1,1189,1438,1285,-1,1285,1438,1439,-1,1285,1439,1283,-1,1283,1439,1422,-1,1283,1422,1281,-1,1281,1422,1420,-1,1281,1420,1223,-1,1223,1420,1418,-1,1223,1418,1224,-1,1224,1418,1539,-1,1224,1539,1241,-1,1241,1539,1538,-1,1241,1538,1243,-1,1243,1538,1536,-1,1243,1536,1380,-1,1380,1536,1534,-1,1380,1534,1381,-1,1381,1534,1533,-1,1381,1533,1383,-1,1383,1533,1493,-1,1383,1493,1384,-1,1384,1493,1491,-1,1384,1491,1350,-1,1350,1491,1505,-1,1350,1505,1352,-1,1352,1505,1504,-1,1352,1504,1354,-1,1354,1504,1502,-1,1354,1502,1356,-1,1356,1502,1500,-1,1356,1500,1358,-1,1358,1500,1498,-1,1358,1498,1359,-1,1359,1498,1496,-1,1359,1496,1314,-1,1314,1496,1541,-1,1314,1541,1316,-1,1316,1541,1540,-1,1316,1540,1318,-1,1318,1540,1507,-1,1318,1507,1319,-1,1319,1507,1506,-1,1319,1506,1277,-1,1277,1506,1583,-1,1277,1583,1279,-1,1279,1583,1582,-1,1279,1582,1280,-1,1280,1582,1577,-1,1280,1577,1238,-1,1238,1577,1576,-1,1238,1576,1239,-1,1239,1576,1404,-1,1239,1404,1201,-1,1201,1404,1434,-1,1201,1434,1202,-1,1202,1434,1412,-1,1202,1412,1203,-1,1203,1412,1411,-1,1203,1411,1184,-1,1184,1411,1455,-1,1184,1455,1185,-1,1185,1455,1463,-1,1185,1463,1227,-1,1227,1463,1461,-1,1227,1461,1321,-1,1321,1461,1459,-1,1321,1459,1322,-1,1322,1459,1458,-1,1322,1458,1324,-1,1324,1458,1429,-1,1324,1429,1341,-1,1341,1429,1452,-1,1341,1452,1340,-1,1340,1452,1401,-1,1340,1401,1209,-1,1209,1401,1408,-1,1209,1408,1211,-1,1211,1408,1409,-1,1211,1409,1212,-1,1212,1409,1468,-1,1212,1468,1245,-1,1245,1468,1467,-1,1245,1467,1246,-1,1246,1467,1466,-1,1246,1466,1247,-1,1247,1466,1407,-1,1247,1407,1210,-1,1210,1407,1406,-1,1210,1406,1208,-1,1206,1208,1400,-1,1400,1208,1406,-1,1204,1206,1398,-1,1398,1206,1400,-1,1205,1204,1397,-1,1397,1204,1398,-1,1207,1205,1399,-1,1399,1205,1397,-1,1207,1399,1510,-1,1207,1510,1261,-1,1261,1510,1512,-1,1261,1512,1259,-1,1259,1512,1514,-1,1259,1514,1257,-1,1257,1514,1515,-1,1257,1515,1255,-1,1255,1515,1517,-1,1255,1517,1248,-1,1248,1517,1519,-1,1248,1519,1249,-1,1249,1519,1520,-1,1249,1520,1251,-1,1251,1520,1522,-1,1251,1522,1253,-1,1253,1522,1523,-1,1253,1523,1262,-1,1262,1523,1525,-1,1262,1525,1263,-1,1263,1525,1527,-1,1263,1527,1265,-1,1265,1527,1528,-1,1265,1528,1266,-1,1266,1528,1530,-1,1266,1530,1219,-1,1219,1530,1410,-1,1219,1410,1186,-1,1186,1410,1435,-1,1186,1435,1237,-1,1237,1435,1403,-1,1237,1403,1278,-1,1278,1403,1402,-1,1278,1402,1276,-1,1276,1402,1405,-1,1276,1405,1317,-1,1317,1405,1495,-1,1317,1495,1315,-1,1315,1495,1497,-1,1315,1497,1313,-1,1313,1497,1499,-1,1313,1499,1357,-1,1357,1499,1501,-1,1357,1501,1355,-1,1355,1501,1503,-1,1355,1503,1353,-1,1353,1503,1490,-1,1353,1490,1351,-1,1351,1490,1492,-1,1351,1492,1349,-1,1349,1492,1494,-1,1349,1494,1382,-1,1382,1494,1535,-1,1382,1535,1244,-1,1244,1535,1537,-1,1244,1537,1242,-1,1242,1537,1417,-1,1242,1417,1240,-1,1240,1417,1419,-1,1240,1419,1222,-1,1222,1419,1421,-1,1222,1421,1282,-1,1282,1421,1423,-1,1282,1423,1284,-1,1284,1423,1437,-1,1284,1437,1286,-1,1286,1437,1436,-1,1286,1436,1287,-1,1287,1436,1416,-1,1287,1416,1187,-1,1187,1416,1414,-1,1187,1414,1188,-1,1188,1414,1413,-1,1188,1413,1307,-1,1307,1413,1471,-1,1307,1471,1306,-1,1306,1471,1470,-1,1306,1470,1304,-1,1304,1470,1448,-1,1304,1448,1302,-1,1302,1448,1425,-1,1302,1425,1190,-1,1190,1425,1424,-1,1190,1424,1191,-1,1191,1424,1591,-1,1191,1591,1235,-1,1235,1591,1593,-1,1235,1593,1372,-1,1372,1593,1595,-1,1372,1595,1373,-1,1373,1595,1597,-1,1373,1597,1346,-1,1346,1597,1599,-1,1346,1599,1348,-1,1348,1599,1601,-1,1348,1601,1394,-1,1394,1601,1603,-1,1394,1603,1392,-1,1392,1603,1605,-1,1392,1605,1390,-1,1390,1605,1584,-1,1390,1584,1388,-1,1388,1584,1586,-1,1388,1586,1312,-1,1312,1586,1440,-1,1312,1440,1310,-1,1310,1440,1442,-1,1310,1442,1193,-1,1193,1442,1444,-1,1193,1444,1194,-1,1194,1444,1446,-1,1194,1446,1196,-1,1196,1446,1489,-1,1196,1489,1197,-1,1360,1197,1488,-1,1488,1197,1489,-1,1360,1488,1451,-1,1360,1451,1361,-1,1361,1451,1450,-1,1361,1450,1363,-1,1363,1450,1553,-1,1363,1553,1275,-1,1275,1553,1555,-1,1275,1555,1273,-1,1273,1555,1557,-1,1273,1557,1271,-1,1271,1557,1481,-1,1271,1481,1269,-1,1269,1481,1483,-1,1269,1483,1267,-1,1267,1483,1485,-1,1267,1485,1330,-1,1330,1485,1487,-1,1330,1487,1328,-1,1328,1487,1548,-1,1328,1548,1326,-1,1326,1548,1472,-1,1326,1472,1335,-1,1335,1472,1474,-1,1335,1474,1299,-1,1299,1474,1476,-1,1299,1476,1297,-1,1297,1476,1478,-1,1297,1478,1295,-1,1295,1478,1480,-1,1295,1480,1293,-1,1293,1480,1562,-1,1293,1562,1198,-1,1198,1562,1564,-1,1198,1564,1199,-1,1199,1564,1566,-1,1199,1566,1230,-1,1232,1230,1568,-1,1568,1230,1566,-1,1232,1568,1570,-1,1232,1570,1369,-1,1369,1570,1544,-1,1369,1544,1342,-1,1342,1544,1609,-1,1342,1609,1385,-1,1385,1609,1608,-1,1385,1608,1374,-1,1374,1608,1581,-1,1374,1581,1375,-1,1375,1581,1580,-1,1375,1580,1377,-1,1377,1580,1579,-1,1377,1579,1378,-1,1378,1579,1578,-1,1378,1578,1379,-1,1379,1578,1575,-1,1379,1575,1376,-1,1376,1575,1574,-1,1376,1574,1366,-1,1366,1574,1573,-1,1366,1573,1367,-1,1367,1573,1545,-1,1367,1545,1368,-1,1368,1545,1543,-1,1368,1543,1343,-1,1343,1543,1542,-1,1343,1542,1344,-1,1344,1542,1572,-1,1344,1572,1370,-1,1370,1572,1571,-1,1370,1571,1233,-1,1233,1571,1569,-1,1233,1569,1231,-1,1229,1231,1567,-1,1567,1231,1569,-1,1229,1567,1565,-1,1229,1565,1200,-1,1200,1565,1563,-1,1200,1563,1291,-1,1291,1563,1561,-1,1291,1561,1292,-1,1292,1561,1560,-1,1292,1560,1294,-1,1294,1560,1479,-1,1294,1479,1296,-1,1296,1479,1477,-1,1296,1477,1298,-1,1298,1477,1475,-1,1298,1475,1333,-1,1333,1475,1473,-1,1333,1473,1334,-1,1334,1473,1550,-1,1334,1550,1336,-1,1336,1550,1549,-1,1336,1549,1337,-1,1337,1549,1547,-1,1337,1547,1327,-1,1327,1547,1546,-1,1327,1546,1329,-1,1250,1518,1516,-1,1250,1516,1256,-1,1256,1516,1513,-1,1256,1513,1258,-1,1258,1513,1511,-1,1258,1511,1260,-1,1260,1511,1509,-1,1260,1509,1320,-1,1320,1509,1508,-1,1320,1508,1213,-1,1213,1508,1433,-1,1213,1433,1214,-1,1214,1433,1432,-1,1214,1432,1215,-1,1215,1432,1431,-1,1215,1431,1216,-1,1216,1431,1430,-1,1216,1430,1217,-1,1217,1430,1454,-1,1217,1454,1338,-1,1338,1454,1453,-1,1338,1453,1339,-1,1339,1453,1428,-1,1339,1428,1325,-1,1325,1428,1427,-1,1325,1427,1323,-1,1323,1427,1460,-1,1323,1460,1228,-1,1228,1460,1462,-1,1228,1462,1226,-1,1226,1462,1464,-1,1226,1464,1225,-1,1225,1464,1465,-1,1225,1465,1288,-1,1288,1465,1457,-1,1288,1457,1289,-1,1289,1457,1456,-1,1289,1456,1290,-1,1290,1456,1532,-1,1290,1532,1221,-1,1221,1532,1531,-1,1221,1531,1220,-1,1220,1531,1529,-1,1220,1529,1218,-1,1218,1529,1526,-1,1218,1526,1264,-1,1264,1526,1524,-1,1264,1524,1254,-1,1254,1524,1521,-1,1254,1521,1252,-1,1252,1521,1518,-1,1252,1518,1250,-1,
        ]
    }
}